deputado,partido,municipio,classe_destino,votos,pct_votos,valor_empenhado,pct_emendas
OTTO FILHO,PSD,IPIRA,DENTRO,8185,4.07,0.0,0.0
OTTO FILHO,PSD,ITAPICURU,DENTRO,6957,3.46,0.0,0.0
OTTO FILHO,PSD,RUY BARBOSA,DENTRO,6383,3.18,0.0,0.0
OTTO FILHO,PSD,CAPIM GROSSO,DENTRO,6142,3.06,0.0,0.0
OTTO FILHO,PSD,IGUAI,DENTRO,6126,3.05,0.0,0.0
OTTO FILHO,PSD,SIMOES FILHO,DENTRO,5801,2.89,0.0,0.0
OTTO FILHO,PSD,SANTO ANTONIO DE JESUS,DENTRO,5775,2.87,0.0,0.0
OTTO FILHO,PSD,IRAQUARA,DENTRO,5423,2.70,0.0,0.0
OTTO FILHO,PSD,CONCEICAO DO ALMEIDA,DENTRO,5208,2.59,0.0,0.0
OTTO FILHO,PSD,IACU,DENTRO,5161,2.57,0.0,0.0
OTTO FILHO,PSD,ITABERABA,DENTRO,5146,2.56,0.0,0.0
OTTO FILHO,PSD,IPECAETA,DENTRO,4921,2.45,0.0,0.0
OTTO FILHO,PSD,SERRINHA,DENTRO,4749,2.36,0.0,0.0
OTTO FILHO,PSD,SANTALUZ,DENTRO,4723,2.35,0.0,0.0
OTTO FILHO,PSD,BONITO,DENTRO,4597,2.29,0.0,0.0
OTTO FILHO,PSD,ITARANTIM,DENTRO,4510,2.24,0.0,0.0
OTTO FILHO,PSD,JEREMOABO,DENTRO,4466,2.22,0.0,0.0
OTTO FILHO,PSD,SALVADOR,DENTRO,3963,1.97,0.0,0.0
OTTO FILHO,PSD,LAPAO,DENTRO,3869,1.93,0.0,0.0
OTTO FILHO,PSD,IBITIARA,DENTRO,3758,1.87,0.0,0.0
OTTO FILHO,PSD,LENCOIS,DENTRO,3652,1.82,0.0,0.0
OTTO FILHO,PSD,FEIRA DE SANTANA,DENTRO,3367,1.68,0.0,0.0
OTTO FILHO,PSD,SALINAS DA MARGARIDA,DENTRO,3229,1.61,0.0,0.0
OTTO FILHO,PSD,MACAJUBA,DENTRO,3226,1.61,0.0,0.0
OTTO FILHO,PSD,BAIXA GRANDE,DENTRO,2745,1.37,0.0,0.0
OTTO FILHO,PSD,MUNDO NOVO,DENTRO,2713,1.35,0.0,0.0
OTTO FILHO,PSD,RIACHAO DO JACUIPE,DENTRO,2648,1.32,0.0,0.0
OTTO FILHO,PSD,ALAGOINHAS,DENTRO,2579,1.28,0.0,0.0
OTTO FILHO,PSD,UBAIRA,DENTRO,2472,1.23,0.0,0.0
OTTO FILHO,PSD,ITAPETINGA,DENTRO,2439,1.21,0.0,0.0
OTTO FILHO,PSD,NOVA CANAA,DENTRO,2410,1.20,0.0,0.0
OTTO FILHO,PSD,BOA VISTA DO TUPIM,DENTRO,2324,1.16,0.0,0.0
OTTO FILHO,PSD,SAO FELIPE,DENTRO,2123,1.06,0.0,0.0
OTTO FILHO,PSD,RETIROLANDIA,DENTRO,1918,0.95,0.0,0.0
OTTO FILHO,PSD,IBIRATAIA,DENTRO,1842,0.92,0.0,0.0
OTTO FILHO,PSD,NOVA VICOSA,DENTRO,1800,0.90,0.0,0.0
OTTO FILHO,PSD,LAURO DE FREITAS,DENTRO,1709,0.85,0.0,0.0
OTTO FILHO,PSD,WAGNER,DENTRO,1671,0.83,0.0,0.0
OTTO FILHO,PSD,XIQUE-XIQUE,DENTRO,1442,0.72,0.0,0.0
OTTO FILHO,PSD,PAULO AFONSO,DENTRO,1432,0.71,0.0,0.0
OTTO FILHO,PSD,ARATACA,DENTRO,1429,0.71,0.0,0.0
OTTO FILHO,PSD,VITORIA DA CONQUISTA,DENTRO,1422,0.71,0.0,0.0
OTTO FILHO,PSD,MILAGRES,DENTRO,1410,0.70,0.0,0.0
OTTO FILHO,PSD,UTINGA,DENTRO,1397,0.70,0.0,0.0
OTTO FILHO,PSD,CANARANA,DENTRO,1362,0.68,0.0,0.0
OTTO FILHO,PSD,LAJEDINHO,DENTRO,1339,0.67,0.0,0.0
OTTO FILHO,PSD,MULUNGU DO MORRO,DENTRO,1321,0.66,0.0,0.0
OTTO FILHO,PSD,TEIXEIRA DE FREITAS,DENTRO,1161,0.58,0.0,0.0
OTTO FILHO,PSD,CRAVOLANDIA,DENTRO,1105,0.55,0.0,0.0
OTTO FILHO,PSD,SANTA BRIGIDA,DENTRO,1084,0.54,0.0,0.0
OTTO FILHO,PSD,ICHU,DENTRO,1041,0.52,0.0,0.0
OTTO FILHO,PSD,MATA DE SAO JOAO,DENTRO,1009,0.50,0.0,0.0
OTTO FILHO,PSD,CABACEIRAS DO PARAGUACU,DENTRO,985,0.49,0.0,0.0
OTTO FILHO,PSD,IRECE,DENTRO,938,0.47,0.0,0.0
OTTO FILHO,PSD,SERRA PRETA,DENTRO,936,0.47,0.0,0.0
OTTO FILHO,PSD,ITAMARAJU,DENTRO,922,0.46,0.0,0.0
OTTO FILHO,PSD,CAPELA DO ALTO ALEGRE,DENTRO,845,0.42,0.0,0.0
OTTO FILHO,PSD,ESPLANADA,DENTRO,830,0.41,0.0,0.0
OTTO FILHO,PSD,UIBAI,DENTRO,807,0.40,0.0,0.0
OTTO FILHO,PSD,PEDRAO,DENTRO,721,0.36,0.0,0.0
OTTO FILHO,PSD,MAIQUINIQUE,DENTRO,676,0.34,0.0,0.0
OTTO FILHO,PSD,MARCIONILIO SOUZA,DENTRO,667,0.33,0.0,0.0
OTTO FILHO,PSD,PEDRO ALEXANDRE,DENTRO,638,0.32,0.0,0.0
OTTO FILHO,PSD,PRESIDENTE DUTRA,DENTRO,619,0.31,0.0,0.0
OTTO FILHO,PSD,DARIO MEIRA,DENTRO,615,0.31,0.0,0.0
OTTO FILHO,PSD,CAMACARI,DENTRO,589,0.29,0.0,0.0
OTTO FILHO,PSD,BROTAS DE MACAUBAS,DENTRO,578,0.29,0.0,0.0
OTTO FILHO,PSD,PIRITIBA,DENTRO,569,0.28,0.0,0.0
OTTO FILHO,PSD,GLORIA,DENTRO,556,0.28,0.0,0.0
OTTO FILHO,PSD,FIRMINO ALVES,DENTRO,526,0.26,0.0,0.0
OTTO FILHO,PSD,QUIXABEIRA,DENTRO,518,0.26,0.0,0.0
OTTO FILHO,PSD,IBITITA,DENTRO,511,0.25,0.0,0.0
OTTO FILHO,PSD,CACHOEIRA,DENTRO,493,0.25,0.0,0.0
OTTO FILHO,PSD,SEABRA,DENTRO,479,0.24,0.0,0.0
OTTO FILHO,PSD,ANDARAI,DENTRO,441,0.22,0.0,0.0
OTTO FILHO,PSD,EUNAPOLIS,DENTRO,433,0.22,0.0,0.0
OTTO FILHO,PSD,NAZARE,DENTRO,429,0.21,0.0,0.0
OTTO FILHO,PSD,RIO REAL,DENTRO,428,0.21,0.0,0.0
OTTO FILHO,PSD,AMERICA DOURADA,DENTRO,398,0.20,0.0,0.0
OTTO FILHO,PSD,IBIQUERA,DENTRO,396,0.20,0.0,0.0
OTTO FILHO,PSD,SANTO ESTEVAO,DENTRO,396,0.20,0.0,0.0
OTTO FILHO,PSD,COTEGIPE,DENTRO,350,0.17,0.0,0.0
OTTO FILHO,PSD,CAFARNAUM,DENTRO,350,0.17,0.0,0.0
OTTO FILHO,PSD,IBIPEBA,DENTRO,317,0.16,0.0,0.0
OTTO FILHO,PSD,TEOFILANDIA,DENTRO,306,0.15,0.0,0.0
OTTO FILHO,PSD,BARROCAS,DENTRO,306,0.15,0.0,0.0
OTTO FILHO,PSD,ILHEUS,DENTRO,296,0.15,0.0,0.0
OTTO FILHO,PSD,ITAGUACU DA BAHIA,DENTRO,288,0.14,0.0,0.0
OTTO FILHO,PSD,JUSSARA,DENTRO,286,0.14,0.0,0.0
OTTO FILHO,PSD,JUAZEIRO,DENTRO,277,0.14,0.0,0.0
OTTO FILHO,PSD,APORA,DENTRO,271,0.13,0.0,0.0
OTTO FILHO,PSD,NOVA REDENCAO,DENTRO,250,0.12,0.0,0.0
OTTO FILHO,PSD,MUCUGE,DENTRO,237,0.12,0.0,0.0
OTTO FILHO,PSD,BARRA DO MENDES,DENTRO,231,0.11,0.0,0.0
OTTO FILHO,PSD,ABAIRA,DENTRO,231,0.11,0.0,0.0
OTTO FILHO,PSD,CANDEIAS,DENTRO,215,0.11,0.0,0.0
OTTO FILHO,PSD,JAGUARARI,DENTRO,207,0.10,0.0,0.0
OTTO FILHO,PSD,JOAO DOURADO,DENTRO,187,0.09,0.0,0.0
OTTO FILHO,PSD,BREJOES,DENTRO,185,0.09,0.0,0.0
OTTO FILHO,PSD,MARAGOGIPE,DENTRO,177,0.09,0.0,0.0
OTTO FILHO,PSD,LUIS EDUARDO MAGALHAES,DENTRO,164,0.08,0.0,0.0
OTTO FILHO,PSD,CONCEICAO DO COITE,DENTRO,154,0.08,0.0,0.0
OTTO FILHO,PSD,NOVO TRIUNFO,DENTRO,153,0.08,0.0,0.0
OTTO FILHO,PSD,INHAMBUPE,DENTRO,143,0.07,0.0,0.0
OTTO FILHO,PSD,POCOES,DENTRO,138,0.07,0.0,0.0
OTTO FILHO,PSD,SAO JOSE DO JACUIPE,DENTRO,137,0.07,0.0,0.0
OTTO FILHO,PSD,SAO MIGUEL DAS MATAS,DENTRO,132,0.07,0.0,0.0
OTTO FILHO,PSD,VALENTE,DENTRO,128,0.06,0.0,0.0
OTTO FILHO,PSD,DIAS D AVILA,DENTRO,125,0.06,0.0,0.0
OTTO FILHO,PSD,CENTRAL,DENTRO,125,0.06,0.0,0.0
OTTO FILHO,PSD,JACOBINA,DENTRO,116,0.06,0.0,0.0
OTTO FILHO,PSD,MORRO DO CHAPEU,DENTRO,110,0.05,0.0,0.0
OTTO FILHO,PSD,LAMARAO,DENTRO,109,0.05,0.0,0.0
OTTO FILHO,PSD,BARRO ALTO,DENTRO,107,0.05,0.0,0.0
OTTO FILHO,PSD,VERA CRUZ,DENTRO,104,0.05,0.0,0.0
OTTO FILHO,PSD,LAJE,DENTRO,103,0.05,0.0,0.0
OTTO FILHO,PSD,PALMEIRAS,DENTRO,103,0.05,0.0,0.0
OTTO FILHO,PSD,CRUZ DAS ALMAS,DENTRO,103,0.05,0.0,0.0
OTTO FILHO,PSD,SAO GONCALO DOS CAMPOS,DENTRO,101,0.05,0.0,0.0
OTTO FILHO,PSD,SOUTO SOARES,DENTRO,101,0.05,0.0,0.0
OTTO FILHO,PSD,AMELIA RODRIGUES,DENTRO,100,0.05,0.0,0.0
OTTO FILHO,PSD,PORTO SEGURO,DENTRO,99,0.05,0.0,0.0
OTTO FILHO,PSD,ITAPARICA,DENTRO,97,0.05,0.0,0.0
OTTO FILHO,PSD,BARRA,DENTRO,97,0.05,0.0,0.0
OTTO FILHO,PSD,SAPEACU,DENTRO,96,0.05,0.0,0.0
OTTO FILHO,PSD,BARREIRAS,DENTRO,92,0.05,0.0,0.0
OTTO FILHO,PSD,SAO GABRIEL,DENTRO,90,0.04,0.0,0.0
OTTO FILHO,PSD,OLINDINA,DENTRO,87,0.04,0.0,0.0
OTTO FILHO,PSD,SANTA RITA DE CASSIA,DENTRO,86,0.04,0.0,0.0
OTTO FILHO,PSD,MACARANI,DENTRO,84,0.04,0.0,0.0
OTTO FILHO,PSD,ITANAGRA,DENTRO,83,0.04,0.0,0.0
OTTO FILHO,PSD,RAFAEL JAMBEIRO,DENTRO,82,0.04,0.0,0.0
OTTO FILHO,PSD,IBIPITANGA,DENTRO,81,0.04,0.0,0.0
OTTO FILHO,PSD,BOQUIRA,DENTRO,81,0.04,0.0,0.0
OTTO FILHO,PSD,NOVO HORIZONTE,DENTRO,80,0.04,0.0,0.0
OTTO FILHO,PSD,BIRITINGA,DENTRO,78,0.04,0.0,0.0
OTTO FILHO,PSD,VALENCA,DENTRO,77,0.04,0.0,0.0
OTTO FILHO,PSD,BONINAL,DENTRO,77,0.04,0.0,0.0
OTTO FILHO,PSD,BURITIRAMA,DENTRO,75,0.04,0.0,0.0
OTTO FILHO,PSD,ITABUNA,DENTRO,74,0.04,0.0,0.0
OTTO FILHO,PSD,GOVERNADOR MANGABEIRA,DENTRO,74,0.04,0.0,0.0
OTTO FILHO,PSD,JAGUARIPE,DENTRO,73,0.04,0.0,0.0
OTTO FILHO,PSD,ARACI,DENTRO,71,0.04,0.0,0.0
OTTO FILHO,PSD,VARZEDO,DENTRO,69,0.03,0.0,0.0
OTTO FILHO,PSD,MURITIBA,DENTRO,67,0.03,0.0,0.0
OTTO FILHO,PSD,AMARGOSA,DENTRO,67,0.03,0.0,0.0
OTTO FILHO,PSD,ITORORO,DENTRO,65,0.03,0.0,0.0
OTTO FILHO,PSD,QUEIMADAS,DENTRO,65,0.03,0.0,0.0
OTTO FILHO,PSD,GENTIO DO OURO,DENTRO,65,0.03,0.0,0.0
OTTO FILHO,PSD,BOM JESUS DA LAPA,DENTRO,61,0.03,0.0,0.0
OTTO FILHO,PSD,SENHOR DO BONFIM,DENTRO,61,0.03,0.0,0.0
OTTO FILHO,PSD,DOM MACEDO COSTA,DENTRO,60,0.03,0.0,0.0
OTTO FILHO,PSD,IBICUI,DENTRO,60,0.03,0.0,0.0
OTTO FILHO,PSD,ENTRE RIOS,DENTRO,59,0.03,0.0,0.0
OTTO FILHO,PSD,RIACHAO DAS NEVES,DENTRO,58,0.03,0.0,0.0
OTTO FILHO,PSD,CASTRO ALVES,DENTRO,55,0.03,0.0,0.0
OTTO FILHO,PSD,MACAUBAS,DENTRO,55,0.03,0.0,0.0
OTTO FILHO,PSD,SAO FRANCISCO DO CONDE,DENTRO,55,0.03,0.0,0.0
OTTO FILHO,PSD,ARACATU,DENTRO,54,0.03,0.0,0.0
OTTO FILHO,PSD,MUNIZ FERREIRA,DENTRO,54,0.03,0.0,0.0
OTTO FILHO,PSD,CALDEIRAO GRANDE,DENTRO,52,0.03,0.0,0.0
OTTO FILHO,PSD,TAPIRAMUTA,DENTRO,52,0.03,0.0,0.0
OTTO FILHO,PSD,OLIVEIRA DOS BREJINHOS,DENTRO,50,0.02,0.0,0.0
OTTO FILHO,PSD,SANTA BARBARA,DENTRO,50,0.02,0.0,0.0
OTTO FILHO,PSD,ANTONIO CARDOSO,DENTRO,50,0.02,0.0,0.0
OTTO FILHO,PSD,CONCEICAO DO JACUIPE,DENTRO,49,0.02,0.0,0.0
OTTO FILHO,PSD,PINTADAS,DENTRO,48,0.02,0.0,0.0
OTTO FILHO,PSD,PONTO NOVO,DENTRO,48,0.02,0.0,0.0
OTTO FILHO,PSD,GAVIAO,DENTRO,48,0.02,0.0,0.0
OTTO FILHO,PSD,BARRA DO CHOCA,DENTRO,47,0.02,0.0,0.0
OTTO FILHO,PSD,POJUCA,DENTRO,47,0.02,0.0,0.0
OTTO FILHO,PSD,ARAMARI,DENTRO,47,0.02,0.0,0.0
OTTO FILHO,PSD,CATU,DENTRO,47,0.02,0.0,0.0
OTTO FILHO,PSD,MAIRI,DENTRO,46,0.02,0.0,0.0
OTTO FILHO,PSD,CANDEAL,DENTRO,43,0.02,0.0,0.0
OTTO FILHO,PSD,SAO FELIX,DENTRO,43,0.02,0.0,0.0
OTTO FILHO,PSD,SAO SEBASTIAO DO PASSE,DENTRO,43,0.02,0.0,0.0
OTTO FILHO,PSD,MUCURI,DENTRO,42,0.02,0.0,0.0
OTTO FILHO,PSD,FORMOSA DO RIO PRETO,DENTRO,42,0.02,0.0,0.0
OTTO FILHO,PSD,CONDE,DENTRO,42,0.02,0.0,0.0
OTTO FILHO,PSD,ITATIM,DENTRO,41,0.02,0.0,0.0
OTTO FILHO,PSD,CARAVELAS,DENTRO,40,0.02,0.0,0.0
OTTO FILHO,PSD,ARATUIPE,DENTRO,40,0.02,0.0,0.0
OTTO FILHO,PSD,IBICOARA,DENTRO,40,0.02,0.0,0.0
OTTO FILHO,PSD,EUCLIDES DA CUNHA,DENTRO,39,0.02,0.0,0.0
OTTO FILHO,PSD,COARACI,DENTRO,38,0.02,0.0,0.0
OTTO FILHO,PSD,ANAGE,DENTRO,37,0.02,0.0,0.0
OTTO FILHO,PSD,ITAMBE,DENTRO,36,0.02,0.0,0.0
OTTO FILHO,PSD,JEQUIE,DENTRO,36,0.02,0.0,0.0
OTTO FILHO,PSD,ARACAS,DENTRO,36,0.02,0.0,0.0
OTTO FILHO,PSD,CORACAO DE MARIA,DENTRO,36,0.02,0.0,0.0
OTTO FILHO,PSD,SENTO SE,DENTRO,35,0.02,0.0,0.0
OTTO FILHO,PSD,CAEM,DENTRO,35,0.02,0.0,0.0
OTTO FILHO,PSD,IBOTIRAMA,DENTRO,35,0.02,0.0,0.0
OTTO FILHO,PSD,OUROLANDIA,DENTRO,35,0.02,0.0,0.0
OTTO FILHO,PSD,VARZEA DA ROCA,DENTRO,33,0.02,0.0,0.0
OTTO FILHO,PSD,IRARA,DENTRO,33,0.02,0.0,0.0
OTTO FILHO,PSD,ITAETE,DENTRO,32,0.02,0.0,0.0
OTTO FILHO,PSD,PARATINGA,DENTRO,32,0.02,0.0,0.0
OTTO FILHO,PSD,RIBEIRA DO AMPARO,DENTRO,32,0.02,0.0,0.0
OTTO FILHO,PSD,ITAQUARA,DENTRO,32,0.02,0.0,0.0
OTTO FILHO,PSD,CICERO DANTAS,DENTRO,31,0.02,0.0,0.0
OTTO FILHO,PSD,MIGUEL CALMON,DENTRO,31,0.02,0.0,0.0
OTTO FILHO,PSD,VARZEA NOVA,DENTRO,30,0.01,0.0,0.0
OTTO FILHO,PSD,TERRA NOVA,DENTRO,30,0.01,0.0,0.0
OTTO FILHO,PSD,PRADO,DENTRO,30,0.01,0.0,0.0
OTTO FILHO,PSD,SANTO AMARO,DENTRO,29,0.01,0.0,0.0
OTTO FILHO,PSD,PARAMIRIM,DENTRO,29,0.01,0.0,0.0
OTTO FILHO,PSD,BRUMADO,DENTRO,28,0.01,0.0,0.0
OTTO FILHO,PSD,IPUPIARA,DENTRO,28,0.01,0.0,0.0
OTTO FILHO,PSD,SATIRO DIAS,DENTRO,28,0.01,0.0,0.0
OTTO FILHO,PSD,CAMACA,DENTRO,28,0.01,0.0,0.0
OTTO FILHO,PSD,NOVA FATIMA,DENTRO,28,0.01,0.0,0.0
OTTO FILHO,PSD,TUCANO,DENTRO,27,0.01,0.0,0.0
OTTO FILHO,PSD,RIO DO PIRES,DENTRO,27,0.01,0.0,0.0
OTTO FILHO,PSD,MARACAS,DENTRO,27,0.01,0.0,0.0
OTTO FILHO,PSD,PRESIDENTE TANCREDO NEVES,DENTRO,27,0.01,0.0,0.0
OTTO FILHO,PSD,PIATA,DENTRO,27,0.01,0.0,0.0
OTTO FILHO,PSD,CAATIBA,DENTRO,27,0.01,0.0,0.0
OTTO FILHO,PSD,JIQUIRICA,DENTRO,26,0.01,0.0,0.0
OTTO FILHO,PSD,BARRA DA ESTIVA,DENTRO,26,0.01,0.0,0.0
OTTO FILHO,PSD,MUTUIPE,DENTRO,26,0.01,0.0,0.0
OTTO FILHO,PSD,ENCRUZILHADA,DENTRO,25,0.01,0.0,0.0
OTTO FILHO,PSD,CONCEICAO DA FEIRA,DENTRO,25,0.01,0.0,0.0
OTTO FILHO,PSD,ELISIO MEDRADO,DENTRO,24,0.01,0.0,0.0
OTTO FILHO,PSD,PLANALTO,DENTRO,24,0.01,0.0,0.0
OTTO FILHO,PSD,PE DE SERRA,DENTRO,24,0.01,0.0,0.0
OTTO FILHO,PSD,ANTAS,DENTRO,24,0.01,0.0,0.0
OTTO FILHO,PSD,RIACHO DE SANTANA,DENTRO,23,0.01,0.0,0.0
OTTO FILHO,PSD,JAGUAQUARA,DENTRO,23,0.01,0.0,0.0
OTTO FILHO,PSD,NOVA ITARANA,DENTRO,23,0.01,0.0,0.0
OTTO FILHO,PSD,POTIRAGUA,DENTRO,22,0.01,0.0,0.0
OTTO FILHO,PSD,SANTA INES,DENTRO,21,0.01,0.0,0.0
OTTO FILHO,PSD,SERRA DOURADA,DENTRO,21,0.01,0.0,0.0
OTTO FILHO,PSD,ANGUERA,DENTRO,21,0.01,0.0,0.0
OTTO FILHO,PSD,WENCESLAU GUIMARAES,DENTRO,21,0.01,0.0,0.0
OTTO FILHO,PSD,MONTE SANTO,DENTRO,20,0.01,0.0,0.0
OTTO FILHO,PSD,JANDAIRA,DENTRO,20,0.01,0.0,0.0
OTTO FILHO,PSD,NOVA SOURE,DENTRO,20,0.01,0.0,0.0
OTTO FILHO,PSD,URUCUCA,DENTRO,19,0.01,0.0,0.0
OTTO FILHO,PSD,CAMPO FORMOSO,DENTRO,19,0.01,0.0,0.0
OTTO FILHO,PSD,SERRA DO RAMALHO,DENTRO,19,0.01,0.0,0.0
OTTO FILHO,PSD,MORPARA,DENTRO,19,0.01,0.0,0.0
OTTO FILHO,PSD,CORRENTINA,DENTRO,19,0.01,0.0,0.0
OTTO FILHO,PSD,QUIJINGUE,DENTRO,19,0.01,0.0,0.0
OTTO FILHO,PSD,BAIANOPOLIS,DENTRO,18,0.01,0.0,0.0
OTTO FILHO,PSD,SAO DESIDERIO,DENTRO,18,0.01,0.0,0.0
OTTO FILHO,PSD,TEODORO SAMPAIO,DENTRO,18,0.01,0.0,0.0
OTTO FILHO,PSD,IBIRAPUA,DENTRO,18,0.01,0.0,0.0
OTTO FILHO,PSD,ITAPEBI,DENTRO,17,0.01,0.0,0.0
OTTO FILHO,PSD,MADRE DE DEUS,DENTRO,17,0.01,0.0,0.0
OTTO FILHO,PSD,PILAO ARCADO,DENTRO,17,0.01,0.0,0.0
OTTO FILHO,PSD,ALCOBACA,DENTRO,17,0.01,0.0,0.0
OTTO FILHO,PSD,PLANALTINO,DENTRO,16,0.01,0.0,0.0
OTTO FILHO,PSD,OURICANGAS,DENTRO,16,0.01,0.0,0.0
OTTO FILHO,PSD,ITUBERA,DENTRO,16,0.01,0.0,0.0
OTTO FILHO,PSD,IPIAU,DENTRO,16,0.01,0.0,0.0
OTTO FILHO,PSD,PARIPIRANGA,DENTRO,16,0.01,0.0,0.0
OTTO FILHO,PSD,ACAJUTIBA,DENTRO,16,0.01,0.0,0.0
OTTO FILHO,PSD,TREMEDAL,DENTRO,16,0.01,0.0,0.0
OTTO FILHO,PSD,CANSANCAO,DENTRO,15,0.01,0.0,0.0
OTTO FILHO,PSD,CANUDOS,DENTRO,15,0.01,0.0,0.0
OTTO FILHO,PSD,UBATA,DENTRO,15,0.01,0.0,0.0
OTTO FILHO,PSD,BUERAREMA,DENTRO,15,0.01,0.0,0.0
OTTO FILHO,PSD,RIBEIRA DO POMBAL,DENTRO,15,0.01,0.0,0.0
OTTO FILHO,PSD,IBIRAPITANGA,DENTRO,14,0.01,0.0,0.0
OTTO FILHO,PSD,ERICO CARDOSO,DENTRO,14,0.01,0.0,0.0
OTTO FILHO,PSD,IRAMAIA,DENTRO,13,0.01,0.0,0.0
OTTO FILHO,PSD,SANTA TEREZINHA,DENTRO,13,0.01,0.0,0.0
OTTO FILHO,PSD,HELIOPOLIS,DENTRO,13,0.01,0.0,0.0
OTTO FILHO,PSD,JUSSARI,DENTRO,13,0.01,0.0,0.0
OTTO FILHO,PSD,SANTA CRUZ DA VITORIA,DENTRO,12,0.01,0.0,0.0
OTTO FILHO,PSD,CRISTOPOLIS,DENTRO,12,0.01,0.0,0.0
OTTO FILHO,PSD,BOA NOVA,DENTRO,12,0.01,0.0,0.0
OTTO FILHO,PSD,CURACA,DENTRO,12,0.01,0.0,0.0
OTTO FILHO,PSD,ANDORINHA,DENTRO,12,0.01,0.0,0.0
OTTO FILHO,PSD,CORONEL JOAO SA,DENTRO,12,0.01,0.0,0.0
OTTO FILHO,PSD,FILADELFIA,DENTRO,12,0.01,0.0,0.0
OTTO FILHO,PSD,SITIO DO MATO,DENTRO,11,0.01,0.0,0.0
OTTO FILHO,PSD,SAO DOMINGOS,DENTRO,11,0.01,0.0,0.0
OTTO FILHO,PSD,SAO FELIX DO CORIBE,DENTRO,11,0.01,0.0,0.0
OTTO FILHO,PSD,MANSIDAO,DENTRO,11,0.01,0.0,0.0
OTTO FILHO,PSD,GANDU,DENTRO,11,0.01,0.0,0.0
OTTO FILHO,PSD,CAMAMU,DENTRO,11,0.01,0.0,0.0
OTTO FILHO,PSD,SANTANA,DENTRO,11,0.01,0.0,0.0
OTTO FILHO,PSD,BELO CAMPO,DENTRO,10,0.00,0.0,0.0
OTTO FILHO,PSD,SANTA CRUZ CABRALIA,DENTRO,10,0.00,0.0,0.0
OTTO FILHO,PSD,BOTUPORA,DENTRO,10,0.00,0.0,0.0
OTTO FILHO,PSD,TANQUINHO,DENTRO,10,0.00,0.0,0.0
OTTO FILHO,PSD,UMBURANAS,DENTRO,10,0.00,0.0,0.0
OTTO FILHO,PSD,SANTA LUZIA,DENTRO,10,0.00,0.0,0.0
OTTO FILHO,PSD,ITUACU,DENTRO,10,0.00,0.0,0.0
OTTO FILHO,PSD,ITACARE,DENTRO,10,0.00,0.0,0.0
OTTO FILHO,PSD,IBICARAI,DENTRO,10,0.00,0.0,0.0
OTTO FILHO,PSD,CATURAMA,DENTRO,10,0.00,0.0,0.0
OTTO FILHO,PSD,GUANAMBI,DENTRO,10,0.00,0.0,0.0
OTTO FILHO,PSD,GONGOGI,DENTRO,9,0.00,0.0,0.0
OTTO FILHO,PSD,ITIUBA,DENTRO,9,0.00,0.0,0.0
OTTO FILHO,PSD,NORDESTINA,DENTRO,9,0.00,0.0,0.0
OTTO FILHO,PSD,SAUBARA,DENTRO,9,0.00,0.0,0.0
OTTO FILHO,PSD,VARZEA DO POCO,DENTRO,9,0.00,0.0,0.0
OTTO FILHO,PSD,RIBEIRAO DO LARGO,DENTRO,9,0.00,0.0,0.0
OTTO FILHO,PSD,CANAVIEIRAS,DENTRO,9,0.00,0.0,0.0
OTTO FILHO,PSD,BELMONTE,DENTRO,9,0.00,0.0,0.0
OTTO FILHO,PSD,CIPO,DENTRO,9,0.00,0.0,0.0
OTTO FILHO,PSD,BARRA DO ROCHA,DENTRO,8,0.00,0.0,0.0
OTTO FILHO,PSD,ANTONIO GONCALVES,DENTRO,8,0.00,0.0,0.0
OTTO FILHO,PSD,ITABELA,DENTRO,8,0.00,0.0,0.0
OTTO FILHO,PSD,CARINHANHA,DENTRO,8,0.00,0.0,0.0
OTTO FILHO,PSD,CRISOPOLIS,DENTRO,8,0.00,0.0,0.0
OTTO FILHO,PSD,ITAGIBA,DENTRO,8,0.00,0.0,0.0
OTTO FILHO,PSD,TANHACU,DENTRO,8,0.00,0.0,0.0
OTTO FILHO,PSD,CARDEAL DA SILVA,DENTRO,7,0.00,0.0,0.0
OTTO FILHO,PSD,CAETITE,DENTRO,7,0.00,0.0,0.0
OTTO FILHO,PSD,PIRAI DO NORTE,DENTRO,7,0.00,0.0,0.0
OTTO FILHO,PSD,SANTA MARIA DA VITORIA,DENTRO,7,0.00,0.0,0.0
OTTO FILHO,PSD,SOBRADINHO,DENTRO,7,0.00,0.0,0.0
OTTO FILHO,PSD,ADUSTINA,DENTRO,7,0.00,0.0,0.0
OTTO FILHO,PSD,IGRAPIUNA,DENTRO,7,0.00,0.0,0.0
OTTO FILHO,PSD,GUARATINGA,DENTRO,6,0.00,0.0,0.0
OTTO FILHO,PSD,MACURURE,DENTRO,6,0.00,0.0,0.0
OTTO FILHO,PSD,UNA,DENTRO,6,0.00,0.0,0.0
OTTO FILHO,PSD,CASA NOVA,DENTRO,6,0.00,0.0,0.0
OTTO FILHO,PSD,UBAITABA,DENTRO,6,0.00,0.0,0.0
OTTO FILHO,PSD,SANTANOPOLIS,DENTRO,6,0.00,0.0,0.0
OTTO FILHO,PSD,TEOLANDIA,DENTRO,6,0.00,0.0,0.0
OTTO FILHO,PSD,CAMPO ALEGRE DE LOURDES,DENTRO,6,0.00,0.0,0.0
OTTO FILHO,PSD,MIRANGABA,DENTRO,6,0.00,0.0,0.0
OTTO FILHO,PSD,ITAJU DO COLONIA,DENTRO,6,0.00,0.0,0.0
OTTO FILHO,PSD,SAO JOSE DA VITORIA,DENTRO,6,0.00,0.0,0.0
OTTO FILHO,PSD,ITAJUIPE,DENTRO,6,0.00,0.0,0.0
OTTO FILHO,PSD,AGUA FRIA,DENTRO,5,0.00,0.0,0.0
OTTO FILHO,PSD,TABOCAS DO BREJO VELHO,DENTRO,5,0.00,0.0,0.0
OTTO FILHO,PSD,CAIRU,DENTRO,5,0.00,0.0,0.0
OTTO FILHO,PSD,ITAMARI,DENTRO,5,0.00,0.0,0.0
OTTO FILHO,PSD,SERROLANDIA,DENTRO,5,0.00,0.0,0.0
OTTO FILHO,PSD,NILO PECANHA,DENTRO,5,0.00,0.0,0.0
OTTO FILHO,PSD,TAPEROA,DENTRO,4,0.00,0.0,0.0
OTTO FILHO,PSD,NOVA IBIA,DENTRO,4,0.00,0.0,0.0
OTTO FILHO,PSD,CHORROCHO,DENTRO,4,0.00,0.0,0.0
OTTO FILHO,PSD,LAGOA REAL,DENTRO,4,0.00,0.0,0.0
OTTO FILHO,PSD,IBIASSUCE,DENTRO,4,0.00,0.0,0.0
OTTO FILHO,PSD,APUAREMA,DENTRO,4,0.00,0.0,0.0
OTTO FILHO,PSD,SITIO DO QUINTO,DENTRO,4,0.00,0.0,0.0
OTTO FILHO,PSD,MASCOTE,DENTRO,4,0.00,0.0,0.0
OTTO FILHO,PSD,CARAIBAS,DENTRO,4,0.00,0.0,0.0
OTTO FILHO,PSD,ITAGI,DENTRO,4,0.00,0.0,0.0
OTTO FILHO,PSD,ABARE,DENTRO,4,0.00,0.0,0.0
OTTO FILHO,PSD,RODELAS,DENTRO,4,0.00,0.0,0.0
OTTO FILHO,PSD,PALMAS DE MONTE ALTO,DENTRO,4,0.00,0.0,0.0
OTTO FILHO,PSD,CANDIDO SALES,DENTRO,4,0.00,0.0,0.0
OTTO FILHO,PSD,RIO DE CONTAS,DENTRO,4,0.00,0.0,0.0
OTTO FILHO,PSD,MUQUEM DO SAO FRANCISCO,DENTRO,3,0.00,0.0,0.0
OTTO FILHO,PSD,ITIRUCU,DENTRO,3,0.00,0.0,0.0
OTTO FILHO,PSD,FATIMA,DENTRO,3,0.00,0.0,0.0
OTTO FILHO,PSD,PINDOBACU,DENTRO,3,0.00,0.0,0.0
OTTO FILHO,PSD,CORIBE,DENTRO,3,0.00,0.0,0.0
OTTO FILHO,PSD,LICINIO DE ALMEIDA,DENTRO,3,0.00,0.0,0.0
OTTO FILHO,PSD,CACULE,DENTRO,3,0.00,0.0,0.0
OTTO FILHO,PSD,LIVRAMENTO DE NOSSA SENHORA,DENTRO,3,0.00,0.0,0.0
OTTO FILHO,PSD,UAUA,DENTRO,3,0.00,0.0,0.0
OTTO FILHO,PSD,MARAU,DENTRO,3,0.00,0.0,0.0
OTTO FILHO,PSD,ITANHEM,DENTRO,3,0.00,0.0,0.0
OTTO FILHO,PSD,IRAJUBA,DENTRO,3,0.00,0.0,0.0
OTTO FILHO,PSD,DOM BASILIO,DENTRO,3,0.00,0.0,0.0
OTTO FILHO,PSD,JITAUNA,DENTRO,3,0.00,0.0,0.0
OTTO FILHO,PSD,PAU BRASIL,DENTRO,3,0.00,0.0,0.0
OTTO FILHO,PSD,IUIU,DENTRO,3,0.00,0.0,0.0
OTTO FILHO,PSD,MANOEL VITORINO,DENTRO,3,0.00,0.0,0.0
OTTO FILHO,PSD,MALHADA DE PEDRAS,DENTRO,3,0.00,0.0,0.0
OTTO FILHO,PSD,WANDERLEY,DENTRO,3,0.00,0.0,0.0
OTTO FILHO,PSD,BOM JESUS DA SERRA,DENTRO,3,0.00,0.0,0.0
OTTO FILHO,PSD,TANQUE NOVO,DENTRO,2,0.00,0.0,0.0
OTTO FILHO,PSD,REMANSO,DENTRO,2,0.00,0.0,0.0
OTTO FILHO,PSD,FLORESTA AZUL,DENTRO,2,0.00,0.0,0.0
OTTO FILHO,PSD,JUCURUCU,DENTRO,2,0.00,0.0,0.0
OTTO FILHO,PSD,CONTENDAS DO SINCORA,DENTRO,2,0.00,0.0,0.0
OTTO FILHO,PSD,AURELINO LEAL,DENTRO,2,0.00,0.0,0.0
OTTO FILHO,PSD,ANGICAL,DENTRO,2,0.00,0.0,0.0
OTTO FILHO,PSD,ITAPE,DENTRO,2,0.00,0.0,0.0
OTTO FILHO,PSD,JUSSIAPE,DENTRO,2,0.00,0.0,0.0
OTTO FILHO,PSD,CAETANOS,DENTRO,2,0.00,0.0,0.0
OTTO FILHO,PSD,BANZAE,DENTRO,2,0.00,0.0,0.0
OTTO FILHO,PSD,MEDEIROS NETO,DENTRO,2,0.00,0.0,0.0
OTTO FILHO,PSD,PRESIDENTE JANIO QUADROS,DENTRO,2,0.00,0.0,0.0
OTTO FILHO,PSD,JACARACI,DENTRO,2,0.00,0.0,0.0
OTTO FILHO,PSD,LAJEDO DO TABOCAL,DENTRO,1,0.00,0.0,0.0
OTTO FILHO,PSD,COCOS,DENTRO,1,0.00,0.0,0.0
OTTO FILHO,PSD,AIQUARA,DENTRO,1,0.00,0.0,0.0
OTTO FILHO,PSD,ALMADINA,DENTRO,1,0.00,0.0,0.0
OTTO FILHO,PSD,BARRO PRETO,DENTRO,1,0.00,0.0,0.0
OTTO FILHO,PSD,LAFAIETE COUTINHO,DENTRO,1,0.00,0.0,0.0
OTTO FILHO,PSD,MIRANTE,DENTRO,1,0.00,0.0,0.0
OTTO FILHO,PSD,PIRIPA,DENTRO,1,0.00,0.0,0.0
OTTO FILHO,PSD,ITAGIMIRIM,DENTRO,1,0.00,0.0,0.0
OTTO FILHO,PSD,CORDEIROS,DENTRO,1,0.00,0.0,0.0
OTTO FILHO,PSD,BREJOLANDIA,DENTRO,1,0.00,0.0,0.0
OTTO FILHO,PSD,MAETINGA,DENTRO,0,0.00,0.0,0.0
OTTO FILHO,PSD,VEREDA,DENTRO,0,0.00,0.0,0.0
OTTO FILHO,PSD,SEBASTIAO LARANJEIRAS,DENTRO,0,0.00,0.0,0.0
OTTO FILHO,PSD,MATINA,DENTRO,0,0.00,0.0,0.0
OTTO FILHO,PSD,CONDEUBA,DENTRO,0,0.00,0.0,0.0
OTTO FILHO,PSD,CANAPOLIS,DENTRO,0,0.00,0.0,0.0
OTTO FILHO,PSD,URANDI,DENTRO,0,0.00,0.0,0.0
OTTO FILHO,PSD,GUAJERU,DENTRO,0,0.00,0.0,0.0
OTTO FILHO,PSD,IGAPORA,DENTRO,0,0.00,0.0,0.0
OTTO FILHO,PSD,RIO DO ANTONIO,DENTRO,0,0.00,0.0,0.0
OTTO FILHO,PSD,PINDAI,DENTRO,0,0.00,0.0,0.0
OTTO FILHO,PSD,SAUDE,DENTRO,0,0.00,0.0,0.0
OTTO FILHO,PSD,ITAPITANGA,DENTRO,0,0.00,0.0,0.0
OTTO FILHO,PSD,JABORANDI,DENTRO,0,0.00,0.0,0.0
OTTO FILHO,PSD,FEIRA DA MATA,DENTRO,0,0.00,0.0,0.0
OTTO FILHO,PSD,MORTUGABA,DENTRO,0,0.00,0.0,0.0
OTTO FILHO,PSD,LAJEDAO,DENTRO,0,0.00,0.0,0.0
OTTO FILHO,PSD,MALHADA,DENTRO,0,0.00,0.0,0.0
OTTO FILHO,PSD,CATOLANDIA,DENTRO,0,0.00,0.0,0.0
OTTO FILHO,PSD,CANDIBA,DENTRO,0,0.00,0.0,0.0
OTTO FILHO,PSD,MULTIPLO,AMPLO,0,0,146496478.0,99.33
OTTO FILHO,PSD,SAO FELIPE (BAHIA),FORA,0,0,800000.0,0.54
OTTO FILHO,PSD,MATINA (BAHIA),FORA,0,0,190293.0,0.13
ELMAR NASCIMENTO,UNIÃO,CAMPO FORMOSO,DENTRO,17331,9.88,0.0,0.0
ELMAR NASCIMENTO,UNIÃO,SALVADOR,DENTRO,12620,7.19,0.0,0.0
ELMAR NASCIMENTO,UNIÃO,CONCEICAO DO COITE,DENTRO,9859,5.62,0.0,0.0
ELMAR NASCIMENTO,UNIÃO,SENHOR DO BONFIM,DENTRO,7492,4.27,0.0,0.0
ELMAR NASCIMENTO,UNIÃO,VITORIA DA CONQUISTA,DENTRO,7189,4.10,0.0,0.0
ELMAR NASCIMENTO,UNIÃO,CANSANCAO,DENTRO,6972,3.97,0.0,0.0
ELMAR NASCIMENTO,UNIÃO,NOVA VICOSA,DENTRO,6895,3.93,0.0,0.0
ELMAR NASCIMENTO,UNIÃO,ENTRE RIOS,DENTRO,5863,3.34,0.0,0.0
ELMAR NASCIMENTO,UNIÃO,EUNAPOLIS,DENTRO,4772,2.72,0.0,0.0
ELMAR NASCIMENTO,UNIÃO,SANTALUZ,DENTRO,4403,2.51,0.0,0.0
ELMAR NASCIMENTO,UNIÃO,ITATIM,DENTRO,4371,2.49,0.0,0.0
ELMAR NASCIMENTO,UNIÃO,JACOBINA,DENTRO,4219,2.40,0.0,0.0
ELMAR NASCIMENTO,UNIÃO,VALENTE,DENTRO,4152,2.37,0.0,0.0
ELMAR NASCIMENTO,UNIÃO,TEIXEIRA DE FREITAS,DENTRO,4075,2.32,0.0,0.0
ELMAR NASCIMENTO,UNIÃO,JOAO DOURADO,DENTRO,3876,2.21,0.0,0.0
ELMAR NASCIMENTO,UNIÃO,FILADELFIA,DENTRO,3551,2.02,0.0,0.0
ELMAR NASCIMENTO,UNIÃO,JUAZEIRO,DENTRO,2715,1.55,0.0,0.0
ELMAR NASCIMENTO,UNIÃO,BUERAREMA,DENTRO,2626,1.50,0.0,0.0
ELMAR NASCIMENTO,UNIÃO,JANDAIRA,DENTRO,2455,1.40,0.0,0.0
ELMAR NASCIMENTO,UNIÃO,SAO GONCALO DOS CAMPOS,DENTRO,2411,1.37,0.0,0.0
ELMAR NASCIMENTO,UNIÃO,MIGUEL CALMON,DENTRO,2249,1.28,0.0,0.0
ELMAR NASCIMENTO,UNIÃO,MACARANI,DENTRO,2199,1.25,0.0,0.0
ELMAR NASCIMENTO,UNIÃO,MANSIDAO,DENTRO,2169,1.24,0.0,0.0
ELMAR NASCIMENTO,UNIÃO,VARZEA NOVA,DENTRO,2153,1.23,0.0,0.0
ELMAR NASCIMENTO,UNIÃO,UMBURANAS,DENTRO,2048,1.17,0.0,0.0
ELMAR NASCIMENTO,UNIÃO,JUSSARA,DENTRO,1902,1.08,0.0,0.0
ELMAR NASCIMENTO,UNIÃO,LAPAO,DENTRO,1807,1.03,0.0,0.0
ELMAR NASCIMENTO,UNIÃO,GUARATINGA,DENTRO,1768,1.01,0.0,0.0
ELMAR NASCIMENTO,UNIÃO,SAO GABRIEL,DENTRO,1609,0.92,0.0,0.0
ELMAR NASCIMENTO,UNIÃO,ITAMARAJU,DENTRO,1575,0.90,0.0,0.0
ELMAR NASCIMENTO,UNIÃO,COCOS,DENTRO,1520,0.87,0.0,0.0
ELMAR NASCIMENTO,UNIÃO,CAIRU,DENTRO,1380,0.79,0.0,0.0
ELMAR NASCIMENTO,UNIÃO,TEOFILANDIA,DENTRO,1364,0.78,0.0,0.0
ELMAR NASCIMENTO,UNIÃO,PIRITIBA,DENTRO,1301,0.74,0.0,0.0
ELMAR NASCIMENTO,UNIÃO,CAMPO ALEGRE DE LOURDES,DENTRO,1183,0.67,0.0,0.0
ELMAR NASCIMENTO,UNIÃO,JUSSARI,DENTRO,1154,0.66,0.0,0.0
ELMAR NASCIMENTO,UNIÃO,PILAO ARCADO,DENTRO,1121,0.64,0.0,0.0
ELMAR NASCIMENTO,UNIÃO,MONTE SANTO,DENTRO,1018,0.58,0.0,0.0
ELMAR NASCIMENTO,UNIÃO,CAMAMU,DENTRO,991,0.56,0.0,0.0
ELMAR NASCIMENTO,UNIÃO,PINDOBACU,DENTRO,975,0.56,0.0,0.0
ELMAR NASCIMENTO,UNIÃO,ANTONIO GONCALVES,DENTRO,971,0.55,0.0,0.0
ELMAR NASCIMENTO,UNIÃO,MIRANGABA,DENTRO,956,0.54,0.0,0.0
ELMAR NASCIMENTO,UNIÃO,SERROLANDIA,DENTRO,892,0.51,0.0,0.0
ELMAR NASCIMENTO,UNIÃO,BARRA,DENTRO,871,0.50,0.0,0.0
ELMAR NASCIMENTO,UNIÃO,JAGUARARI,DENTRO,859,0.49,0.0,0.0
ELMAR NASCIMENTO,UNIÃO,CAMACA,DENTRO,832,0.47,0.0,0.0
ELMAR NASCIMENTO,UNIÃO,CANAVIEIRAS,DENTRO,809,0.46,0.0,0.0
ELMAR NASCIMENTO,UNIÃO,MAIQUINIQUE,DENTRO,803,0.46,0.0,0.0
ELMAR NASCIMENTO,UNIÃO,MACAJUBA,DENTRO,785,0.45,0.0,0.0
ELMAR NASCIMENTO,UNIÃO,UNA,DENTRO,759,0.43,0.0,0.0
ELMAR NASCIMENTO,UNIÃO,SAUDE,DENTRO,734,0.42,0.0,0.0
ELMAR NASCIMENTO,UNIÃO,CURACA,DENTRO,718,0.41,0.0,0.0
ELMAR NASCIMENTO,UNIÃO,IGRAPIUNA,DENTRO,674,0.38,0.0,0.0
ELMAR NASCIMENTO,UNIÃO,SAO FELIPE,DENTRO,667,0.38,0.0,0.0
ELMAR NASCIMENTO,UNIÃO,SAO SEBASTIAO DO PASSE,DENTRO,665,0.38,0.0,0.0
ELMAR NASCIMENTO,UNIÃO,CENTRAL,DENTRO,631,0.36,0.0,0.0
ELMAR NASCIMENTO,UNIÃO,BURITIRAMA,DENTRO,630,0.36,0.0,0.0
ELMAR NASCIMENTO,UNIÃO,PALMEIRAS,DENTRO,556,0.32,0.0,0.0
ELMAR NASCIMENTO,UNIÃO,VARZEA DO POCO,DENTRO,478,0.27,0.0,0.0
ELMAR NASCIMENTO,UNIÃO,FEIRA DE SANTANA,DENTRO,461,0.26,0.0,0.0
ELMAR NASCIMENTO,UNIÃO,TAPIRAMUTA,DENTRO,443,0.25,0.0,0.0
ELMAR NASCIMENTO,UNIÃO,CASA NOVA,DENTRO,440,0.25,0.0,0.0
ELMAR NASCIMENTO,UNIÃO,LENCOIS,DENTRO,418,0.24,0.0,0.0
ELMAR NASCIMENTO,UNIÃO,REMANSO,DENTRO,404,0.23,0.0,0.0
ELMAR NASCIMENTO,UNIÃO,SANTA RITA DE CASSIA,DENTRO,343,0.20,0.0,0.0
ELMAR NASCIMENTO,UNIÃO,MASCOTE,DENTRO,322,0.18,0.0,0.0
ELMAR NASCIMENTO,UNIÃO,SOBRADINHO,DENTRO,320,0.18,0.0,0.0
ELMAR NASCIMENTO,UNIÃO,EUCLIDES DA CUNHA,DENTRO,304,0.17,0.0,0.0
ELMAR NASCIMENTO,UNIÃO,SAO DOMINGOS,DENTRO,278,0.16,0.0,0.0
ELMAR NASCIMENTO,UNIÃO,ARACI,DENTRO,249,0.14,0.0,0.0
ELMAR NASCIMENTO,UNIÃO,BARRA DO MENDES,DENTRO,242,0.14,0.0,0.0
ELMAR NASCIMENTO,UNIÃO,AMERICA DOURADA,DENTRO,239,0.14,0.0,0.0
ELMAR NASCIMENTO,UNIÃO,SAO JOSE DO JACUIPE,DENTRO,234,0.13,0.0,0.0
ELMAR NASCIMENTO,UNIÃO,LAURO DE FREITAS,DENTRO,227,0.13,0.0,0.0
ELMAR NASCIMENTO,UNIÃO,CAPIM GROSSO,DENTRO,212,0.12,0.0,0.0
ELMAR NASCIMENTO,UNIÃO,ANDORINHA,DENTRO,207,0.12,0.0,0.0
ELMAR NASCIMENTO,UNIÃO,MUCURI,DENTRO,194,0.11,0.0,0.0
ELMAR NASCIMENTO,UNIÃO,IRECE,DENTRO,181,0.10,0.0,0.0
ELMAR NASCIMENTO,UNIÃO,CAMACARI,DENTRO,157,0.09,0.0,0.0
ELMAR NASCIMENTO,UNIÃO,RIACHAO DO JACUIPE,DENTRO,147,0.08,0.0,0.0
ELMAR NASCIMENTO,UNIÃO,PORTO SEGURO,DENTRO,146,0.08,0.0,0.0
ELMAR NASCIMENTO,UNIÃO,CANARANA,DENTRO,141,0.08,0.0,0.0
ELMAR NASCIMENTO,UNIÃO,OUROLANDIA,DENTRO,130,0.07,0.0,0.0
ELMAR NASCIMENTO,UNIÃO,SENTO SE,DENTRO,129,0.07,0.0,0.0
ELMAR NASCIMENTO,UNIÃO,ITABUNA,DENTRO,127,0.07,0.0,0.0
ELMAR NASCIMENTO,UNIÃO,CANDIDO SALES,DENTRO,120,0.07,0.0,0.0
ELMAR NASCIMENTO,UNIÃO,ITAJU DO COLONIA,DENTRO,110,0.06,0.0,0.0
ELMAR NASCIMENTO,UNIÃO,RETIROLANDIA,DENTRO,100,0.06,0.0,0.0
ELMAR NASCIMENTO,UNIÃO,SAPEACU,DENTRO,99,0.06,0.0,0.0
ELMAR NASCIMENTO,UNIÃO,LUIS EDUARDO MAGALHAES,DENTRO,98,0.06,0.0,0.0
ELMAR NASCIMENTO,UNIÃO,TEOLANDIA,DENTRO,97,0.06,0.0,0.0
ELMAR NASCIMENTO,UNIÃO,ITIUBA,DENTRO,96,0.05,0.0,0.0
ELMAR NASCIMENTO,UNIÃO,SANTA TEREZINHA,DENTRO,92,0.05,0.0,0.0
ELMAR NASCIMENTO,UNIÃO,XIQUE-XIQUE,DENTRO,90,0.05,0.0,0.0
ELMAR NASCIMENTO,UNIÃO,UAUA,DENTRO,88,0.05,0.0,0.0
ELMAR NASCIMENTO,UNIÃO,MORRO DO CHAPEU,DENTRO,87,0.05,0.0,0.0
ELMAR NASCIMENTO,UNIÃO,JAGUARIPE,DENTRO,82,0.05,0.0,0.0
ELMAR NASCIMENTO,UNIÃO,PONTO NOVO,DENTRO,81,0.05,0.0,0.0
ELMAR NASCIMENTO,UNIÃO,QUEIMADAS,DENTRO,78,0.04,0.0,0.0
ELMAR NASCIMENTO,UNIÃO,ALAGOINHAS,DENTRO,78,0.04,0.0,0.0
ELMAR NASCIMENTO,UNIÃO,ESPLANADA,DENTRO,75,0.04,0.0,0.0
ELMAR NASCIMENTO,UNIÃO,SIMOES FILHO,DENTRO,73,0.04,0.0,0.0
ELMAR NASCIMENTO,UNIÃO,VALENCA,DENTRO,71,0.04,0.0,0.0
ELMAR NASCIMENTO,UNIÃO,CARAVELAS,DENTRO,70,0.04,0.0,0.0
ELMAR NASCIMENTO,UNIÃO,ANAGE,DENTRO,66,0.04,0.0,0.0
ELMAR NASCIMENTO,UNIÃO,CATU,DENTRO,66,0.04,0.0,0.0
ELMAR NASCIMENTO,UNIÃO,BELO CAMPO,DENTRO,62,0.04,0.0,0.0
ELMAR NASCIMENTO,UNIÃO,IACU,DENTRO,57,0.03,0.0,0.0
ELMAR NASCIMENTO,UNIÃO,INHAMBUPE,DENTRO,55,0.03,0.0,0.0
ELMAR NASCIMENTO,UNIÃO,CAFARNAUM,DENTRO,54,0.03,0.0,0.0
ELMAR NASCIMENTO,UNIÃO,NORDESTINA,DENTRO,51,0.03,0.0,0.0
ELMAR NASCIMENTO,UNIÃO,ITUBERA,DENTRO,50,0.03,0.0,0.0
ELMAR NASCIMENTO,UNIÃO,ILHEUS,DENTRO,49,0.03,0.0,0.0
ELMAR NASCIMENTO,UNIÃO,SERRINHA,DENTRO,49,0.03,0.0,0.0
ELMAR NASCIMENTO,UNIÃO,IBITITA,DENTRO,48,0.03,0.0,0.0
ELMAR NASCIMENTO,UNIÃO,SAO FRANCISCO DO CONDE,DENTRO,46,0.03,0.0,0.0
ELMAR NASCIMENTO,UNIÃO,BARRO ALTO,DENTRO,45,0.03,0.0,0.0
ELMAR NASCIMENTO,UNIÃO,BARREIRAS,DENTRO,44,0.03,0.0,0.0
ELMAR NASCIMENTO,UNIÃO,BRUMADO,DENTRO,44,0.03,0.0,0.0
ELMAR NASCIMENTO,UNIÃO,ITABELA,DENTRO,44,0.03,0.0,0.0
ELMAR NASCIMENTO,UNIÃO,QUIXABEIRA,DENTRO,43,0.02,0.0,0.0
ELMAR NASCIMENTO,UNIÃO,CALDEIRAO GRANDE,DENTRO,43,0.02,0.0,0.0
ELMAR NASCIMENTO,UNIÃO,HELIOPOLIS,DENTRO,42,0.02,0.0,0.0
ELMAR NASCIMENTO,UNIÃO,PAULO AFONSO,DENTRO,40,0.02,0.0,0.0
ELMAR NASCIMENTO,UNIÃO,CONCEICAO DA FEIRA,DENTRO,37,0.02,0.0,0.0
ELMAR NASCIMENTO,UNIÃO,IBIRAPUA,DENTRO,36,0.02,0.0,0.0
ELMAR NASCIMENTO,UNIÃO,MILAGRES,DENTRO,34,0.02,0.0,0.0
ELMAR NASCIMENTO,UNIÃO,CARDEAL DA SILVA,DENTRO,34,0.02,0.0,0.0
ELMAR NASCIMENTO,UNIÃO,RUY BARBOSA,DENTRO,34,0.02,0.0,0.0
ELMAR NASCIMENTO,UNIÃO,ADUSTINA,DENTRO,34,0.02,0.0,0.0
ELMAR NASCIMENTO,UNIÃO,ITAMBE,DENTRO,33,0.02,0.0,0.0
ELMAR NASCIMENTO,UNIÃO,SANTO ANTONIO DE JESUS,DENTRO,32,0.02,0.0,0.0
ELMAR NASCIMENTO,UNIÃO,PRADO,DENTRO,32,0.02,0.0,0.0
ELMAR NASCIMENTO,UNIÃO,POJUCA,DENTRO,31,0.02,0.0,0.0
ELMAR NASCIMENTO,UNIÃO,RIO REAL,DENTRO,30,0.02,0.0,0.0
ELMAR NASCIMENTO,UNIÃO,BARRA DO CHOCA,DENTRO,30,0.02,0.0,0.0
ELMAR NASCIMENTO,UNIÃO,SANTA BARBARA,DENTRO,30,0.02,0.0,0.0
ELMAR NASCIMENTO,UNIÃO,ITAPEBI,DENTRO,30,0.02,0.0,0.0
ELMAR NASCIMENTO,UNIÃO,PARIPIRANGA,DENTRO,30,0.02,0.0,0.0
ELMAR NASCIMENTO,UNIÃO,CANDEIAS,DENTRO,30,0.02,0.0,0.0
ELMAR NASCIMENTO,UNIÃO,ITAPETINGA,DENTRO,29,0.02,0.0,0.0
ELMAR NASCIMENTO,UNIÃO,CANDEAL,DENTRO,29,0.02,0.0,0.0
ELMAR NASCIMENTO,UNIÃO,LIVRAMENTO DE NOSSA SENHORA,DENTRO,28,0.02,0.0,0.0
ELMAR NASCIMENTO,UNIÃO,NOVA FATIMA,DENTRO,28,0.02,0.0,0.0
ELMAR NASCIMENTO,UNIÃO,BARROCAS,DENTRO,27,0.02,0.0,0.0
ELMAR NASCIMENTO,UNIÃO,SEABRA,DENTRO,27,0.02,0.0,0.0
ELMAR NASCIMENTO,UNIÃO,ITAGUACU DA BAHIA,DENTRO,26,0.01,0.0,0.0
ELMAR NASCIMENTO,UNIÃO,VARZEA DA ROCA,DENTRO,25,0.01,0.0,0.0
ELMAR NASCIMENTO,UNIÃO,ENCRUZILHADA,DENTRO,24,0.01,0.0,0.0
ELMAR NASCIMENTO,UNIÃO,IBIPEBA,DENTRO,24,0.01,0.0,0.0
ELMAR NASCIMENTO,UNIÃO,IRARA,DENTRO,24,0.01,0.0,0.0
ELMAR NASCIMENTO,UNIÃO,SANTA CRUZ CABRALIA,DENTRO,23,0.01,0.0,0.0
ELMAR NASCIMENTO,UNIÃO,CONCEICAO DO JACUIPE,DENTRO,23,0.01,0.0,0.0
ELMAR NASCIMENTO,UNIÃO,DIAS D AVILA,DENTRO,22,0.01,0.0,0.0
ELMAR NASCIMENTO,UNIÃO,JEQUIE,DENTRO,22,0.01,0.0,0.0
ELMAR NASCIMENTO,UNIÃO,CAEM,DENTRO,22,0.01,0.0,0.0
ELMAR NASCIMENTO,UNIÃO,RAFAEL JAMBEIRO,DENTRO,22,0.01,0.0,0.0
ELMAR NASCIMENTO,UNIÃO,PLANALTO,DENTRO,22,0.01,0.0,0.0
ELMAR NASCIMENTO,UNIÃO,MATA DE SAO JOAO,DENTRO,21,0.01,0.0,0.0
ELMAR NASCIMENTO,UNIÃO,ITAGIMIRIM,DENTRO,21,0.01,0.0,0.0
ELMAR NASCIMENTO,UNIÃO,CASTRO ALVES,DENTRO,20,0.01,0.0,0.0
ELMAR NASCIMENTO,UNIÃO,JAGUAQUARA,DENTRO,20,0.01,0.0,0.0
ELMAR NASCIMENTO,UNIÃO,MARAGOGIPE,DENTRO,20,0.01,0.0,0.0
ELMAR NASCIMENTO,UNIÃO,MEDEIROS NETO,DENTRO,20,0.01,0.0,0.0
ELMAR NASCIMENTO,UNIÃO,ALCOBACA,DENTRO,20,0.01,0.0,0.0
ELMAR NASCIMENTO,UNIÃO,BAIXA GRANDE,DENTRO,19,0.01,0.0,0.0
ELMAR NASCIMENTO,UNIÃO,ITANAGRA,DENTRO,19,0.01,0.0,0.0
ELMAR NASCIMENTO,UNIÃO,NILO PECANHA,DENTRO,19,0.01,0.0,0.0
ELMAR NASCIMENTO,UNIÃO,ICHU,DENTRO,19,0.01,0.0,0.0
ELMAR NASCIMENTO,UNIÃO,CONDE,DENTRO,19,0.01,0.0,0.0
ELMAR NASCIMENTO,UNIÃO,SANTO ESTEVAO,DENTRO,18,0.01,0.0,0.0
ELMAR NASCIMENTO,UNIÃO,CRUZ DAS ALMAS,DENTRO,18,0.01,0.0,0.0
ELMAR NASCIMENTO,UNIÃO,UBATA,DENTRO,17,0.01,0.0,0.0
ELMAR NASCIMENTO,UNIÃO,IRAQUARA,DENTRO,17,0.01,0.0,0.0
ELMAR NASCIMENTO,UNIÃO,BELMONTE,DENTRO,17,0.01,0.0,0.0
ELMAR NASCIMENTO,UNIÃO,GUANAMBI,DENTRO,17,0.01,0.0,0.0
ELMAR NASCIMENTO,UNIÃO,UBAIRA,DENTRO,16,0.01,0.0,0.0
ELMAR NASCIMENTO,UNIÃO,MARAU,DENTRO,16,0.01,0.0,0.0
ELMAR NASCIMENTO,UNIÃO,RIBEIRAO DO LARGO,DENTRO,16,0.01,0.0,0.0
ELMAR NASCIMENTO,UNIÃO,IBIRAPITANGA,DENTRO,16,0.01,0.0,0.0
ELMAR NASCIMENTO,UNIÃO,QUIJINGUE,DENTRO,16,0.01,0.0,0.0
ELMAR NASCIMENTO,UNIÃO,VERA CRUZ,DENTRO,15,0.01,0.0,0.0
ELMAR NASCIMENTO,UNIÃO,ARACAS,DENTRO,15,0.01,0.0,0.0
ELMAR NASCIMENTO,UNIÃO,SAO JOSE DA VITORIA,DENTRO,15,0.01,0.0,0.0
ELMAR NASCIMENTO,UNIÃO,JUCURUCU,DENTRO,14,0.01,0.0,0.0
ELMAR NASCIMENTO,UNIÃO,SALINAS DA MARGARIDA,DENTRO,14,0.01,0.0,0.0
ELMAR NASCIMENTO,UNIÃO,ABARE,DENTRO,14,0.01,0.0,0.0
ELMAR NASCIMENTO,UNIÃO,GENTIO DO OURO,DENTRO,14,0.01,0.0,0.0
ELMAR NASCIMENTO,UNIÃO,PE DE SERRA,DENTRO,13,0.01,0.0,0.0
ELMAR NASCIMENTO,UNIÃO,PRESIDENTE TANCREDO NEVES,DENTRO,13,0.01,0.0,0.0
ELMAR NASCIMENTO,UNIÃO,AMARGOSA,DENTRO,13,0.01,0.0,0.0
ELMAR NASCIMENTO,UNIÃO,CORRENTINA,DENTRO,13,0.01,0.0,0.0
ELMAR NASCIMENTO,UNIÃO,POTIRAGUA,DENTRO,13,0.01,0.0,0.0
ELMAR NASCIMENTO,UNIÃO,UIBAI,DENTRO,12,0.01,0.0,0.0
ELMAR NASCIMENTO,UNIÃO,SOUTO SOARES,DENTRO,12,0.01,0.0,0.0
ELMAR NASCIMENTO,UNIÃO,FEIRA DA MATA,DENTRO,12,0.01,0.0,0.0
ELMAR NASCIMENTO,UNIÃO,SAO DESIDERIO,DENTRO,11,0.01,0.0,0.0
ELMAR NASCIMENTO,UNIÃO,OLIVEIRA DOS BREJINHOS,DENTRO,11,0.01,0.0,0.0
ELMAR NASCIMENTO,UNIÃO,CRISOPOLIS,DENTRO,11,0.01,0.0,0.0
ELMAR NASCIMENTO,UNIÃO,MADRE DE DEUS,DENTRO,11,0.01,0.0,0.0
ELMAR NASCIMENTO,UNIÃO,LAJE,DENTRO,11,0.01,0.0,0.0
ELMAR NASCIMENTO,UNIÃO,ITARANTIM,DENTRO,11,0.01,0.0,0.0
ELMAR NASCIMENTO,UNIÃO,MIRANTE,DENTRO,11,0.01,0.0,0.0
ELMAR NASCIMENTO,UNIÃO,ITABERABA,DENTRO,11,0.01,0.0,0.0
ELMAR NASCIMENTO,UNIÃO,OURICANGAS,DENTRO,10,0.01,0.0,0.0
ELMAR NASCIMENTO,UNIÃO,UBAITABA,DENTRO,10,0.01,0.0,0.0
ELMAR NASCIMENTO,UNIÃO,MARACAS,DENTRO,10,0.01,0.0,0.0
ELMAR NASCIMENTO,UNIÃO,PARAMIRIM,DENTRO,10,0.01,0.0,0.0
ELMAR NASCIMENTO,UNIÃO,RIO DE CONTAS,DENTRO,10,0.01,0.0,0.0
ELMAR NASCIMENTO,UNIÃO,AMELIA RODRIGUES,DENTRO,9,0.01,0.0,0.0
ELMAR NASCIMENTO,UNIÃO,CORIBE,DENTRO,9,0.01,0.0,0.0
ELMAR NASCIMENTO,UNIÃO,TUCANO,DENTRO,9,0.01,0.0,0.0
ELMAR NASCIMENTO,UNIÃO,JABORANDI,DENTRO,9,0.01,0.0,0.0
ELMAR NASCIMENTO,UNIÃO,SANTO AMARO,DENTRO,9,0.01,0.0,0.0
ELMAR NASCIMENTO,UNIÃO,ITANHEM,DENTRO,9,0.01,0.0,0.0
ELMAR NASCIMENTO,UNIÃO,APORA,DENTRO,9,0.01,0.0,0.0
ELMAR NASCIMENTO,UNIÃO,BREJOES,DENTRO,9,0.01,0.0,0.0
ELMAR NASCIMENTO,UNIÃO,CAETITE,DENTRO,9,0.01,0.0,0.0
ELMAR NASCIMENTO,UNIÃO,CARAIBAS,DENTRO,9,0.01,0.0,0.0
ELMAR NASCIMENTO,UNIÃO,ITAMARI,DENTRO,9,0.01,0.0,0.0
ELMAR NASCIMENTO,UNIÃO,ARATACA,DENTRO,9,0.01,0.0,0.0
ELMAR NASCIMENTO,UNIÃO,GLORIA,DENTRO,9,0.01,0.0,0.0
ELMAR NASCIMENTO,UNIÃO,IBICARAI,DENTRO,9,0.01,0.0,0.0
ELMAR NASCIMENTO,UNIÃO,BROTAS DE MACAUBAS,DENTRO,9,0.01,0.0,0.0
ELMAR NASCIMENTO,UNIÃO,BONITO,DENTRO,9,0.01,0.0,0.0
ELMAR NASCIMENTO,UNIÃO,MATINA,DENTRO,8,0.00,0.0,0.0
ELMAR NASCIMENTO,UNIÃO,UTINGA,DENTRO,8,0.00,0.0,0.0
ELMAR NASCIMENTO,UNIÃO,MURITIBA,DENTRO,8,0.00,0.0,0.0
ELMAR NASCIMENTO,UNIÃO,URUCUCA,DENTRO,8,0.00,0.0,0.0
ELMAR NASCIMENTO,UNIÃO,CANUDOS,DENTRO,8,0.00,0.0,0.0
ELMAR NASCIMENTO,UNIÃO,MUNDO NOVO,DENTRO,8,0.00,0.0,0.0
ELMAR NASCIMENTO,UNIÃO,WENCESLAU GUIMARAES,DENTRO,8,0.00,0.0,0.0
ELMAR NASCIMENTO,UNIÃO,TREMEDAL,DENTRO,8,0.00,0.0,0.0
ELMAR NASCIMENTO,UNIÃO,IBOTIRAMA,DENTRO,8,0.00,0.0,0.0
ELMAR NASCIMENTO,UNIÃO,COARACI,DENTRO,8,0.00,0.0,0.0
ELMAR NASCIMENTO,UNIÃO,GAVIAO,DENTRO,8,0.00,0.0,0.0
ELMAR NASCIMENTO,UNIÃO,MAIRI,DENTRO,7,0.00,0.0,0.0
ELMAR NASCIMENTO,UNIÃO,IPIRA,DENTRO,7,0.00,0.0,0.0
ELMAR NASCIMENTO,UNIÃO,RIACHO DE SANTANA,DENTRO,7,0.00,0.0,0.0
ELMAR NASCIMENTO,UNIÃO,ITAPICURU,DENTRO,7,0.00,0.0,0.0
ELMAR NASCIMENTO,UNIÃO,ITAPARICA,DENTRO,7,0.00,0.0,0.0
ELMAR NASCIMENTO,UNIÃO,NOVA CANAA,DENTRO,7,0.00,0.0,0.0
ELMAR NASCIMENTO,UNIÃO,NOVA REDENCAO,DENTRO,7,0.00,0.0,0.0
ELMAR NASCIMENTO,UNIÃO,SANTA LUZIA,DENTRO,7,0.00,0.0,0.0
ELMAR NASCIMENTO,UNIÃO,POCOES,DENTRO,7,0.00,0.0,0.0
ELMAR NASCIMENTO,UNIÃO,SAO MIGUEL DAS MATAS,DENTRO,7,0.00,0.0,0.0
ELMAR NASCIMENTO,UNIÃO,PRESIDENTE DUTRA,DENTRO,7,0.00,0.0,0.0
ELMAR NASCIMENTO,UNIÃO,BIRITINGA,DENTRO,7,0.00,0.0,0.0
ELMAR NASCIMENTO,UNIÃO,ANDARAI,DENTRO,6,0.00,0.0,0.0
ELMAR NASCIMENTO,UNIÃO,ELISIO MEDRADO,DENTRO,6,0.00,0.0,0.0
ELMAR NASCIMENTO,UNIÃO,TANQUINHO,DENTRO,6,0.00,0.0,0.0
ELMAR NASCIMENTO,UNIÃO,CRISTOPOLIS,DENTRO,6,0.00,0.0,0.0
ELMAR NASCIMENTO,UNIÃO,MULUNGU DO MORRO,DENTRO,6,0.00,0.0,0.0
ELMAR NASCIMENTO,UNIÃO,SITIO DO QUINTO,DENTRO,6,0.00,0.0,0.0
ELMAR NASCIMENTO,UNIÃO,CAPELA DO ALTO ALEGRE,DENTRO,6,0.00,0.0,0.0
ELMAR NASCIMENTO,UNIÃO,BARRO PRETO,DENTRO,6,0.00,0.0,0.0
ELMAR NASCIMENTO,UNIÃO,BOM JESUS DA LAPA,DENTRO,6,0.00,0.0,0.0
ELMAR NASCIMENTO,UNIÃO,ANGUERA,DENTRO,6,0.00,0.0,0.0
ELMAR NASCIMENTO,UNIÃO,PAU BRASIL,DENTRO,6,0.00,0.0,0.0
ELMAR NASCIMENTO,UNIÃO,MUCUGE,DENTRO,6,0.00,0.0,0.0
ELMAR NASCIMENTO,UNIÃO,SANTA MARIA DA VITORIA,DENTRO,6,0.00,0.0,0.0
ELMAR NASCIMENTO,UNIÃO,ITAJUIPE,DENTRO,6,0.00,0.0,0.0
ELMAR NASCIMENTO,UNIÃO,PEDRAO,DENTRO,6,0.00,0.0,0.0
ELMAR NASCIMENTO,UNIÃO,BARRA DA ESTIVA,DENTRO,5,0.00,0.0,0.0
ELMAR NASCIMENTO,UNIÃO,PINTADAS,DENTRO,5,0.00,0.0,0.0
ELMAR NASCIMENTO,UNIÃO,AGUA FRIA,DENTRO,5,0.00,0.0,0.0
ELMAR NASCIMENTO,UNIÃO,FATIMA,DENTRO,5,0.00,0.0,0.0
ELMAR NASCIMENTO,UNIÃO,TAPEROA,DENTRO,5,0.00,0.0,0.0
ELMAR NASCIMENTO,UNIÃO,ARACATU,DENTRO,5,0.00,0.0,0.0
ELMAR NASCIMENTO,UNIÃO,SANTA BRIGIDA,DENTRO,5,0.00,0.0,0.0
ELMAR NASCIMENTO,UNIÃO,NAZARE,DENTRO,5,0.00,0.0,0.0
ELMAR NASCIMENTO,UNIÃO,SAO FELIX DO CORIBE,DENTRO,5,0.00,0.0,0.0
ELMAR NASCIMENTO,UNIÃO,PIRAI DO NORTE,DENTRO,5,0.00,0.0,0.0
ELMAR NASCIMENTO,UNIÃO,LAJEDAO,DENTRO,5,0.00,0.0,0.0
ELMAR NASCIMENTO,UNIÃO,SATIRO DIAS,DENTRO,5,0.00,0.0,0.0
ELMAR NASCIMENTO,UNIÃO,CORACAO DE MARIA,DENTRO,5,0.00,0.0,0.0
ELMAR NASCIMENTO,UNIÃO,IPECAETA,DENTRO,5,0.00,0.0,0.0
ELMAR NASCIMENTO,UNIÃO,ITAPE,DENTRO,5,0.00,0.0,0.0
ELMAR NASCIMENTO,UNIÃO,ARAMARI,DENTRO,5,0.00,0.0,0.0
ELMAR NASCIMENTO,UNIÃO,MUNIZ FERREIRA,DENTRO,5,0.00,0.0,0.0
ELMAR NASCIMENTO,UNIÃO,CONCEICAO DO ALMEIDA,DENTRO,4,0.00,0.0,0.0
ELMAR NASCIMENTO,UNIÃO,VEREDA,DENTRO,4,0.00,0.0,0.0
ELMAR NASCIMENTO,UNIÃO,MACAUBAS,DENTRO,4,0.00,0.0,0.0
ELMAR NASCIMENTO,UNIÃO,IPUPIARA,DENTRO,4,0.00,0.0,0.0
ELMAR NASCIMENTO,UNIÃO,CARINHANHA,DENTRO,4,0.00,0.0,0.0
ELMAR NASCIMENTO,UNIÃO,ITORORO,DENTRO,4,0.00,0.0,0.0
ELMAR NASCIMENTO,UNIÃO,LAMARAO,DENTRO,4,0.00,0.0,0.0
ELMAR NASCIMENTO,UNIÃO,IGAPORA,DENTRO,4,0.00,0.0,0.0
ELMAR NASCIMENTO,UNIÃO,CABACEIRAS DO PARAGUACU,DENTRO,4,0.00,0.0,0.0
ELMAR NASCIMENTO,UNIÃO,NOVO HORIZONTE,DENTRO,4,0.00,0.0,0.0
ELMAR NASCIMENTO,UNIÃO,ARATUIPE,DENTRO,4,0.00,0.0,0.0
ELMAR NASCIMENTO,UNIÃO,ACAJUTIBA,DENTRO,4,0.00,0.0,0.0
ELMAR NASCIMENTO,UNIÃO,IRAJUBA,DENTRO,4,0.00,0.0,0.0
ELMAR NASCIMENTO,UNIÃO,ANTAS,DENTRO,4,0.00,0.0,0.0
ELMAR NASCIMENTO,UNIÃO,GANDU,DENTRO,4,0.00,0.0,0.0
ELMAR NASCIMENTO,UNIÃO,PIRIPA,DENTRO,4,0.00,0.0,0.0
ELMAR NASCIMENTO,UNIÃO,WAGNER,DENTRO,4,0.00,0.0,0.0
ELMAR NASCIMENTO,UNIÃO,MANOEL VITORINO,DENTRO,4,0.00,0.0,0.0
ELMAR NASCIMENTO,UNIÃO,CAETANOS,DENTRO,4,0.00,0.0,0.0
ELMAR NASCIMENTO,UNIÃO,NOVA ITARANA,DENTRO,4,0.00,0.0,0.0
ELMAR NASCIMENTO,UNIÃO,NOVA SOURE,DENTRO,4,0.00,0.0,0.0
ELMAR NASCIMENTO,UNIÃO,JEREMOABO,DENTRO,4,0.00,0.0,0.0
ELMAR NASCIMENTO,UNIÃO,SANTANA,DENTRO,4,0.00,0.0,0.0
ELMAR NASCIMENTO,UNIÃO,ITAETE,DENTRO,3,0.00,0.0,0.0
ELMAR NASCIMENTO,UNIÃO,URANDI,DENTRO,3,0.00,0.0,0.0
ELMAR NASCIMENTO,UNIÃO,CACHOEIRA,DENTRO,3,0.00,0.0,0.0
ELMAR NASCIMENTO,UNIÃO,CHORROCHO,DENTRO,3,0.00,0.0,0.0
ELMAR NASCIMENTO,UNIÃO,RIO DO ANTONIO,DENTRO,3,0.00,0.0,0.0
ELMAR NASCIMENTO,UNIÃO,PEDRO ALEXANDRE,DENTRO,3,0.00,0.0,0.0
ELMAR NASCIMENTO,UNIÃO,IPIAU,DENTRO,3,0.00,0.0,0.0
ELMAR NASCIMENTO,UNIÃO,RIBEIRA DO POMBAL,DENTRO,3,0.00,0.0,0.0
ELMAR NASCIMENTO,UNIÃO,GOVERNADOR MANGABEIRA,DENTRO,3,0.00,0.0,0.0
ELMAR NASCIMENTO,UNIÃO,SERRA PRETA,DENTRO,3,0.00,0.0,0.0
ELMAR NASCIMENTO,UNIÃO,IBICOARA,DENTRO,3,0.00,0.0,0.0
ELMAR NASCIMENTO,UNIÃO,SERRA DO RAMALHO,DENTRO,3,0.00,0.0,0.0
ELMAR NASCIMENTO,UNIÃO,ITACARE,DENTRO,3,0.00,0.0,0.0
ELMAR NASCIMENTO,UNIÃO,CAATIBA,DENTRO,3,0.00,0.0,0.0
ELMAR NASCIMENTO,UNIÃO,JUSSIAPE,DENTRO,3,0.00,0.0,0.0
ELMAR NASCIMENTO,UNIÃO,CATURAMA,DENTRO,3,0.00,0.0,0.0
ELMAR NASCIMENTO,UNIÃO,CORDEIROS,DENTRO,3,0.00,0.0,0.0
ELMAR NASCIMENTO,UNIÃO,LAJEDO DO TABOCAL,DENTRO,2,0.00,0.0,0.0
ELMAR NASCIMENTO,UNIÃO,ITIRUCU,DENTRO,2,0.00,0.0,0.0
ELMAR NASCIMENTO,UNIÃO,SANTA CRUZ DA VITORIA,DENTRO,2,0.00,0.0,0.0
ELMAR NASCIMENTO,UNIÃO,CONDEUBA,DENTRO,2,0.00,0.0,0.0
ELMAR NASCIMENTO,UNIÃO,GUAJERU,DENTRO,2,0.00,0.0,0.0
ELMAR NASCIMENTO,UNIÃO,LAGOA REAL,DENTRO,2,0.00,0.0,0.0
ELMAR NASCIMENTO,UNIÃO,TANHACU,DENTRO,2,0.00,0.0,0.0
ELMAR NASCIMENTO,UNIÃO,BOA NOVA,DENTRO,2,0.00,0.0,0.0
ELMAR NASCIMENTO,UNIÃO,FORMOSA DO RIO PRETO,DENTRO,2,0.00,0.0,0.0
ELMAR NASCIMENTO,UNIÃO,SANTANOPOLIS,DENTRO,2,0.00,0.0,0.0
ELMAR NASCIMENTO,UNIÃO,BOQUIRA,DENTRO,2,0.00,0.0,0.0
ELMAR NASCIMENTO,UNIÃO,MORTUGABA,DENTRO,2,0.00,0.0,0.0
ELMAR NASCIMENTO,UNIÃO,DOM BASILIO,DENTRO,2,0.00,0.0,0.0
ELMAR NASCIMENTO,UNIÃO,JITAUNA,DENTRO,2,0.00,0.0,0.0
ELMAR NASCIMENTO,UNIÃO,VARZEDO,DENTRO,2,0.00,0.0,0.0
ELMAR NASCIMENTO,UNIÃO,MALHADA,DENTRO,2,0.00,0.0,0.0
ELMAR NASCIMENTO,UNIÃO,ANGICAL,DENTRO,2,0.00,0.0,0.0
ELMAR NASCIMENTO,UNIÃO,AURELINO LEAL,DENTRO,2,0.00,0.0,0.0
ELMAR NASCIMENTO,UNIÃO,IGUAI,DENTRO,2,0.00,0.0,0.0
ELMAR NASCIMENTO,UNIÃO,PIATA,DENTRO,2,0.00,0.0,0.0
ELMAR NASCIMENTO,UNIÃO,JACARACI,DENTRO,2,0.00,0.0,0.0
ELMAR NASCIMENTO,UNIÃO,BOM JESUS DA SERRA,DENTRO,2,0.00,0.0,0.0
ELMAR NASCIMENTO,UNIÃO,DARIO MEIRA,DENTRO,2,0.00,0.0,0.0
ELMAR NASCIMENTO,UNIÃO,CIPO,DENTRO,2,0.00,0.0,0.0
ELMAR NASCIMENTO,UNIÃO,JIQUIRICA,DENTRO,1,0.00,0.0,0.0
ELMAR NASCIMENTO,UNIÃO,MUQUEM DO SAO FRANCISCO,DENTRO,1,0.00,0.0,0.0
ELMAR NASCIMENTO,UNIÃO,MAETINGA,DENTRO,1,0.00,0.0,0.0
ELMAR NASCIMENTO,UNIÃO,RIACHAO DAS NEVES,DENTRO,1,0.00,0.0,0.0
ELMAR NASCIMENTO,UNIÃO,PLANALTINO,DENTRO,1,0.00,0.0,0.0
ELMAR NASCIMENTO,UNIÃO,SITIO DO MATO,DENTRO,1,0.00,0.0,0.0
ELMAR NASCIMENTO,UNIÃO,IRAMAIA,DENTRO,1,0.00,0.0,0.0
ELMAR NASCIMENTO,UNIÃO,BOTUPORA,DENTRO,1,0.00,0.0,0.0
ELMAR NASCIMENTO,UNIÃO,LICINIO DE ALMEIDA,DENTRO,1,0.00,0.0,0.0
ELMAR NASCIMENTO,UNIÃO,CACULE,DENTRO,1,0.00,0.0,0.0
ELMAR NASCIMENTO,UNIÃO,SAUBARA,DENTRO,1,0.00,0.0,0.0
ELMAR NASCIMENTO,UNIÃO,IBIASSUCE,DENTRO,1,0.00,0.0,0.0
ELMAR NASCIMENTO,UNIÃO,ITAGIBA,DENTRO,1,0.00,0.0,0.0
ELMAR NASCIMENTO,UNIÃO,TEODORO SAMPAIO,DENTRO,1,0.00,0.0,0.0
ELMAR NASCIMENTO,UNIÃO,ALMADINA,DENTRO,1,0.00,0.0,0.0
ELMAR NASCIMENTO,UNIÃO,MARCIONILIO SOUZA,DENTRO,1,0.00,0.0,0.0
ELMAR NASCIMENTO,UNIÃO,TERRA NOVA,DENTRO,1,0.00,0.0,0.0
ELMAR NASCIMENTO,UNIÃO,RIBEIRA DO AMPARO,DENTRO,1,0.00,0.0,0.0
ELMAR NASCIMENTO,UNIÃO,ITAPITANGA,DENTRO,1,0.00,0.0,0.0
ELMAR NASCIMENTO,UNIÃO,LAFAIETE COUTINHO,DENTRO,1,0.00,0.0,0.0
ELMAR NASCIMENTO,UNIÃO,ITUACU,DENTRO,1,0.00,0.0,0.0
ELMAR NASCIMENTO,UNIÃO,ERICO CARDOSO,DENTRO,1,0.00,0.0,0.0
ELMAR NASCIMENTO,UNIÃO,MORPARA,DENTRO,1,0.00,0.0,0.0
ELMAR NASCIMENTO,UNIÃO,MUTUIPE,DENTRO,1,0.00,0.0,0.0
ELMAR NASCIMENTO,UNIÃO,RODELAS,DENTRO,1,0.00,0.0,0.0
ELMAR NASCIMENTO,UNIÃO,FIRMINO ALVES,DENTRO,1,0.00,0.0,0.0
ELMAR NASCIMENTO,UNIÃO,ANTONIO CARDOSO,DENTRO,1,0.00,0.0,0.0
ELMAR NASCIMENTO,UNIÃO,OLINDINA,DENTRO,1,0.00,0.0,0.0
ELMAR NASCIMENTO,UNIÃO,IBICUI,DENTRO,1,0.00,0.0,0.0
ELMAR NASCIMENTO,UNIÃO,ITAQUARA,DENTRO,1,0.00,0.0,0.0
ELMAR NASCIMENTO,UNIÃO,BONINAL,DENTRO,1,0.00,0.0,0.0
ELMAR NASCIMENTO,UNIÃO,BARRA DO ROCHA,DENTRO,0,0.00,0.0,0.0
ELMAR NASCIMENTO,UNIÃO,IBIRATAIA,DENTRO,0,0.00,0.0,0.0
ELMAR NASCIMENTO,UNIÃO,BAIANOPOLIS,DENTRO,0,0.00,0.0,0.0
ELMAR NASCIMENTO,UNIÃO,IBITIARA,DENTRO,0,0.00,0.0,0.0
ELMAR NASCIMENTO,UNIÃO,SEBASTIAO LARANJEIRAS,DENTRO,0,0.00,0.0,0.0
ELMAR NASCIMENTO,UNIÃO,NOVA IBIA,DENTRO,0,0.00,0.0,0.0
ELMAR NASCIMENTO,UNIÃO,COTEGIPE,DENTRO,0,0.00,0.0,0.0
ELMAR NASCIMENTO,UNIÃO,GONGOGI,DENTRO,0,0.00,0.0,0.0
ELMAR NASCIMENTO,UNIÃO,CANAPOLIS,DENTRO,0,0.00,0.0,0.0
ELMAR NASCIMENTO,UNIÃO,LAJEDINHO,DENTRO,0,0.00,0.0,0.0
ELMAR NASCIMENTO,UNIÃO,TANQUE NOVO,DENTRO,0,0.00,0.0,0.0
ELMAR NASCIMENTO,UNIÃO,SANTA INES,DENTRO,0,0.00,0.0,0.0
ELMAR NASCIMENTO,UNIÃO,MACURURE,DENTRO,0,0.00,0.0,0.0
ELMAR NASCIMENTO,UNIÃO,PARATINGA,DENTRO,0,0.00,0.0,0.0
ELMAR NASCIMENTO,UNIÃO,AIQUARA,DENTRO,0,0.00,0.0,0.0
ELMAR NASCIMENTO,UNIÃO,FLORESTA AZUL,DENTRO,0,0.00,0.0,0.0
ELMAR NASCIMENTO,UNIÃO,CICERO DANTAS,DENTRO,0,0.00,0.0,0.0
ELMAR NASCIMENTO,UNIÃO,BOA VISTA DO TUPIM,DENTRO,0,0.00,0.0,0.0
ELMAR NASCIMENTO,UNIÃO,IBIQUERA,DENTRO,0,0.00,0.0,0.0
ELMAR NASCIMENTO,UNIÃO,APUAREMA,DENTRO,0,0.00,0.0,0.0
ELMAR NASCIMENTO,UNIÃO,IBIPITANGA,DENTRO,0,0.00,0.0,0.0
ELMAR NASCIMENTO,UNIÃO,PINDAI,DENTRO,0,0.00,0.0,0.0
ELMAR NASCIMENTO,UNIÃO,NOVO TRIUNFO,DENTRO,0,0.00,0.0,0.0
ELMAR NASCIMENTO,UNIÃO,ABAIRA,DENTRO,0,0.00,0.0,0.0
ELMAR NASCIMENTO,UNIÃO,CONTENDAS DO SINCORA,DENTRO,0,0.00,0.0,0.0
ELMAR NASCIMENTO,UNIÃO,SERRA DOURADA,DENTRO,0,0.00,0.0,0.0
ELMAR NASCIMENTO,UNIÃO,TABOCAS DO BREJO VELHO,DENTRO,0,0.00,0.0,0.0
ELMAR NASCIMENTO,UNIÃO,RIO DO PIRES,DENTRO,0,0.00,0.0,0.0
ELMAR NASCIMENTO,UNIÃO,ITAGI,DENTRO,0,0.00,0.0,0.0
ELMAR NASCIMENTO,UNIÃO,IUIU,DENTRO,0,0.00,0.0,0.0
ELMAR NASCIMENTO,UNIÃO,CATOLANDIA,DENTRO,0,0.00,0.0,0.0
ELMAR NASCIMENTO,UNIÃO,DOM MACEDO COSTA,DENTRO,0,0.00,0.0,0.0
ELMAR NASCIMENTO,UNIÃO,MALHADA DE PEDRAS,DENTRO,0,0.00,0.0,0.0
ELMAR NASCIMENTO,UNIÃO,SAO FELIX,DENTRO,0,0.00,0.0,0.0
ELMAR NASCIMENTO,UNIÃO,CANDIBA,DENTRO,0,0.00,0.0,0.0
ELMAR NASCIMENTO,UNIÃO,CRAVOLANDIA,DENTRO,0,0.00,0.0,0.0
ELMAR NASCIMENTO,UNIÃO,WANDERLEY,DENTRO,0,0.00,0.0,0.0
ELMAR NASCIMENTO,UNIÃO,PALMAS DE MONTE ALTO,DENTRO,0,0.00,0.0,0.0
ELMAR NASCIMENTO,UNIÃO,BANZAE,DENTRO,0,0.00,0.0,0.0
ELMAR NASCIMENTO,UNIÃO,PRESIDENTE JANIO QUADROS,DENTRO,0,0.00,0.0,0.0
ELMAR NASCIMENTO,UNIÃO,CORONEL JOAO SA,DENTRO,0,0.00,0.0,0.0
ELMAR NASCIMENTO,UNIÃO,BREJOLANDIA,DENTRO,0,0.00,0.0,0.0
ELMAR NASCIMENTO,UNIÃO,MULTIPLO,AMPLO,0,0,129826170.35,92.49
ELMAR NASCIMENTO,UNIÃO,SALVADOR (BAHIA),FORA,0,0,3500000.0,2.49
ELMAR NASCIMENTO,UNIÃO,CAMPO FORMOSO (BAHIA),FORA,0,0,3035792.0,2.16
ELMAR NASCIMENTO,UNIÃO,CAMPO ALEGRE DE LOURDES (BAHIA),FORA,0,0,1782000.0,1.27
ELMAR NASCIMENTO,UNIÃO,SEM INFORMACAO,AMPLO,0,0,1679000.0,1.2
ELMAR NASCIMENTO,UNIÃO,CONCEICAO DO COITE (BAHIA),FORA,0,0,300000.0,0.21
ELMAR NASCIMENTO,UNIÃO,FILADELFIA (BAHIA),FORA,0,0,240754.62,0.17
DIEGO CORONEL,PSD,SENTO SE,DENTRO,8225,4.79,0.0,0.0
DIEGO CORONEL,PSD,CONCEICAO DA FEIRA,DENTRO,7209,4.20,0.0,0.0
DIEGO CORONEL,PSD,MARAGOGIPE,DENTRO,7077,4.12,0.0,0.0
DIEGO CORONEL,PSD,SALVADOR,DENTRO,5341,3.11,0.0,0.0
DIEGO CORONEL,PSD,JUAZEIRO,DENTRO,4908,2.86,0.0,0.0
DIEGO CORONEL,PSD,PONTO NOVO,DENTRO,4875,2.84,0.0,0.0
DIEGO CORONEL,PSD,IBIRAPITANGA,DENTRO,4169,2.43,0.0,0.0
DIEGO CORONEL,PSD,LICINIO DE ALMEIDA,DENTRO,4148,2.42,0.0,0.0
DIEGO CORONEL,PSD,BARRA DA ESTIVA,DENTRO,4046,2.36,0.0,0.0
DIEGO CORONEL,PSD,ENCRUZILHADA,DENTRO,3693,2.15,0.0,0.0
DIEGO CORONEL,PSD,IBITITA,DENTRO,3683,2.15,0.0,0.0
DIEGO CORONEL,PSD,SAUDE,DENTRO,3481,2.03,0.0,0.0
DIEGO CORONEL,PSD,CURACA,DENTRO,3449,2.01,0.0,0.0
DIEGO CORONEL,PSD,PILAO ARCADO,DENTRO,3313,1.93,0.0,0.0
DIEGO CORONEL,PSD,MIRANGABA,DENTRO,3303,1.92,0.0,0.0
DIEGO CORONEL,PSD,IBIPEBA,DENTRO,3127,1.82,0.0,0.0
DIEGO CORONEL,PSD,ACAJUTIBA,DENTRO,3102,1.81,0.0,0.0
DIEGO CORONEL,PSD,CACULE,DENTRO,2802,1.63,0.0,0.0
DIEGO CORONEL,PSD,IPUPIARA,DENTRO,2794,1.63,0.0,0.0
DIEGO CORONEL,PSD,CIPO,DENTRO,2726,1.59,0.0,0.0
DIEGO CORONEL,PSD,FILADELFIA,DENTRO,2616,1.52,0.0,0.0
DIEGO CORONEL,PSD,ITIUBA,DENTRO,2609,1.52,0.0,0.0
DIEGO CORONEL,PSD,BARRA,DENTRO,2593,1.51,0.0,0.0
DIEGO CORONEL,PSD,CANARANA,DENTRO,2587,1.51,0.0,0.0
DIEGO CORONEL,PSD,MULUNGU DO MORRO,DENTRO,2465,1.44,0.0,0.0
DIEGO CORONEL,PSD,SERRA DO RAMALHO,DENTRO,2438,1.42,0.0,0.0
DIEGO CORONEL,PSD,OURICANGAS,DENTRO,2215,1.29,0.0,0.0
DIEGO CORONEL,PSD,JOAO DOURADO,DENTRO,2097,1.22,0.0,0.0
DIEGO CORONEL,PSD,RIO DE CONTAS,DENTRO,2038,1.19,0.0,0.0
DIEGO CORONEL,PSD,PEDRAO,DENTRO,1799,1.05,0.0,0.0
DIEGO CORONEL,PSD,CORACAO DE MARIA,DENTRO,1756,1.02,0.0,0.0
DIEGO CORONEL,PSD,LIVRAMENTO DE NOSSA SENHORA,DENTRO,1716,1.00,0.0,0.0
DIEGO CORONEL,PSD,MATA DE SAO JOAO,DENTRO,1648,0.96,0.0,0.0
DIEGO CORONEL,PSD,JACARACI,DENTRO,1555,0.91,0.0,0.0
DIEGO CORONEL,PSD,CATURAMA,DENTRO,1481,0.86,0.0,0.0
DIEGO CORONEL,PSD,SAO GONCALO DOS CAMPOS,DENTRO,1467,0.85,0.0,0.0
DIEGO CORONEL,PSD,SAO FELIX,DENTRO,1427,0.83,0.0,0.0
DIEGO CORONEL,PSD,SANTANOPOLIS,DENTRO,1426,0.83,0.0,0.0
DIEGO CORONEL,PSD,MIRANTE,DENTRO,1411,0.82,0.0,0.0
DIEGO CORONEL,PSD,VITORIA DA CONQUISTA,DENTRO,1350,0.79,0.0,0.0
DIEGO CORONEL,PSD,BONINAL,DENTRO,1323,0.77,0.0,0.0
DIEGO CORONEL,PSD,IBICOARA,DENTRO,1308,0.76,0.0,0.0
DIEGO CORONEL,PSD,JUSSARA,DENTRO,1300,0.76,0.0,0.0
DIEGO CORONEL,PSD,BARRA DO MENDES,DENTRO,1195,0.70,0.0,0.0
DIEGO CORONEL,PSD,GENTIO DO OURO,DENTRO,1193,0.69,0.0,0.0
DIEGO CORONEL,PSD,TREMEDAL,DENTRO,1174,0.68,0.0,0.0
DIEGO CORONEL,PSD,BRUMADO,DENTRO,1169,0.68,0.0,0.0
DIEGO CORONEL,PSD,XIQUE-XIQUE,DENTRO,1144,0.67,0.0,0.0
DIEGO CORONEL,PSD,LAPAO,DENTRO,1107,0.64,0.0,0.0
DIEGO CORONEL,PSD,SAO GABRIEL,DENTRO,1104,0.64,0.0,0.0
DIEGO CORONEL,PSD,ANAGE,DENTRO,1085,0.63,0.0,0.0
DIEGO CORONEL,PSD,CALDEIRAO GRANDE,DENTRO,1047,0.61,0.0,0.0
DIEGO CORONEL,PSD,RIACHAO DO JACUIPE,DENTRO,1024,0.60,0.0,0.0
DIEGO CORONEL,PSD,LAJEDAO,DENTRO,982,0.57,0.0,0.0
DIEGO CORONEL,PSD,PRESIDENTE DUTRA,DENTRO,948,0.55,0.0,0.0
DIEGO CORONEL,PSD,IRECE,DENTRO,903,0.53,0.0,0.0
DIEGO CORONEL,PSD,CENTRAL,DENTRO,891,0.52,0.0,0.0
DIEGO CORONEL,PSD,PINDOBACU,DENTRO,870,0.51,0.0,0.0
DIEGO CORONEL,PSD,CABACEIRAS DO PARAGUACU,DENTRO,827,0.48,0.0,0.0
DIEGO CORONEL,PSD,IBOTIRAMA,DENTRO,738,0.43,0.0,0.0
DIEGO CORONEL,PSD,IRAMAIA,DENTRO,721,0.42,0.0,0.0
DIEGO CORONEL,PSD,MUCUGE,DENTRO,705,0.41,0.0,0.0
DIEGO CORONEL,PSD,GUANAMBI,DENTRO,702,0.41,0.0,0.0
DIEGO CORONEL,PSD,CORDEIROS,DENTRO,640,0.37,0.0,0.0
DIEGO CORONEL,PSD,ABAIRA,DENTRO,631,0.37,0.0,0.0
DIEGO CORONEL,PSD,IRARA,DENTRO,626,0.36,0.0,0.0
DIEGO CORONEL,PSD,FEIRA DE SANTANA,DENTRO,616,0.36,0.0,0.0
DIEGO CORONEL,PSD,RIO DO PIRES,DENTRO,573,0.33,0.0,0.0
DIEGO CORONEL,PSD,MAIRI,DENTRO,572,0.33,0.0,0.0
DIEGO CORONEL,PSD,ESPLANADA,DENTRO,566,0.33,0.0,0.0
DIEGO CORONEL,PSD,ANDARAI,DENTRO,553,0.32,0.0,0.0
DIEGO CORONEL,PSD,CAMPO ALEGRE DE LOURDES,DENTRO,546,0.32,0.0,0.0
DIEGO CORONEL,PSD,CONCEICAO DO JACUIPE,DENTRO,539,0.31,0.0,0.0
DIEGO CORONEL,PSD,CASA NOVA,DENTRO,469,0.27,0.0,0.0
DIEGO CORONEL,PSD,PIATA,DENTRO,463,0.27,0.0,0.0
DIEGO CORONEL,PSD,CONDEUBA,DENTRO,446,0.26,0.0,0.0
DIEGO CORONEL,PSD,ANDORINHA,DENTRO,431,0.25,0.0,0.0
DIEGO CORONEL,PSD,SAO FELIPE,DENTRO,400,0.23,0.0,0.0
DIEGO CORONEL,PSD,ITAETE,DENTRO,396,0.23,0.0,0.0
DIEGO CORONEL,PSD,MONTE SANTO,DENTRO,392,0.23,0.0,0.0
DIEGO CORONEL,PSD,MARCIONILIO SOUZA,DENTRO,382,0.22,0.0,0.0
DIEGO CORONEL,PSD,SAUBARA,DENTRO,376,0.22,0.0,0.0
DIEGO CORONEL,PSD,ANTAS,DENTRO,376,0.22,0.0,0.0
DIEGO CORONEL,PSD,NOVA SOURE,DENTRO,375,0.22,0.0,0.0
DIEGO CORONEL,PSD,NOVA IBIA,DENTRO,372,0.22,0.0,0.0
DIEGO CORONEL,PSD,CAFARNAUM,DENTRO,369,0.21,0.0,0.0
DIEGO CORONEL,PSD,JAGUARARI,DENTRO,326,0.19,0.0,0.0
DIEGO CORONEL,PSD,PALMAS DE MONTE ALTO,DENTRO,321,0.19,0.0,0.0
DIEGO CORONEL,PSD,CONCEICAO DO COITE,DENTRO,309,0.18,0.0,0.0
DIEGO CORONEL,PSD,RIBEIRAO DO LARGO,DENTRO,280,0.16,0.0,0.0
DIEGO CORONEL,PSD,MADRE DE DEUS,DENTRO,272,0.16,0.0,0.0
DIEGO CORONEL,PSD,CRUZ DAS ALMAS,DENTRO,244,0.14,0.0,0.0
DIEGO CORONEL,PSD,APUAREMA,DENTRO,243,0.14,0.0,0.0
DIEGO CORONEL,PSD,UAUA,DENTRO,243,0.14,0.0,0.0
DIEGO CORONEL,PSD,CAMACARI,DENTRO,211,0.12,0.0,0.0
DIEGO CORONEL,PSD,CACHOEIRA,DENTRO,207,0.12,0.0,0.0
DIEGO CORONEL,PSD,IPIRA,DENTRO,206,0.12,0.0,0.0
DIEGO CORONEL,PSD,ILHEUS,DENTRO,205,0.12,0.0,0.0
DIEGO CORONEL,PSD,CANSANCAO,DENTRO,199,0.12,0.0,0.0
DIEGO CORONEL,PSD,SOBRADINHO,DENTRO,189,0.11,0.0,0.0
DIEGO CORONEL,PSD,TANQUE NOVO,DENTRO,185,0.11,0.0,0.0
DIEGO CORONEL,PSD,PARATINGA,DENTRO,174,0.10,0.0,0.0
DIEGO CORONEL,PSD,ADUSTINA,DENTRO,174,0.10,0.0,0.0
DIEGO CORONEL,PSD,ITAPICURU,DENTRO,173,0.10,0.0,0.0
DIEGO CORONEL,PSD,LAURO DE FREITAS,DENTRO,165,0.10,0.0,0.0
DIEGO CORONEL,PSD,SANTANA,DENTRO,165,0.10,0.0,0.0
DIEGO CORONEL,PSD,PARAMIRIM,DENTRO,157,0.09,0.0,0.0
DIEGO CORONEL,PSD,MACAUBAS,DENTRO,148,0.09,0.0,0.0
DIEGO CORONEL,PSD,ARACI,DENTRO,140,0.08,0.0,0.0
DIEGO CORONEL,PSD,CANDIDO SALES,DENTRO,139,0.08,0.0,0.0
DIEGO CORONEL,PSD,GANDU,DENTRO,138,0.08,0.0,0.0
DIEGO CORONEL,PSD,ITAGUACU DA BAHIA,DENTRO,137,0.08,0.0,0.0
DIEGO CORONEL,PSD,QUEIMADAS,DENTRO,123,0.07,0.0,0.0
DIEGO CORONEL,PSD,SANTALUZ,DENTRO,123,0.07,0.0,0.0
DIEGO CORONEL,PSD,SANTA BARBARA,DENTRO,121,0.07,0.0,0.0
DIEGO CORONEL,PSD,QUIXABEIRA,DENTRO,120,0.07,0.0,0.0
DIEGO CORONEL,PSD,JACOBINA,DENTRO,116,0.07,0.0,0.0
DIEGO CORONEL,PSD,SENHOR DO BONFIM,DENTRO,115,0.07,0.0,0.0
DIEGO CORONEL,PSD,CANDEIAS,DENTRO,115,0.07,0.0,0.0
DIEGO CORONEL,PSD,MORRO DO CHAPEU,DENTRO,114,0.07,0.0,0.0
DIEGO CORONEL,PSD,SANTO AMARO,DENTRO,113,0.07,0.0,0.0
DIEGO CORONEL,PSD,JITAUNA,DENTRO,103,0.06,0.0,0.0
DIEGO CORONEL,PSD,OLIVEIRA DOS BREJINHOS,DENTRO,101,0.06,0.0,0.0
DIEGO CORONEL,PSD,JEQUIE,DENTRO,100,0.06,0.0,0.0
DIEGO CORONEL,PSD,LUIS EDUARDO MAGALHAES,DENTRO,99,0.06,0.0,0.0
DIEGO CORONEL,PSD,CAPIM GROSSO,DENTRO,96,0.06,0.0,0.0
DIEGO CORONEL,PSD,RIO REAL,DENTRO,93,0.05,0.0,0.0
DIEGO CORONEL,PSD,JUSSIAPE,DENTRO,90,0.05,0.0,0.0
DIEGO CORONEL,PSD,UBAIRA,DENTRO,85,0.05,0.0,0.0
DIEGO CORONEL,PSD,TEODORO SAMPAIO,DENTRO,85,0.05,0.0,0.0
DIEGO CORONEL,PSD,JAGUAQUARA,DENTRO,85,0.05,0.0,0.0
DIEGO CORONEL,PSD,MARAU,DENTRO,82,0.05,0.0,0.0
DIEGO CORONEL,PSD,BARROCAS,DENTRO,81,0.05,0.0,0.0
DIEGO CORONEL,PSD,ALAGOINHAS,DENTRO,81,0.05,0.0,0.0
DIEGO CORONEL,PSD,UBATA,DENTRO,80,0.05,0.0,0.0
DIEGO CORONEL,PSD,BOM JESUS DA LAPA,DENTRO,80,0.05,0.0,0.0
DIEGO CORONEL,PSD,BONITO,DENTRO,79,0.05,0.0,0.0
DIEGO CORONEL,PSD,SERRA DOURADA,DENTRO,77,0.04,0.0,0.0
DIEGO CORONEL,PSD,ITUACU,DENTRO,76,0.04,0.0,0.0
DIEGO CORONEL,PSD,SERROLANDIA,DENTRO,76,0.04,0.0,0.0
DIEGO CORONEL,PSD,CAETITE,DENTRO,74,0.04,0.0,0.0
DIEGO CORONEL,PSD,MURITIBA,DENTRO,73,0.04,0.0,0.0
DIEGO CORONEL,PSD,BURITIRAMA,DENTRO,72,0.04,0.0,0.0
DIEGO CORONEL,PSD,PORTO SEGURO,DENTRO,71,0.04,0.0,0.0
DIEGO CORONEL,PSD,NAZARE,DENTRO,70,0.04,0.0,0.0
DIEGO CORONEL,PSD,MAIQUINIQUE,DENTRO,69,0.04,0.0,0.0
DIEGO CORONEL,PSD,TUCANO,DENTRO,66,0.04,0.0,0.0
DIEGO CORONEL,PSD,OLINDINA,DENTRO,66,0.04,0.0,0.0
DIEGO CORONEL,PSD,BARRO ALTO,DENTRO,65,0.04,0.0,0.0
DIEGO CORONEL,PSD,TEIXEIRA DE FREITAS,DENTRO,65,0.04,0.0,0.0
DIEGO CORONEL,PSD,ITANHEM,DENTRO,64,0.04,0.0,0.0
DIEGO CORONEL,PSD,AMERICA DOURADA,DENTRO,63,0.04,0.0,0.0
DIEGO CORONEL,PSD,RETIROLANDIA,DENTRO,63,0.04,0.0,0.0
DIEGO CORONEL,PSD,DIAS D AVILA,DENTRO,62,0.04,0.0,0.0
DIEGO CORONEL,PSD,CARAIBAS,DENTRO,61,0.04,0.0,0.0
DIEGO CORONEL,PSD,CAETANOS,DENTRO,61,0.04,0.0,0.0
DIEGO CORONEL,PSD,SERRINHA,DENTRO,56,0.03,0.0,0.0
DIEGO CORONEL,PSD,INHAMBUPE,DENTRO,55,0.03,0.0,0.0
DIEGO CORONEL,PSD,BARREIRAS,DENTRO,53,0.03,0.0,0.0
DIEGO CORONEL,PSD,MACARANI,DENTRO,53,0.03,0.0,0.0
DIEGO CORONEL,PSD,SITIO DO QUINTO,DENTRO,52,0.03,0.0,0.0
DIEGO CORONEL,PSD,JEREMOABO,DENTRO,52,0.03,0.0,0.0
DIEGO CORONEL,PSD,CARAVELAS,DENTRO,50,0.03,0.0,0.0
DIEGO CORONEL,PSD,RIBEIRA DO AMPARO,DENTRO,50,0.03,0.0,0.0
DIEGO CORONEL,PSD,CORONEL JOAO SA,DENTRO,50,0.03,0.0,0.0
DIEGO CORONEL,PSD,ARACAS,DENTRO,49,0.03,0.0,0.0
DIEGO CORONEL,PSD,REMANSO,DENTRO,48,0.03,0.0,0.0
DIEGO CORONEL,PSD,SEABRA,DENTRO,48,0.03,0.0,0.0
DIEGO CORONEL,PSD,CAEM,DENTRO,47,0.03,0.0,0.0
DIEGO CORONEL,PSD,BROTAS DE MACAUBAS,DENTRO,47,0.03,0.0,0.0
DIEGO CORONEL,PSD,BIRITINGA,DENTRO,45,0.03,0.0,0.0
DIEGO CORONEL,PSD,CARINHANHA,DENTRO,43,0.03,0.0,0.0
DIEGO CORONEL,PSD,POCOES,DENTRO,43,0.03,0.0,0.0
DIEGO CORONEL,PSD,MUCURI,DENTRO,42,0.02,0.0,0.0
DIEGO CORONEL,PSD,UIBAI,DENTRO,42,0.02,0.0,0.0
DIEGO CORONEL,PSD,AGUA FRIA,DENTRO,42,0.02,0.0,0.0
DIEGO CORONEL,PSD,CAPELA DO ALTO ALEGRE,DENTRO,42,0.02,0.0,0.0
DIEGO CORONEL,PSD,WENCESLAU GUIMARAES,DENTRO,42,0.02,0.0,0.0
DIEGO CORONEL,PSD,SANTO ANTONIO DE JESUS,DENTRO,40,0.02,0.0,0.0
DIEGO CORONEL,PSD,BAIXA GRANDE,DENTRO,40,0.02,0.0,0.0
DIEGO CORONEL,PSD,ICHU,DENTRO,39,0.02,0.0,0.0
DIEGO CORONEL,PSD,AMELIA RODRIGUES,DENTRO,38,0.02,0.0,0.0
DIEGO CORONEL,PSD,NORDESTINA,DENTRO,38,0.02,0.0,0.0
DIEGO CORONEL,PSD,CANDEAL,DENTRO,38,0.02,0.0,0.0
DIEGO CORONEL,PSD,SAPEACU,DENTRO,38,0.02,0.0,0.0
DIEGO CORONEL,PSD,SIMOES FILHO,DENTRO,37,0.02,0.0,0.0
DIEGO CORONEL,PSD,VERA CRUZ,DENTRO,37,0.02,0.0,0.0
DIEGO CORONEL,PSD,SANTO ESTEVAO,DENTRO,37,0.02,0.0,0.0
DIEGO CORONEL,PSD,JANDAIRA,DENTRO,36,0.02,0.0,0.0
DIEGO CORONEL,PSD,FATIMA,DENTRO,35,0.02,0.0,0.0
DIEGO CORONEL,PSD,IBIASSUCE,DENTRO,35,0.02,0.0,0.0
DIEGO CORONEL,PSD,MORPARA,DENTRO,35,0.02,0.0,0.0
DIEGO CORONEL,PSD,CAMAMU,DENTRO,35,0.02,0.0,0.0
DIEGO CORONEL,PSD,IGRAPIUNA,DENTRO,34,0.02,0.0,0.0
DIEGO CORONEL,PSD,CRISOPOLIS,DENTRO,33,0.02,0.0,0.0
DIEGO CORONEL,PSD,ARAMARI,DENTRO,33,0.02,0.0,0.0
DIEGO CORONEL,PSD,IPIAU,DENTRO,32,0.02,0.0,0.0
DIEGO CORONEL,PSD,CASTRO ALVES,DENTRO,31,0.02,0.0,0.0
DIEGO CORONEL,PSD,POJUCA,DENTRO,31,0.02,0.0,0.0
DIEGO CORONEL,PSD,VALENTE,DENTRO,30,0.02,0.0,0.0
DIEGO CORONEL,PSD,LAJE,DENTRO,30,0.02,0.0,0.0
DIEGO CORONEL,PSD,APORA,DENTRO,30,0.02,0.0,0.0
DIEGO CORONEL,PSD,NOVA FATIMA,DENTRO,30,0.02,0.0,0.0
DIEGO CORONEL,PSD,PARIPIRANGA,DENTRO,29,0.02,0.0,0.0
DIEGO CORONEL,PSD,IGUAI,DENTRO,29,0.02,0.0,0.0
DIEGO CORONEL,PSD,GUAJERU,DENTRO,28,0.02,0.0,0.0
DIEGO CORONEL,PSD,CAMPO FORMOSO,DENTRO,27,0.02,0.0,0.0
DIEGO CORONEL,PSD,MARACAS,DENTRO,27,0.02,0.0,0.0
DIEGO CORONEL,PSD,JAGUARIPE,DENTRO,26,0.02,0.0,0.0
DIEGO CORONEL,PSD,CHORROCHO,DENTRO,26,0.02,0.0,0.0
DIEGO CORONEL,PSD,CONTENDAS DO SINCORA,DENTRO,26,0.02,0.0,0.0
DIEGO CORONEL,PSD,MIGUEL CALMON,DENTRO,26,0.02,0.0,0.0
DIEGO CORONEL,PSD,ENTRE RIOS,DENTRO,26,0.02,0.0,0.0
DIEGO CORONEL,PSD,QUIJINGUE,DENTRO,26,0.02,0.0,0.0
DIEGO CORONEL,PSD,ITABUNA,DENTRO,25,0.01,0.0,0.0
DIEGO CORONEL,PSD,ITAPETINGA,DENTRO,25,0.01,0.0,0.0
DIEGO CORONEL,PSD,SOUTO SOARES,DENTRO,25,0.01,0.0,0.0
DIEGO CORONEL,PSD,SATIRO DIAS,DENTRO,25,0.01,0.0,0.0
DIEGO CORONEL,PSD,LAMARAO,DENTRO,24,0.01,0.0,0.0
DIEGO CORONEL,PSD,SAO JOSE DO JACUIPE,DENTRO,24,0.01,0.0,0.0
DIEGO CORONEL,PSD,SAO SEBASTIAO DO PASSE,DENTRO,24,0.01,0.0,0.0
DIEGO CORONEL,PSD,BOA NOVA,DENTRO,23,0.01,0.0,0.0
DIEGO CORONEL,PSD,SAO FELIX DO CORIBE,DENTRO,23,0.01,0.0,0.0
DIEGO CORONEL,PSD,ANTONIO GONCALVES,DENTRO,22,0.01,0.0,0.0
DIEGO CORONEL,PSD,IUIU,DENTRO,22,0.01,0.0,0.0
DIEGO CORONEL,PSD,CONCEICAO DO ALMEIDA,DENTRO,21,0.01,0.0,0.0
DIEGO CORONEL,PSD,EUCLIDES DA CUNHA,DENTRO,20,0.01,0.0,0.0
DIEGO CORONEL,PSD,ARACATU,DENTRO,20,0.01,0.0,0.0
DIEGO CORONEL,PSD,TANHACU,DENTRO,20,0.01,0.0,0.0
DIEGO CORONEL,PSD,UBAITABA,DENTRO,20,0.01,0.0,0.0
DIEGO CORONEL,PSD,TERRA NOVA,DENTRO,20,0.01,0.0,0.0
DIEGO CORONEL,PSD,SANTA MARIA DA VITORIA,DENTRO,20,0.01,0.0,0.0
DIEGO CORONEL,PSD,SITIO DO MATO,DENTRO,19,0.01,0.0,0.0
DIEGO CORONEL,PSD,SAO FRANCISCO DO CONDE,DENTRO,19,0.01,0.0,0.0
DIEGO CORONEL,PSD,CANUDOS,DENTRO,19,0.01,0.0,0.0
DIEGO CORONEL,PSD,IBIRATAIA,DENTRO,18,0.01,0.0,0.0
DIEGO CORONEL,PSD,BOTUPORA,DENTRO,18,0.01,0.0,0.0
DIEGO CORONEL,PSD,NOVA VICOSA,DENTRO,18,0.01,0.0,0.0
DIEGO CORONEL,PSD,MORTUGABA,DENTRO,18,0.01,0.0,0.0
DIEGO CORONEL,PSD,MANSIDAO,DENTRO,18,0.01,0.0,0.0
DIEGO CORONEL,PSD,DOM BASILIO,DENTRO,18,0.01,0.0,0.0
DIEGO CORONEL,PSD,EUNAPOLIS,DENTRO,18,0.01,0.0,0.0
DIEGO CORONEL,PSD,CONDE,DENTRO,18,0.01,0.0,0.0
DIEGO CORONEL,PSD,PRESIDENTE TANCREDO NEVES,DENTRO,17,0.01,0.0,0.0
DIEGO CORONEL,PSD,ITAMARI,DENTRO,17,0.01,0.0,0.0
DIEGO CORONEL,PSD,MUTUIPE,DENTRO,17,0.01,0.0,0.0
DIEGO CORONEL,PSD,MANOEL VITORINO,DENTRO,17,0.01,0.0,0.0
DIEGO CORONEL,PSD,ITABERABA,DENTRO,17,0.01,0.0,0.0
DIEGO CORONEL,PSD,ANTONIO CARDOSO,DENTRO,17,0.01,0.0,0.0
DIEGO CORONEL,PSD,PAULO AFONSO,DENTRO,16,0.01,0.0,0.0
DIEGO CORONEL,PSD,SAO DOMINGOS,DENTRO,16,0.01,0.0,0.0
DIEGO CORONEL,PSD,CICERO DANTAS,DENTRO,16,0.01,0.0,0.0
DIEGO CORONEL,PSD,BELO CAMPO,DENTRO,15,0.01,0.0,0.0
DIEGO CORONEL,PSD,TEOFILANDIA,DENTRO,15,0.01,0.0,0.0
DIEGO CORONEL,PSD,GOVERNADOR MANGABEIRA,DENTRO,15,0.01,0.0,0.0
DIEGO CORONEL,PSD,GAVIAO,DENTRO,15,0.01,0.0,0.0
DIEGO CORONEL,PSD,BUERAREMA,DENTRO,14,0.01,0.0,0.0
DIEGO CORONEL,PSD,IBIRAPUA,DENTRO,14,0.01,0.0,0.0
DIEGO CORONEL,PSD,SALINAS DA MARGARIDA,DENTRO,14,0.01,0.0,0.0
DIEGO CORONEL,PSD,RIBEIRA DO POMBAL,DENTRO,14,0.01,0.0,0.0
DIEGO CORONEL,PSD,PINTADAS,DENTRO,13,0.01,0.0,0.0
DIEGO CORONEL,PSD,RIACHO DE SANTANA,DENTRO,13,0.01,0.0,0.0
DIEGO CORONEL,PSD,ITORORO,DENTRO,13,0.01,0.0,0.0
DIEGO CORONEL,PSD,UMBURANAS,DENTRO,13,0.01,0.0,0.0
DIEGO CORONEL,PSD,PEDRO ALEXANDRE,DENTRO,13,0.01,0.0,0.0
DIEGO CORONEL,PSD,RUY BARBOSA,DENTRO,13,0.01,0.0,0.0
DIEGO CORONEL,PSD,ITAMBE,DENTRO,12,0.01,0.0,0.0
DIEGO CORONEL,PSD,MUQUEM DO SAO FRANCISCO,DENTRO,12,0.01,0.0,0.0
DIEGO CORONEL,PSD,IBIPITANGA,DENTRO,12,0.01,0.0,0.0
DIEGO CORONEL,PSD,RAFAEL JAMBEIRO,DENTRO,12,0.01,0.0,0.0
DIEGO CORONEL,PSD,BOQUIRA,DENTRO,12,0.01,0.0,0.0
DIEGO CORONEL,PSD,SANTA TEREZINHA,DENTRO,11,0.01,0.0,0.0
DIEGO CORONEL,PSD,ITAPEBI,DENTRO,11,0.01,0.0,0.0
DIEGO CORONEL,PSD,IRAQUARA,DENTRO,11,0.01,0.0,0.0
DIEGO CORONEL,PSD,PIRIPA,DENTRO,11,0.01,0.0,0.0
DIEGO CORONEL,PSD,ABARE,DENTRO,11,0.01,0.0,0.0
DIEGO CORONEL,PSD,BOM JESUS DA SERRA,DENTRO,11,0.01,0.0,0.0
DIEGO CORONEL,PSD,URUCUCA,DENTRO,10,0.01,0.0,0.0
DIEGO CORONEL,PSD,AIQUARA,DENTRO,10,0.01,0.0,0.0
DIEGO CORONEL,PSD,VARZEDO,DENTRO,10,0.01,0.0,0.0
DIEGO CORONEL,PSD,VALENCA,DENTRO,10,0.01,0.0,0.0
DIEGO CORONEL,PSD,CATU,DENTRO,10,0.01,0.0,0.0
DIEGO CORONEL,PSD,JIQUIRICA,DENTRO,9,0.01,0.0,0.0
DIEGO CORONEL,PSD,RIACHAO DAS NEVES,DENTRO,9,0.01,0.0,0.0
DIEGO CORONEL,PSD,BARRA DO CHOCA,DENTRO,9,0.01,0.0,0.0
DIEGO CORONEL,PSD,CRISTOPOLIS,DENTRO,9,0.01,0.0,0.0
DIEGO CORONEL,PSD,ITAPARICA,DENTRO,9,0.01,0.0,0.0
DIEGO CORONEL,PSD,BREJOES,DENTRO,9,0.01,0.0,0.0
DIEGO CORONEL,PSD,PE DE SERRA,DENTRO,9,0.01,0.0,0.0
DIEGO CORONEL,PSD,CAIRU,DENTRO,9,0.01,0.0,0.0
DIEGO CORONEL,PSD,MALHADA DE PEDRAS,DENTRO,9,0.01,0.0,0.0
DIEGO CORONEL,PSD,MEDEIROS NETO,DENTRO,9,0.01,0.0,0.0
DIEGO CORONEL,PSD,IBITIARA,DENTRO,8,0.00,0.0,0.0
DIEGO CORONEL,PSD,ITIRUCU,DENTRO,8,0.00,0.0,0.0
DIEGO CORONEL,PSD,VARZEA NOVA,DENTRO,8,0.00,0.0,0.0
DIEGO CORONEL,PSD,UTINGA,DENTRO,8,0.00,0.0,0.0
DIEGO CORONEL,PSD,IACU,DENTRO,8,0.00,0.0,0.0
DIEGO CORONEL,PSD,IGAPORA,DENTRO,8,0.00,0.0,0.0
DIEGO CORONEL,PSD,RIO DO ANTONIO,DENTRO,8,0.00,0.0,0.0
DIEGO CORONEL,PSD,SERRA PRETA,DENTRO,8,0.00,0.0,0.0
DIEGO CORONEL,PSD,ANGUERA,DENTRO,8,0.00,0.0,0.0
DIEGO CORONEL,PSD,SAO MIGUEL DAS MATAS,DENTRO,8,0.00,0.0,0.0
DIEGO CORONEL,PSD,OUROLANDIA,DENTRO,8,0.00,0.0,0.0
DIEGO CORONEL,PSD,MILAGRES,DENTRO,7,0.00,0.0,0.0
DIEGO CORONEL,PSD,BOA VISTA DO TUPIM,DENTRO,7,0.00,0.0,0.0
DIEGO CORONEL,PSD,PINDAI,DENTRO,7,0.00,0.0,0.0
DIEGO CORONEL,PSD,NOVA REDENCAO,DENTRO,7,0.00,0.0,0.0
DIEGO CORONEL,PSD,PIRAI DO NORTE,DENTRO,7,0.00,0.0,0.0
DIEGO CORONEL,PSD,AURELINO LEAL,DENTRO,7,0.00,0.0,0.0
DIEGO CORONEL,PSD,AMARGOSA,DENTRO,7,0.00,0.0,0.0
DIEGO CORONEL,PSD,ITACARE,DENTRO,7,0.00,0.0,0.0
DIEGO CORONEL,PSD,MUNIZ FERREIRA,DENTRO,7,0.00,0.0,0.0
DIEGO CORONEL,PSD,SAO DESIDERIO,DENTRO,6,0.00,0.0,0.0
DIEGO CORONEL,PSD,ITABELA,DENTRO,6,0.00,0.0,0.0
DIEGO CORONEL,PSD,ITANAGRA,DENTRO,6,0.00,0.0,0.0
DIEGO CORONEL,PSD,PIRITIBA,DENTRO,6,0.00,0.0,0.0
DIEGO CORONEL,PSD,ERICO CARDOSO,DENTRO,6,0.00,0.0,0.0
DIEGO CORONEL,PSD,SEBASTIAO LARANJEIRAS,DENTRO,5,0.00,0.0,0.0
DIEGO CORONEL,PSD,LENCOIS,DENTRO,5,0.00,0.0,0.0
DIEGO CORONEL,PSD,GONGOGI,DENTRO,5,0.00,0.0,0.0
DIEGO CORONEL,PSD,URANDI,DENTRO,5,0.00,0.0,0.0
DIEGO CORONEL,PSD,TANQUINHO,DENTRO,5,0.00,0.0,0.0
DIEGO CORONEL,PSD,VARZEA DA ROCA,DENTRO,5,0.00,0.0,0.0
DIEGO CORONEL,PSD,MUNDO NOVO,DENTRO,5,0.00,0.0,0.0
DIEGO CORONEL,PSD,VARZEA DO POCO,DENTRO,5,0.00,0.0,0.0
DIEGO CORONEL,PSD,NOVA CANAA,DENTRO,5,0.00,0.0,0.0
DIEGO CORONEL,PSD,NOVO HORIZONTE,DENTRO,5,0.00,0.0,0.0
DIEGO CORONEL,PSD,PLANALTO,DENTRO,5,0.00,0.0,0.0
DIEGO CORONEL,PSD,IRAJUBA,DENTRO,5,0.00,0.0,0.0
DIEGO CORONEL,PSD,DARIO MEIRA,DENTRO,5,0.00,0.0,0.0
DIEGO CORONEL,PSD,BARRA DO ROCHA,DENTRO,4,0.00,0.0,0.0
DIEGO CORONEL,PSD,SANTA CRUZ CABRALIA,DENTRO,4,0.00,0.0,0.0
DIEGO CORONEL,PSD,COTEGIPE,DENTRO,4,0.00,0.0,0.0
DIEGO CORONEL,PSD,MATINA,DENTRO,4,0.00,0.0,0.0
DIEGO CORONEL,PSD,UNA,DENTRO,4,0.00,0.0,0.0
DIEGO CORONEL,PSD,IBIQUERA,DENTRO,4,0.00,0.0,0.0
DIEGO CORONEL,PSD,TEOLANDIA,DENTRO,4,0.00,0.0,0.0
DIEGO CORONEL,PSD,ITAGI,DENTRO,4,0.00,0.0,0.0
DIEGO CORONEL,PSD,TAPIRAMUTA,DENTRO,4,0.00,0.0,0.0
DIEGO CORONEL,PSD,ARATACA,DENTRO,4,0.00,0.0,0.0
DIEGO CORONEL,PSD,GUARATINGA,DENTRO,3,0.00,0.0,0.0
DIEGO CORONEL,PSD,PLANALTINO,DENTRO,3,0.00,0.0,0.0
DIEGO CORONEL,PSD,BAIANOPOLIS,DENTRO,3,0.00,0.0,0.0
DIEGO CORONEL,PSD,MACURURE,DENTRO,3,0.00,0.0,0.0
DIEGO CORONEL,PSD,CARDEAL DA SILVA,DENTRO,3,0.00,0.0,0.0
DIEGO CORONEL,PSD,BARRO PRETO,DENTRO,3,0.00,0.0,0.0
DIEGO CORONEL,PSD,CANAVIEIRAS,DENTRO,3,0.00,0.0,0.0
DIEGO CORONEL,PSD,WAGNER,DENTRO,3,0.00,0.0,0.0
DIEGO CORONEL,PSD,CORRENTINA,DENTRO,3,0.00,0.0,0.0
DIEGO CORONEL,PSD,CANDIBA,DENTRO,3,0.00,0.0,0.0
DIEGO CORONEL,PSD,RODELAS,DENTRO,3,0.00,0.0,0.0
DIEGO CORONEL,PSD,NOVA ITARANA,DENTRO,3,0.00,0.0,0.0
DIEGO CORONEL,PSD,PRESIDENTE JANIO QUADROS,DENTRO,3,0.00,0.0,0.0
DIEGO CORONEL,PSD,BREJOLANDIA,DENTRO,3,0.00,0.0,0.0
DIEGO CORONEL,PSD,ALCOBACA,DENTRO,3,0.00,0.0,0.0
DIEGO CORONEL,PSD,MAETINGA,DENTRO,2,0.00,0.0,0.0
DIEGO CORONEL,PSD,TAPEROA,DENTRO,2,0.00,0.0,0.0
DIEGO CORONEL,PSD,LAGOA REAL,DENTRO,2,0.00,0.0,0.0
DIEGO CORONEL,PSD,SANTA RITA DE CASSIA,DENTRO,2,0.00,0.0,0.0
DIEGO CORONEL,PSD,FORMOSA DO RIO PRETO,DENTRO,2,0.00,0.0,0.0
DIEGO CORONEL,PSD,ARATUIPE,DENTRO,2,0.00,0.0,0.0
DIEGO CORONEL,PSD,MASCOTE,DENTRO,2,0.00,0.0,0.0
DIEGO CORONEL,PSD,TABOCAS DO BREJO VELHO,DENTRO,2,0.00,0.0,0.0
DIEGO CORONEL,PSD,SANTA LUZIA,DENTRO,2,0.00,0.0,0.0
DIEGO CORONEL,PSD,ITARANTIM,DENTRO,2,0.00,0.0,0.0
DIEGO CORONEL,PSD,MALHADA,DENTRO,2,0.00,0.0,0.0
DIEGO CORONEL,PSD,PRADO,DENTRO,2,0.00,0.0,0.0
DIEGO CORONEL,PSD,DOM MACEDO COSTA,DENTRO,2,0.00,0.0,0.0
DIEGO CORONEL,PSD,PALMEIRAS,DENTRO,2,0.00,0.0,0.0
DIEGO CORONEL,PSD,GLORIA,DENTRO,2,0.00,0.0,0.0
DIEGO CORONEL,PSD,IPECAETA,DENTRO,2,0.00,0.0,0.0
DIEGO CORONEL,PSD,ITAJUIPE,DENTRO,2,0.00,0.0,0.0
DIEGO CORONEL,PSD,FIRMINO ALVES,DENTRO,2,0.00,0.0,0.0
DIEGO CORONEL,PSD,BANZAE,DENTRO,2,0.00,0.0,0.0
DIEGO CORONEL,PSD,MACAJUBA,DENTRO,2,0.00,0.0,0.0
DIEGO CORONEL,PSD,ITAQUARA,DENTRO,2,0.00,0.0,0.0
DIEGO CORONEL,PSD,ITATIM,DENTRO,1,0.00,0.0,0.0
DIEGO CORONEL,PSD,COCOS,DENTRO,1,0.00,0.0,0.0
DIEGO CORONEL,PSD,ITAMARAJU,DENTRO,1,0.00,0.0,0.0
DIEGO CORONEL,PSD,SANTA CRUZ DA VITORIA,DENTRO,1,0.00,0.0,0.0
DIEGO CORONEL,PSD,CANAPOLIS,DENTRO,1,0.00,0.0,0.0
DIEGO CORONEL,PSD,LAJEDINHO,DENTRO,1,0.00,0.0,0.0
DIEGO CORONEL,PSD,SANTA INES,DENTRO,1,0.00,0.0,0.0
DIEGO CORONEL,PSD,ELISIO MEDRADO,DENTRO,1,0.00,0.0,0.0
DIEGO CORONEL,PSD,ITAGIBA,DENTRO,1,0.00,0.0,0.0
DIEGO CORONEL,PSD,SANTA BRIGIDA,DENTRO,1,0.00,0.0,0.0
DIEGO CORONEL,PSD,NOVO TRIUNFO,DENTRO,1,0.00,0.0,0.0
DIEGO CORONEL,PSD,ITAPITANGA,DENTRO,1,0.00,0.0,0.0
DIEGO CORONEL,PSD,JABORANDI,DENTRO,1,0.00,0.0,0.0
DIEGO CORONEL,PSD,FEIRA DA MATA,DENTRO,1,0.00,0.0,0.0
DIEGO CORONEL,PSD,NILO PECANHA,DENTRO,1,0.00,0.0,0.0
DIEGO CORONEL,PSD,CRAVOLANDIA,DENTRO,1,0.00,0.0,0.0
DIEGO CORONEL,PSD,BELMONTE,DENTRO,1,0.00,0.0,0.0
DIEGO CORONEL,PSD,WANDERLEY,DENTRO,1,0.00,0.0,0.0
DIEGO CORONEL,PSD,IBICUI,DENTRO,1,0.00,0.0,0.0
DIEGO CORONEL,PSD,COARACI,DENTRO,1,0.00,0.0,0.0
DIEGO CORONEL,PSD,VEREDA,DENTRO,0,0.00,0.0,0.0
DIEGO CORONEL,PSD,LAJEDO DO TABOCAL,DENTRO,0,0.00,0.0,0.0
DIEGO CORONEL,PSD,CORIBE,DENTRO,0,0.00,0.0,0.0
DIEGO CORONEL,PSD,FLORESTA AZUL,DENTRO,0,0.00,0.0,0.0
DIEGO CORONEL,PSD,ALMADINA,DENTRO,0,0.00,0.0,0.0
DIEGO CORONEL,PSD,HELIOPOLIS,DENTRO,0,0.00,0.0,0.0
DIEGO CORONEL,PSD,ITUBERA,DENTRO,0,0.00,0.0,0.0
DIEGO CORONEL,PSD,JUCURUCU,DENTRO,0,0.00,0.0,0.0
DIEGO CORONEL,PSD,LAFAIETE COUTINHO,DENTRO,0,0.00,0.0,0.0
DIEGO CORONEL,PSD,JUSSARI,DENTRO,0,0.00,0.0,0.0
DIEGO CORONEL,PSD,PAU BRASIL,DENTRO,0,0.00,0.0,0.0
DIEGO CORONEL,PSD,ANGICAL,DENTRO,0,0.00,0.0,0.0
DIEGO CORONEL,PSD,CATOLANDIA,DENTRO,0,0.00,0.0,0.0
DIEGO CORONEL,PSD,ITAJU DO COLONIA,DENTRO,0,0.00,0.0,0.0
DIEGO CORONEL,PSD,SAO JOSE DA VITORIA,DENTRO,0,0.00,0.0,0.0
DIEGO CORONEL,PSD,CAATIBA,DENTRO,0,0.00,0.0,0.0
DIEGO CORONEL,PSD,CAMACA,DENTRO,0,0.00,0.0,0.0
DIEGO CORONEL,PSD,IBICARAI,DENTRO,0,0.00,0.0,0.0
DIEGO CORONEL,PSD,POTIRAGUA,DENTRO,0,0.00,0.0,0.0
DIEGO CORONEL,PSD,ITAPE,DENTRO,0,0.00,0.0,0.0
DIEGO CORONEL,PSD,ITAGIMIRIM,DENTRO,0,0.00,0.0,0.0
DIEGO CORONEL,PSD,MULTIPLO,AMPLO,0,0,117717061.36,92.7
DIEGO CORONEL,PSD,SEM INFORMACAO,AMPLO,0,0,9266284.4,7.3
ANTONIO BRITO,PSD,JEQUIE,DENTRO,26079,15.77,0.0,0.0
ANTONIO BRITO,PSD,SALVADOR,DENTRO,25058,15.15,0.0,0.0
ANTONIO BRITO,PSD,ITAPETINGA,DENTRO,6576,3.98,0.0,0.0
ANTONIO BRITO,PSD,MIGUEL CALMON,DENTRO,4799,2.90,0.0,0.0
ANTONIO BRITO,PSD,CAMPO FORMOSO,DENTRO,4563,2.76,0.0,0.0
ANTONIO BRITO,PSD,IBICUI,DENTRO,4130,2.50,0.0,0.0
ANTONIO BRITO,PSD,AMERICA DOURADA,DENTRO,3731,2.26,0.0,0.0
ANTONIO BRITO,PSD,NAZARE,DENTRO,3490,2.11,0.0,0.0
ANTONIO BRITO,PSD,JAGUARIPE,DENTRO,3309,2.00,0.0,0.0
ANTONIO BRITO,PSD,JACOBINA,DENTRO,3082,1.86,0.0,0.0
ANTONIO BRITO,PSD,POCOES,DENTRO,2675,1.62,0.0,0.0
ANTONIO BRITO,PSD,SAPEACU,DENTRO,2669,1.61,0.0,0.0
ANTONIO BRITO,PSD,MANOEL VITORINO,DENTRO,2544,1.54,0.0,0.0
ANTONIO BRITO,PSD,JAGUAQUARA,DENTRO,2500,1.51,0.0,0.0
ANTONIO BRITO,PSD,MUNIZ FERREIRA,DENTRO,2370,1.43,0.0,0.0
ANTONIO BRITO,PSD,PALMEIRAS,DENTRO,2347,1.42,0.0,0.0
ANTONIO BRITO,PSD,CANDIDO SALES,DENTRO,2241,1.36,0.0,0.0
ANTONIO BRITO,PSD,SANTO ANTONIO DE JESUS,DENTRO,2089,1.26,0.0,0.0
ANTONIO BRITO,PSD,MARACAS,DENTRO,2068,1.25,0.0,0.0
ANTONIO BRITO,PSD,ANTONIO GONCALVES,DENTRO,2024,1.22,0.0,0.0
ANTONIO BRITO,PSD,ITAPICURU,DENTRO,1890,1.14,0.0,0.0
ANTONIO BRITO,PSD,RIBEIRA DO POMBAL,DENTRO,1742,1.05,0.0,0.0
ANTONIO BRITO,PSD,SANTO AMARO,DENTRO,1692,1.02,0.0,0.0
ANTONIO BRITO,PSD,IBICARAI,DENTRO,1578,0.95,0.0,0.0
ANTONIO BRITO,PSD,CAMACA,DENTRO,1576,0.95,0.0,0.0
ANTONIO BRITO,PSD,SANTA CRUZ DA VITORIA,DENTRO,1566,0.95,0.0,0.0
ANTONIO BRITO,PSD,AMELIA RODRIGUES,DENTRO,1553,0.94,0.0,0.0
ANTONIO BRITO,PSD,ITAPARICA,DENTRO,1528,0.92,0.0,0.0
ANTONIO BRITO,PSD,VERA CRUZ,DENTRO,1448,0.88,0.0,0.0
ANTONIO BRITO,PSD,BOM JESUS DA SERRA,DENTRO,1448,0.88,0.0,0.0
ANTONIO BRITO,PSD,SANTA LUZIA,DENTRO,1442,0.87,0.0,0.0
ANTONIO BRITO,PSD,BOA NOVA,DENTRO,1393,0.84,0.0,0.0
ANTONIO BRITO,PSD,IGUAI,DENTRO,1255,0.76,0.0,0.0
ANTONIO BRITO,PSD,ITAMBE,DENTRO,1193,0.72,0.0,0.0
ANTONIO BRITO,PSD,OLINDINA,DENTRO,1146,0.69,0.0,0.0
ANTONIO BRITO,PSD,VITORIA DA CONQUISTA,DENTRO,981,0.59,0.0,0.0
ANTONIO BRITO,PSD,MARAGOGIPE,DENTRO,951,0.58,0.0,0.0
ANTONIO BRITO,PSD,XIQUE-XIQUE,DENTRO,900,0.54,0.0,0.0
ANTONIO BRITO,PSD,ITAGIBA,DENTRO,897,0.54,0.0,0.0
ANTONIO BRITO,PSD,JITAUNA,DENTRO,876,0.53,0.0,0.0
ANTONIO BRITO,PSD,ARATUIPE,DENTRO,868,0.52,0.0,0.0
ANTONIO BRITO,PSD,FEIRA DE SANTANA,DENTRO,865,0.52,0.0,0.0
ANTONIO BRITO,PSD,POTIRAGUA,DENTRO,864,0.52,0.0,0.0
ANTONIO BRITO,PSD,LAJEDO DO TABOCAL,DENTRO,853,0.52,0.0,0.0
ANTONIO BRITO,PSD,ILHEUS,DENTRO,832,0.50,0.0,0.0
ANTONIO BRITO,PSD,ITIRUCU,DENTRO,802,0.48,0.0,0.0
ANTONIO BRITO,PSD,ITAQUARA,DENTRO,780,0.47,0.0,0.0
ANTONIO BRITO,PSD,CIPO,DENTRO,778,0.47,0.0,0.0
ANTONIO BRITO,PSD,LAFAIETE COUTINHO,DENTRO,749,0.45,0.0,0.0
ANTONIO BRITO,PSD,SERRINHA,DENTRO,692,0.42,0.0,0.0
ANTONIO BRITO,PSD,NOVA SOURE,DENTRO,682,0.41,0.0,0.0
ANTONIO BRITO,PSD,ITABUNA,DENTRO,674,0.41,0.0,0.0
ANTONIO BRITO,PSD,MURITIBA,DENTRO,671,0.41,0.0,0.0
ANTONIO BRITO,PSD,ITAGI,DENTRO,662,0.40,0.0,0.0
ANTONIO BRITO,PSD,ITAMARI,DENTRO,641,0.39,0.0,0.0
ANTONIO BRITO,PSD,FLORESTA AZUL,DENTRO,605,0.37,0.0,0.0
ANTONIO BRITO,PSD,JUAZEIRO,DENTRO,588,0.36,0.0,0.0
ANTONIO BRITO,PSD,AIQUARA,DENTRO,587,0.35,0.0,0.0
ANTONIO BRITO,PSD,IRECE,DENTRO,580,0.35,0.0,0.0
ANTONIO BRITO,PSD,PLANALTO,DENTRO,546,0.33,0.0,0.0
ANTONIO BRITO,PSD,UIBAI,DENTRO,539,0.33,0.0,0.0
ANTONIO BRITO,PSD,CONCEICAO DO JACUIPE,DENTRO,508,0.31,0.0,0.0
ANTONIO BRITO,PSD,CRUZ DAS ALMAS,DENTRO,505,0.31,0.0,0.0
ANTONIO BRITO,PSD,CONTENDAS DO SINCORA,DENTRO,498,0.30,0.0,0.0
ANTONIO BRITO,PSD,MACARANI,DENTRO,442,0.27,0.0,0.0
ANTONIO BRITO,PSD,IBIRATAIA,DENTRO,439,0.27,0.0,0.0
ANTONIO BRITO,PSD,SEABRA,DENTRO,425,0.26,0.0,0.0
ANTONIO BRITO,PSD,APUAREMA,DENTRO,400,0.24,0.0,0.0
ANTONIO BRITO,PSD,GENTIO DO OURO,DENTRO,372,0.22,0.0,0.0
ANTONIO BRITO,PSD,ITORORO,DENTRO,358,0.22,0.0,0.0
ANTONIO BRITO,PSD,LAURO DE FREITAS,DENTRO,358,0.22,0.0,0.0
ANTONIO BRITO,PSD,FIRMINO ALVES,DENTRO,352,0.21,0.0,0.0
ANTONIO BRITO,PSD,DARIO MEIRA,DENTRO,349,0.21,0.0,0.0
ANTONIO BRITO,PSD,BREJOES,DENTRO,342,0.21,0.0,0.0
ANTONIO BRITO,PSD,FATIMA,DENTRO,337,0.20,0.0,0.0
ANTONIO BRITO,PSD,TEODORO SAMPAIO,DENTRO,327,0.20,0.0,0.0
ANTONIO BRITO,PSD,PE DE SERRA,DENTRO,299,0.18,0.0,0.0
ANTONIO BRITO,PSD,SALINAS DA MARGARIDA,DENTRO,295,0.18,0.0,0.0
ANTONIO BRITO,PSD,SIMOES FILHO,DENTRO,281,0.17,0.0,0.0
ANTONIO BRITO,PSD,IPIAU,DENTRO,279,0.17,0.0,0.0
ANTONIO BRITO,PSD,CAMACARI,DENTRO,257,0.16,0.0,0.0
ANTONIO BRITO,PSD,SAO SEBASTIAO DO PASSE,DENTRO,252,0.15,0.0,0.0
ANTONIO BRITO,PSD,MAIQUINIQUE,DENTRO,245,0.15,0.0,0.0
ANTONIO BRITO,PSD,WENCESLAU GUIMARAES,DENTRO,228,0.14,0.0,0.0
ANTONIO BRITO,PSD,MASCOTE,DENTRO,221,0.13,0.0,0.0
ANTONIO BRITO,PSD,IRAJUBA,DENTRO,220,0.13,0.0,0.0
ANTONIO BRITO,PSD,VALENCA,DENTRO,206,0.12,0.0,0.0
ANTONIO BRITO,PSD,IBITITA,DENTRO,191,0.12,0.0,0.0
ANTONIO BRITO,PSD,SENHOR DO BONFIM,DENTRO,182,0.11,0.0,0.0
ANTONIO BRITO,PSD,CACHOEIRA,DENTRO,179,0.11,0.0,0.0
ANTONIO BRITO,PSD,PRESIDENTE TANCREDO NEVES,DENTRO,175,0.11,0.0,0.0
ANTONIO BRITO,PSD,ITARANTIM,DENTRO,164,0.10,0.0,0.0
ANTONIO BRITO,PSD,JOAO DOURADO,DENTRO,139,0.08,0.0,0.0
ANTONIO BRITO,PSD,SAUDE,DENTRO,132,0.08,0.0,0.0
ANTONIO BRITO,PSD,RIO REAL,DENTRO,130,0.08,0.0,0.0
ANTONIO BRITO,PSD,SENTO SE,DENTRO,123,0.07,0.0,0.0
ANTONIO BRITO,PSD,SANTO ESTEVAO,DENTRO,118,0.07,0.0,0.0
ANTONIO BRITO,PSD,MORRO DO CHAPEU,DENTRO,110,0.07,0.0,0.0
ANTONIO BRITO,PSD,IBIRAPITANGA,DENTRO,107,0.06,0.0,0.0
ANTONIO BRITO,PSD,BARRA DO MENDES,DENTRO,101,0.06,0.0,0.0
ANTONIO BRITO,PSD,LAJE,DENTRO,98,0.06,0.0,0.0
ANTONIO BRITO,PSD,CICERO DANTAS,DENTRO,89,0.05,0.0,0.0
ANTONIO BRITO,PSD,CASTRO ALVES,DENTRO,84,0.05,0.0,0.0
ANTONIO BRITO,PSD,DIAS D AVILA,DENTRO,83,0.05,0.0,0.0
ANTONIO BRITO,PSD,PORTO SEGURO,DENTRO,81,0.05,0.0,0.0
ANTONIO BRITO,PSD,FILADELFIA,DENTRO,81,0.05,0.0,0.0
ANTONIO BRITO,PSD,CORRENTINA,DENTRO,79,0.05,0.0,0.0
ANTONIO BRITO,PSD,ALAGOINHAS,DENTRO,78,0.05,0.0,0.0
ANTONIO BRITO,PSD,IRAMAIA,DENTRO,75,0.05,0.0,0.0
ANTONIO BRITO,PSD,JAGUARARI,DENTRO,74,0.04,0.0,0.0
ANTONIO BRITO,PSD,SAO GABRIEL,DENTRO,74,0.04,0.0,0.0
ANTONIO BRITO,PSD,UBAITABA,DENTRO,73,0.04,0.0,0.0
ANTONIO BRITO,PSD,CONCEICAO DO ALMEIDA,DENTRO,69,0.04,0.0,0.0
ANTONIO BRITO,PSD,CONDE,DENTRO,67,0.04,0.0,0.0
ANTONIO BRITO,PSD,GANDU,DENTRO,66,0.04,0.0,0.0
ANTONIO BRITO,PSD,CANDEIAS,DENTRO,65,0.04,0.0,0.0
ANTONIO BRITO,PSD,MIRANGABA,DENTRO,59,0.04,0.0,0.0
ANTONIO BRITO,PSD,SAO FELIX,DENTRO,58,0.04,0.0,0.0
ANTONIO BRITO,PSD,CORACAO DE MARIA,DENTRO,56,0.03,0.0,0.0
ANTONIO BRITO,PSD,SAO FELIPE,DENTRO,54,0.03,0.0,0.0
ANTONIO BRITO,PSD,CAMAMU,DENTRO,54,0.03,0.0,0.0
ANTONIO BRITO,PSD,LUIS EDUARDO MAGALHAES,DENTRO,53,0.03,0.0,0.0
ANTONIO BRITO,PSD,CAIRU,DENTRO,53,0.03,0.0,0.0
ANTONIO BRITO,PSD,PINDOBACU,DENTRO,49,0.03,0.0,0.0
ANTONIO BRITO,PSD,SANTA BARBARA,DENTRO,49,0.03,0.0,0.0
ANTONIO BRITO,PSD,CABACEIRAS DO PARAGUACU,DENTRO,47,0.03,0.0,0.0
ANTONIO BRITO,PSD,SAO GONCALO DOS CAMPOS,DENTRO,46,0.03,0.0,0.0
ANTONIO BRITO,PSD,BARRA DA ESTIVA,DENTRO,44,0.03,0.0,0.0
ANTONIO BRITO,PSD,SAO FRANCISCO DO CONDE,DENTRO,44,0.03,0.0,0.0
ANTONIO BRITO,PSD,PRESIDENTE DUTRA,DENTRO,44,0.03,0.0,0.0
ANTONIO BRITO,PSD,BARROCAS,DENTRO,43,0.03,0.0,0.0
ANTONIO BRITO,PSD,CANAVIEIRAS,DENTRO,42,0.03,0.0,0.0
ANTONIO BRITO,PSD,MIRANTE,DENTRO,42,0.03,0.0,0.0
ANTONIO BRITO,PSD,RIACHAO DO JACUIPE,DENTRO,41,0.02,0.0,0.0
ANTONIO BRITO,PSD,UMBURANAS,DENTRO,41,0.02,0.0,0.0
ANTONIO BRITO,PSD,MATA DE SAO JOAO,DENTRO,41,0.02,0.0,0.0
ANTONIO BRITO,PSD,PIATA,DENTRO,39,0.02,0.0,0.0
ANTONIO BRITO,PSD,ITIUBA,DENTRO,37,0.02,0.0,0.0
ANTONIO BRITO,PSD,UBATA,DENTRO,35,0.02,0.0,0.0
ANTONIO BRITO,PSD,SAUBARA,DENTRO,34,0.02,0.0,0.0
ANTONIO BRITO,PSD,TERRA NOVA,DENTRO,34,0.02,0.0,0.0
ANTONIO BRITO,PSD,IRAQUARA,DENTRO,34,0.02,0.0,0.0
ANTONIO BRITO,PSD,BARREIRAS,DENTRO,33,0.02,0.0,0.0
ANTONIO BRITO,PSD,ENCRUZILHADA,DENTRO,33,0.02,0.0,0.0
ANTONIO BRITO,PSD,POJUCA,DENTRO,33,0.02,0.0,0.0
ANTONIO BRITO,PSD,RIBEIRA DO AMPARO,DENTRO,32,0.02,0.0,0.0
ANTONIO BRITO,PSD,PRADO,DENTRO,32,0.02,0.0,0.0
ANTONIO BRITO,PSD,LAPAO,DENTRO,31,0.02,0.0,0.0
ANTONIO BRITO,PSD,MUCUGE,DENTRO,31,0.02,0.0,0.0
ANTONIO BRITO,PSD,EUNAPOLIS,DENTRO,29,0.02,0.0,0.0
ANTONIO BRITO,PSD,ANDORINHA,DENTRO,28,0.02,0.0,0.0
ANTONIO BRITO,PSD,NOVA CANAA,DENTRO,27,0.02,0.0,0.0
ANTONIO BRITO,PSD,RIBEIRAO DO LARGO,DENTRO,27,0.02,0.0,0.0
ANTONIO BRITO,PSD,PIRITIBA,DENTRO,27,0.02,0.0,0.0
ANTONIO BRITO,PSD,PEDRAO,DENTRO,25,0.02,0.0,0.0
ANTONIO BRITO,PSD,TUCANO,DENTRO,24,0.01,0.0,0.0
ANTONIO BRITO,PSD,TANHACU,DENTRO,24,0.01,0.0,0.0
ANTONIO BRITO,PSD,BARRA,DENTRO,24,0.01,0.0,0.0
ANTONIO BRITO,PSD,NOVA IBIA,DENTRO,22,0.01,0.0,0.0
ANTONIO BRITO,PSD,TEOFILANDIA,DENTRO,22,0.01,0.0,0.0
ANTONIO BRITO,PSD,ITABERABA,DENTRO,22,0.01,0.0,0.0
ANTONIO BRITO,PSD,CONCEICAO DO COITE,DENTRO,21,0.01,0.0,0.0
ANTONIO BRITO,PSD,UNA,DENTRO,21,0.01,0.0,0.0
ANTONIO BRITO,PSD,AMARGOSA,DENTRO,21,0.01,0.0,0.0
ANTONIO BRITO,PSD,ITAJU DO COLONIA,DENTRO,21,0.01,0.0,0.0
ANTONIO BRITO,PSD,IRARA,DENTRO,21,0.01,0.0,0.0
ANTONIO BRITO,PSD,ITAGUACU DA BAHIA,DENTRO,20,0.01,0.0,0.0
ANTONIO BRITO,PSD,BARRA DO CHOCA,DENTRO,20,0.01,0.0,0.0
ANTONIO BRITO,PSD,HELIOPOLIS,DENTRO,20,0.01,0.0,0.0
ANTONIO BRITO,PSD,ENTRE RIOS,DENTRO,20,0.01,0.0,0.0
ANTONIO BRITO,PSD,BANZAE,DENTRO,20,0.01,0.0,0.0
ANTONIO BRITO,PSD,LAMARAO,DENTRO,19,0.01,0.0,0.0
ANTONIO BRITO,PSD,OUROLANDIA,DENTRO,19,0.01,0.0,0.0
ANTONIO BRITO,PSD,PAULO AFONSO,DENTRO,18,0.01,0.0,0.0
ANTONIO BRITO,PSD,TAPEROA,DENTRO,18,0.01,0.0,0.0
ANTONIO BRITO,PSD,EUCLIDES DA CUNHA,DENTRO,18,0.01,0.0,0.0
ANTONIO BRITO,PSD,CRISOPOLIS,DENTRO,18,0.01,0.0,0.0
ANTONIO BRITO,PSD,NILO PECANHA,DENTRO,18,0.01,0.0,0.0
ANTONIO BRITO,PSD,ITAPE,DENTRO,18,0.01,0.0,0.0
ANTONIO BRITO,PSD,TEOLANDIA,DENTRO,17,0.01,0.0,0.0
ANTONIO BRITO,PSD,AURELINO LEAL,DENTRO,17,0.01,0.0,0.0
ANTONIO BRITO,PSD,CAATIBA,DENTRO,17,0.01,0.0,0.0
ANTONIO BRITO,PSD,SERROLANDIA,DENTRO,17,0.01,0.0,0.0
ANTONIO BRITO,PSD,NOVA ITARANA,DENTRO,17,0.01,0.0,0.0
ANTONIO BRITO,PSD,ESPLANADA,DENTRO,17,0.01,0.0,0.0
ANTONIO BRITO,PSD,BRUMADO,DENTRO,16,0.01,0.0,0.0
ANTONIO BRITO,PSD,URUCUCA,DENTRO,16,0.01,0.0,0.0
ANTONIO BRITO,PSD,SANTANOPOLIS,DENTRO,16,0.01,0.0,0.0
ANTONIO BRITO,PSD,RAFAEL JAMBEIRO,DENTRO,16,0.01,0.0,0.0
ANTONIO BRITO,PSD,GOVERNADOR MANGABEIRA,DENTRO,16,0.01,0.0,0.0
ANTONIO BRITO,PSD,MUTUIPE,DENTRO,16,0.01,0.0,0.0
ANTONIO BRITO,PSD,VARZEA NOVA,DENTRO,15,0.01,0.0,0.0
ANTONIO BRITO,PSD,CENTRAL,DENTRO,15,0.01,0.0,0.0
ANTONIO BRITO,PSD,VARZEA DA ROCA,DENTRO,15,0.01,0.0,0.0
ANTONIO BRITO,PSD,IGAPORA,DENTRO,15,0.01,0.0,0.0
ANTONIO BRITO,PSD,ITUBERA,DENTRO,15,0.01,0.0,0.0
ANTONIO BRITO,PSD,BOQUIRA,DENTRO,15,0.01,0.0,0.0
ANTONIO BRITO,PSD,SERRA PRETA,DENTRO,15,0.01,0.0,0.0
ANTONIO BRITO,PSD,VARZEDO,DENTRO,15,0.01,0.0,0.0
ANTONIO BRITO,PSD,DOM MACEDO COSTA,DENTRO,15,0.01,0.0,0.0
ANTONIO BRITO,PSD,CAPIM GROSSO,DENTRO,15,0.01,0.0,0.0
ANTONIO BRITO,PSD,TEIXEIRA DE FREITAS,DENTRO,14,0.01,0.0,0.0
ANTONIO BRITO,PSD,VALENTE,DENTRO,14,0.01,0.0,0.0
ANTONIO BRITO,PSD,ANTAS,DENTRO,14,0.01,0.0,0.0
ANTONIO BRITO,PSD,TREMEDAL,DENTRO,14,0.01,0.0,0.0
ANTONIO BRITO,PSD,GUANAMBI,DENTRO,14,0.01,0.0,0.0
ANTONIO BRITO,PSD,COARACI,DENTRO,14,0.01,0.0,0.0
ANTONIO BRITO,PSD,QUIXABEIRA,DENTRO,13,0.01,0.0,0.0
ANTONIO BRITO,PSD,CAEM,DENTRO,13,0.01,0.0,0.0
ANTONIO BRITO,PSD,PIRAI DO NORTE,DENTRO,13,0.01,0.0,0.0
ANTONIO BRITO,PSD,JUSSARA,DENTRO,13,0.01,0.0,0.0
ANTONIO BRITO,PSD,PLANALTINO,DENTRO,12,0.01,0.0,0.0
ANTONIO BRITO,PSD,UBAIRA,DENTRO,12,0.01,0.0,0.0
ANTONIO BRITO,PSD,SANTA INES,DENTRO,12,0.01,0.0,0.0
ANTONIO BRITO,PSD,SANTA TEREZINHA,DENTRO,12,0.01,0.0,0.0
ANTONIO BRITO,PSD,CALDEIRAO GRANDE,DENTRO,12,0.01,0.0,0.0
ANTONIO BRITO,PSD,ITUACU,DENTRO,12,0.01,0.0,0.0
ANTONIO BRITO,PSD,CONCEICAO DA FEIRA,DENTRO,12,0.01,0.0,0.0
ANTONIO BRITO,PSD,SOUTO SOARES,DENTRO,11,0.01,0.0,0.0
ANTONIO BRITO,PSD,PAU BRASIL,DENTRO,11,0.01,0.0,0.0
ANTONIO BRITO,PSD,CURACA,DENTRO,11,0.01,0.0,0.0
ANTONIO BRITO,PSD,CRAVOLANDIA,DENTRO,11,0.01,0.0,0.0
ANTONIO BRITO,PSD,SANTA CRUZ CABRALIA,DENTRO,10,0.01,0.0,0.0
ANTONIO BRITO,PSD,IPIRA,DENTRO,10,0.01,0.0,0.0
ANTONIO BRITO,PSD,TANQUINHO,DENTRO,10,0.01,0.0,0.0
ANTONIO BRITO,PSD,ARATACA,DENTRO,10,0.01,0.0,0.0
ANTONIO BRITO,PSD,IPECAETA,DENTRO,10,0.01,0.0,0.0
ANTONIO BRITO,PSD,CATU,DENTRO,10,0.01,0.0,0.0
ANTONIO BRITO,PSD,BELO CAMPO,DENTRO,9,0.01,0.0,0.0
ANTONIO BRITO,PSD,MARAU,DENTRO,9,0.01,0.0,0.0
ANTONIO BRITO,PSD,ANAGE,DENTRO,9,0.01,0.0,0.0
ANTONIO BRITO,PSD,CAETITE,DENTRO,9,0.01,0.0,0.0
ANTONIO BRITO,PSD,SATIRO DIAS,DENTRO,9,0.01,0.0,0.0
ANTONIO BRITO,PSD,JUSSIAPE,DENTRO,9,0.01,0.0,0.0
ANTONIO BRITO,PSD,JEREMOABO,DENTRO,9,0.01,0.0,0.0
ANTONIO BRITO,PSD,INHAMBUPE,DENTRO,8,0.00,0.0,0.0
ANTONIO BRITO,PSD,IBIPEBA,DENTRO,8,0.00,0.0,0.0
ANTONIO BRITO,PSD,BUERAREMA,DENTRO,8,0.00,0.0,0.0
ANTONIO BRITO,PSD,ITAPEBI,DENTRO,8,0.00,0.0,0.0
ANTONIO BRITO,PSD,BOM JESUS DA LAPA,DENTRO,8,0.00,0.0,0.0
ANTONIO BRITO,PSD,PARIPIRANGA,DENTRO,8,0.00,0.0,0.0
ANTONIO BRITO,PSD,ARACI,DENTRO,8,0.00,0.0,0.0
ANTONIO BRITO,PSD,PARAMIRIM,DENTRO,8,0.00,0.0,0.0
ANTONIO BRITO,PSD,SAO MIGUEL DAS MATAS,DENTRO,8,0.00,0.0,0.0
ANTONIO BRITO,PSD,ITACARE,DENTRO,8,0.00,0.0,0.0
ANTONIO BRITO,PSD,JIQUIRICA,DENTRO,7,0.00,0.0,0.0
ANTONIO BRITO,PSD,MILAGRES,DENTRO,7,0.00,0.0,0.0
ANTONIO BRITO,PSD,OURICANGAS,DENTRO,7,0.00,0.0,0.0
ANTONIO BRITO,PSD,CAPELA DO ALTO ALEGRE,DENTRO,7,0.00,0.0,0.0
ANTONIO BRITO,PSD,BARRO PRETO,DENTRO,7,0.00,0.0,0.0
ANTONIO BRITO,PSD,MARCIONILIO SOUZA,DENTRO,7,0.00,0.0,0.0
ANTONIO BRITO,PSD,APORA,DENTRO,7,0.00,0.0,0.0
ANTONIO BRITO,PSD,RUY BARBOSA,DENTRO,7,0.00,0.0,0.0
ANTONIO BRITO,PSD,ARACAS,DENTRO,7,0.00,0.0,0.0
ANTONIO BRITO,PSD,BELMONTE,DENTRO,7,0.00,0.0,0.0
ANTONIO BRITO,PSD,ANTONIO CARDOSO,DENTRO,7,0.00,0.0,0.0
ANTONIO BRITO,PSD,ADUSTINA,DENTRO,7,0.00,0.0,0.0
ANTONIO BRITO,PSD,MUQUEM DO SAO FRANCISCO,DENTRO,6,0.00,0.0,0.0
ANTONIO BRITO,PSD,ITATIM,DENTRO,6,0.00,0.0,0.0
ANTONIO BRITO,PSD,CANSANCAO,DENTRO,6,0.00,0.0,0.0
ANTONIO BRITO,PSD,ITAMARAJU,DENTRO,6,0.00,0.0,0.0
ANTONIO BRITO,PSD,REMANSO,DENTRO,6,0.00,0.0,0.0
ANTONIO BRITO,PSD,MUNDO NOVO,DENTRO,6,0.00,0.0,0.0
ANTONIO BRITO,PSD,UAUA,DENTRO,6,0.00,0.0,0.0
ANTONIO BRITO,PSD,CANARANA,DENTRO,6,0.00,0.0,0.0
ANTONIO BRITO,PSD,MEDEIROS NETO,DENTRO,6,0.00,0.0,0.0
ANTONIO BRITO,PSD,ARAMARI,DENTRO,6,0.00,0.0,0.0
ANTONIO BRITO,PSD,CAFARNAUM,DENTRO,6,0.00,0.0,0.0
ANTONIO BRITO,PSD,BARRA DO ROCHA,DENTRO,5,0.00,0.0,0.0
ANTONIO BRITO,PSD,IPUPIARA,DENTRO,5,0.00,0.0,0.0
ANTONIO BRITO,PSD,MAIRI,DENTRO,5,0.00,0.0,0.0
ANTONIO BRITO,PSD,URANDI,DENTRO,5,0.00,0.0,0.0
ANTONIO BRITO,PSD,SAO DOMINGOS,DENTRO,5,0.00,0.0,0.0
ANTONIO BRITO,PSD,MORTUGABA,DENTRO,5,0.00,0.0,0.0
ANTONIO BRITO,PSD,SANTA MARIA DA VITORIA,DENTRO,5,0.00,0.0,0.0
ANTONIO BRITO,PSD,SOBRADINHO,DENTRO,5,0.00,0.0,0.0
ANTONIO BRITO,PSD,ITAJUIPE,DENTRO,5,0.00,0.0,0.0
ANTONIO BRITO,PSD,QUIJINGUE,DENTRO,5,0.00,0.0,0.0
ANTONIO BRITO,PSD,ICHU,DENTRO,5,0.00,0.0,0.0
ANTONIO BRITO,PSD,BIRITINGA,DENTRO,5,0.00,0.0,0.0
ANTONIO BRITO,PSD,MUCURI,DENTRO,4,0.00,0.0,0.0
ANTONIO BRITO,PSD,BARRO ALTO,DENTRO,4,0.00,0.0,0.0
ANTONIO BRITO,PSD,UTINGA,DENTRO,4,0.00,0.0,0.0
ANTONIO BRITO,PSD,SAO JOSE DO JACUIPE,DENTRO,4,0.00,0.0,0.0
ANTONIO BRITO,PSD,ALMADINA,DENTRO,4,0.00,0.0,0.0
ANTONIO BRITO,PSD,MADRE DE DEUS,DENTRO,4,0.00,0.0,0.0
ANTONIO BRITO,PSD,ITAPITANGA,DENTRO,4,0.00,0.0,0.0
ANTONIO BRITO,PSD,IBICOARA,DENTRO,4,0.00,0.0,0.0
ANTONIO BRITO,PSD,CAETANOS,DENTRO,4,0.00,0.0,0.0
ANTONIO BRITO,PSD,RETIROLANDIA,DENTRO,4,0.00,0.0,0.0
ANTONIO BRITO,PSD,RIO DE CONTAS,DENTRO,4,0.00,0.0,0.0
ANTONIO BRITO,PSD,SAO DESIDERIO,DENTRO,3,0.00,0.0,0.0
ANTONIO BRITO,PSD,LENCOIS,DENTRO,3,0.00,0.0,0.0
ANTONIO BRITO,PSD,GONGOGI,DENTRO,3,0.00,0.0,0.0
ANTONIO BRITO,PSD,MACAUBAS,DENTRO,3,0.00,0.0,0.0
ANTONIO BRITO,PSD,OLIVEIRA DOS BREJINHOS,DENTRO,3,0.00,0.0,0.0
ANTONIO BRITO,PSD,CANUDOS,DENTRO,3,0.00,0.0,0.0
ANTONIO BRITO,PSD,LIVRAMENTO DE NOSSA SENHORA,DENTRO,3,0.00,0.0,0.0
ANTONIO BRITO,PSD,PARATINGA,DENTRO,3,0.00,0.0,0.0
ANTONIO BRITO,PSD,JANDAIRA,DENTRO,3,0.00,0.0,0.0
ANTONIO BRITO,PSD,CANDEAL,DENTRO,3,0.00,0.0,0.0
ANTONIO BRITO,PSD,QUEIMADAS,DENTRO,3,0.00,0.0,0.0
ANTONIO BRITO,PSD,FORMOSA DO RIO PRETO,DENTRO,3,0.00,0.0,0.0
ANTONIO BRITO,PSD,ITANAGRA,DENTRO,3,0.00,0.0,0.0
ANTONIO BRITO,PSD,ANGICAL,DENTRO,3,0.00,0.0,0.0
ANTONIO BRITO,PSD,WAGNER,DENTRO,3,0.00,0.0,0.0
ANTONIO BRITO,PSD,SANTALUZ,DENTRO,3,0.00,0.0,0.0
ANTONIO BRITO,PSD,WANDERLEY,DENTRO,3,0.00,0.0,0.0
ANTONIO BRITO,PSD,PALMAS DE MONTE ALTO,DENTRO,3,0.00,0.0,0.0
ANTONIO BRITO,PSD,IGRAPIUNA,DENTRO,3,0.00,0.0,0.0
ANTONIO BRITO,PSD,BONINAL,DENTRO,3,0.00,0.0,0.0
ANTONIO BRITO,PSD,GUARATINGA,DENTRO,2,0.00,0.0,0.0
ANTONIO BRITO,PSD,RIACHAO DAS NEVES,DENTRO,2,0.00,0.0,0.0
ANTONIO BRITO,PSD,AGUA FRIA,DENTRO,2,0.00,0.0,0.0
ANTONIO BRITO,PSD,ANDARAI,DENTRO,2,0.00,0.0,0.0
ANTONIO BRITO,PSD,COCOS,DENTRO,2,0.00,0.0,0.0
ANTONIO BRITO,PSD,ITABELA,DENTRO,2,0.00,0.0,0.0
ANTONIO BRITO,PSD,CASA NOVA,DENTRO,2,0.00,0.0,0.0
ANTONIO BRITO,PSD,NORDESTINA,DENTRO,2,0.00,0.0,0.0
ANTONIO BRITO,PSD,SANTA BRIGIDA,DENTRO,2,0.00,0.0,0.0
ANTONIO BRITO,PSD,MULUNGU DO MORRO,DENTRO,2,0.00,0.0,0.0
ANTONIO BRITO,PSD,BOA VISTA DO TUPIM,DENTRO,2,0.00,0.0,0.0
ANTONIO BRITO,PSD,VARZEA DO POCO,DENTRO,2,0.00,0.0,0.0
ANTONIO BRITO,PSD,BURITIRAMA,DENTRO,2,0.00,0.0,0.0
ANTONIO BRITO,PSD,ACAJUTIBA,DENTRO,2,0.00,0.0,0.0
ANTONIO BRITO,PSD,PONTO NOVO,DENTRO,2,0.00,0.0,0.0
ANTONIO BRITO,PSD,ANGUERA,DENTRO,2,0.00,0.0,0.0
ANTONIO BRITO,PSD,TAPIRAMUTA,DENTRO,2,0.00,0.0,0.0
ANTONIO BRITO,PSD,IBOTIRAMA,DENTRO,2,0.00,0.0,0.0
ANTONIO BRITO,PSD,PINTADAS,DENTRO,1,0.00,0.0,0.0
ANTONIO BRITO,PSD,SEBASTIAO LARANJEIRAS,DENTRO,1,0.00,0.0,0.0
ANTONIO BRITO,PSD,ITAETE,DENTRO,1,0.00,0.0,0.0
ANTONIO BRITO,PSD,LAJEDINHO,DENTRO,1,0.00,0.0,0.0
ANTONIO BRITO,PSD,ELISIO MEDRADO,DENTRO,1,0.00,0.0,0.0
ANTONIO BRITO,PSD,CARDEAL DA SILVA,DENTRO,1,0.00,0.0,0.0
ANTONIO BRITO,PSD,MONTE SANTO,DENTRO,1,0.00,0.0,0.0
ANTONIO BRITO,PSD,LICINIO DE ALMEIDA,DENTRO,1,0.00,0.0,0.0
ANTONIO BRITO,PSD,CACULE,DENTRO,1,0.00,0.0,0.0
ANTONIO BRITO,PSD,ARACATU,DENTRO,1,0.00,0.0,0.0
ANTONIO BRITO,PSD,IACU,DENTRO,1,0.00,0.0,0.0
ANTONIO BRITO,PSD,LAGOA REAL,DENTRO,1,0.00,0.0,0.0
ANTONIO BRITO,PSD,CRISTOPOLIS,DENTRO,1,0.00,0.0,0.0
ANTONIO BRITO,PSD,SANTA RITA DE CASSIA,DENTRO,1,0.00,0.0,0.0
ANTONIO BRITO,PSD,PINDAI,DENTRO,1,0.00,0.0,0.0
ANTONIO BRITO,PSD,NOVO TRIUNFO,DENTRO,1,0.00,0.0,0.0
ANTONIO BRITO,PSD,ABAIRA,DENTRO,1,0.00,0.0,0.0
ANTONIO BRITO,PSD,NOVO HORIZONTE,DENTRO,1,0.00,0.0,0.0
ANTONIO BRITO,PSD,BAIXA GRANDE,DENTRO,1,0.00,0.0,0.0
ANTONIO BRITO,PSD,TABOCAS DO BREJO VELHO,DENTRO,1,0.00,0.0,0.0
ANTONIO BRITO,PSD,NOVA REDENCAO,DENTRO,1,0.00,0.0,0.0
ANTONIO BRITO,PSD,LAJEDAO,DENTRO,1,0.00,0.0,0.0
ANTONIO BRITO,PSD,CARAIBAS,DENTRO,1,0.00,0.0,0.0
ANTONIO BRITO,PSD,JUSSARI,DENTRO,1,0.00,0.0,0.0
ANTONIO BRITO,PSD,SAO JOSE DA VITORIA,DENTRO,1,0.00,0.0,0.0
ANTONIO BRITO,PSD,CATURAMA,DENTRO,1,0.00,0.0,0.0
ANTONIO BRITO,PSD,JACARACI,DENTRO,1,0.00,0.0,0.0
ANTONIO BRITO,PSD,SANTANA,DENTRO,1,0.00,0.0,0.0
ANTONIO BRITO,PSD,BONITO,DENTRO,1,0.00,0.0,0.0
ANTONIO BRITO,PSD,PILAO ARCADO,DENTRO,1,0.00,0.0,0.0
ANTONIO BRITO,PSD,NOVA FATIMA,DENTRO,1,0.00,0.0,0.0
ANTONIO BRITO,PSD,GAVIAO,DENTRO,1,0.00,0.0,0.0
ANTONIO BRITO,PSD,MAETINGA,DENTRO,0,0.00,0.0,0.0
ANTONIO BRITO,PSD,SITIO DO MATO,DENTRO,0,0.00,0.0,0.0
ANTONIO BRITO,PSD,BAIANOPOLIS,DENTRO,0,0.00,0.0,0.0
ANTONIO BRITO,PSD,VEREDA,DENTRO,0,0.00,0.0,0.0
ANTONIO BRITO,PSD,IBITIARA,DENTRO,0,0.00,0.0,0.0
ANTONIO BRITO,PSD,BOTUPORA,DENTRO,0,0.00,0.0,0.0
ANTONIO BRITO,PSD,COTEGIPE,DENTRO,0,0.00,0.0,0.0
ANTONIO BRITO,PSD,MATINA,DENTRO,0,0.00,0.0,0.0
ANTONIO BRITO,PSD,CONDEUBA,DENTRO,0,0.00,0.0,0.0
ANTONIO BRITO,PSD,CANAPOLIS,DENTRO,0,0.00,0.0,0.0
ANTONIO BRITO,PSD,TANQUE NOVO,DENTRO,0,0.00,0.0,0.0
ANTONIO BRITO,PSD,CARINHANHA,DENTRO,0,0.00,0.0,0.0
ANTONIO BRITO,PSD,MACURURE,DENTRO,0,0.00,0.0,0.0
ANTONIO BRITO,PSD,RIACHO DE SANTANA,DENTRO,0,0.00,0.0,0.0
ANTONIO BRITO,PSD,CARAVELAS,DENTRO,0,0.00,0.0,0.0
ANTONIO BRITO,PSD,CORIBE,DENTRO,0,0.00,0.0,0.0
ANTONIO BRITO,PSD,CHORROCHO,DENTRO,0,0.00,0.0,0.0
ANTONIO BRITO,PSD,GUAJERU,DENTRO,0,0.00,0.0,0.0
ANTONIO BRITO,PSD,RIO DO ANTONIO,DENTRO,0,0.00,0.0,0.0
ANTONIO BRITO,PSD,SITIO DO QUINTO,DENTRO,0,0.00,0.0,0.0
ANTONIO BRITO,PSD,IBIQUERA,DENTRO,0,0.00,0.0,0.0
ANTONIO BRITO,PSD,IBIPITANGA,DENTRO,0,0.00,0.0,0.0
ANTONIO BRITO,PSD,JUCURUCU,DENTRO,0,0.00,0.0,0.0
ANTONIO BRITO,PSD,PEDRO ALEXANDRE,DENTRO,0,0.00,0.0,0.0
ANTONIO BRITO,PSD,NOVA VICOSA,DENTRO,0,0.00,0.0,0.0
ANTONIO BRITO,PSD,IBIRAPUA,DENTRO,0,0.00,0.0,0.0
ANTONIO BRITO,PSD,JABORANDI,DENTRO,0,0.00,0.0,0.0
ANTONIO BRITO,PSD,SAO FELIX DO CORIBE,DENTRO,0,0.00,0.0,0.0
ANTONIO BRITO,PSD,SERRA DOURADA,DENTRO,0,0.00,0.0,0.0
ANTONIO BRITO,PSD,ITANHEM,DENTRO,0,0.00,0.0,0.0
ANTONIO BRITO,PSD,FEIRA DA MATA,DENTRO,0,0.00,0.0,0.0
ANTONIO BRITO,PSD,MANSIDAO,DENTRO,0,0.00,0.0,0.0
ANTONIO BRITO,PSD,DOM BASILIO,DENTRO,0,0.00,0.0,0.0
ANTONIO BRITO,PSD,RIO DO PIRES,DENTRO,0,0.00,0.0,0.0
ANTONIO BRITO,PSD,CAMPO ALEGRE DE LOURDES,DENTRO,0,0.00,0.0,0.0
ANTONIO BRITO,PSD,MALHADA,DENTRO,0,0.00,0.0,0.0
ANTONIO BRITO,PSD,PIRIPA,DENTRO,0,0.00,0.0,0.0
ANTONIO BRITO,PSD,IUIU,DENTRO,0,0.00,0.0,0.0
ANTONIO BRITO,PSD,ERICO CARDOSO,DENTRO,0,0.00,0.0,0.0
ANTONIO BRITO,PSD,CATOLANDIA,DENTRO,0,0.00,0.0,0.0
ANTONIO BRITO,PSD,ABARE,DENTRO,0,0.00,0.0,0.0
ANTONIO BRITO,PSD,MORPARA,DENTRO,0,0.00,0.0,0.0
ANTONIO BRITO,PSD,SERRA DO RAMALHO,DENTRO,0,0.00,0.0,0.0
ANTONIO BRITO,PSD,MALHADA DE PEDRAS,DENTRO,0,0.00,0.0,0.0
ANTONIO BRITO,PSD,CANDIBA,DENTRO,0,0.00,0.0,0.0
ANTONIO BRITO,PSD,GLORIA,DENTRO,0,0.00,0.0,0.0
ANTONIO BRITO,PSD,BROTAS DE MACAUBAS,DENTRO,0,0.00,0.0,0.0
ANTONIO BRITO,PSD,RODELAS,DENTRO,0,0.00,0.0,0.0
ANTONIO BRITO,PSD,MACAJUBA,DENTRO,0,0.00,0.0,0.0
ANTONIO BRITO,PSD,PRESIDENTE JANIO QUADROS,DENTRO,0,0.00,0.0,0.0
ANTONIO BRITO,PSD,CORONEL JOAO SA,DENTRO,0,0.00,0.0,0.0
ANTONIO BRITO,PSD,ITAGIMIRIM,DENTRO,0,0.00,0.0,0.0
ANTONIO BRITO,PSD,CORDEIROS,DENTRO,0,0.00,0.0,0.0
ANTONIO BRITO,PSD,BREJOLANDIA,DENTRO,0,0.00,0.0,0.0
ANTONIO BRITO,PSD,ALCOBACA,DENTRO,0,0.00,0.0,0.0
ANTONIO BRITO,PSD,IBIASSUCE,DENTRO,0,0.00,0.0,0.0
ANTONIO BRITO,PSD,MULTIPLO,AMPLO,0,0,132333076.0,83.85
ANTONIO BRITO,PSD,SEM INFORMACAO,AMPLO,0,0,21781011.35,13.8
ANTONIO BRITO,PSD,JAGUARIPE (BAHIA),FORA,0,0,1074000.0,0.68
ANTONIO BRITO,PSD,ITAPETINGA (BAHIA),FORA,0,0,586500.0,0.37
ANTONIO BRITO,PSD,NAZARE (BAHIA),FORA,0,0,500000.0,0.32
ANTONIO BRITO,PSD,BOM JESUS DA SERRA (BAHIA),FORA,0,0,491209.0,0.31
ANTONIO BRITO,PSD,RODELAS (BAHIA),FORA,0,0,399974.0,0.25
ANTONIO BRITO,PSD,JITAUNA (BAHIA),FORA,0,0,399946.0,0.25
ANTONIO BRITO,PSD,SALVADOR (BAHIA),FORA,0,0,249999.66,0.16
NETO CARLETTO,PP,EUNAPOLIS,DENTRO,9328,5.67,0.0,0.0
NETO CARLETTO,PP,CORACAO DE MARIA,DENTRO,6575,3.99,0.0,0.0
NETO CARLETTO,PP,GANDU,DENTRO,6114,3.71,0.0,0.0
NETO CARLETTO,PP,SALVADOR,DENTRO,5524,3.35,0.0,0.0
NETO CARLETTO,PP,TAPEROA,DENTRO,4573,2.78,0.0,0.0
NETO CARLETTO,PP,TEOLANDIA,DENTRO,4500,2.73,0.0,0.0
NETO CARLETTO,PP,UAUA,DENTRO,4222,2.56,0.0,0.0
NETO CARLETTO,PP,IGAPORA,DENTRO,3997,2.43,0.0,0.0
NETO CARLETTO,PP,MUCURI,DENTRO,3874,2.35,0.0,0.0
NETO CARLETTO,PP,NOVA CANAA,DENTRO,3198,1.94,0.0,0.0
NETO CARLETTO,PP,MARAU,DENTRO,3160,1.92,0.0,0.0
NETO CARLETTO,PP,COARACI,DENTRO,3078,1.87,0.0,0.0
NETO CARLETTO,PP,FLORESTA AZUL,DENTRO,2796,1.70,0.0,0.0
NETO CARLETTO,PP,APORA,DENTRO,2554,1.55,0.0,0.0
NETO CARLETTO,PP,POTIRAGUA,DENTRO,2368,1.44,0.0,0.0
NETO CARLETTO,PP,ITACARE,DENTRO,2362,1.43,0.0,0.0
NETO CARLETTO,PP,ITORORO,DENTRO,2238,1.36,0.0,0.0
NETO CARLETTO,PP,ITAMARI,DENTRO,2207,1.34,0.0,0.0
NETO CARLETTO,PP,CANDEIAS,DENTRO,2202,1.34,0.0,0.0
NETO CARLETTO,PP,IGUAI,DENTRO,2124,1.29,0.0,0.0
NETO CARLETTO,PP,SANTA LUZIA,DENTRO,2112,1.28,0.0,0.0
NETO CARLETTO,PP,FEIRA DE SANTANA,DENTRO,2044,1.24,0.0,0.0
NETO CARLETTO,PP,MARCIONILIO SOUZA,DENTRO,2036,1.24,0.0,0.0
NETO CARLETTO,PP,ITAPITANGA,DENTRO,1881,1.14,0.0,0.0
NETO CARLETTO,PP,ITAPE,DENTRO,1803,1.10,0.0,0.0
NETO CARLETTO,PP,UBATA,DENTRO,1799,1.09,0.0,0.0
NETO CARLETTO,PP,JUAZEIRO,DENTRO,1777,1.08,0.0,0.0
NETO CARLETTO,PP,ITABELA,DENTRO,1755,1.07,0.0,0.0
NETO CARLETTO,PP,ITAMARAJU,DENTRO,1743,1.06,0.0,0.0
NETO CARLETTO,PP,PINDAI,DENTRO,1674,1.02,0.0,0.0
NETO CARLETTO,PP,VEREDA,DENTRO,1582,0.96,0.0,0.0
NETO CARLETTO,PP,IBITIARA,DENTRO,1550,0.94,0.0,0.0
NETO CARLETTO,PP,IBICARAI,DENTRO,1525,0.93,0.0,0.0
NETO CARLETTO,PP,BOM JESUS DA SERRA,DENTRO,1518,0.92,0.0,0.0
NETO CARLETTO,PP,ITARANTIM,DENTRO,1514,0.92,0.0,0.0
NETO CARLETTO,PP,CAPIM GROSSO,DENTRO,1497,0.91,0.0,0.0
NETO CARLETTO,PP,ITIUBA,DENTRO,1463,0.89,0.0,0.0
NETO CARLETTO,PP,CAMACARI,DENTRO,1463,0.89,0.0,0.0
NETO CARLETTO,PP,SENHOR DO BONFIM,DENTRO,1447,0.88,0.0,0.0
NETO CARLETTO,PP,IRAJUBA,DENTRO,1406,0.85,0.0,0.0
NETO CARLETTO,PP,JUSSIAPE,DENTRO,1373,0.83,0.0,0.0
NETO CARLETTO,PP,ITANHEM,DENTRO,1286,0.78,0.0,0.0
NETO CARLETTO,PP,SANTANOPOLIS,DENTRO,1284,0.78,0.0,0.0
NETO CARLETTO,PP,VITORIA DA CONQUISTA,DENTRO,1262,0.77,0.0,0.0
NETO CARLETTO,PP,CAETITE,DENTRO,1224,0.74,0.0,0.0
NETO CARLETTO,PP,BOA NOVA,DENTRO,1209,0.73,0.0,0.0
NETO CARLETTO,PP,PORTO SEGURO,DENTRO,1200,0.73,0.0,0.0
NETO CARLETTO,PP,GONGOGI,DENTRO,1182,0.72,0.0,0.0
NETO CARLETTO,PP,CENTRAL,DENTRO,1164,0.71,0.0,0.0
NETO CARLETTO,PP,TEIXEIRA DE FREITAS,DENTRO,1096,0.67,0.0,0.0
NETO CARLETTO,PP,WENCESLAU GUIMARAES,DENTRO,1005,0.61,0.0,0.0
NETO CARLETTO,PP,ITAPEBI,DENTRO,979,0.59,0.0,0.0
NETO CARLETTO,PP,INHAMBUPE,DENTRO,975,0.59,0.0,0.0
NETO CARLETTO,PP,ALCOBACA,DENTRO,953,0.58,0.0,0.0
NETO CARLETTO,PP,ITAGIBA,DENTRO,941,0.57,0.0,0.0
NETO CARLETTO,PP,ITAPETINGA,DENTRO,900,0.55,0.0,0.0
NETO CARLETTO,PP,NOVA REDENCAO,DENTRO,898,0.55,0.0,0.0
NETO CARLETTO,PP,UBAITABA,DENTRO,884,0.54,0.0,0.0
NETO CARLETTO,PP,CRUZ DAS ALMAS,DENTRO,837,0.51,0.0,0.0
NETO CARLETTO,PP,GUARATINGA,DENTRO,835,0.51,0.0,0.0
NETO CARLETTO,PP,CANAVIEIRAS,DENTRO,835,0.51,0.0,0.0
NETO CARLETTO,PP,ARATACA,DENTRO,820,0.50,0.0,0.0
NETO CARLETTO,PP,APUAREMA,DENTRO,817,0.50,0.0,0.0
NETO CARLETTO,PP,OLINDINA,DENTRO,809,0.49,0.0,0.0
NETO CARLETTO,PP,PARAMIRIM,DENTRO,791,0.48,0.0,0.0
NETO CARLETTO,PP,MONTE SANTO,DENTRO,763,0.46,0.0,0.0
NETO CARLETTO,PP,DOM MACEDO COSTA,DENTRO,745,0.45,0.0,0.0
NETO CARLETTO,PP,MAIQUINIQUE,DENTRO,707,0.43,0.0,0.0
NETO CARLETTO,PP,IBIRAPITANGA,DENTRO,697,0.42,0.0,0.0
NETO CARLETTO,PP,RETIROLANDIA,DENTRO,684,0.42,0.0,0.0
NETO CARLETTO,PP,SAO DOMINGOS,DENTRO,683,0.41,0.0,0.0
NETO CARLETTO,PP,CAMAMU,DENTRO,665,0.40,0.0,0.0
NETO CARLETTO,PP,ITABUNA,DENTRO,652,0.40,0.0,0.0
NETO CARLETTO,PP,SANTA CRUZ CABRALIA,DENTRO,639,0.39,0.0,0.0
NETO CARLETTO,PP,ILHEUS,DENTRO,632,0.38,0.0,0.0
NETO CARLETTO,PP,ALMADINA,DENTRO,613,0.37,0.0,0.0
NETO CARLETTO,PP,LIVRAMENTO DE NOSSA SENHORA,DENTRO,571,0.35,0.0,0.0
NETO CARLETTO,PP,MORTUGABA,DENTRO,568,0.34,0.0,0.0
NETO CARLETTO,PP,NOVA IBIA,DENTRO,514,0.31,0.0,0.0
NETO CARLETTO,PP,SAO GONCALO DOS CAMPOS,DENTRO,496,0.30,0.0,0.0
NETO CARLETTO,PP,BREJOES,DENTRO,475,0.29,0.0,0.0
NETO CARLETTO,PP,IPECAETA,DENTRO,462,0.28,0.0,0.0
NETO CARLETTO,PP,MALHADA DE PEDRAS,DENTRO,456,0.28,0.0,0.0
NETO CARLETTO,PP,IRARA,DENTRO,447,0.27,0.0,0.0
NETO CARLETTO,PP,BUERAREMA,DENTRO,437,0.27,0.0,0.0
NETO CARLETTO,PP,PAULO AFONSO,DENTRO,433,0.26,0.0,0.0
NETO CARLETTO,PP,JUCURUCU,DENTRO,428,0.26,0.0,0.0
NETO CARLETTO,PP,GLORIA,DENTRO,411,0.25,0.0,0.0
NETO CARLETTO,PP,LAJEDINHO,DENTRO,409,0.25,0.0,0.0
NETO CARLETTO,PP,BOQUIRA,DENTRO,398,0.24,0.0,0.0
NETO CARLETTO,PP,ITAPICURU,DENTRO,385,0.23,0.0,0.0
NETO CARLETTO,PP,PRADO,DENTRO,378,0.23,0.0,0.0
NETO CARLETTO,PP,RODELAS,DENTRO,368,0.22,0.0,0.0
NETO CARLETTO,PP,PRESIDENTE JANIO QUADROS,DENTRO,368,0.22,0.0,0.0
NETO CARLETTO,PP,POCOES,DENTRO,365,0.22,0.0,0.0
NETO CARLETTO,PP,ERICO CARDOSO,DENTRO,365,0.22,0.0,0.0
NETO CARLETTO,PP,DIAS D AVILA,DENTRO,356,0.22,0.0,0.0
NETO CARLETTO,PP,IPIAU,DENTRO,334,0.20,0.0,0.0
NETO CARLETTO,PP,MASCOTE,DENTRO,322,0.20,0.0,0.0
NETO CARLETTO,PP,IGRAPIUNA,DENTRO,317,0.19,0.0,0.0
NETO CARLETTO,PP,NOVA ITARANA,DENTRO,315,0.19,0.0,0.0
NETO CARLETTO,PP,JEQUIE,DENTRO,286,0.17,0.0,0.0
NETO CARLETTO,PP,NOVA SOURE,DENTRO,283,0.17,0.0,0.0
NETO CARLETTO,PP,SAO FRANCISCO DO CONDE,DENTRO,269,0.16,0.0,0.0
NETO CARLETTO,PP,IBICUI,DENTRO,268,0.16,0.0,0.0
NETO CARLETTO,PP,NOVO TRIUNFO,DENTRO,253,0.15,0.0,0.0
NETO CARLETTO,PP,CORONEL JOAO SA,DENTRO,251,0.15,0.0,0.0
NETO CARLETTO,PP,JITAUNA,DENTRO,222,0.13,0.0,0.0
NETO CARLETTO,PP,CAEM,DENTRO,221,0.13,0.0,0.0
NETO CARLETTO,PP,LAURO DE FREITAS,DENTRO,217,0.13,0.0,0.0
NETO CARLETTO,PP,CAPELA DO ALTO ALEGRE,DENTRO,201,0.12,0.0,0.0
NETO CARLETTO,PP,SAUBARA,DENTRO,200,0.12,0.0,0.0
NETO CARLETTO,PP,NOVA VICOSA,DENTRO,199,0.12,0.0,0.0
NETO CARLETTO,PP,IBIPITANGA,DENTRO,191,0.12,0.0,0.0
NETO CARLETTO,PP,URUCUCA,DENTRO,185,0.11,0.0,0.0
NETO CARLETTO,PP,VALENCA,DENTRO,179,0.11,0.0,0.0
NETO CARLETTO,PP,ICHU,DENTRO,156,0.09,0.0,0.0
NETO CARLETTO,PP,BRUMADO,DENTRO,143,0.09,0.0,0.0
NETO CARLETTO,PP,VERA CRUZ,DENTRO,139,0.08,0.0,0.0
NETO CARLETTO,PP,ITAGIMIRIM,DENTRO,138,0.08,0.0,0.0
NETO CARLETTO,PP,SANTO ESTEVAO,DENTRO,137,0.08,0.0,0.0
NETO CARLETTO,PP,IRAMAIA,DENTRO,133,0.08,0.0,0.0
NETO CARLETTO,PP,UBAIRA,DENTRO,121,0.07,0.0,0.0
NETO CARLETTO,PP,PEDRO ALEXANDRE,DENTRO,121,0.07,0.0,0.0
NETO CARLETTO,PP,CONCEICAO DO COITE,DENTRO,114,0.07,0.0,0.0
NETO CARLETTO,PP,RUY BARBOSA,DENTRO,114,0.07,0.0,0.0
NETO CARLETTO,PP,ESPLANADA,DENTRO,108,0.07,0.0,0.0
NETO CARLETTO,PP,SANTO ANTONIO DE JESUS,DENTRO,107,0.06,0.0,0.0
NETO CARLETTO,PP,CURACA,DENTRO,102,0.06,0.0,0.0
NETO CARLETTO,PP,PRESIDENTE TANCREDO NEVES,DENTRO,100,0.06,0.0,0.0
NETO CARLETTO,PP,GAVIAO,DENTRO,100,0.06,0.0,0.0
NETO CARLETTO,PP,SERROLANDIA,DENTRO,99,0.06,0.0,0.0
NETO CARLETTO,PP,MAIRI,DENTRO,96,0.06,0.0,0.0
NETO CARLETTO,PP,GUANAMBI,DENTRO,96,0.06,0.0,0.0
NETO CARLETTO,PP,ALAGOINHAS,DENTRO,94,0.06,0.0,0.0
NETO CARLETTO,PP,SIMOES FILHO,DENTRO,91,0.06,0.0,0.0
NETO CARLETTO,PP,BELMONTE,DENTRO,86,0.05,0.0,0.0
NETO CARLETTO,PP,CRISOPOLIS,DENTRO,82,0.05,0.0,0.0
NETO CARLETTO,PP,AURELINO LEAL,DENTRO,81,0.05,0.0,0.0
NETO CARLETTO,PP,CONCEICAO DO JACUIPE,DENTRO,79,0.05,0.0,0.0
NETO CARLETTO,PP,NILO PECANHA,DENTRO,76,0.05,0.0,0.0
NETO CARLETTO,PP,FATIMA,DENTRO,75,0.05,0.0,0.0
NETO CARLETTO,PP,MURITIBA,DENTRO,72,0.04,0.0,0.0
NETO CARLETTO,PP,MADRE DE DEUS,DENTRO,72,0.04,0.0,0.0
NETO CARLETTO,PP,CANAPOLIS,DENTRO,71,0.04,0.0,0.0
NETO CARLETTO,PP,ITAJUIPE,DENTRO,71,0.04,0.0,0.0
NETO CARLETTO,PP,CATU,DENTRO,71,0.04,0.0,0.0
NETO CARLETTO,PP,ITUBERA,DENTRO,70,0.04,0.0,0.0
NETO CARLETTO,PP,BROTAS DE MACAUBAS,DENTRO,69,0.04,0.0,0.0
NETO CARLETTO,PP,JAGUAQUARA,DENTRO,68,0.04,0.0,0.0
NETO CARLETTO,PP,MATINA,DENTRO,66,0.04,0.0,0.0
NETO CARLETTO,PP,JAGUARARI,DENTRO,66,0.04,0.0,0.0
NETO CARLETTO,PP,AMARGOSA,DENTRO,66,0.04,0.0,0.0
NETO CARLETTO,PP,MEDEIROS NETO,DENTRO,66,0.04,0.0,0.0
NETO CARLETTO,PP,RIACHO DE SANTANA,DENTRO,63,0.04,0.0,0.0
NETO CARLETTO,PP,ITABERABA,DENTRO,63,0.04,0.0,0.0
NETO CARLETTO,PP,EUCLIDES DA CUNHA,DENTRO,62,0.04,0.0,0.0
NETO CARLETTO,PP,AMELIA RODRIGUES,DENTRO,61,0.04,0.0,0.0
NETO CARLETTO,PP,PAU BRASIL,DENTRO,60,0.04,0.0,0.0
NETO CARLETTO,PP,JACOBINA,DENTRO,60,0.04,0.0,0.0
NETO CARLETTO,PP,QUIJINGUE,DENTRO,59,0.04,0.0,0.0
NETO CARLETTO,PP,ITAGUACU DA BAHIA,DENTRO,56,0.03,0.0,0.0
NETO CARLETTO,PP,MACARANI,DENTRO,52,0.03,0.0,0.0
NETO CARLETTO,PP,MARAGOGIPE,DENTRO,52,0.03,0.0,0.0
NETO CARLETTO,PP,SAO SEBASTIAO DO PASSE,DENTRO,52,0.03,0.0,0.0
NETO CARLETTO,PP,CACHOEIRA,DENTRO,49,0.03,0.0,0.0
NETO CARLETTO,PP,SERRINHA,DENTRO,49,0.03,0.0,0.0
NETO CARLETTO,PP,IPIRA,DENTRO,48,0.03,0.0,0.0
NETO CARLETTO,PP,VALENTE,DENTRO,47,0.03,0.0,0.0
NETO CARLETTO,PP,CANSANCAO,DENTRO,46,0.03,0.0,0.0
NETO CARLETTO,PP,SANTO AMARO,DENTRO,46,0.03,0.0,0.0
NETO CARLETTO,PP,PIRAI DO NORTE,DENTRO,46,0.03,0.0,0.0
NETO CARLETTO,PP,BOA VISTA DO TUPIM,DENTRO,43,0.03,0.0,0.0
NETO CARLETTO,PP,DARIO MEIRA,DENTRO,42,0.03,0.0,0.0
NETO CARLETTO,PP,SANTALUZ,DENTRO,39,0.02,0.0,0.0
NETO CARLETTO,PP,LUIS EDUARDO MAGALHAES,DENTRO,38,0.02,0.0,0.0
NETO CARLETTO,PP,JEREMOABO,DENTRO,37,0.02,0.0,0.0
NETO CARLETTO,PP,ACAJUTIBA,DENTRO,36,0.02,0.0,0.0
NETO CARLETTO,PP,SEABRA,DENTRO,36,0.02,0.0,0.0
NETO CARLETTO,PP,FIRMINO ALVES,DENTRO,36,0.02,0.0,0.0
NETO CARLETTO,PP,MACAUBAS,DENTRO,34,0.02,0.0,0.0
NETO CARLETTO,PP,IACU,DENTRO,33,0.02,0.0,0.0
NETO CARLETTO,PP,MATA DE SAO JOAO,DENTRO,33,0.02,0.0,0.0
NETO CARLETTO,PP,IRECE,DENTRO,33,0.02,0.0,0.0
NETO CARLETTO,PP,XIQUE-XIQUE,DENTRO,32,0.02,0.0,0.0
NETO CARLETTO,PP,CARAVELAS,DENTRO,32,0.02,0.0,0.0
NETO CARLETTO,PP,RIACHAO DO JACUIPE,DENTRO,31,0.02,0.0,0.0
NETO CARLETTO,PP,IBIRATAIA,DENTRO,31,0.02,0.0,0.0
NETO CARLETTO,PP,RIO DE CONTAS,DENTRO,31,0.02,0.0,0.0
NETO CARLETTO,PP,POJUCA,DENTRO,29,0.02,0.0,0.0
NETO CARLETTO,PP,PLANALTINO,DENTRO,28,0.02,0.0,0.0
NETO CARLETTO,PP,SANTA BARBARA,DENTRO,28,0.02,0.0,0.0
NETO CARLETTO,PP,CAMACA,DENTRO,28,0.02,0.0,0.0
NETO CARLETTO,PP,SAO JOSE DO JACUIPE,DENTRO,27,0.02,0.0,0.0
NETO CARLETTO,PP,ANGUERA,DENTRO,27,0.02,0.0,0.0
NETO CARLETTO,PP,CAIRU,DENTRO,27,0.02,0.0,0.0
NETO CARLETTO,PP,SAO FELIPE,DENTRO,26,0.02,0.0,0.0
NETO CARLETTO,PP,ITAMBE,DENTRO,25,0.02,0.0,0.0
NETO CARLETTO,PP,MANOEL VITORINO,DENTRO,25,0.02,0.0,0.0
NETO CARLETTO,PP,SANTA MARIA DA VITORIA,DENTRO,24,0.01,0.0,0.0
NETO CARLETTO,PP,CONCEICAO DA FEIRA,DENTRO,24,0.01,0.0,0.0
NETO CARLETTO,PP,QUIXABEIRA,DENTRO,23,0.01,0.0,0.0
NETO CARLETTO,PP,GOVERNADOR MANGABEIRA,DENTRO,23,0.01,0.0,0.0
NETO CARLETTO,PP,SATIRO DIAS,DENTRO,23,0.01,0.0,0.0
NETO CARLETTO,PP,SENTO SE,DENTRO,22,0.01,0.0,0.0
NETO CARLETTO,PP,CONDEUBA,DENTRO,22,0.01,0.0,0.0
NETO CARLETTO,PP,CICERO DANTAS,DENTRO,22,0.01,0.0,0.0
NETO CARLETTO,PP,BAIXA GRANDE,DENTRO,22,0.01,0.0,0.0
NETO CARLETTO,PP,IBICOARA,DENTRO,22,0.01,0.0,0.0
NETO CARLETTO,PP,PINTADAS,DENTRO,21,0.01,0.0,0.0
NETO CARLETTO,PP,BARREIRAS,DENTRO,21,0.01,0.0,0.0
NETO CARLETTO,PP,LAGOA REAL,DENTRO,21,0.01,0.0,0.0
NETO CARLETTO,PP,MUCUGE,DENTRO,21,0.01,0.0,0.0
NETO CARLETTO,PP,ANDORINHA,DENTRO,21,0.01,0.0,0.0
NETO CARLETTO,PP,ANTONIO CARDOSO,DENTRO,21,0.01,0.0,0.0
NETO CARLETTO,PP,UNA,DENTRO,20,0.01,0.0,0.0
NETO CARLETTO,PP,CABACEIRAS DO PARAGUACU,DENTRO,20,0.01,0.0,0.0
NETO CARLETTO,PP,ABAIRA,DENTRO,20,0.01,0.0,0.0
NETO CARLETTO,PP,PLANALTO,DENTRO,20,0.01,0.0,0.0
NETO CARLETTO,PP,MARACAS,DENTRO,20,0.01,0.0,0.0
NETO CARLETTO,PP,BARRA DA ESTIVA,DENTRO,19,0.01,0.0,0.0
NETO CARLETTO,PP,MILAGRES,DENTRO,19,0.01,0.0,0.0
NETO CARLETTO,PP,VARZEDO,DENTRO,19,0.01,0.0,0.0
NETO CARLETTO,PP,SAO FELIX,DENTRO,19,0.01,0.0,0.0
NETO CARLETTO,PP,JACARACI,DENTRO,19,0.01,0.0,0.0
NETO CARLETTO,PP,SANTA CRUZ DA VITORIA,DENTRO,18,0.01,0.0,0.0
NETO CARLETTO,PP,BARRO PRETO,DENTRO,18,0.01,0.0,0.0
NETO CARLETTO,PP,ITAPARICA,DENTRO,18,0.01,0.0,0.0
NETO CARLETTO,PP,UTINGA,DENTRO,17,0.01,0.0,0.0
NETO CARLETTO,PP,NAZARE,DENTRO,17,0.01,0.0,0.0
NETO CARLETTO,PP,DOM BASILIO,DENTRO,17,0.01,0.0,0.0
NETO CARLETTO,PP,JUSSARA,DENTRO,17,0.01,0.0,0.0
NETO CARLETTO,PP,PILAO ARCADO,DENTRO,17,0.01,0.0,0.0
NETO CARLETTO,PP,PEDRAO,DENTRO,17,0.01,0.0,0.0
NETO CARLETTO,PP,NOVA FATIMA,DENTRO,17,0.01,0.0,0.0
NETO CARLETTO,PP,ITATIM,DENTRO,16,0.01,0.0,0.0
NETO CARLETTO,PP,CAMPO FORMOSO,DENTRO,16,0.01,0.0,0.0
NETO CARLETTO,PP,ENTRE RIOS,DENTRO,16,0.01,0.0,0.0
NETO CARLETTO,PP,SANTANA,DENTRO,16,0.01,0.0,0.0
NETO CARLETTO,PP,BARRA DO CHOCA,DENTRO,15,0.01,0.0,0.0
NETO CARLETTO,PP,ITAETE,DENTRO,15,0.01,0.0,0.0
NETO CARLETTO,PP,NOVO HORIZONTE,DENTRO,15,0.01,0.0,0.0
NETO CARLETTO,PP,SALINAS DA MARGARIDA,DENTRO,15,0.01,0.0,0.0
NETO CARLETTO,PP,IUIU,DENTRO,15,0.01,0.0,0.0
NETO CARLETTO,PP,SAO MIGUEL DAS MATAS,DENTRO,15,0.01,0.0,0.0
NETO CARLETTO,PP,CANDIDO SALES,DENTRO,15,0.01,0.0,0.0
NETO CARLETTO,PP,FILADELFIA,DENTRO,15,0.01,0.0,0.0
NETO CARLETTO,PP,CONDE,DENTRO,15,0.01,0.0,0.0
NETO CARLETTO,PP,SANTA INES,DENTRO,14,0.01,0.0,0.0
NETO CARLETTO,PP,ANDARAI,DENTRO,13,0.01,0.0,0.0
NETO CARLETTO,PP,CASTRO ALVES,DENTRO,13,0.01,0.0,0.0
NETO CARLETTO,PP,CHORROCHO,DENTRO,13,0.01,0.0,0.0
NETO CARLETTO,PP,CANUDOS,DENTRO,13,0.01,0.0,0.0
NETO CARLETTO,PP,ANAGE,DENTRO,13,0.01,0.0,0.0
NETO CARLETTO,PP,IBIRAPUA,DENTRO,13,0.01,0.0,0.0
NETO CARLETTO,PP,LAJE,DENTRO,13,0.01,0.0,0.0
NETO CARLETTO,PP,RIO REAL,DENTRO,12,0.01,0.0,0.0
NETO CARLETTO,PP,OURICANGAS,DENTRO,12,0.01,0.0,0.0
NETO CARLETTO,PP,PONTO NOVO,DENTRO,12,0.01,0.0,0.0
NETO CARLETTO,PP,TANQUINHO,DENTRO,11,0.01,0.0,0.0
NETO CARLETTO,PP,SANTA TEREZINHA,DENTRO,11,0.01,0.0,0.0
NETO CARLETTO,PP,MIRANTE,DENTRO,11,0.01,0.0,0.0
NETO CARLETTO,PP,BIRITINGA,DENTRO,11,0.01,0.0,0.0
NETO CARLETTO,PP,MUNDO NOVO,DENTRO,10,0.01,0.0,0.0
NETO CARLETTO,PP,IBIASSUCE,DENTRO,10,0.01,0.0,0.0
NETO CARLETTO,PP,SAPEACU,DENTRO,10,0.01,0.0,0.0
NETO CARLETTO,PP,SERRA PRETA,DENTRO,10,0.01,0.0,0.0
NETO CARLETTO,PP,PIRITIBA,DENTRO,10,0.01,0.0,0.0
NETO CARLETTO,PP,ITUACU,DENTRO,10,0.01,0.0,0.0
NETO CARLETTO,PP,WAGNER,DENTRO,10,0.01,0.0,0.0
NETO CARLETTO,PP,SAO JOSE DA VITORIA,DENTRO,10,0.01,0.0,0.0
NETO CARLETTO,PP,UIBAI,DENTRO,9,0.01,0.0,0.0
NETO CARLETTO,PP,AGUA FRIA,DENTRO,9,0.01,0.0,0.0
NETO CARLETTO,PP,ITIRUCU,DENTRO,9,0.01,0.0,0.0
NETO CARLETTO,PP,CASA NOVA,DENTRO,9,0.01,0.0,0.0
NETO CARLETTO,PP,SANTA BRIGIDA,DENTRO,9,0.01,0.0,0.0
NETO CARLETTO,PP,TUCANO,DENTRO,9,0.01,0.0,0.0
NETO CARLETTO,PP,CALDEIRAO GRANDE,DENTRO,9,0.01,0.0,0.0
NETO CARLETTO,PP,PIATA,DENTRO,9,0.01,0.0,0.0
NETO CARLETTO,PP,CAATIBA,DENTRO,9,0.01,0.0,0.0
NETO CARLETTO,PP,MUNIZ FERREIRA,DENTRO,9,0.01,0.0,0.0
NETO CARLETTO,PP,CONCEICAO DO ALMEIDA,DENTRO,8,0.00,0.0,0.0
NETO CARLETTO,PP,CACULE,DENTRO,8,0.00,0.0,0.0
NETO CARLETTO,PP,VARZEA DA ROCA,DENTRO,8,0.00,0.0,0.0
NETO CARLETTO,PP,TANHACU,DENTRO,8,0.00,0.0,0.0
NETO CARLETTO,PP,HELIOPOLIS,DENTRO,8,0.00,0.0,0.0
NETO CARLETTO,PP,RAFAEL JAMBEIRO,DENTRO,8,0.00,0.0,0.0
NETO CARLETTO,PP,BARRA,DENTRO,8,0.00,0.0,0.0
NETO CARLETTO,PP,JUSSARI,DENTRO,8,0.00,0.0,0.0
NETO CARLETTO,PP,CATURAMA,DENTRO,8,0.00,0.0,0.0
NETO CARLETTO,PP,BARRA DO ROCHA,DENTRO,7,0.00,0.0,0.0
NETO CARLETTO,PP,BOTUPORA,DENTRO,7,0.00,0.0,0.0
NETO CARLETTO,PP,LAPAO,DENTRO,7,0.00,0.0,0.0
NETO CARLETTO,PP,CANDEAL,DENTRO,7,0.00,0.0,0.0
NETO CARLETTO,PP,RIBEIRA DO AMPARO,DENTRO,7,0.00,0.0,0.0
NETO CARLETTO,PP,TERRA NOVA,DENTRO,7,0.00,0.0,0.0
NETO CARLETTO,PP,BOM JESUS DA LAPA,DENTRO,7,0.00,0.0,0.0
NETO CARLETTO,PP,CONTENDAS DO SINCORA,DENTRO,7,0.00,0.0,0.0
NETO CARLETTO,PP,RIBEIRA DO POMBAL,DENTRO,7,0.00,0.0,0.0
NETO CARLETTO,PP,ITAGI,DENTRO,7,0.00,0.0,0.0
NETO CARLETTO,PP,TAPIRAMUTA,DENTRO,7,0.00,0.0,0.0
NETO CARLETTO,PP,MORPARA,DENTRO,7,0.00,0.0,0.0
NETO CARLETTO,PP,CANDIBA,DENTRO,7,0.00,0.0,0.0
NETO CARLETTO,PP,CAETANOS,DENTRO,7,0.00,0.0,0.0
NETO CARLETTO,PP,JOAO DOURADO,DENTRO,7,0.00,0.0,0.0
NETO CARLETTO,PP,SAO DESIDERIO,DENTRO,6,0.00,0.0,0.0
NETO CARLETTO,PP,BARRO ALTO,DENTRO,6,0.00,0.0,0.0
NETO CARLETTO,PP,TANQUE NOVO,DENTRO,6,0.00,0.0,0.0
NETO CARLETTO,PP,JAGUARIPE,DENTRO,6,0.00,0.0,0.0
NETO CARLETTO,PP,AIQUARA,DENTRO,6,0.00,0.0,0.0
NETO CARLETTO,PP,JANDAIRA,DENTRO,6,0.00,0.0,0.0
NETO CARLETTO,PP,MIGUEL CALMON,DENTRO,6,0.00,0.0,0.0
NETO CARLETTO,PP,RIO DO PIRES,DENTRO,6,0.00,0.0,0.0
NETO CARLETTO,PP,ITAJU DO COLONIA,DENTRO,6,0.00,0.0,0.0
NETO CARLETTO,PP,MUTUIPE,DENTRO,6,0.00,0.0,0.0
NETO CARLETTO,PP,SOBRADINHO,DENTRO,6,0.00,0.0,0.0
NETO CARLETTO,PP,AMERICA DOURADA,DENTRO,6,0.00,0.0,0.0
NETO CARLETTO,PP,ANTONIO GONCALVES,DENTRO,5,0.00,0.0,0.0
NETO CARLETTO,PP,IPUPIARA,DENTRO,5,0.00,0.0,0.0
NETO CARLETTO,PP,PINDOBACU,DENTRO,5,0.00,0.0,0.0
NETO CARLETTO,PP,ELISIO MEDRADO,DENTRO,5,0.00,0.0,0.0
NETO CARLETTO,PP,IBIPEBA,DENTRO,5,0.00,0.0,0.0
NETO CARLETTO,PP,SANTA RITA DE CASSIA,DENTRO,5,0.00,0.0,0.0
NETO CARLETTO,PP,TEODORO SAMPAIO,DENTRO,5,0.00,0.0,0.0
NETO CARLETTO,PP,SAUDE,DENTRO,5,0.00,0.0,0.0
NETO CARLETTO,PP,PARIPIRANGA,DENTRO,5,0.00,0.0,0.0
NETO CARLETTO,PP,CARAIBAS,DENTRO,5,0.00,0.0,0.0
NETO CARLETTO,PP,ANTAS,DENTRO,5,0.00,0.0,0.0
NETO CARLETTO,PP,CIPO,DENTRO,5,0.00,0.0,0.0
NETO CARLETTO,PP,VARZEA NOVA,DENTRO,4,0.00,0.0,0.0
NETO CARLETTO,PP,CARDEAL DA SILVA,DENTRO,4,0.00,0.0,0.0
NETO CARLETTO,PP,TEOFILANDIA,DENTRO,4,0.00,0.0,0.0
NETO CARLETTO,PP,ARACATU,DENTRO,4,0.00,0.0,0.0
NETO CARLETTO,PP,NORDESTINA,DENTRO,4,0.00,0.0,0.0
NETO CARLETTO,PP,GUAJERU,DENTRO,4,0.00,0.0,0.0
NETO CARLETTO,PP,RIO DO ANTONIO,DENTRO,4,0.00,0.0,0.0
NETO CARLETTO,PP,PARATINGA,DENTRO,4,0.00,0.0,0.0
NETO CARLETTO,PP,BARROCAS,DENTRO,4,0.00,0.0,0.0
NETO CARLETTO,PP,QUEIMADAS,DENTRO,4,0.00,0.0,0.0
NETO CARLETTO,PP,PE DE SERRA,DENTRO,4,0.00,0.0,0.0
NETO CARLETTO,PP,IRAQUARA,DENTRO,4,0.00,0.0,0.0
NETO CARLETTO,PP,PIRIPA,DENTRO,4,0.00,0.0,0.0
NETO CARLETTO,PP,ARACAS,DENTRO,4,0.00,0.0,0.0
NETO CARLETTO,PP,CORDEIROS,DENTRO,4,0.00,0.0,0.0
NETO CARLETTO,PP,BONITO,DENTRO,4,0.00,0.0,0.0
NETO CARLETTO,PP,ADUSTINA,DENTRO,4,0.00,0.0,0.0
NETO CARLETTO,PP,JIQUIRICA,DENTRO,3,0.00,0.0,0.0
NETO CARLETTO,PP,BARRA DO MENDES,DENTRO,3,0.00,0.0,0.0
NETO CARLETTO,PP,BELO CAMPO,DENTRO,3,0.00,0.0,0.0
NETO CARLETTO,PP,MACURURE,DENTRO,3,0.00,0.0,0.0
NETO CARLETTO,PP,LAMARAO,DENTRO,3,0.00,0.0,0.0
NETO CARLETTO,PP,IBITITA,DENTRO,3,0.00,0.0,0.0
NETO CARLETTO,PP,OLIVEIRA DOS BREJINHOS,DENTRO,3,0.00,0.0,0.0
NETO CARLETTO,PP,UMBURANAS,DENTRO,3,0.00,0.0,0.0
NETO CARLETTO,PP,CRISTOPOLIS,DENTRO,3,0.00,0.0,0.0
NETO CARLETTO,PP,SITIO DO QUINTO,DENTRO,3,0.00,0.0,0.0
NETO CARLETTO,PP,BURITIRAMA,DENTRO,3,0.00,0.0,0.0
NETO CARLETTO,PP,LAFAIETE COUTINHO,DENTRO,3,0.00,0.0,0.0
NETO CARLETTO,PP,ARATUIPE,DENTRO,3,0.00,0.0,0.0
NETO CARLETTO,PP,SERRA DOURADA,DENTRO,3,0.00,0.0,0.0
NETO CARLETTO,PP,SAO FELIX DO CORIBE,DENTRO,3,0.00,0.0,0.0
NETO CARLETTO,PP,CANARANA,DENTRO,3,0.00,0.0,0.0
NETO CARLETTO,PP,ARACI,DENTRO,3,0.00,0.0,0.0
NETO CARLETTO,PP,TABOCAS DO BREJO VELHO,DENTRO,3,0.00,0.0,0.0
NETO CARLETTO,PP,RIBEIRAO DO LARGO,DENTRO,3,0.00,0.0,0.0
NETO CARLETTO,PP,ITANAGRA,DENTRO,3,0.00,0.0,0.0
NETO CARLETTO,PP,LAJEDAO,DENTRO,3,0.00,0.0,0.0
NETO CARLETTO,PP,MALHADA,DENTRO,3,0.00,0.0,0.0
NETO CARLETTO,PP,CORRENTINA,DENTRO,3,0.00,0.0,0.0
NETO CARLETTO,PP,SAO GABRIEL,DENTRO,3,0.00,0.0,0.0
NETO CARLETTO,PP,CRAVOLANDIA,DENTRO,3,0.00,0.0,0.0
NETO CARLETTO,PP,MACAJUBA,DENTRO,3,0.00,0.0,0.0
NETO CARLETTO,PP,MORRO DO CHAPEU,DENTRO,3,0.00,0.0,0.0
NETO CARLETTO,PP,CAFARNAUM,DENTRO,3,0.00,0.0,0.0
NETO CARLETTO,PP,MUQUEM DO SAO FRANCISCO,DENTRO,2,0.00,0.0,0.0
NETO CARLETTO,PP,LAJEDO DO TABOCAL,DENTRO,2,0.00,0.0,0.0
NETO CARLETTO,PP,COTEGIPE,DENTRO,2,0.00,0.0,0.0
NETO CARLETTO,PP,ENCRUZILHADA,DENTRO,2,0.00,0.0,0.0
NETO CARLETTO,PP,URANDI,DENTRO,2,0.00,0.0,0.0
NETO CARLETTO,PP,REMANSO,DENTRO,2,0.00,0.0,0.0
NETO CARLETTO,PP,VARZEA DO POCO,DENTRO,2,0.00,0.0,0.0
NETO CARLETTO,PP,FEIRA DA MATA,DENTRO,2,0.00,0.0,0.0
NETO CARLETTO,PP,CAMPO ALEGRE DE LOURDES,DENTRO,2,0.00,0.0,0.0
NETO CARLETTO,PP,MIRANGABA,DENTRO,2,0.00,0.0,0.0
NETO CARLETTO,PP,ABARE,DENTRO,2,0.00,0.0,0.0
NETO CARLETTO,PP,TREMEDAL,DENTRO,2,0.00,0.0,0.0
NETO CARLETTO,PP,PALMAS DE MONTE ALTO,DENTRO,2,0.00,0.0,0.0
NETO CARLETTO,PP,BONINAL,DENTRO,2,0.00,0.0,0.0
NETO CARLETTO,PP,RIACHAO DAS NEVES,DENTRO,1,0.00,0.0,0.0
NETO CARLETTO,PP,SITIO DO MATO,DENTRO,1,0.00,0.0,0.0
NETO CARLETTO,PP,BAIANOPOLIS,DENTRO,1,0.00,0.0,0.0
NETO CARLETTO,PP,LICINIO DE ALMEIDA,DENTRO,1,0.00,0.0,0.0
NETO CARLETTO,PP,IBIQUERA,DENTRO,1,0.00,0.0,0.0
NETO CARLETTO,PP,SOUTO SOARES,DENTRO,1,0.00,0.0,0.0
NETO CARLETTO,PP,FORMOSA DO RIO PRETO,DENTRO,1,0.00,0.0,0.0
NETO CARLETTO,PP,IBOTIRAMA,DENTRO,1,0.00,0.0,0.0
NETO CARLETTO,PP,PALMEIRAS,DENTRO,1,0.00,0.0,0.0
NETO CARLETTO,PP,PRESIDENTE DUTRA,DENTRO,1,0.00,0.0,0.0
NETO CARLETTO,PP,WANDERLEY,DENTRO,1,0.00,0.0,0.0
NETO CARLETTO,PP,ITAQUARA,DENTRO,1,0.00,0.0,0.0
NETO CARLETTO,PP,MAETINGA,DENTRO,0,0.00,0.0,0.0
NETO CARLETTO,PP,COCOS,DENTRO,0,0.00,0.0,0.0
NETO CARLETTO,PP,SEBASTIAO LARANJEIRAS,DENTRO,0,0.00,0.0,0.0
NETO CARLETTO,PP,LENCOIS,DENTRO,0,0.00,0.0,0.0
NETO CARLETTO,PP,CARINHANHA,DENTRO,0,0.00,0.0,0.0
NETO CARLETTO,PP,CORIBE,DENTRO,0,0.00,0.0,0.0
NETO CARLETTO,PP,MULUNGU DO MORRO,DENTRO,0,0.00,0.0,0.0
NETO CARLETTO,PP,JABORANDI,DENTRO,0,0.00,0.0,0.0
NETO CARLETTO,PP,MANSIDAO,DENTRO,0,0.00,0.0,0.0
NETO CARLETTO,PP,ANGICAL,DENTRO,0,0.00,0.0,0.0
NETO CARLETTO,PP,CATOLANDIA,DENTRO,0,0.00,0.0,0.0
NETO CARLETTO,PP,SERRA DO RAMALHO,DENTRO,0,0.00,0.0,0.0
NETO CARLETTO,PP,GENTIO DO OURO,DENTRO,0,0.00,0.0,0.0
NETO CARLETTO,PP,OUROLANDIA,DENTRO,0,0.00,0.0,0.0
NETO CARLETTO,PP,BANZAE,DENTRO,0,0.00,0.0,0.0
NETO CARLETTO,PP,ARAMARI,DENTRO,0,0.00,0.0,0.0
NETO CARLETTO,PP,BREJOLANDIA,DENTRO,0,0.00,0.0,0.0
NETO CARLETTO,PP,MULTIPLO,AMPLO,0,0,113133042.0,93.86
NETO CARLETTO,PP,SEM INFORMACAO,AMPLO,0,0,6896996.15,5.72
NETO CARLETTO,PP,EUNAPOLIS (BAHIA),FORA,0,0,200000.0,0.17
NETO CARLETTO,PP,PORTO SEGURO (BAHIA),FORA,0,0,199582.0,0.17
NETO CARLETTO,PP,CANAVIEIRAS (BAHIA),FORA,0,0,100000.0,0.08
ROBERTA ROMA,PL,SALVADOR,DENTRO,12492,7.77,0.0,0.0
ROBERTA ROMA,PL,SERRINHA,DENTRO,7525,4.68,0.0,0.0
ROBERTA ROMA,PL,FEIRA DE SANTANA,DENTRO,5312,3.30,0.0,0.0
ROBERTA ROMA,PL,CORONEL JOAO SA,DENTRO,5129,3.19,0.0,0.0
ROBERTA ROMA,PL,CRUZ DAS ALMAS,DENTRO,4747,2.95,0.0,0.0
ROBERTA ROMA,PL,TEIXEIRA DE FREITAS,DENTRO,4603,2.86,0.0,0.0
ROBERTA ROMA,PL,PARIPIRANGA,DENTRO,4390,2.73,0.0,0.0
ROBERTA ROMA,PL,MACAUBAS,DENTRO,4043,2.52,0.0,0.0
ROBERTA ROMA,PL,ITIUBA,DENTRO,3802,2.37,0.0,0.0
ROBERTA ROMA,PL,ARACATU,DENTRO,3672,2.28,0.0,0.0
ROBERTA ROMA,PL,MURITIBA,DENTRO,3612,2.25,0.0,0.0
ROBERTA ROMA,PL,SERRA PRETA,DENTRO,3529,2.20,0.0,0.0
ROBERTA ROMA,PL,VITORIA DA CONQUISTA,DENTRO,3301,2.05,0.0,0.0
ROBERTA ROMA,PL,QUEIMADAS,DENTRO,2342,1.46,0.0,0.0
ROBERTA ROMA,PL,SANTO ANTONIO DE JESUS,DENTRO,2338,1.45,0.0,0.0
ROBERTA ROMA,PL,SANTA RITA DE CASSIA,DENTRO,2112,1.31,0.0,0.0
ROBERTA ROMA,PL,OUROLANDIA,DENTRO,2084,1.30,0.0,0.0
ROBERTA ROMA,PL,TEOFILANDIA,DENTRO,2052,1.28,0.0,0.0
ROBERTA ROMA,PL,SANTA TEREZINHA,DENTRO,1956,1.22,0.0,0.0
ROBERTA ROMA,PL,IPIRA,DENTRO,1877,1.17,0.0,0.0
ROBERTA ROMA,PL,JEQUIE,DENTRO,1869,1.16,0.0,0.0
ROBERTA ROMA,PL,ITAPETINGA,DENTRO,1845,1.15,0.0,0.0
ROBERTA ROMA,PL,LIVRAMENTO DE NOSSA SENHORA,DENTRO,1841,1.15,0.0,0.0
ROBERTA ROMA,PL,QUIXABEIRA,DENTRO,1773,1.10,0.0,0.0
ROBERTA ROMA,PL,CABACEIRAS DO PARAGUACU,DENTRO,1723,1.07,0.0,0.0
ROBERTA ROMA,PL,ARACI,DENTRO,1576,0.98,0.0,0.0
ROBERTA ROMA,PL,LUIS EDUARDO MAGALHAES,DENTRO,1575,0.98,0.0,0.0
ROBERTA ROMA,PL,PONTO NOVO,DENTRO,1455,0.91,0.0,0.0
ROBERTA ROMA,PL,ITAMARAJU,DENTRO,1454,0.90,0.0,0.0
ROBERTA ROMA,PL,JUAZEIRO,DENTRO,1430,0.89,0.0,0.0
ROBERTA ROMA,PL,ANGUERA,DENTRO,1427,0.89,0.0,0.0
ROBERTA ROMA,PL,CAMAMU,DENTRO,1325,0.82,0.0,0.0
ROBERTA ROMA,PL,TUCANO,DENTRO,1315,0.82,0.0,0.0
ROBERTA ROMA,PL,ITABERABA,DENTRO,1221,0.76,0.0,0.0
ROBERTA ROMA,PL,MUCURI,DENTRO,1205,0.75,0.0,0.0
ROBERTA ROMA,PL,PORTO SEGURO,DENTRO,1157,0.72,0.0,0.0
ROBERTA ROMA,PL,RAFAEL JAMBEIRO,DENTRO,1107,0.69,0.0,0.0
ROBERTA ROMA,PL,UMBURANAS,DENTRO,1103,0.69,0.0,0.0
ROBERTA ROMA,PL,CAMACARI,DENTRO,1065,0.66,0.0,0.0
ROBERTA ROMA,PL,NOVA VICOSA,DENTRO,985,0.61,0.0,0.0
ROBERTA ROMA,PL,LAURO DE FREITAS,DENTRO,970,0.60,0.0,0.0
ROBERTA ROMA,PL,MUCUGE,DENTRO,947,0.59,0.0,0.0
ROBERTA ROMA,PL,UAUA,DENTRO,944,0.59,0.0,0.0
ROBERTA ROMA,PL,IACU,DENTRO,941,0.59,0.0,0.0
ROBERTA ROMA,PL,JACOBINA,DENTRO,936,0.58,0.0,0.0
ROBERTA ROMA,PL,PAULO AFONSO,DENTRO,924,0.57,0.0,0.0
ROBERTA ROMA,PL,URANDI,DENTRO,910,0.57,0.0,0.0
ROBERTA ROMA,PL,ALAGOINHAS,DENTRO,894,0.56,0.0,0.0
ROBERTA ROMA,PL,CANDEAL,DENTRO,858,0.53,0.0,0.0
ROBERTA ROMA,PL,VERA CRUZ,DENTRO,845,0.53,0.0,0.0
ROBERTA ROMA,PL,CATU,DENTRO,772,0.48,0.0,0.0
ROBERTA ROMA,PL,CAPIM GROSSO,DENTRO,769,0.48,0.0,0.0
ROBERTA ROMA,PL,MIGUEL CALMON,DENTRO,744,0.46,0.0,0.0
ROBERTA ROMA,PL,LAGOA REAL,DENTRO,741,0.46,0.0,0.0
ROBERTA ROMA,PL,EUNAPOLIS,DENTRO,738,0.46,0.0,0.0
ROBERTA ROMA,PL,AMARGOSA,DENTRO,736,0.46,0.0,0.0
ROBERTA ROMA,PL,ITABUNA,DENTRO,729,0.45,0.0,0.0
ROBERTA ROMA,PL,ITABELA,DENTRO,722,0.45,0.0,0.0
ROBERTA ROMA,PL,SANTA BARBARA,DENTRO,699,0.43,0.0,0.0
ROBERTA ROMA,PL,ESPLANADA,DENTRO,687,0.43,0.0,0.0
ROBERTA ROMA,PL,SAO MIGUEL DAS MATAS,DENTRO,685,0.43,0.0,0.0
ROBERTA ROMA,PL,PRESIDENTE TANCREDO NEVES,DENTRO,666,0.41,0.0,0.0
ROBERTA ROMA,PL,ILHEUS,DENTRO,637,0.40,0.0,0.0
ROBERTA ROMA,PL,GOVERNADOR MANGABEIRA,DENTRO,632,0.39,0.0,0.0
ROBERTA ROMA,PL,CAETITE,DENTRO,606,0.38,0.0,0.0
ROBERTA ROMA,PL,TABOCAS DO BREJO VELHO,DENTRO,568,0.35,0.0,0.0
ROBERTA ROMA,PL,ITAPEBI,DENTRO,563,0.35,0.0,0.0
ROBERTA ROMA,PL,VARZEA DA ROCA,DENTRO,548,0.34,0.0,0.0
ROBERTA ROMA,PL,BARREIRAS,DENTRO,518,0.32,0.0,0.0
ROBERTA ROMA,PL,SERROLANDIA,DENTRO,469,0.29,0.0,0.0
ROBERTA ROMA,PL,PRADO,DENTRO,451,0.28,0.0,0.0
ROBERTA ROMA,PL,RIBEIRA DO POMBAL,DENTRO,441,0.27,0.0,0.0
ROBERTA ROMA,PL,CANAPOLIS,DENTRO,434,0.27,0.0,0.0
ROBERTA ROMA,PL,MEDEIROS NETO,DENTRO,434,0.27,0.0,0.0
ROBERTA ROMA,PL,MARAGOGIPE,DENTRO,422,0.26,0.0,0.0
ROBERTA ROMA,PL,BRUMADO,DENTRO,413,0.26,0.0,0.0
ROBERTA ROMA,PL,FORMOSA DO RIO PRETO,DENTRO,411,0.26,0.0,0.0
ROBERTA ROMA,PL,SIMOES FILHO,DENTRO,382,0.24,0.0,0.0
ROBERTA ROMA,PL,DIAS D AVILA,DENTRO,379,0.24,0.0,0.0
ROBERTA ROMA,PL,IRAQUARA,DENTRO,379,0.24,0.0,0.0
ROBERTA ROMA,PL,CONCEICAO DA FEIRA,DENTRO,377,0.23,0.0,0.0
ROBERTA ROMA,PL,MAIRI,DENTRO,376,0.23,0.0,0.0
ROBERTA ROMA,PL,CAPELA DO ALTO ALEGRE,DENTRO,373,0.23,0.0,0.0
ROBERTA ROMA,PL,ITAPARICA,DENTRO,359,0.22,0.0,0.0
ROBERTA ROMA,PL,PINDAI,DENTRO,352,0.22,0.0,0.0
ROBERTA ROMA,PL,EUCLIDES DA CUNHA,DENTRO,342,0.21,0.0,0.0
ROBERTA ROMA,PL,ICHU,DENTRO,329,0.20,0.0,0.0
ROBERTA ROMA,PL,SANTALUZ,DENTRO,320,0.20,0.0,0.0
ROBERTA ROMA,PL,VALENCA,DENTRO,318,0.20,0.0,0.0
ROBERTA ROMA,PL,TANQUINHO,DENTRO,313,0.19,0.0,0.0
ROBERTA ROMA,PL,TEODORO SAMPAIO,DENTRO,308,0.19,0.0,0.0
ROBERTA ROMA,PL,PARAMIRIM,DENTRO,305,0.19,0.0,0.0
ROBERTA ROMA,PL,MONTE SANTO,DENTRO,296,0.18,0.0,0.0
ROBERTA ROMA,PL,CONCEICAO DO COITE,DENTRO,291,0.18,0.0,0.0
ROBERTA ROMA,PL,SANTA CRUZ CABRALIA,DENTRO,273,0.17,0.0,0.0
ROBERTA ROMA,PL,POJUCA,DENTRO,257,0.16,0.0,0.0
ROBERTA ROMA,PL,IBIRATAIA,DENTRO,246,0.15,0.0,0.0
ROBERTA ROMA,PL,JAGUAQUARA,DENTRO,245,0.15,0.0,0.0
ROBERTA ROMA,PL,SANTO ESTEVAO,DENTRO,241,0.15,0.0,0.0
ROBERTA ROMA,PL,CRISTOPOLIS,DENTRO,238,0.15,0.0,0.0
ROBERTA ROMA,PL,BOM JESUS DA LAPA,DENTRO,231,0.14,0.0,0.0
ROBERTA ROMA,PL,TANHACU,DENTRO,229,0.14,0.0,0.0
ROBERTA ROMA,PL,SENHOR DO BONFIM,DENTRO,223,0.14,0.0,0.0
ROBERTA ROMA,PL,IBIPITANGA,DENTRO,221,0.14,0.0,0.0
ROBERTA ROMA,PL,GANDU,DENTRO,220,0.14,0.0,0.0
ROBERTA ROMA,PL,NAZARE,DENTRO,205,0.13,0.0,0.0
ROBERTA ROMA,PL,SAO GONCALO DOS CAMPOS,DENTRO,202,0.13,0.0,0.0
ROBERTA ROMA,PL,CONCEICAO DO JACUIPE,DENTRO,192,0.12,0.0,0.0
ROBERTA ROMA,PL,GUANAMBI,DENTRO,192,0.12,0.0,0.0
ROBERTA ROMA,PL,IGRAPIUNA,DENTRO,191,0.12,0.0,0.0
ROBERTA ROMA,PL,APORA,DENTRO,185,0.12,0.0,0.0
ROBERTA ROMA,PL,IRECE,DENTRO,184,0.11,0.0,0.0
ROBERTA ROMA,PL,SAPEACU,DENTRO,180,0.11,0.0,0.0
ROBERTA ROMA,PL,CARAVELAS,DENTRO,173,0.11,0.0,0.0
ROBERTA ROMA,PL,ALCOBACA,DENTRO,169,0.11,0.0,0.0
ROBERTA ROMA,PL,MORTUGABA,DENTRO,167,0.10,0.0,0.0
ROBERTA ROMA,PL,SAO FELIPE,DENTRO,166,0.10,0.0,0.0
ROBERTA ROMA,PL,CASTRO ALVES,DENTRO,165,0.10,0.0,0.0
ROBERTA ROMA,PL,MATA DE SAO JOAO,DENTRO,164,0.10,0.0,0.0
ROBERTA ROMA,PL,LENCOIS,DENTRO,162,0.10,0.0,0.0
ROBERTA ROMA,PL,ITAPE,DENTRO,160,0.10,0.0,0.0
ROBERTA ROMA,PL,LAPAO,DENTRO,154,0.10,0.0,0.0
ROBERTA ROMA,PL,POCOES,DENTRO,150,0.09,0.0,0.0
ROBERTA ROMA,PL,ENTRE RIOS,DENTRO,150,0.09,0.0,0.0
ROBERTA ROMA,PL,BIRITINGA,DENTRO,149,0.09,0.0,0.0
ROBERTA ROMA,PL,CICERO DANTAS,DENTRO,148,0.09,0.0,0.0
ROBERTA ROMA,PL,ITANHEM,DENTRO,148,0.09,0.0,0.0
ROBERTA ROMA,PL,LAJE,DENTRO,146,0.09,0.0,0.0
ROBERTA ROMA,PL,CANDEIAS,DENTRO,144,0.09,0.0,0.0
ROBERTA ROMA,PL,JEREMOABO,DENTRO,141,0.09,0.0,0.0
ROBERTA ROMA,PL,ANDARAI,DENTRO,135,0.08,0.0,0.0
ROBERTA ROMA,PL,LAJEDAO,DENTRO,134,0.08,0.0,0.0
ROBERTA ROMA,PL,IBIRAPUA,DENTRO,128,0.08,0.0,0.0
ROBERTA ROMA,PL,BELO CAMPO,DENTRO,125,0.08,0.0,0.0
ROBERTA ROMA,PL,VALENTE,DENTRO,124,0.08,0.0,0.0
ROBERTA ROMA,PL,UTINGA,DENTRO,123,0.08,0.0,0.0
ROBERTA ROMA,PL,CANSANCAO,DENTRO,122,0.08,0.0,0.0
ROBERTA ROMA,PL,SAO JOSE DO JACUIPE,DENTRO,118,0.07,0.0,0.0
ROBERTA ROMA,PL,VARZEDO,DENTRO,118,0.07,0.0,0.0
ROBERTA ROMA,PL,CAMPO FORMOSO,DENTRO,115,0.07,0.0,0.0
ROBERTA ROMA,PL,CASA NOVA,DENTRO,114,0.07,0.0,0.0
ROBERTA ROMA,PL,ITUBERA,DENTRO,113,0.07,0.0,0.0
ROBERTA ROMA,PL,CURACA,DENTRO,112,0.07,0.0,0.0
ROBERTA ROMA,PL,CARINHANHA,DENTRO,111,0.07,0.0,0.0
ROBERTA ROMA,PL,MARACAS,DENTRO,110,0.07,0.0,0.0
ROBERTA ROMA,PL,RIACHAO DO JACUIPE,DENTRO,109,0.07,0.0,0.0
ROBERTA ROMA,PL,UBAIRA,DENTRO,109,0.07,0.0,0.0
ROBERTA ROMA,PL,ITATIM,DENTRO,107,0.07,0.0,0.0
ROBERTA ROMA,PL,CACHOEIRA,DENTRO,107,0.07,0.0,0.0
ROBERTA ROMA,PL,BELMONTE,DENTRO,104,0.06,0.0,0.0
ROBERTA ROMA,PL,BARROCAS,DENTRO,103,0.06,0.0,0.0
ROBERTA ROMA,PL,IGUAI,DENTRO,103,0.06,0.0,0.0
ROBERTA ROMA,PL,IRARA,DENTRO,99,0.06,0.0,0.0
ROBERTA ROMA,PL,RIO REAL,DENTRO,98,0.06,0.0,0.0
ROBERTA ROMA,PL,AMELIA RODRIGUES,DENTRO,97,0.06,0.0,0.0
ROBERTA ROMA,PL,CANAVIEIRAS,DENTRO,97,0.06,0.0,0.0
ROBERTA ROMA,PL,ADUSTINA,DENTRO,97,0.06,0.0,0.0
ROBERTA ROMA,PL,IPIAU,DENTRO,96,0.06,0.0,0.0
ROBERTA ROMA,PL,SAO FELIX,DENTRO,95,0.06,0.0,0.0
ROBERTA ROMA,PL,ITAGIMIRIM,DENTRO,95,0.06,0.0,0.0
ROBERTA ROMA,PL,JOAO DOURADO,DENTRO,93,0.06,0.0,0.0
ROBERTA ROMA,PL,CONCEICAO DO ALMEIDA,DENTRO,92,0.06,0.0,0.0
ROBERTA ROMA,PL,PILAO ARCADO,DENTRO,92,0.06,0.0,0.0
ROBERTA ROMA,PL,MACARANI,DENTRO,90,0.06,0.0,0.0
ROBERTA ROMA,PL,SANTANA,DENTRO,90,0.06,0.0,0.0
ROBERTA ROMA,PL,ELISIO MEDRADO,DENTRO,89,0.06,0.0,0.0
ROBERTA ROMA,PL,SAO SEBASTIAO DO PASSE,DENTRO,89,0.06,0.0,0.0
ROBERTA ROMA,PL,LAMARAO,DENTRO,88,0.05,0.0,0.0
ROBERTA ROMA,PL,CORACAO DE MARIA,DENTRO,88,0.05,0.0,0.0
ROBERTA ROMA,PL,RUY BARBOSA,DENTRO,87,0.05,0.0,0.0
ROBERTA ROMA,PL,ITACARE,DENTRO,86,0.05,0.0,0.0
ROBERTA ROMA,PL,ANTONIO GONCALVES,DENTRO,85,0.05,0.0,0.0
ROBERTA ROMA,PL,ITARANTIM,DENTRO,85,0.05,0.0,0.0
ROBERTA ROMA,PL,IBOTIRAMA,DENTRO,85,0.05,0.0,0.0
ROBERTA ROMA,PL,PIRITIBA,DENTRO,84,0.05,0.0,0.0
ROBERTA ROMA,PL,COARACI,DENTRO,84,0.05,0.0,0.0
ROBERTA ROMA,PL,XIQUE-XIQUE,DENTRO,83,0.05,0.0,0.0
ROBERTA ROMA,PL,CAIRU,DENTRO,83,0.05,0.0,0.0
ROBERTA ROMA,PL,IPECAETA,DENTRO,83,0.05,0.0,0.0
ROBERTA ROMA,PL,SENTO SE,DENTRO,82,0.05,0.0,0.0
ROBERTA ROMA,PL,BARRA DO CHOCA,DENTRO,82,0.05,0.0,0.0
ROBERTA ROMA,PL,ITORORO,DENTRO,82,0.05,0.0,0.0
ROBERTA ROMA,PL,SANTO AMARO,DENTRO,81,0.05,0.0,0.0
ROBERTA ROMA,PL,CANARANA,DENTRO,81,0.05,0.0,0.0
ROBERTA ROMA,PL,SITIO DO QUINTO,DENTRO,80,0.05,0.0,0.0
ROBERTA ROMA,PL,SANTA BRIGIDA,DENTRO,78,0.05,0.0,0.0
ROBERTA ROMA,PL,TREMEDAL,DENTRO,77,0.05,0.0,0.0
ROBERTA ROMA,PL,SEABRA,DENTRO,76,0.05,0.0,0.0
ROBERTA ROMA,PL,TAPEROA,DENTRO,75,0.05,0.0,0.0
ROBERTA ROMA,PL,UBATA,DENTRO,75,0.05,0.0,0.0
ROBERTA ROMA,PL,ANAGE,DENTRO,75,0.05,0.0,0.0
ROBERTA ROMA,PL,MORRO DO CHAPEU,DENTRO,75,0.05,0.0,0.0
ROBERTA ROMA,PL,UBAITABA,DENTRO,74,0.05,0.0,0.0
ROBERTA ROMA,PL,IBICOARA,DENTRO,73,0.05,0.0,0.0
ROBERTA ROMA,PL,MANOEL VITORINO,DENTRO,73,0.05,0.0,0.0
ROBERTA ROMA,PL,CANDIDO SALES,DENTRO,73,0.05,0.0,0.0
ROBERTA ROMA,PL,RIACHO DE SANTANA,DENTRO,72,0.04,0.0,0.0
ROBERTA ROMA,PL,IBICARAI,DENTRO,72,0.04,0.0,0.0
ROBERTA ROMA,PL,REMANSO,DENTRO,71,0.04,0.0,0.0
ROBERTA ROMA,PL,PEDRO ALEXANDRE,DENTRO,69,0.04,0.0,0.0
ROBERTA ROMA,PL,BREJOES,DENTRO,69,0.04,0.0,0.0
ROBERTA ROMA,PL,RETIROLANDIA,DENTRO,67,0.04,0.0,0.0
ROBERTA ROMA,PL,UNA,DENTRO,66,0.04,0.0,0.0
ROBERTA ROMA,PL,SANTA MARIA DA VITORIA,DENTRO,66,0.04,0.0,0.0
ROBERTA ROMA,PL,SOBRADINHO,DENTRO,66,0.04,0.0,0.0
ROBERTA ROMA,PL,SAO FRANCISCO DO CONDE,DENTRO,65,0.04,0.0,0.0
ROBERTA ROMA,PL,CANUDOS,DENTRO,65,0.04,0.0,0.0
ROBERTA ROMA,PL,BUERAREMA,DENTRO,65,0.04,0.0,0.0
ROBERTA ROMA,PL,NOVO HORIZONTE,DENTRO,65,0.04,0.0,0.0
ROBERTA ROMA,PL,SAO DESIDERIO,DENTRO,64,0.04,0.0,0.0
ROBERTA ROMA,PL,SANTA LUZIA,DENTRO,64,0.04,0.0,0.0
ROBERTA ROMA,PL,CALDEIRAO GRANDE,DENTRO,63,0.04,0.0,0.0
ROBERTA ROMA,PL,ITAJUIPE,DENTRO,63,0.04,0.0,0.0
ROBERTA ROMA,PL,CAMACA,DENTRO,61,0.04,0.0,0.0
ROBERTA ROMA,PL,MAIQUINIQUE,DENTRO,60,0.04,0.0,0.0
ROBERTA ROMA,PL,MUTUIPE,DENTRO,60,0.04,0.0,0.0
ROBERTA ROMA,PL,CORRENTINA,DENTRO,60,0.04,0.0,0.0
ROBERTA ROMA,PL,CIPO,DENTRO,60,0.04,0.0,0.0
ROBERTA ROMA,PL,ITAMBE,DENTRO,59,0.04,0.0,0.0
ROBERTA ROMA,PL,ACAJUTIBA,DENTRO,59,0.04,0.0,0.0
ROBERTA ROMA,PL,VEREDA,DENTRO,57,0.04,0.0,0.0
ROBERTA ROMA,PL,INHAMBUPE,DENTRO,57,0.04,0.0,0.0
ROBERTA ROMA,PL,NORDESTINA,DENTRO,57,0.04,0.0,0.0
ROBERTA ROMA,PL,ITAGUACU DA BAHIA,DENTRO,56,0.03,0.0,0.0
ROBERTA ROMA,PL,MADRE DE DEUS,DENTRO,56,0.03,0.0,0.0
ROBERTA ROMA,PL,DOM BASILIO,DENTRO,53,0.03,0.0,0.0
ROBERTA ROMA,PL,ITAPICURU,DENTRO,52,0.03,0.0,0.0
ROBERTA ROMA,PL,CACULE,DENTRO,52,0.03,0.0,0.0
ROBERTA ROMA,PL,RIO DO ANTONIO,DENTRO,51,0.03,0.0,0.0
ROBERTA ROMA,PL,MARAU,DENTRO,51,0.03,0.0,0.0
ROBERTA ROMA,PL,BAIXA GRANDE,DENTRO,51,0.03,0.0,0.0
ROBERTA ROMA,PL,ANTAS,DENTRO,51,0.03,0.0,0.0
ROBERTA ROMA,PL,FATIMA,DENTRO,50,0.03,0.0,0.0
ROBERTA ROMA,PL,SEBASTIAO LARANJEIRAS,DENTRO,50,0.03,0.0,0.0
ROBERTA ROMA,PL,BOA VISTA DO TUPIM,DENTRO,49,0.03,0.0,0.0
ROBERTA ROMA,PL,SALINAS DA MARGARIDA,DENTRO,49,0.03,0.0,0.0
ROBERTA ROMA,PL,QUIJINGUE,DENTRO,49,0.03,0.0,0.0
ROBERTA ROMA,PL,JACARACI,DENTRO,49,0.03,0.0,0.0
ROBERTA ROMA,PL,NOVA SOURE,DENTRO,49,0.03,0.0,0.0
ROBERTA ROMA,PL,URUCUCA,DENTRO,48,0.03,0.0,0.0
ROBERTA ROMA,PL,POTIRAGUA,DENTRO,48,0.03,0.0,0.0
ROBERTA ROMA,PL,FILADELFIA,DENTRO,48,0.03,0.0,0.0
ROBERTA ROMA,PL,MUNIZ FERREIRA,DENTRO,48,0.03,0.0,0.0
ROBERTA ROMA,PL,VARZEA NOVA,DENTRO,47,0.03,0.0,0.0
ROBERTA ROMA,PL,NOVA CANAA,DENTRO,47,0.03,0.0,0.0
ROBERTA ROMA,PL,CARAIBAS,DENTRO,47,0.03,0.0,0.0
ROBERTA ROMA,PL,BANZAE,DENTRO,47,0.03,0.0,0.0
ROBERTA ROMA,PL,CONDE,DENTRO,47,0.03,0.0,0.0
ROBERTA ROMA,PL,GUARATINGA,DENTRO,46,0.03,0.0,0.0
ROBERTA ROMA,PL,JIQUIRICA,DENTRO,46,0.03,0.0,0.0
ROBERTA ROMA,PL,SATIRO DIAS,DENTRO,46,0.03,0.0,0.0
ROBERTA ROMA,PL,GLORIA,DENTRO,46,0.03,0.0,0.0
ROBERTA ROMA,PL,OLINDINA,DENTRO,46,0.03,0.0,0.0
ROBERTA ROMA,PL,GAVIAO,DENTRO,46,0.03,0.0,0.0
ROBERTA ROMA,PL,BARRA DO MENDES,DENTRO,45,0.03,0.0,0.0
ROBERTA ROMA,PL,RIACHAO DAS NEVES,DENTRO,45,0.03,0.0,0.0
ROBERTA ROMA,PL,ANGICAL,DENTRO,45,0.03,0.0,0.0
ROBERTA ROMA,PL,ANDORINHA,DENTRO,44,0.03,0.0,0.0
ROBERTA ROMA,PL,RIO DE CONTAS,DENTRO,44,0.03,0.0,0.0
ROBERTA ROMA,PL,ITIRUCU,DENTRO,42,0.03,0.0,0.0
ROBERTA ROMA,PL,PALMAS DE MONTE ALTO,DENTRO,42,0.03,0.0,0.0
ROBERTA ROMA,PL,BAIANOPOLIS,DENTRO,41,0.03,0.0,0.0
ROBERTA ROMA,PL,SOUTO SOARES,DENTRO,41,0.03,0.0,0.0
ROBERTA ROMA,PL,JAGUARIPE,DENTRO,40,0.02,0.0,0.0
ROBERTA ROMA,PL,NOVA FATIMA,DENTRO,40,0.02,0.0,0.0
ROBERTA ROMA,PL,CANDIBA,DENTRO,39,0.02,0.0,0.0
ROBERTA ROMA,PL,ITAETE,DENTRO,38,0.02,0.0,0.0
ROBERTA ROMA,PL,SAO FELIX DO CORIBE,DENTRO,38,0.02,0.0,0.0
ROBERTA ROMA,PL,PLANALTO,DENTRO,38,0.02,0.0,0.0
ROBERTA ROMA,PL,IBIRAPITANGA,DENTRO,38,0.02,0.0,0.0
ROBERTA ROMA,PL,PE DE SERRA,DENTRO,38,0.02,0.0,0.0
ROBERTA ROMA,PL,JITAUNA,DENTRO,38,0.02,0.0,0.0
ROBERTA ROMA,PL,PALMEIRAS,DENTRO,38,0.02,0.0,0.0
ROBERTA ROMA,PL,BONITO,DENTRO,38,0.02,0.0,0.0
ROBERTA ROMA,PL,CONDEUBA,DENTRO,37,0.02,0.0,0.0
ROBERTA ROMA,PL,JAGUARARI,DENTRO,37,0.02,0.0,0.0
ROBERTA ROMA,PL,SAUDE,DENTRO,37,0.02,0.0,0.0
ROBERTA ROMA,PL,ITUACU,DENTRO,37,0.02,0.0,0.0
ROBERTA ROMA,PL,NILO PECANHA,DENTRO,37,0.02,0.0,0.0
ROBERTA ROMA,PL,BARRA,DENTRO,36,0.02,0.0,0.0
ROBERTA ROMA,PL,MIRANGABA,DENTRO,36,0.02,0.0,0.0
ROBERTA ROMA,PL,ARACAS,DENTRO,36,0.02,0.0,0.0
ROBERTA ROMA,PL,ANTONIO CARDOSO,DENTRO,36,0.02,0.0,0.0
ROBERTA ROMA,PL,CAFARNAUM,DENTRO,36,0.02,0.0,0.0
ROBERTA ROMA,PL,MILAGRES,DENTRO,35,0.02,0.0,0.0
ROBERTA ROMA,PL,ITAGIBA,DENTRO,35,0.02,0.0,0.0
ROBERTA ROMA,PL,VARZEA DO POCO,DENTRO,35,0.02,0.0,0.0
ROBERTA ROMA,PL,CAMPO ALEGRE DE LOURDES,DENTRO,35,0.02,0.0,0.0
ROBERTA ROMA,PL,BARRA DA ESTIVA,DENTRO,34,0.02,0.0,0.0
ROBERTA ROMA,PL,ENCRUZILHADA,DENTRO,34,0.02,0.0,0.0
ROBERTA ROMA,PL,LICINIO DE ALMEIDA,DENTRO,34,0.02,0.0,0.0
ROBERTA ROMA,PL,OLIVEIRA DOS BREJINHOS,DENTRO,34,0.02,0.0,0.0
ROBERTA ROMA,PL,MUNDO NOVO,DENTRO,34,0.02,0.0,0.0
ROBERTA ROMA,PL,SAO DOMINGOS,DENTRO,34,0.02,0.0,0.0
ROBERTA ROMA,PL,JUCURUCU,DENTRO,34,0.02,0.0,0.0
ROBERTA ROMA,PL,ABAIRA,DENTRO,34,0.02,0.0,0.0
ROBERTA ROMA,PL,ARATUIPE,DENTRO,34,0.02,0.0,0.0
ROBERTA ROMA,PL,SERRA DO RAMALHO,DENTRO,34,0.02,0.0,0.0
ROBERTA ROMA,PL,MASCOTE,DENTRO,33,0.02,0.0,0.0
ROBERTA ROMA,PL,MANSIDAO,DENTRO,33,0.02,0.0,0.0
ROBERTA ROMA,PL,PAU BRASIL,DENTRO,33,0.02,0.0,0.0
ROBERTA ROMA,PL,NOVA ITARANA,DENTRO,33,0.02,0.0,0.0
ROBERTA ROMA,PL,BOA NOVA,DENTRO,32,0.02,0.0,0.0
ROBERTA ROMA,PL,SERRA DOURADA,DENTRO,32,0.02,0.0,0.0
ROBERTA ROMA,PL,ERICO CARDOSO,DENTRO,32,0.02,0.0,0.0
ROBERTA ROMA,PL,PIATA,DENTRO,32,0.02,0.0,0.0
ROBERTA ROMA,PL,IBITIARA,DENTRO,31,0.02,0.0,0.0
ROBERTA ROMA,PL,SAUBARA,DENTRO,31,0.02,0.0,0.0
ROBERTA ROMA,PL,BARRO ALTO,DENTRO,30,0.02,0.0,0.0
ROBERTA ROMA,PL,ITANAGRA,DENTRO,30,0.02,0.0,0.0
ROBERTA ROMA,PL,BARRA DO ROCHA,DENTRO,29,0.02,0.0,0.0
ROBERTA ROMA,PL,MARCIONILIO SOUZA,DENTRO,29,0.02,0.0,0.0
ROBERTA ROMA,PL,SAO GABRIEL,DENTRO,29,0.02,0.0,0.0
ROBERTA ROMA,PL,SANTANOPOLIS,DENTRO,28,0.02,0.0,0.0
ROBERTA ROMA,PL,WENCESLAU GUIMARAES,DENTRO,28,0.02,0.0,0.0
ROBERTA ROMA,PL,ITAJU DO COLONIA,DENTRO,28,0.02,0.0,0.0
ROBERTA ROMA,PL,PARATINGA,DENTRO,27,0.02,0.0,0.0
ROBERTA ROMA,PL,FLORESTA AZUL,DENTRO,27,0.02,0.0,0.0
ROBERTA ROMA,PL,ITAPITANGA,DENTRO,27,0.02,0.0,0.0
ROBERTA ROMA,PL,BOQUIRA,DENTRO,27,0.02,0.0,0.0
ROBERTA ROMA,PL,CATURAMA,DENTRO,27,0.02,0.0,0.0
ROBERTA ROMA,PL,BOTUPORA,DENTRO,26,0.02,0.0,0.0
ROBERTA ROMA,PL,TANQUE NOVO,DENTRO,26,0.02,0.0,0.0
ROBERTA ROMA,PL,PINDOBACU,DENTRO,26,0.02,0.0,0.0
ROBERTA ROMA,PL,TEOLANDIA,DENTRO,26,0.02,0.0,0.0
ROBERTA ROMA,PL,DOM MACEDO COSTA,DENTRO,26,0.02,0.0,0.0
ROBERTA ROMA,PL,DARIO MEIRA,DENTRO,26,0.02,0.0,0.0
ROBERTA ROMA,PL,AGUA FRIA,DENTRO,25,0.02,0.0,0.0
ROBERTA ROMA,PL,TERRA NOVA,DENTRO,25,0.02,0.0,0.0
ROBERTA ROMA,PL,CAATIBA,DENTRO,25,0.02,0.0,0.0
ROBERTA ROMA,PL,AMERICA DOURADA,DENTRO,25,0.02,0.0,0.0
ROBERTA ROMA,PL,IRAMAIA,DENTRO,24,0.01,0.0,0.0
ROBERTA ROMA,PL,CENTRAL,DENTRO,24,0.01,0.0,0.0
ROBERTA ROMA,PL,BREJOLANDIA,DENTRO,24,0.01,0.0,0.0
ROBERTA ROMA,PL,NOVA IBIA,DENTRO,23,0.01,0.0,0.0
ROBERTA ROMA,PL,CRISOPOLIS,DENTRO,23,0.01,0.0,0.0
ROBERTA ROMA,PL,HELIOPOLIS,DENTRO,23,0.01,0.0,0.0
ROBERTA ROMA,PL,TAPIRAMUTA,DENTRO,23,0.01,0.0,0.0
ROBERTA ROMA,PL,WAGNER,DENTRO,23,0.01,0.0,0.0
ROBERTA ROMA,PL,COCOS,DENTRO,22,0.01,0.0,0.0
ROBERTA ROMA,PL,IBIASSUCE,DENTRO,22,0.01,0.0,0.0
ROBERTA ROMA,PL,SANTA INES,DENTRO,21,0.01,0.0,0.0
ROBERTA ROMA,PL,CARDEAL DA SILVA,DENTRO,21,0.01,0.0,0.0
ROBERTA ROMA,PL,CORIBE,DENTRO,21,0.01,0.0,0.0
ROBERTA ROMA,PL,IGAPORA,DENTRO,21,0.01,0.0,0.0
ROBERTA ROMA,PL,BONINAL,DENTRO,21,0.01,0.0,0.0
ROBERTA ROMA,PL,IBITITA,DENTRO,20,0.01,0.0,0.0
ROBERTA ROMA,PL,CAEM,DENTRO,20,0.01,0.0,0.0
ROBERTA ROMA,PL,FIRMINO ALVES,DENTRO,20,0.01,0.0,0.0
ROBERTA ROMA,PL,LAJEDO DO TABOCAL,DENTRO,19,0.01,0.0,0.0
ROBERTA ROMA,PL,RIBEIRA DO AMPARO,DENTRO,19,0.01,0.0,0.0
ROBERTA ROMA,PL,MALHADA DE PEDRAS,DENTRO,19,0.01,0.0,0.0
ROBERTA ROMA,PL,MACAJUBA,DENTRO,19,0.01,0.0,0.0
ROBERTA ROMA,PL,PINTADAS,DENTRO,18,0.01,0.0,0.0
ROBERTA ROMA,PL,CHORROCHO,DENTRO,18,0.01,0.0,0.0
ROBERTA ROMA,PL,IBIPEBA,DENTRO,18,0.01,0.0,0.0
ROBERTA ROMA,PL,APUAREMA,DENTRO,18,0.01,0.0,0.0
ROBERTA ROMA,PL,NOVA REDENCAO,DENTRO,18,0.01,0.0,0.0
ROBERTA ROMA,PL,PIRAI DO NORTE,DENTRO,18,0.01,0.0,0.0
ROBERTA ROMA,PL,WANDERLEY,DENTRO,18,0.01,0.0,0.0
ROBERTA ROMA,PL,SITIO DO MATO,DENTRO,17,0.01,0.0,0.0
ROBERTA ROMA,PL,IUIU,DENTRO,17,0.01,0.0,0.0
ROBERTA ROMA,PL,BURITIRAMA,DENTRO,16,0.01,0.0,0.0
ROBERTA ROMA,PL,RIBEIRAO DO LARGO,DENTRO,16,0.01,0.0,0.0
ROBERTA ROMA,PL,AURELINO LEAL,DENTRO,16,0.01,0.0,0.0
ROBERTA ROMA,PL,IBICUI,DENTRO,16,0.01,0.0,0.0
ROBERTA ROMA,PL,RIO DO PIRES,DENTRO,15,0.01,0.0,0.0
ROBERTA ROMA,PL,PRESIDENTE DUTRA,DENTRO,15,0.01,0.0,0.0
ROBERTA ROMA,PL,ARAMARI,DENTRO,15,0.01,0.0,0.0
ROBERTA ROMA,PL,ITAQUARA,DENTRO,15,0.01,0.0,0.0
ROBERTA ROMA,PL,PEDRAO,DENTRO,15,0.01,0.0,0.0
ROBERTA ROMA,PL,OURICANGAS,DENTRO,14,0.01,0.0,0.0
ROBERTA ROMA,PL,JANDAIRA,DENTRO,14,0.01,0.0,0.0
ROBERTA ROMA,PL,IBIQUERA,DENTRO,14,0.01,0.0,0.0
ROBERTA ROMA,PL,JUSSARI,DENTRO,14,0.01,0.0,0.0
ROBERTA ROMA,PL,MORPARA,DENTRO,14,0.01,0.0,0.0
ROBERTA ROMA,PL,MUQUEM DO SAO FRANCISCO,DENTRO,13,0.01,0.0,0.0
ROBERTA ROMA,PL,PLANALTINO,DENTRO,13,0.01,0.0,0.0
ROBERTA ROMA,PL,MATINA,DENTRO,13,0.01,0.0,0.0
ROBERTA ROMA,PL,NOVO TRIUNFO,DENTRO,13,0.01,0.0,0.0
ROBERTA ROMA,PL,LAFAIETE COUTINHO,DENTRO,13,0.01,0.0,0.0
ROBERTA ROMA,PL,ITAGI,DENTRO,13,0.01,0.0,0.0
ROBERTA ROMA,PL,UIBAI,DENTRO,12,0.01,0.0,0.0
ROBERTA ROMA,PL,COTEGIPE,DENTRO,12,0.01,0.0,0.0
ROBERTA ROMA,PL,IPUPIARA,DENTRO,12,0.01,0.0,0.0
ROBERTA ROMA,PL,JABORANDI,DENTRO,12,0.01,0.0,0.0
ROBERTA ROMA,PL,IRAJUBA,DENTRO,12,0.01,0.0,0.0
ROBERTA ROMA,PL,ITAMARI,DENTRO,12,0.01,0.0,0.0
ROBERTA ROMA,PL,MALHADA,DENTRO,12,0.01,0.0,0.0
ROBERTA ROMA,PL,GENTIO DO OURO,DENTRO,12,0.01,0.0,0.0
ROBERTA ROMA,PL,RODELAS,DENTRO,12,0.01,0.0,0.0
ROBERTA ROMA,PL,PRESIDENTE JANIO QUADROS,DENTRO,12,0.01,0.0,0.0
ROBERTA ROMA,PL,MAETINGA,DENTRO,11,0.01,0.0,0.0
ROBERTA ROMA,PL,CAETANOS,DENTRO,11,0.01,0.0,0.0
ROBERTA ROMA,PL,GONGOGI,DENTRO,10,0.01,0.0,0.0
ROBERTA ROMA,PL,JUSSARA,DENTRO,10,0.01,0.0,0.0
ROBERTA ROMA,PL,PIRIPA,DENTRO,10,0.01,0.0,0.0
ROBERTA ROMA,PL,ARATACA,DENTRO,10,0.01,0.0,0.0
ROBERTA ROMA,PL,CORDEIROS,DENTRO,10,0.01,0.0,0.0
ROBERTA ROMA,PL,BROTAS DE MACAUBAS,DENTRO,9,0.01,0.0,0.0
ROBERTA ROMA,PL,JUSSIAPE,DENTRO,9,0.01,0.0,0.0
ROBERTA ROMA,PL,SANTA CRUZ DA VITORIA,DENTRO,8,0.00,0.0,0.0
ROBERTA ROMA,PL,ABARE,DENTRO,8,0.00,0.0,0.0
ROBERTA ROMA,PL,LAJEDINHO,DENTRO,7,0.00,0.0,0.0
ROBERTA ROMA,PL,BARRO PRETO,DENTRO,7,0.00,0.0,0.0
ROBERTA ROMA,PL,CONTENDAS DO SINCORA,DENTRO,7,0.00,0.0,0.0
ROBERTA ROMA,PL,BOM JESUS DA SERRA,DENTRO,7,0.00,0.0,0.0
ROBERTA ROMA,PL,GUAJERU,DENTRO,6,0.00,0.0,0.0
ROBERTA ROMA,PL,SAO JOSE DA VITORIA,DENTRO,6,0.00,0.0,0.0
ROBERTA ROMA,PL,MULUNGU DO MORRO,DENTRO,5,0.00,0.0,0.0
ROBERTA ROMA,PL,ALMADINA,DENTRO,5,0.00,0.0,0.0
ROBERTA ROMA,PL,MIRANTE,DENTRO,5,0.00,0.0,0.0
ROBERTA ROMA,PL,CATOLANDIA,DENTRO,5,0.00,0.0,0.0
ROBERTA ROMA,PL,FEIRA DA MATA,DENTRO,4,0.00,0.0,0.0
ROBERTA ROMA,PL,CRAVOLANDIA,DENTRO,4,0.00,0.0,0.0
ROBERTA ROMA,PL,MACURURE,DENTRO,3,0.00,0.0,0.0
ROBERTA ROMA,PL,AIQUARA,DENTRO,2,0.00,0.0,0.0
ROBERTA ROMA,PL,MULTIPLO,AMPLO,0,0,92009111.97,77.54
ROBERTA ROMA,PL,SEM INFORMACAO,AMPLO,0,0,18655840.25,15.72
ROBERTA ROMA,PL,SANTO ANTONIO DE JESUS (BAHIA),FORA,0,0,3000000.0,2.53
ROBERTA ROMA,PL,CRUZ DAS ALMAS (BAHIA),FORA,0,0,2099957.0,1.77
ROBERTA ROMA,PL,SERRINHA (BAHIA),FORA,0,0,2000000.0,1.69
ROBERTA ROMA,PL,SALVADOR (BAHIA),FORA,0,0,500000.0,0.42
ROBERTA ROMA,PL,FEIRA DE SANTANA (BAHIA),FORA,0,0,200000.0,0.17
ROBERTA ROMA,PL,DIAS D'AVILA (BAHIA),FORA,0,0,100000.0,0.08
ROBERTA ROMA,PL,CACHOEIRA PAULISTA (SAO PAULO),FORA,0,0,100000.0,0.08
CLAUDIO CAJADO,PP,TANQUE NOVO,DENTRO,6433,4.17,0.0,0.0
CLAUDIO CAJADO,PP,BARRA DA ESTIVA,DENTRO,6313,4.10,0.0,0.0
CLAUDIO CAJADO,PP,PINDOBACU,DENTRO,5255,3.41,0.0,0.0
CLAUDIO CAJADO,PP,IBICOARA,DENTRO,5015,3.25,0.0,0.0
CLAUDIO CAJADO,PP,CARAVELAS,DENTRO,4514,2.93,0.0,0.0
CLAUDIO CAJADO,PP,SANTA CRUZ CABRALIA,DENTRO,4133,2.68,0.0,0.0
CLAUDIO CAJADO,PP,VALENCA,DENTRO,3682,2.39,0.0,0.0
CLAUDIO CAJADO,PP,TAPIRAMUTA,DENTRO,3659,2.37,0.0,0.0
CLAUDIO CAJADO,PP,SEABRA,DENTRO,3524,2.29,0.0,0.0
CLAUDIO CAJADO,PP,ALAGOINHAS,DENTRO,3521,2.28,0.0,0.0
CLAUDIO CAJADO,PP,SALVADOR,DENTRO,3462,2.25,0.0,0.0
CLAUDIO CAJADO,PP,PIRITIBA,DENTRO,3290,2.14,0.0,0.0
CLAUDIO CAJADO,PP,SITIO DO QUINTO,DENTRO,3282,2.13,0.0,0.0
CLAUDIO CAJADO,PP,RIBEIRA DO AMPARO,DENTRO,3211,2.08,0.0,0.0
CLAUDIO CAJADO,PP,IPIRA,DENTRO,3127,2.03,0.0,0.0
CLAUDIO CAJADO,PP,RIO DE CONTAS,DENTRO,2917,1.89,0.0,0.0
CLAUDIO CAJADO,PP,LAJE,DENTRO,2473,1.60,0.0,0.0
CLAUDIO CAJADO,PP,MULUNGU DO MORRO,DENTRO,2465,1.60,0.0,0.0
CLAUDIO CAJADO,PP,ANDORINHA,DENTRO,2416,1.57,0.0,0.0
CLAUDIO CAJADO,PP,CARDEAL DA SILVA,DENTRO,2375,1.54,0.0,0.0
CLAUDIO CAJADO,PP,IBIRAPUA,DENTRO,2362,1.53,0.0,0.0
CLAUDIO CAJADO,PP,PRESIDENTE DUTRA,DENTRO,2322,1.51,0.0,0.0
CLAUDIO CAJADO,PP,PIATA,DENTRO,2187,1.42,0.0,0.0
CLAUDIO CAJADO,PP,IPUPIARA,DENTRO,2152,1.40,0.0,0.0
CLAUDIO CAJADO,PP,PINDAI,DENTRO,2112,1.37,0.0,0.0
CLAUDIO CAJADO,PP,SAO JOSE DO JACUIPE,DENTRO,2102,1.36,0.0,0.0
CLAUDIO CAJADO,PP,CANARANA,DENTRO,2086,1.35,0.0,0.0
CLAUDIO CAJADO,PP,IRAMAIA,DENTRO,2023,1.31,0.0,0.0
CLAUDIO CAJADO,PP,NOVO HORIZONTE,DENTRO,1932,1.25,0.0,0.0
CLAUDIO CAJADO,PP,BELMONTE,DENTRO,1827,1.19,0.0,0.0
CLAUDIO CAJADO,PP,CAFARNAUM,DENTRO,1798,1.17,0.0,0.0
CLAUDIO CAJADO,PP,CANDIDO SALES,DENTRO,1705,1.11,0.0,0.0
CLAUDIO CAJADO,PP,DIAS D AVILA,DENTRO,1606,1.04,0.0,0.0
CLAUDIO CAJADO,PP,SAO FELIPE,DENTRO,1554,1.01,0.0,0.0
CLAUDIO CAJADO,PP,NOVA IBIA,DENTRO,1370,0.89,0.0,0.0
CLAUDIO CAJADO,PP,APUAREMA,DENTRO,1348,0.87,0.0,0.0
CLAUDIO CAJADO,PP,SAO GONCALO DOS CAMPOS,DENTRO,1297,0.84,0.0,0.0
CLAUDIO CAJADO,PP,IUIU,DENTRO,1279,0.83,0.0,0.0
CLAUDIO CAJADO,PP,BROTAS DE MACAUBAS,DENTRO,1184,0.77,0.0,0.0
CLAUDIO CAJADO,PP,OUROLANDIA,DENTRO,1145,0.74,0.0,0.0
CLAUDIO CAJADO,PP,ANGUERA,DENTRO,1116,0.72,0.0,0.0
CLAUDIO CAJADO,PP,VITORIA DA CONQUISTA,DENTRO,1073,0.70,0.0,0.0
CLAUDIO CAJADO,PP,BARRA DO MENDES,DENTRO,1046,0.68,0.0,0.0
CLAUDIO CAJADO,PP,CRISOPOLIS,DENTRO,1043,0.68,0.0,0.0
CLAUDIO CAJADO,PP,PLANALTO,DENTRO,1021,0.66,0.0,0.0
CLAUDIO CAJADO,PP,CONDE,DENTRO,1014,0.66,0.0,0.0
CLAUDIO CAJADO,PP,TEIXEIRA DE FREITAS,DENTRO,937,0.61,0.0,0.0
CLAUDIO CAJADO,PP,CONTENDAS DO SINCORA,DENTRO,898,0.58,0.0,0.0
CLAUDIO CAJADO,PP,SANTO ESTEVAO,DENTRO,835,0.54,0.0,0.0
CLAUDIO CAJADO,PP,CASTRO ALVES,DENTRO,821,0.53,0.0,0.0
CLAUDIO CAJADO,PP,FEIRA DE SANTANA,DENTRO,776,0.50,0.0,0.0
CLAUDIO CAJADO,PP,AMELIA RODRIGUES,DENTRO,734,0.48,0.0,0.0
CLAUDIO CAJADO,PP,ITIUBA,DENTRO,722,0.47,0.0,0.0
CLAUDIO CAJADO,PP,TANQUINHO,DENTRO,719,0.47,0.0,0.0
CLAUDIO CAJADO,PP,IRECE,DENTRO,709,0.46,0.0,0.0
CLAUDIO CAJADO,PP,CAMACARI,DENTRO,704,0.46,0.0,0.0
CLAUDIO CAJADO,PP,ITAPICURU,DENTRO,695,0.45,0.0,0.0
CLAUDIO CAJADO,PP,ANTONIO GONCALVES,DENTRO,665,0.43,0.0,0.0
CLAUDIO CAJADO,PP,CAPIM GROSSO,DENTRO,640,0.42,0.0,0.0
CLAUDIO CAJADO,PP,ERICO CARDOSO,DENTRO,615,0.40,0.0,0.0
CLAUDIO CAJADO,PP,JUAZEIRO,DENTRO,588,0.38,0.0,0.0
CLAUDIO CAJADO,PP,RIACHO DE SANTANA,DENTRO,574,0.37,0.0,0.0
CLAUDIO CAJADO,PP,MIRANTE,DENTRO,574,0.37,0.0,0.0
CLAUDIO CAJADO,PP,ITUBERA,DENTRO,538,0.35,0.0,0.0
CLAUDIO CAJADO,PP,JOAO DOURADO,DENTRO,533,0.35,0.0,0.0
CLAUDIO CAJADO,PP,PRADO,DENTRO,523,0.34,0.0,0.0
CLAUDIO CAJADO,PP,SOUTO SOARES,DENTRO,521,0.34,0.0,0.0
CLAUDIO CAJADO,PP,IRAQUARA,DENTRO,519,0.34,0.0,0.0
CLAUDIO CAJADO,PP,SANTO AMARO,DENTRO,512,0.33,0.0,0.0
CLAUDIO CAJADO,PP,ANAGE,DENTRO,494,0.32,0.0,0.0
CLAUDIO CAJADO,PP,BAIXA GRANDE,DENTRO,494,0.32,0.0,0.0
CLAUDIO CAJADO,PP,ITARANTIM,DENTRO,493,0.32,0.0,0.0
CLAUDIO CAJADO,PP,MUCUGE,DENTRO,476,0.31,0.0,0.0
CLAUDIO CAJADO,PP,IBITITA,DENTRO,473,0.31,0.0,0.0
CLAUDIO CAJADO,PP,CORDEIROS,DENTRO,467,0.30,0.0,0.0
CLAUDIO CAJADO,PP,MACARANI,DENTRO,452,0.29,0.0,0.0
CLAUDIO CAJADO,PP,LAJEDAO,DENTRO,443,0.29,0.0,0.0
CLAUDIO CAJADO,PP,SANTA BARBARA,DENTRO,414,0.27,0.0,0.0
CLAUDIO CAJADO,PP,IRAJUBA,DENTRO,406,0.26,0.0,0.0
CLAUDIO CAJADO,PP,MUTUIPE,DENTRO,392,0.25,0.0,0.0
CLAUDIO CAJADO,PP,GAVIAO,DENTRO,387,0.25,0.0,0.0
CLAUDIO CAJADO,PP,JUCURUCU,DENTRO,372,0.24,0.0,0.0
CLAUDIO CAJADO,PP,JUSSARA,DENTRO,331,0.21,0.0,0.0
CLAUDIO CAJADO,PP,JACOBINA,DENTRO,331,0.21,0.0,0.0
CLAUDIO CAJADO,PP,CAETANOS,DENTRO,330,0.21,0.0,0.0
CLAUDIO CAJADO,PP,BONINAL,DENTRO,329,0.21,0.0,0.0
CLAUDIO CAJADO,PP,IRARA,DENTRO,325,0.21,0.0,0.0
CLAUDIO CAJADO,PP,ALCOBACA,DENTRO,316,0.21,0.0,0.0
CLAUDIO CAJADO,PP,MEDEIROS NETO,DENTRO,312,0.20,0.0,0.0
CLAUDIO CAJADO,PP,JEQUIE,DENTRO,301,0.20,0.0,0.0
CLAUDIO CAJADO,PP,PORTO SEGURO,DENTRO,274,0.18,0.0,0.0
CLAUDIO CAJADO,PP,BARRA DO CHOCA,DENTRO,271,0.18,0.0,0.0
CLAUDIO CAJADO,PP,BARREIRAS,DENTRO,270,0.18,0.0,0.0
CLAUDIO CAJADO,PP,MANOEL VITORINO,DENTRO,269,0.17,0.0,0.0
CLAUDIO CAJADO,PP,EUNAPOLIS,DENTRO,255,0.17,0.0,0.0
CLAUDIO CAJADO,PP,SANTA RITA DE CASSIA,DENTRO,252,0.16,0.0,0.0
CLAUDIO CAJADO,PP,ARACI,DENTRO,252,0.16,0.0,0.0
CLAUDIO CAJADO,PP,ARACAS,DENTRO,248,0.16,0.0,0.0
CLAUDIO CAJADO,PP,ITUACU,DENTRO,245,0.16,0.0,0.0
CLAUDIO CAJADO,PP,LAURO DE FREITAS,DENTRO,226,0.15,0.0,0.0
CLAUDIO CAJADO,PP,SIMOES FILHO,DENTRO,212,0.14,0.0,0.0
CLAUDIO CAJADO,PP,JUSSIAPE,DENTRO,205,0.13,0.0,0.0
CLAUDIO CAJADO,PP,CAETITE,DENTRO,197,0.13,0.0,0.0
CLAUDIO CAJADO,PP,TERRA NOVA,DENTRO,189,0.12,0.0,0.0
CLAUDIO CAJADO,PP,DARIO MEIRA,DENTRO,187,0.12,0.0,0.0
CLAUDIO CAJADO,PP,LAJEDO DO TABOCAL,DENTRO,183,0.12,0.0,0.0
CLAUDIO CAJADO,PP,SENHOR DO BONFIM,DENTRO,181,0.12,0.0,0.0
CLAUDIO CAJADO,PP,CORACAO DE MARIA,DENTRO,180,0.12,0.0,0.0
CLAUDIO CAJADO,PP,MARAGOGIPE,DENTRO,178,0.12,0.0,0.0
CLAUDIO CAJADO,PP,AMERICA DOURADA,DENTRO,175,0.11,0.0,0.0
CLAUDIO CAJADO,PP,CAMPO FORMOSO,DENTRO,170,0.11,0.0,0.0
CLAUDIO CAJADO,PP,MAIRI,DENTRO,169,0.11,0.0,0.0
CLAUDIO CAJADO,PP,ITAMARAJU,DENTRO,168,0.11,0.0,0.0
CLAUDIO CAJADO,PP,SAO GABRIEL,DENTRO,157,0.10,0.0,0.0
CLAUDIO CAJADO,PP,SERRA DO RAMALHO,DENTRO,155,0.10,0.0,0.0
CLAUDIO CAJADO,PP,DOM BASILIO,DENTRO,151,0.10,0.0,0.0
CLAUDIO CAJADO,PP,LUIS EDUARDO MAGALHAES,DENTRO,144,0.09,0.0,0.0
CLAUDIO CAJADO,PP,SAO SEBASTIAO DO PASSE,DENTRO,144,0.09,0.0,0.0
CLAUDIO CAJADO,PP,BRUMADO,DENTRO,134,0.09,0.0,0.0
CLAUDIO CAJADO,PP,MORRO DO CHAPEU,DENTRO,132,0.09,0.0,0.0
CLAUDIO CAJADO,PP,MIGUEL CALMON,DENTRO,121,0.08,0.0,0.0
CLAUDIO CAJADO,PP,BOTUPORA,DENTRO,117,0.08,0.0,0.0
CLAUDIO CAJADO,PP,AGUA FRIA,DENTRO,115,0.07,0.0,0.0
CLAUDIO CAJADO,PP,ENTRE RIOS,DENTRO,113,0.07,0.0,0.0
CLAUDIO CAJADO,PP,MUNDO NOVO,DENTRO,112,0.07,0.0,0.0
CLAUDIO CAJADO,PP,LAMARAO,DENTRO,109,0.07,0.0,0.0
CLAUDIO CAJADO,PP,PARAMIRIM,DENTRO,108,0.07,0.0,0.0
CLAUDIO CAJADO,PP,ENCRUZILHADA,DENTRO,107,0.07,0.0,0.0
CLAUDIO CAJADO,PP,JAGUAQUARA,DENTRO,105,0.07,0.0,0.0
CLAUDIO CAJADO,PP,LIVRAMENTO DE NOSSA SENHORA,DENTRO,103,0.07,0.0,0.0
CLAUDIO CAJADO,PP,PONTO NOVO,DENTRO,99,0.06,0.0,0.0
CLAUDIO CAJADO,PP,CAMAMU,DENTRO,98,0.06,0.0,0.0
CLAUDIO CAJADO,PP,JAGUARARI,DENTRO,96,0.06,0.0,0.0
CLAUDIO CAJADO,PP,RIBEIRAO DO LARGO,DENTRO,95,0.06,0.0,0.0
CLAUDIO CAJADO,PP,ESPLANADA,DENTRO,95,0.06,0.0,0.0
CLAUDIO CAJADO,PP,BONITO,DENTRO,94,0.06,0.0,0.0
CLAUDIO CAJADO,PP,SANTO ANTONIO DE JESUS,DENTRO,87,0.06,0.0,0.0
CLAUDIO CAJADO,PP,PARATINGA,DENTRO,87,0.06,0.0,0.0
CLAUDIO CAJADO,PP,MAIQUINIQUE,DENTRO,87,0.06,0.0,0.0
CLAUDIO CAJADO,PP,MACAUBAS,DENTRO,85,0.06,0.0,0.0
CLAUDIO CAJADO,PP,ANTAS,DENTRO,83,0.05,0.0,0.0
CLAUDIO CAJADO,PP,CAIRU,DENTRO,80,0.05,0.0,0.0
CLAUDIO CAJADO,PP,MIRANGABA,DENTRO,80,0.05,0.0,0.0
CLAUDIO CAJADO,PP,ILHEUS,DENTRO,78,0.05,0.0,0.0
CLAUDIO CAJADO,PP,BARRO ALTO,DENTRO,76,0.05,0.0,0.0
CLAUDIO CAJADO,PP,ITAETE,DENTRO,76,0.05,0.0,0.0
CLAUDIO CAJADO,PP,PE DE SERRA,DENTRO,76,0.05,0.0,0.0
CLAUDIO CAJADO,PP,PIRIPA,DENTRO,75,0.05,0.0,0.0
CLAUDIO CAJADO,PP,RIO REAL,DENTRO,74,0.05,0.0,0.0
CLAUDIO CAJADO,PP,UNA,DENTRO,74,0.05,0.0,0.0
CLAUDIO CAJADO,PP,BOM JESUS DA LAPA,DENTRO,74,0.05,0.0,0.0
CLAUDIO CAJADO,PP,ITABUNA,DENTRO,72,0.05,0.0,0.0
CLAUDIO CAJADO,PP,GANDU,DENTRO,72,0.05,0.0,0.0
CLAUDIO CAJADO,PP,RIBEIRA DO POMBAL,DENTRO,70,0.05,0.0,0.0
CLAUDIO CAJADO,PP,CRUZ DAS ALMAS,DENTRO,69,0.04,0.0,0.0
CLAUDIO CAJADO,PP,NOVA VICOSA,DENTRO,66,0.04,0.0,0.0
CLAUDIO CAJADO,PP,UIBAI,DENTRO,65,0.04,0.0,0.0
CLAUDIO CAJADO,PP,XIQUE-XIQUE,DENTRO,64,0.04,0.0,0.0
CLAUDIO CAJADO,PP,GENTIO DO OURO,DENTRO,64,0.04,0.0,0.0
CLAUDIO CAJADO,PP,MUCURI,DENTRO,62,0.04,0.0,0.0
CLAUDIO CAJADO,PP,NAZARE,DENTRO,60,0.04,0.0,0.0
CLAUDIO CAJADO,PP,QUIXABEIRA,DENTRO,60,0.04,0.0,0.0
CLAUDIO CAJADO,PP,MONTE SANTO,DENTRO,56,0.04,0.0,0.0
CLAUDIO CAJADO,PP,UBAITABA,DENTRO,54,0.04,0.0,0.0
CLAUDIO CAJADO,PP,RAFAEL JAMBEIRO,DENTRO,54,0.04,0.0,0.0
CLAUDIO CAJADO,PP,POCOES,DENTRO,54,0.04,0.0,0.0
CLAUDIO CAJADO,PP,GUANAMBI,DENTRO,53,0.03,0.0,0.0
CLAUDIO CAJADO,PP,CENTRAL,DENTRO,52,0.03,0.0,0.0
CLAUDIO CAJADO,PP,CANDEIAS,DENTRO,51,0.03,0.0,0.0
CLAUDIO CAJADO,PP,CIPO,DENTRO,51,0.03,0.0,0.0
CLAUDIO CAJADO,PP,UMBURANAS,DENTRO,50,0.03,0.0,0.0
CLAUDIO CAJADO,PP,SAUDE,DENTRO,50,0.03,0.0,0.0
CLAUDIO CAJADO,PP,ITABERABA,DENTRO,49,0.03,0.0,0.0
CLAUDIO CAJADO,PP,TAPEROA,DENTRO,48,0.03,0.0,0.0
CLAUDIO CAJADO,PP,INHAMBUPE,DENTRO,47,0.03,0.0,0.0
CLAUDIO CAJADO,PP,IBIPEBA,DENTRO,46,0.03,0.0,0.0
CLAUDIO CAJADO,PP,TANHACU,DENTRO,46,0.03,0.0,0.0
CLAUDIO CAJADO,PP,CICERO DANTAS,DENTRO,45,0.03,0.0,0.0
CLAUDIO CAJADO,PP,SAO FRANCISCO DO CONDE,DENTRO,44,0.03,0.0,0.0
CLAUDIO CAJADO,PP,UTINGA,DENTRO,43,0.03,0.0,0.0
CLAUDIO CAJADO,PP,IPIAU,DENTRO,43,0.03,0.0,0.0
CLAUDIO CAJADO,PP,FILADELFIA,DENTRO,42,0.03,0.0,0.0
CLAUDIO CAJADO,PP,IGRAPIUNA,DENTRO,42,0.03,0.0,0.0
CLAUDIO CAJADO,PP,SERRINHA,DENTRO,41,0.03,0.0,0.0
CLAUDIO CAJADO,PP,RIO DO PIRES,DENTRO,41,0.03,0.0,0.0
CLAUDIO CAJADO,PP,IBIRATAIA,DENTRO,40,0.03,0.0,0.0
CLAUDIO CAJADO,PP,MATA DE SAO JOAO,DENTRO,39,0.03,0.0,0.0
CLAUDIO CAJADO,PP,PRESIDENTE TANCREDO NEVES,DENTRO,39,0.03,0.0,0.0
CLAUDIO CAJADO,PP,SERRA PRETA,DENTRO,38,0.02,0.0,0.0
CLAUDIO CAJADO,PP,CURACA,DENTRO,38,0.02,0.0,0.0
CLAUDIO CAJADO,PP,ARAMARI,DENTRO,38,0.02,0.0,0.0
CLAUDIO CAJADO,PP,CONCEICAO DO COITE,DENTRO,36,0.02,0.0,0.0
CLAUDIO CAJADO,PP,JAGUARIPE,DENTRO,36,0.02,0.0,0.0
CLAUDIO CAJADO,PP,POJUCA,DENTRO,36,0.02,0.0,0.0
CLAUDIO CAJADO,PP,MARACAS,DENTRO,36,0.02,0.0,0.0
CLAUDIO CAJADO,PP,IBITIARA,DENTRO,35,0.02,0.0,0.0
CLAUDIO CAJADO,PP,ITANHEM,DENTRO,35,0.02,0.0,0.0
CLAUDIO CAJADO,PP,CANAVIEIRAS,DENTRO,35,0.02,0.0,0.0
CLAUDIO CAJADO,PP,CATU,DENTRO,35,0.02,0.0,0.0
CLAUDIO CAJADO,PP,CONCEICAO DO JACUIPE,DENTRO,34,0.02,0.0,0.0
CLAUDIO CAJADO,PP,IBIPITANGA,DENTRO,34,0.02,0.0,0.0
CLAUDIO CAJADO,PP,LAPAO,DENTRO,32,0.02,0.0,0.0
CLAUDIO CAJADO,PP,ITAMARI,DENTRO,32,0.02,0.0,0.0
CLAUDIO CAJADO,PP,RIACHAO DO JACUIPE,DENTRO,31,0.02,0.0,0.0
CLAUDIO CAJADO,PP,CACHOEIRA,DENTRO,31,0.02,0.0,0.0
CLAUDIO CAJADO,PP,PIRAI DO NORTE,DENTRO,30,0.02,0.0,0.0
CLAUDIO CAJADO,PP,HELIOPOLIS,DENTRO,29,0.02,0.0,0.0
CLAUDIO CAJADO,PP,RIACHAO DAS NEVES,DENTRO,28,0.02,0.0,0.0
CLAUDIO CAJADO,PP,ITAPETINGA,DENTRO,28,0.02,0.0,0.0
CLAUDIO CAJADO,PP,MARAU,DENTRO,28,0.02,0.0,0.0
CLAUDIO CAJADO,PP,IGAPORA,DENTRO,27,0.02,0.0,0.0
CLAUDIO CAJADO,PP,VERA CRUZ,DENTRO,27,0.02,0.0,0.0
CLAUDIO CAJADO,PP,CARINHANHA,DENTRO,26,0.02,0.0,0.0
CLAUDIO CAJADO,PP,IPECAETA,DENTRO,26,0.02,0.0,0.0
CLAUDIO CAJADO,PP,NILO PECANHA,DENTRO,26,0.02,0.0,0.0
CLAUDIO CAJADO,PP,MACAJUBA,DENTRO,26,0.02,0.0,0.0
CLAUDIO CAJADO,PP,ABAIRA,DENTRO,25,0.02,0.0,0.0
CLAUDIO CAJADO,PP,BOA NOVA,DENTRO,25,0.02,0.0,0.0
CLAUDIO CAJADO,PP,VEREDA,DENTRO,23,0.01,0.0,0.0
CLAUDIO CAJADO,PP,MARCIONILIO SOUZA,DENTRO,23,0.01,0.0,0.0
CLAUDIO CAJADO,PP,SANTALUZ,DENTRO,23,0.01,0.0,0.0
CLAUDIO CAJADO,PP,PLANALTINO,DENTRO,22,0.01,0.0,0.0
CLAUDIO CAJADO,PP,SAO MIGUEL DAS MATAS,DENTRO,22,0.01,0.0,0.0
CLAUDIO CAJADO,PP,OLINDINA,DENTRO,22,0.01,0.0,0.0
CLAUDIO CAJADO,PP,BOM JESUS DA SERRA,DENTRO,22,0.01,0.0,0.0
CLAUDIO CAJADO,PP,COARACI,DENTRO,22,0.01,0.0,0.0
CLAUDIO CAJADO,PP,CASA NOVA,DENTRO,21,0.01,0.0,0.0
CLAUDIO CAJADO,PP,BARRO PRETO,DENTRO,21,0.01,0.0,0.0
CLAUDIO CAJADO,PP,IGUAI,DENTRO,21,0.01,0.0,0.0
CLAUDIO CAJADO,PP,SAO FELIX,DENTRO,21,0.01,0.0,0.0
CLAUDIO CAJADO,PP,VARZEA DA ROCA,DENTRO,20,0.01,0.0,0.0
CLAUDIO CAJADO,PP,QUEIMADAS,DENTRO,20,0.01,0.0,0.0
CLAUDIO CAJADO,PP,TEOLANDIA,DENTRO,20,0.01,0.0,0.0
CLAUDIO CAJADO,PP,ANDARAI,DENTRO,19,0.01,0.0,0.0
CLAUDIO CAJADO,PP,UBAIRA,DENTRO,19,0.01,0.0,0.0
CLAUDIO CAJADO,PP,CONDEUBA,DENTRO,18,0.01,0.0,0.0
CLAUDIO CAJADO,PP,ITABELA,DENTRO,18,0.01,0.0,0.0
CLAUDIO CAJADO,PP,SANTA BRIGIDA,DENTRO,18,0.01,0.0,0.0
CLAUDIO CAJADO,PP,UAUA,DENTRO,18,0.01,0.0,0.0
CLAUDIO CAJADO,PP,CAEM,DENTRO,18,0.01,0.0,0.0
CLAUDIO CAJADO,PP,CORRENTINA,DENTRO,18,0.01,0.0,0.0
CLAUDIO CAJADO,PP,IBICUI,DENTRO,18,0.01,0.0,0.0
CLAUDIO CAJADO,PP,SENTO SE,DENTRO,17,0.01,0.0,0.0
CLAUDIO CAJADO,PP,VARZEA NOVA,DENTRO,17,0.01,0.0,0.0
CLAUDIO CAJADO,PP,URANDI,DENTRO,17,0.01,0.0,0.0
CLAUDIO CAJADO,PP,TUCANO,DENTRO,17,0.01,0.0,0.0
CLAUDIO CAJADO,PP,ITAPEBI,DENTRO,17,0.01,0.0,0.0
CLAUDIO CAJADO,PP,FORMOSA DO RIO PRETO,DENTRO,17,0.01,0.0,0.0
CLAUDIO CAJADO,PP,SOBRADINHO,DENTRO,17,0.01,0.0,0.0
CLAUDIO CAJADO,PP,CAMACA,DENTRO,17,0.01,0.0,0.0
CLAUDIO CAJADO,PP,CONCEICAO DA FEIRA,DENTRO,17,0.01,0.0,0.0
CLAUDIO CAJADO,PP,CORONEL JOAO SA,DENTRO,17,0.01,0.0,0.0
CLAUDIO CAJADO,PP,NOVA SOURE,DENTRO,17,0.01,0.0,0.0
CLAUDIO CAJADO,PP,CONCEICAO DO ALMEIDA,DENTRO,16,0.01,0.0,0.0
CLAUDIO CAJADO,PP,EUCLIDES DA CUNHA,DENTRO,16,0.01,0.0,0.0
CLAUDIO CAJADO,PP,ITORORO,DENTRO,16,0.01,0.0,0.0
CLAUDIO CAJADO,PP,PARIPIRANGA,DENTRO,16,0.01,0.0,0.0
CLAUDIO CAJADO,PP,RUY BARBOSA,DENTRO,16,0.01,0.0,0.0
CLAUDIO CAJADO,PP,ADUSTINA,DENTRO,16,0.01,0.0,0.0
CLAUDIO CAJADO,PP,ITAMBE,DENTRO,15,0.01,0.0,0.0
CLAUDIO CAJADO,PP,BELO CAMPO,DENTRO,15,0.01,0.0,0.0
CLAUDIO CAJADO,PP,URUCUCA,DENTRO,15,0.01,0.0,0.0
CLAUDIO CAJADO,PP,SAPEACU,DENTRO,15,0.01,0.0,0.0
CLAUDIO CAJADO,PP,BARRA,DENTRO,15,0.01,0.0,0.0
CLAUDIO CAJADO,PP,SATIRO DIAS,DENTRO,15,0.01,0.0,0.0
CLAUDIO CAJADO,PP,JUSSARI,DENTRO,15,0.01,0.0,0.0
CLAUDIO CAJADO,PP,ANTONIO CARDOSO,DENTRO,15,0.01,0.0,0.0
CLAUDIO CAJADO,PP,JEREMOABO,DENTRO,15,0.01,0.0,0.0
CLAUDIO CAJADO,PP,ITATIM,DENTRO,14,0.01,0.0,0.0
CLAUDIO CAJADO,PP,PAULO AFONSO,DENTRO,14,0.01,0.0,0.0
CLAUDIO CAJADO,PP,SANTA TEREZINHA,DENTRO,14,0.01,0.0,0.0
CLAUDIO CAJADO,PP,MADRE DE DEUS,DENTRO,14,0.01,0.0,0.0
CLAUDIO CAJADO,PP,ANGICAL,DENTRO,14,0.01,0.0,0.0
CLAUDIO CAJADO,PP,SAO DESIDERIO,DENTRO,13,0.01,0.0,0.0
CLAUDIO CAJADO,PP,OLIVEIRA DOS BREJINHOS,DENTRO,13,0.01,0.0,0.0
CLAUDIO CAJADO,PP,VARZEA DO POCO,DENTRO,13,0.01,0.0,0.0
CLAUDIO CAJADO,PP,IBIQUERA,DENTRO,13,0.01,0.0,0.0
CLAUDIO CAJADO,PP,IBOTIRAMA,DENTRO,13,0.01,0.0,0.0
CLAUDIO CAJADO,PP,PALMEIRAS,DENTRO,13,0.01,0.0,0.0
CLAUDIO CAJADO,PP,CANDIBA,DENTRO,13,0.01,0.0,0.0
CLAUDIO CAJADO,PP,PALMAS DE MONTE ALTO,DENTRO,13,0.01,0.0,0.0
CLAUDIO CAJADO,PP,SAUBARA,DENTRO,12,0.01,0.0,0.0
CLAUDIO CAJADO,PP,JANDAIRA,DENTRO,12,0.01,0.0,0.0
CLAUDIO CAJADO,PP,ARATUIPE,DENTRO,12,0.01,0.0,0.0
CLAUDIO CAJADO,PP,SANTANOPOLIS,DENTRO,12,0.01,0.0,0.0
CLAUDIO CAJADO,PP,NOVA REDENCAO,DENTRO,12,0.01,0.0,0.0
CLAUDIO CAJADO,PP,MORPARA,DENTRO,12,0.01,0.0,0.0
CLAUDIO CAJADO,PP,TREMEDAL,DENTRO,12,0.01,0.0,0.0
CLAUDIO CAJADO,PP,FIRMINO ALVES,DENTRO,12,0.01,0.0,0.0
CLAUDIO CAJADO,PP,PEDRAO,DENTRO,12,0.01,0.0,0.0
CLAUDIO CAJADO,PP,MUNIZ FERREIRA,DENTRO,12,0.01,0.0,0.0
CLAUDIO CAJADO,PP,CANSANCAO,DENTRO,11,0.01,0.0,0.0
CLAUDIO CAJADO,PP,ITAGIBA,DENTRO,11,0.01,0.0,0.0
CLAUDIO CAJADO,PP,BARROCAS,DENTRO,11,0.01,0.0,0.0
CLAUDIO CAJADO,PP,NOVA CANAA,DENTRO,11,0.01,0.0,0.0
CLAUDIO CAJADO,PP,GOVERNADOR MANGABEIRA,DENTRO,11,0.01,0.0,0.0
CLAUDIO CAJADO,PP,WENCESLAU GUIMARAES,DENTRO,11,0.01,0.0,0.0
CLAUDIO CAJADO,PP,MALHADA,DENTRO,11,0.01,0.0,0.0
CLAUDIO CAJADO,PP,SANTA MARIA DA VITORIA,DENTRO,11,0.01,0.0,0.0
CLAUDIO CAJADO,PP,QUIJINGUE,DENTRO,11,0.01,0.0,0.0
CLAUDIO CAJADO,PP,JIQUIRICA,DENTRO,10,0.01,0.0,0.0
CLAUDIO CAJADO,PP,BOA VISTA DO TUPIM,DENTRO,10,0.01,0.0,0.0
CLAUDIO CAJADO,PP,CALDEIRAO GRANDE,DENTRO,10,0.01,0.0,0.0
CLAUDIO CAJADO,PP,WAGNER,DENTRO,10,0.01,0.0,0.0
CLAUDIO CAJADO,PP,ITACARE,DENTRO,10,0.01,0.0,0.0
CLAUDIO CAJADO,PP,POTIRAGUA,DENTRO,10,0.01,0.0,0.0
CLAUDIO CAJADO,PP,GUARATINGA,DENTRO,9,0.01,0.0,0.0
CLAUDIO CAJADO,PP,PINTADAS,DENTRO,9,0.01,0.0,0.0
CLAUDIO CAJADO,PP,BAIANOPOLIS,DENTRO,9,0.01,0.0,0.0
CLAUDIO CAJADO,PP,UBATA,DENTRO,9,0.01,0.0,0.0
CLAUDIO CAJADO,PP,FLORESTA AZUL,DENTRO,9,0.01,0.0,0.0
CLAUDIO CAJADO,PP,CANDEAL,DENTRO,9,0.01,0.0,0.0
CLAUDIO CAJADO,PP,ITAPARICA,DENTRO,9,0.01,0.0,0.0
CLAUDIO CAJADO,PP,PEDRO ALEXANDRE,DENTRO,9,0.01,0.0,0.0
CLAUDIO CAJADO,PP,SALINAS DA MARGARIDA,DENTRO,9,0.01,0.0,0.0
CLAUDIO CAJADO,PP,BREJOES,DENTRO,9,0.01,0.0,0.0
CLAUDIO CAJADO,PP,AMARGOSA,DENTRO,9,0.01,0.0,0.0
CLAUDIO CAJADO,PP,ITAPE,DENTRO,9,0.01,0.0,0.0
CLAUDIO CAJADO,PP,NOVA ITARANA,DENTRO,9,0.01,0.0,0.0
CLAUDIO CAJADO,PP,ICHU,DENTRO,9,0.01,0.0,0.0
CLAUDIO CAJADO,PP,ITAGUACU DA BAHIA,DENTRO,8,0.01,0.0,0.0
CLAUDIO CAJADO,PP,ITIRUCU,DENTRO,8,0.01,0.0,0.0
CLAUDIO CAJADO,PP,LENCOIS,DENTRO,8,0.01,0.0,0.0
CLAUDIO CAJADO,PP,MATINA,DENTRO,8,0.01,0.0,0.0
CLAUDIO CAJADO,PP,CACULE,DENTRO,8,0.01,0.0,0.0
CLAUDIO CAJADO,PP,OURICANGAS,DENTRO,8,0.01,0.0,0.0
CLAUDIO CAJADO,PP,GUAJERU,DENTRO,8,0.01,0.0,0.0
CLAUDIO CAJADO,PP,IACU,DENTRO,8,0.01,0.0,0.0
CLAUDIO CAJADO,PP,LAGOA REAL,DENTRO,8,0.01,0.0,0.0
CLAUDIO CAJADO,PP,CRISTOPOLIS,DENTRO,8,0.01,0.0,0.0
CLAUDIO CAJADO,PP,SAO FELIX DO CORIBE,DENTRO,8,0.01,0.0,0.0
CLAUDIO CAJADO,PP,APORA,DENTRO,8,0.01,0.0,0.0
CLAUDIO CAJADO,PP,IBIRAPITANGA,DENTRO,8,0.01,0.0,0.0
CLAUDIO CAJADO,PP,MANSIDAO,DENTRO,8,0.01,0.0,0.0
CLAUDIO CAJADO,PP,SANTA LUZIA,DENTRO,8,0.01,0.0,0.0
CLAUDIO CAJADO,PP,ITAGI,DENTRO,8,0.01,0.0,0.0
CLAUDIO CAJADO,PP,IBICARAI,DENTRO,8,0.01,0.0,0.0
CLAUDIO CAJADO,PP,PILAO ARCADO,DENTRO,8,0.01,0.0,0.0
CLAUDIO CAJADO,PP,SANTANA,DENTRO,8,0.01,0.0,0.0
CLAUDIO CAJADO,PP,LAJEDINHO,DENTRO,7,0.00,0.0,0.0
CLAUDIO CAJADO,PP,CABACEIRAS DO PARAGUACU,DENTRO,7,0.00,0.0,0.0
CLAUDIO CAJADO,PP,SERROLANDIA,DENTRO,7,0.00,0.0,0.0
CLAUDIO CAJADO,PP,SEBASTIAO LARANJEIRAS,DENTRO,6,0.00,0.0,0.0
CLAUDIO CAJADO,PP,ELISIO MEDRADO,DENTRO,6,0.00,0.0,0.0
CLAUDIO CAJADO,PP,BUERAREMA,DENTRO,6,0.00,0.0,0.0
CLAUDIO CAJADO,PP,NOVO TRIUNFO,DENTRO,6,0.00,0.0,0.0
CLAUDIO CAJADO,PP,LAFAIETE COUTINHO,DENTRO,6,0.00,0.0,0.0
CLAUDIO CAJADO,PP,ITANAGRA,DENTRO,6,0.00,0.0,0.0
CLAUDIO CAJADO,PP,JITAUNA,DENTRO,6,0.00,0.0,0.0
CLAUDIO CAJADO,PP,CARAIBAS,DENTRO,6,0.00,0.0,0.0
CLAUDIO CAJADO,PP,AURELINO LEAL,DENTRO,6,0.00,0.0,0.0
CLAUDIO CAJADO,PP,MALHADA DE PEDRAS,DENTRO,6,0.00,0.0,0.0
CLAUDIO CAJADO,PP,ITAJUIPE,DENTRO,6,0.00,0.0,0.0
CLAUDIO CAJADO,PP,PRESIDENTE JANIO QUADROS,DENTRO,6,0.00,0.0,0.0
CLAUDIO CAJADO,PP,CATURAMA,DENTRO,6,0.00,0.0,0.0
CLAUDIO CAJADO,PP,NOVA FATIMA,DENTRO,6,0.00,0.0,0.0
CLAUDIO CAJADO,PP,MILAGRES,DENTRO,5,0.00,0.0,0.0
CLAUDIO CAJADO,PP,MURITIBA,DENTRO,5,0.00,0.0,0.0
CLAUDIO CAJADO,PP,SAO DOMINGOS,DENTRO,5,0.00,0.0,0.0
CLAUDIO CAJADO,PP,TEODORO SAMPAIO,DENTRO,5,0.00,0.0,0.0
CLAUDIO CAJADO,PP,VARZEDO,DENTRO,5,0.00,0.0,0.0
CLAUDIO CAJADO,PP,CATOLANDIA,DENTRO,5,0.00,0.0,0.0
CLAUDIO CAJADO,PP,DOM MACEDO COSTA,DENTRO,5,0.00,0.0,0.0
CLAUDIO CAJADO,PP,CRAVOLANDIA,DENTRO,5,0.00,0.0,0.0
CLAUDIO CAJADO,PP,BANZAE,DENTRO,5,0.00,0.0,0.0
CLAUDIO CAJADO,PP,MAETINGA,DENTRO,4,0.00,0.0,0.0
CLAUDIO CAJADO,PP,COCOS,DENTRO,4,0.00,0.0,0.0
CLAUDIO CAJADO,PP,FATIMA,DENTRO,4,0.00,0.0,0.0
CLAUDIO CAJADO,PP,REMANSO,DENTRO,4,0.00,0.0,0.0
CLAUDIO CAJADO,PP,CANUDOS,DENTRO,4,0.00,0.0,0.0
CLAUDIO CAJADO,PP,ACAJUTIBA,DENTRO,4,0.00,0.0,0.0
CLAUDIO CAJADO,PP,MASCOTE,DENTRO,4,0.00,0.0,0.0
CLAUDIO CAJADO,PP,BOQUIRA,DENTRO,4,0.00,0.0,0.0
CLAUDIO CAJADO,PP,CAMPO ALEGRE DE LOURDES,DENTRO,4,0.00,0.0,0.0
CLAUDIO CAJADO,PP,ITAQUARA,DENTRO,4,0.00,0.0,0.0
CLAUDIO CAJADO,PP,SANTA CRUZ DA VITORIA,DENTRO,3,0.00,0.0,0.0
CLAUDIO CAJADO,PP,SANTA INES,DENTRO,3,0.00,0.0,0.0
CLAUDIO CAJADO,PP,CHORROCHO,DENTRO,3,0.00,0.0,0.0
CLAUDIO CAJADO,PP,TEOFILANDIA,DENTRO,3,0.00,0.0,0.0
CLAUDIO CAJADO,PP,ARACATU,DENTRO,3,0.00,0.0,0.0
CLAUDIO CAJADO,PP,CAPELA DO ALTO ALEGRE,DENTRO,3,0.00,0.0,0.0
CLAUDIO CAJADO,PP,JABORANDI,DENTRO,3,0.00,0.0,0.0
CLAUDIO CAJADO,PP,ABARE,DENTRO,3,0.00,0.0,0.0
CLAUDIO CAJADO,PP,WANDERLEY,DENTRO,3,0.00,0.0,0.0
CLAUDIO CAJADO,PP,BIRITINGA,DENTRO,3,0.00,0.0,0.0
CLAUDIO CAJADO,PP,SITIO DO MATO,DENTRO,2,0.00,0.0,0.0
CLAUDIO CAJADO,PP,COTEGIPE,DENTRO,2,0.00,0.0,0.0
CLAUDIO CAJADO,PP,CANAPOLIS,DENTRO,2,0.00,0.0,0.0
CLAUDIO CAJADO,PP,CORIBE,DENTRO,2,0.00,0.0,0.0
CLAUDIO CAJADO,PP,RIO DO ANTONIO,DENTRO,2,0.00,0.0,0.0
CLAUDIO CAJADO,PP,AIQUARA,DENTRO,2,0.00,0.0,0.0
CLAUDIO CAJADO,PP,ITAPITANGA,DENTRO,2,0.00,0.0,0.0
CLAUDIO CAJADO,PP,MORTUGABA,DENTRO,2,0.00,0.0,0.0
CLAUDIO CAJADO,PP,ITAJU DO COLONIA,DENTRO,2,0.00,0.0,0.0
CLAUDIO CAJADO,PP,CAATIBA,DENTRO,2,0.00,0.0,0.0
CLAUDIO CAJADO,PP,ITAGIMIRIM,DENTRO,2,0.00,0.0,0.0
CLAUDIO CAJADO,PP,JACARACI,DENTRO,2,0.00,0.0,0.0
CLAUDIO CAJADO,PP,IBIASSUCE,DENTRO,2,0.00,0.0,0.0
CLAUDIO CAJADO,PP,MUQUEM DO SAO FRANCISCO,DENTRO,1,0.00,0.0,0.0
CLAUDIO CAJADO,PP,GONGOGI,DENTRO,1,0.00,0.0,0.0
CLAUDIO CAJADO,PP,LICINIO DE ALMEIDA,DENTRO,1,0.00,0.0,0.0
CLAUDIO CAJADO,PP,NORDESTINA,DENTRO,1,0.00,0.0,0.0
CLAUDIO CAJADO,PP,ALMADINA,DENTRO,1,0.00,0.0,0.0
CLAUDIO CAJADO,PP,BURITIRAMA,DENTRO,1,0.00,0.0,0.0
CLAUDIO CAJADO,PP,VALENTE,DENTRO,1,0.00,0.0,0.0
CLAUDIO CAJADO,PP,SERRA DOURADA,DENTRO,1,0.00,0.0,0.0
CLAUDIO CAJADO,PP,FEIRA DA MATA,DENTRO,1,0.00,0.0,0.0
CLAUDIO CAJADO,PP,TABOCAS DO BREJO VELHO,DENTRO,1,0.00,0.0,0.0
CLAUDIO CAJADO,PP,PAU BRASIL,DENTRO,1,0.00,0.0,0.0
CLAUDIO CAJADO,PP,SAO JOSE DA VITORIA,DENTRO,1,0.00,0.0,0.0
CLAUDIO CAJADO,PP,ARATACA,DENTRO,1,0.00,0.0,0.0
CLAUDIO CAJADO,PP,GLORIA,DENTRO,1,0.00,0.0,0.0
CLAUDIO CAJADO,PP,RODELAS,DENTRO,1,0.00,0.0,0.0
CLAUDIO CAJADO,PP,RETIROLANDIA,DENTRO,1,0.00,0.0,0.0
CLAUDIO CAJADO,PP,BARRA DO ROCHA,DENTRO,0,0.00,0.0,0.0
CLAUDIO CAJADO,PP,MACURURE,DENTRO,0,0.00,0.0,0.0
CLAUDIO CAJADO,PP,BREJOLANDIA,DENTRO,0,0.00,0.0,0.0
CLAUDIO CAJADO,PP,MULTIPLO,AMPLO,0,0,128666524.0,82.47
CLAUDIO CAJADO,PP,SEM INFORMACAO,AMPLO,0,0,25501103.13,16.34
CLAUDIO CAJADO,PP,JACOBINA (BAHIA),FORA,0,0,699888.0,0.45
CLAUDIO CAJADO,PP,BAIXA GRANDE (BAHIA),FORA,0,0,350698.0,0.22
CLAUDIO CAJADO,PP,SAO JOSE DO JACUIPE (BAHIA),FORA,0,0,350000.0,0.22
CLAUDIO CAJADO,PP,SITIO DO QUINTO (BAHIA),FORA,0,0,249716.0,0.16
CLAUDIO CAJADO,PP,CARDEAL DA SILVA (BAHIA),FORA,0,0,200000.0,0.13
MARIO NEGROMONTE JR,PP,PAULO AFONSO,DENTRO,14562,9.86,0.0,0
MARIO NEGROMONTE JR,PP,CAMPO ALEGRE DE LOURDES,DENTRO,7384,5.00,0.0,0
MARIO NEGROMONTE JR,PP,JEREMOABO,DENTRO,7005,4.74,0.0,0
MARIO NEGROMONTE JR,PP,SANTANA,DENTRO,6670,4.52,0.0,0
MARIO NEGROMONTE JR,PP,CICERO DANTAS,DENTRO,5439,3.68,0.0,0
MARIO NEGROMONTE JR,PP,IPIAU,DENTRO,5304,3.59,0.0,0
MARIO NEGROMONTE JR,PP,UNA,DENTRO,4650,3.15,0.0,0
MARIO NEGROMONTE JR,PP,GLORIA,DENTRO,4387,2.97,0.0,0
MARIO NEGROMONTE JR,PP,SALVADOR,DENTRO,4109,2.78,0.0,0
MARIO NEGROMONTE JR,PP,JUAZEIRO,DENTRO,4107,2.78,0.0,0
MARIO NEGROMONTE JR,PP,CALDEIRAO GRANDE,DENTRO,3876,2.62,0.0,0
MARIO NEGROMONTE JR,PP,CHORROCHO,DENTRO,3463,2.34,0.0,0
MARIO NEGROMONTE JR,PP,PEDRO ALEXANDRE,DENTRO,2916,1.97,0.0,0
MARIO NEGROMONTE JR,PP,RIO DO PIRES,DENTRO,2906,1.97,0.0,0
MARIO NEGROMONTE JR,PP,PLANALTO,DENTRO,2582,1.75,0.0,0
MARIO NEGROMONTE JR,PP,NOVO TRIUNFO,DENTRO,2553,1.73,0.0,0
MARIO NEGROMONTE JR,PP,VARZEDO,DENTRO,2533,1.71,0.0,0
MARIO NEGROMONTE JR,PP,BARRA DO CHOCA,DENTRO,2312,1.57,0.0,0
MARIO NEGROMONTE JR,PP,ABARE,DENTRO,2283,1.55,0.0,0
MARIO NEGROMONTE JR,PP,REMANSO,DENTRO,2224,1.51,0.0,0
MARIO NEGROMONTE JR,PP,SAUBARA,DENTRO,2159,1.46,0.0,0
MARIO NEGROMONTE JR,PP,MILAGRES,DENTRO,1898,1.28,0.0,0
MARIO NEGROMONTE JR,PP,CURACA,DENTRO,1839,1.24,0.0,0
MARIO NEGROMONTE JR,PP,CRUZ DAS ALMAS,DENTRO,1693,1.15,0.0,0
MARIO NEGROMONTE JR,PP,BREJOES,DENTRO,1680,1.14,0.0,0
MARIO NEGROMONTE JR,PP,TAPIRAMUTA,DENTRO,1662,1.13,0.0,0
MARIO NEGROMONTE JR,PP,RODELAS,DENTRO,1649,1.12,0.0,0
MARIO NEGROMONTE JR,PP,ITANAGRA,DENTRO,1639,1.11,0.0,0
MARIO NEGROMONTE JR,PP,FEIRA DE SANTANA,DENTRO,1625,1.10,0.0,0
MARIO NEGROMONTE JR,PP,GOVERNADOR MANGABEIRA,DENTRO,1619,1.10,0.0,0
MARIO NEGROMONTE JR,PP,JUCURUCU,DENTRO,1607,1.09,0.0,0
MARIO NEGROMONTE JR,PP,PRADO,DENTRO,1543,1.04,0.0,0
MARIO NEGROMONTE JR,PP,SOBRADINHO,DENTRO,1461,0.99,0.0,0
MARIO NEGROMONTE JR,PP,ANTONIO CARDOSO,DENTRO,1431,0.97,0.0,0
MARIO NEGROMONTE JR,PP,ITORORO,DENTRO,1329,0.90,0.0,0
MARIO NEGROMONTE JR,PP,BOTUPORA,DENTRO,1248,0.84,0.0,0
MARIO NEGROMONTE JR,PP,MARAGOGIPE,DENTRO,1115,0.75,0.0,0
MARIO NEGROMONTE JR,PP,BURITIRAMA,DENTRO,1104,0.75,0.0,0
MARIO NEGROMONTE JR,PP,IGRAPIUNA,DENTRO,1021,0.69,0.0,0
MARIO NEGROMONTE JR,PP,MUTUIPE,DENTRO,1012,0.69,0.0,0
MARIO NEGROMONTE JR,PP,CACHOEIRA,DENTRO,934,0.63,0.0,0
MARIO NEGROMONTE JR,PP,FATIMA,DENTRO,863,0.58,0.0,0
MARIO NEGROMONTE JR,PP,SALINAS DA MARGARIDA,DENTRO,735,0.50,0.0,0
MARIO NEGROMONTE JR,PP,SANTO AMARO,DENTRO,734,0.50,0.0,0
MARIO NEGROMONTE JR,PP,ARACI,DENTRO,704,0.48,0.0,0
MARIO NEGROMONTE JR,PP,VALENCA,DENTRO,678,0.46,0.0,0
MARIO NEGROMONTE JR,PP,MUQUEM DO SAO FRANCISCO,DENTRO,644,0.44,0.0,0
MARIO NEGROMONTE JR,PP,CANAVIEIRAS,DENTRO,632,0.43,0.0,0
MARIO NEGROMONTE JR,PP,SANTA BRIGIDA,DENTRO,608,0.41,0.0,0
MARIO NEGROMONTE JR,PP,POJUCA,DENTRO,562,0.38,0.0,0
MARIO NEGROMONTE JR,PP,IBIRATAIA,DENTRO,487,0.33,0.0,0
MARIO NEGROMONTE JR,PP,MACURURE,DENTRO,476,0.32,0.0,0
MARIO NEGROMONTE JR,PP,CANDEIAS,DENTRO,459,0.31,0.0,0
MARIO NEGROMONTE JR,PP,ARACAS,DENTRO,427,0.29,0.0,0
MARIO NEGROMONTE JR,PP,SAO JOSE DA VITORIA,DENTRO,411,0.28,0.0,0
MARIO NEGROMONTE JR,PP,VITORIA DA CONQUISTA,DENTRO,403,0.27,0.0,0
MARIO NEGROMONTE JR,PP,CRAVOLANDIA,DENTRO,390,0.26,0.0,0
MARIO NEGROMONTE JR,PP,JAGUARARI,DENTRO,362,0.25,0.0,0
MARIO NEGROMONTE JR,PP,TANQUINHO,DENTRO,351,0.24,0.0,0
MARIO NEGROMONTE JR,PP,CENTRAL,DENTRO,342,0.23,0.0,0
MARIO NEGROMONTE JR,PP,IPIRA,DENTRO,335,0.23,0.0,0
MARIO NEGROMONTE JR,PP,JAGUAQUARA,DENTRO,300,0.20,0.0,0
MARIO NEGROMONTE JR,PP,LAURO DE FREITAS,DENTRO,295,0.20,0.0,0
MARIO NEGROMONTE JR,PP,GUANAMBI,DENTRO,288,0.19,0.0,0
MARIO NEGROMONTE JR,PP,CAMACARI,DENTRO,276,0.19,0.0,0
MARIO NEGROMONTE JR,PP,ITANHEM,DENTRO,265,0.18,0.0,0
MARIO NEGROMONTE JR,PP,TEIXEIRA DE FREITAS,DENTRO,259,0.18,0.0,0
MARIO NEGROMONTE JR,PP,CASA NOVA,DENTRO,236,0.16,0.0,0
MARIO NEGROMONTE JR,PP,CORACAO DE MARIA,DENTRO,233,0.16,0.0,0
MARIO NEGROMONTE JR,PP,ARAMARI,DENTRO,233,0.16,0.0,0
MARIO NEGROMONTE JR,PP,JEQUIE,DENTRO,228,0.15,0.0,0
MARIO NEGROMONTE JR,PP,SANTO ANTONIO DE JESUS,DENTRO,226,0.15,0.0,0
MARIO NEGROMONTE JR,PP,ITAGI,DENTRO,193,0.13,0.0,0
MARIO NEGROMONTE JR,PP,SIMOES FILHO,DENTRO,189,0.13,0.0,0
MARIO NEGROMONTE JR,PP,BARRA,DENTRO,186,0.13,0.0,0
MARIO NEGROMONTE JR,PP,ENTRE RIOS,DENTRO,176,0.12,0.0,0
MARIO NEGROMONTE JR,PP,ILHEUS,DENTRO,173,0.12,0.0,0
MARIO NEGROMONTE JR,PP,PILAO ARCADO,DENTRO,168,0.11,0.0,0
MARIO NEGROMONTE JR,PP,BARRO ALTO,DENTRO,163,0.11,0.0,0
MARIO NEGROMONTE JR,PP,ANTAS,DENTRO,163,0.11,0.0,0
MARIO NEGROMONTE JR,PP,ITABERABA,DENTRO,161,0.11,0.0,0
MARIO NEGROMONTE JR,PP,ITABUNA,DENTRO,148,0.10,0.0,0
MARIO NEGROMONTE JR,PP,MACAUBAS,DENTRO,144,0.10,0.0,0
MARIO NEGROMONTE JR,PP,EUCLIDES DA CUNHA,DENTRO,144,0.10,0.0,0
MARIO NEGROMONTE JR,PP,SAO FRANCISCO DO CONDE,DENTRO,143,0.10,0.0,0
MARIO NEGROMONTE JR,PP,BARRA DA ESTIVA,DENTRO,141,0.10,0.0,0
MARIO NEGROMONTE JR,PP,ALAGOINHAS,DENTRO,139,0.09,0.0,0
MARIO NEGROMONTE JR,PP,LUIS EDUARDO MAGALHAES,DENTRO,132,0.09,0.0,0
MARIO NEGROMONTE JR,PP,SANTA MARIA DA VITORIA,DENTRO,124,0.08,0.0,0
MARIO NEGROMONTE JR,PP,RIO REAL,DENTRO,123,0.08,0.0,0
MARIO NEGROMONTE JR,PP,SAO DESIDERIO,DENTRO,123,0.08,0.0,0
MARIO NEGROMONTE JR,PP,ITAGIBA,DENTRO,123,0.08,0.0,0
MARIO NEGROMONTE JR,PP,SERRINHA,DENTRO,120,0.08,0.0,0
MARIO NEGROMONTE JR,PP,SANTA BARBARA,DENTRO,119,0.08,0.0,0
MARIO NEGROMONTE JR,PP,MURITIBA,DENTRO,117,0.08,0.0,0
MARIO NEGROMONTE JR,PP,BARREIRAS,DENTRO,116,0.08,0.0,0
MARIO NEGROMONTE JR,PP,CAETITE,DENTRO,116,0.08,0.0,0
MARIO NEGROMONTE JR,PP,CATURAMA,DENTRO,114,0.08,0.0,0
MARIO NEGROMONTE JR,PP,SENTO SE,DENTRO,111,0.08,0.0,0
MARIO NEGROMONTE JR,PP,LIVRAMENTO DE NOSSA SENHORA,DENTRO,102,0.07,0.0,0
MARIO NEGROMONTE JR,PP,SAO FELIX,DENTRO,102,0.07,0.0,0
MARIO NEGROMONTE JR,PP,MATA DE SAO JOAO,DENTRO,91,0.06,0.0,0
MARIO NEGROMONTE JR,PP,DIAS D AVILA,DENTRO,88,0.06,0.0,0
MARIO NEGROMONTE JR,PP,ACAJUTIBA,DENTRO,87,0.06,0.0,0
MARIO NEGROMONTE JR,PP,SANTO ESTEVAO,DENTRO,87,0.06,0.0,0
MARIO NEGROMONTE JR,PP,BELMONTE,DENTRO,86,0.06,0.0,0
MARIO NEGROMONTE JR,PP,BRUMADO,DENTRO,84,0.06,0.0,0
MARIO NEGROMONTE JR,PP,EUNAPOLIS,DENTRO,83,0.06,0.0,0
MARIO NEGROMONTE JR,PP,PORTO SEGURO,DENTRO,81,0.05,0.0,0
MARIO NEGROMONTE JR,PP,OUROLANDIA,DENTRO,78,0.05,0.0,0
MARIO NEGROMONTE JR,PP,BROTAS DE MACAUBAS,DENTRO,77,0.05,0.0,0
MARIO NEGROMONTE JR,PP,IBOTIRAMA,DENTRO,75,0.05,0.0,0
MARIO NEGROMONTE JR,PP,ITAMARAJU,DENTRO,72,0.05,0.0,0
MARIO NEGROMONTE JR,PP,ITUBERA,DENTRO,72,0.05,0.0,0
MARIO NEGROMONTE JR,PP,ITAPETINGA,DENTRO,71,0.05,0.0,0
MARIO NEGROMONTE JR,PP,SERRA DOURADA,DENTRO,71,0.05,0.0,0
MARIO NEGROMONTE JR,PP,GANDU,DENTRO,71,0.05,0.0,0
MARIO NEGROMONTE JR,PP,NOVA FATIMA,DENTRO,68,0.05,0.0,0
MARIO NEGROMONTE JR,PP,WENCESLAU GUIMARAES,DENTRO,67,0.05,0.0,0
MARIO NEGROMONTE JR,PP,CORONEL JOAO SA,DENTRO,66,0.04,0.0,0
MARIO NEGROMONTE JR,PP,ITAGUACU DA BAHIA,DENTRO,64,0.04,0.0,0
MARIO NEGROMONTE JR,PP,AURELINO LEAL,DENTRO,64,0.04,0.0,0
MARIO NEGROMONTE JR,PP,SAO FELIX DO CORIBE,DENTRO,62,0.04,0.0,0
MARIO NEGROMONTE JR,PP,MIRANGABA,DENTRO,60,0.04,0.0,0
MARIO NEGROMONTE JR,PP,SAO SEBASTIAO DO PASSE,DENTRO,59,0.04,0.0,0
MARIO NEGROMONTE JR,PP,IBIPITANGA,DENTRO,58,0.04,0.0,0
MARIO NEGROMONTE JR,PP,CASTRO ALVES,DENTRO,56,0.04,0.0,0
MARIO NEGROMONTE JR,PP,SENHOR DO BONFIM,DENTRO,56,0.04,0.0,0
MARIO NEGROMONTE JR,PP,PRESIDENTE TANCREDO NEVES,DENTRO,55,0.04,0.0,0
MARIO NEGROMONTE JR,PP,JITAUNA,DENTRO,54,0.04,0.0,0
MARIO NEGROMONTE JR,PP,CAMAMU,DENTRO,54,0.04,0.0,0
MARIO NEGROMONTE JR,PP,DARIO MEIRA,DENTRO,54,0.04,0.0,0
MARIO NEGROMONTE JR,PP,TANQUE NOVO,DENTRO,53,0.04,0.0,0
MARIO NEGROMONTE JR,PP,SANTA LUZIA,DENTRO,53,0.04,0.0,0
MARIO NEGROMONTE JR,PP,SEABRA,DENTRO,53,0.04,0.0,0
MARIO NEGROMONTE JR,PP,CAMPO FORMOSO,DENTRO,52,0.04,0.0,0
MARIO NEGROMONTE JR,PP,AMARGOSA,DENTRO,52,0.04,0.0,0
MARIO NEGROMONTE JR,PP,IRECE,DENTRO,51,0.03,0.0,0
MARIO NEGROMONTE JR,PP,ALCOBACA,DENTRO,51,0.03,0.0,0
MARIO NEGROMONTE JR,PP,UBAIRA,DENTRO,49,0.03,0.0,0
MARIO NEGROMONTE JR,PP,CARINHANHA,DENTRO,49,0.03,0.0,0
MARIO NEGROMONTE JR,PP,CATU,DENTRO,49,0.03,0.0,0
MARIO NEGROMONTE JR,PP,SAO GONCALO DOS CAMPOS,DENTRO,48,0.03,0.0,0
MARIO NEGROMONTE JR,PP,DOM BASILIO,DENTRO,48,0.03,0.0,0
MARIO NEGROMONTE JR,PP,OLINDINA,DENTRO,48,0.03,0.0,0
MARIO NEGROMONTE JR,PP,XIQUE-XIQUE,DENTRO,47,0.03,0.0,0
MARIO NEGROMONTE JR,PP,MUNDO NOVO,DENTRO,47,0.03,0.0,0
MARIO NEGROMONTE JR,PP,BOM JESUS DA LAPA,DENTRO,47,0.03,0.0,0
MARIO NEGROMONTE JR,PP,RIBEIRA DO POMBAL,DENTRO,47,0.03,0.0,0
MARIO NEGROMONTE JR,PP,POCOES,DENTRO,47,0.03,0.0,0
MARIO NEGROMONTE JR,PP,JACOBINA,DENTRO,47,0.03,0.0,0
MARIO NEGROMONTE JR,PP,CONCEICAO DO COITE,DENTRO,46,0.03,0.0,0
MARIO NEGROMONTE JR,PP,CONDE,DENTRO,46,0.03,0.0,0
MARIO NEGROMONTE JR,PP,ITAPARICA,DENTRO,45,0.03,0.0,0
MARIO NEGROMONTE JR,PP,TAPEROA,DENTRO,44,0.03,0.0,0
MARIO NEGROMONTE JR,PP,LAJE,DENTRO,42,0.03,0.0,0
MARIO NEGROMONTE JR,PP,RIACHO DE SANTANA,DENTRO,41,0.03,0.0,0
MARIO NEGROMONTE JR,PP,TUCANO,DENTRO,41,0.03,0.0,0
MARIO NEGROMONTE JR,PP,SITIO DO QUINTO,DENTRO,41,0.03,0.0,0
MARIO NEGROMONTE JR,PP,MADRE DE DEUS,DENTRO,41,0.03,0.0,0
MARIO NEGROMONTE JR,PP,MARACAS,DENTRO,41,0.03,0.0,0
MARIO NEGROMONTE JR,PP,UAUA,DENTRO,40,0.03,0.0,0
MARIO NEGROMONTE JR,PP,PINDAI,DENTRO,40,0.03,0.0,0
MARIO NEGROMONTE JR,PP,ESPLANADA,DENTRO,40,0.03,0.0,0
MARIO NEGROMONTE JR,PP,CANAPOLIS,DENTRO,39,0.03,0.0,0
MARIO NEGROMONTE JR,PP,PARAMIRIM,DENTRO,39,0.03,0.0,0
MARIO NEGROMONTE JR,PP,PARIPIRANGA,DENTRO,38,0.03,0.0,0
MARIO NEGROMONTE JR,PP,COTEGIPE,DENTRO,37,0.03,0.0,0
MARIO NEGROMONTE JR,PP,VERA CRUZ,DENTRO,37,0.03,0.0,0
MARIO NEGROMONTE JR,PP,MALHADA,DENTRO,37,0.03,0.0,0
MARIO NEGROMONTE JR,PP,CARAVELAS,DENTRO,36,0.02,0.0,0
MARIO NEGROMONTE JR,PP,SAPEACU,DENTRO,36,0.02,0.0,0
MARIO NEGROMONTE JR,PP,RIACHAO DO JACUIPE,DENTRO,35,0.02,0.0,0
MARIO NEGROMONTE JR,PP,SERRA DO RAMALHO,DENTRO,34,0.02,0.0,0
MARIO NEGROMONTE JR,PP,SAO MIGUEL DAS MATAS,DENTRO,34,0.02,0.0,0
MARIO NEGROMONTE JR,PP,CAFARNAUM,DENTRO,34,0.02,0.0,0
MARIO NEGROMONTE JR,PP,SAUDE,DENTRO,33,0.02,0.0,0
MARIO NEGROMONTE JR,PP,PIRITIBA,DENTRO,33,0.02,0.0,0
MARIO NEGROMONTE JR,PP,IRARA,DENTRO,33,0.02,0.0,0
MARIO NEGROMONTE JR,PP,JIQUIRICA,DENTRO,32,0.02,0.0,0
MARIO NEGROMONTE JR,PP,NOVA IBIA,DENTRO,32,0.02,0.0,0
MARIO NEGROMONTE JR,PP,CANUDOS,DENTRO,32,0.02,0.0,0
MARIO NEGROMONTE JR,PP,CAPIM GROSSO,DENTRO,32,0.02,0.0,0
MARIO NEGROMONTE JR,PP,CABACEIRAS DO PARAGUACU,DENTRO,31,0.02,0.0,0
MARIO NEGROMONTE JR,PP,UBAITABA,DENTRO,31,0.02,0.0,0
MARIO NEGROMONTE JR,PP,IBIRAPITANGA,DENTRO,31,0.02,0.0,0
MARIO NEGROMONTE JR,PP,ADUSTINA,DENTRO,31,0.02,0.0,0
MARIO NEGROMONTE JR,PP,MORTUGABA,DENTRO,30,0.02,0.0,0
MARIO NEGROMONTE JR,PP,SANTALUZ,DENTRO,30,0.02,0.0,0
MARIO NEGROMONTE JR,PP,GUARATINGA,DENTRO,29,0.02,0.0,0
MARIO NEGROMONTE JR,PP,IRAMAIA,DENTRO,29,0.02,0.0,0
MARIO NEGROMONTE JR,PP,AIQUARA,DENTRO,29,0.02,0.0,0
MARIO NEGROMONTE JR,PP,CAEM,DENTRO,29,0.02,0.0,0
MARIO NEGROMONTE JR,PP,SOUTO SOARES,DENTRO,29,0.02,0.0,0
MARIO NEGROMONTE JR,PP,MIGUEL CALMON,DENTRO,29,0.02,0.0,0
MARIO NEGROMONTE JR,PP,TEOLANDIA,DENTRO,29,0.02,0.0,0
MARIO NEGROMONTE JR,PP,NOVA VICOSA,DENTRO,28,0.02,0.0,0
MARIO NEGROMONTE JR,PP,PONTO NOVO,DENTRO,28,0.02,0.0,0
MARIO NEGROMONTE JR,PP,CANDIBA,DENTRO,28,0.02,0.0,0
MARIO NEGROMONTE JR,PP,PALMAS DE MONTE ALTO,DENTRO,28,0.02,0.0,0
MARIO NEGROMONTE JR,PP,BUERAREMA,DENTRO,27,0.02,0.0,0
MARIO NEGROMONTE JR,PP,IBICARAI,DENTRO,27,0.02,0.0,0
MARIO NEGROMONTE JR,PP,MUCURI,DENTRO,26,0.02,0.0,0
MARIO NEGROMONTE JR,PP,MONTE SANTO,DENTRO,26,0.02,0.0,0
MARIO NEGROMONTE JR,PP,PARATINGA,DENTRO,26,0.02,0.0,0
MARIO NEGROMONTE JR,PP,CONCEICAO DO JACUIPE,DENTRO,26,0.02,0.0,0
MARIO NEGROMONTE JR,PP,HELIOPOLIS,DENTRO,26,0.02,0.0,0
MARIO NEGROMONTE JR,PP,CAIRU,DENTRO,26,0.02,0.0,0
MARIO NEGROMONTE JR,PP,ITAPICURU,DENTRO,25,0.02,0.0,0
MARIO NEGROMONTE JR,PP,NAZARE,DENTRO,25,0.02,0.0,0
MARIO NEGROMONTE JR,PP,ERICO CARDOSO,DENTRO,25,0.02,0.0,0
MARIO NEGROMONTE JR,PP,FIRMINO ALVES,DENTRO,25,0.02,0.0,0
MARIO NEGROMONTE JR,PP,BIRITINGA,DENTRO,25,0.02,0.0,0
MARIO NEGROMONTE JR,PP,VEREDA,DENTRO,24,0.02,0.0,0
MARIO NEGROMONTE JR,PP,ITIUBA,DENTRO,24,0.02,0.0,0
MARIO NEGROMONTE JR,PP,IACU,DENTRO,24,0.02,0.0,0
MARIO NEGROMONTE JR,PP,ANAGE,DENTRO,24,0.02,0.0,0
MARIO NEGROMONTE JR,PP,BARRO PRETO,DENTRO,24,0.02,0.0,0
MARIO NEGROMONTE JR,PP,TERRA NOVA,DENTRO,24,0.02,0.0,0
MARIO NEGROMONTE JR,PP,RUY BARBOSA,DENTRO,24,0.02,0.0,0
MARIO NEGROMONTE JR,PP,ANGICAL,DENTRO,24,0.02,0.0,0
MARIO NEGROMONTE JR,PP,CONCEICAO DO ALMEIDA,DENTRO,23,0.02,0.0,0
MARIO NEGROMONTE JR,PP,MAIRI,DENTRO,23,0.02,0.0,0
MARIO NEGROMONTE JR,PP,IBITITA,DENTRO,23,0.02,0.0,0
MARIO NEGROMONTE JR,PP,MARAU,DENTRO,23,0.02,0.0,0
MARIO NEGROMONTE JR,PP,SAO FELIPE,DENTRO,23,0.02,0.0,0
MARIO NEGROMONTE JR,PP,IBICOARA,DENTRO,23,0.02,0.0,0
MARIO NEGROMONTE JR,PP,CORRENTINA,DENTRO,23,0.02,0.0,0
MARIO NEGROMONTE JR,PP,PIATA,DENTRO,23,0.02,0.0,0
MARIO NEGROMONTE JR,PP,COARACI,DENTRO,23,0.02,0.0,0
MARIO NEGROMONTE JR,PP,ITAMBE,DENTRO,22,0.01,0.0,0
MARIO NEGROMONTE JR,PP,OLIVEIRA DOS BREJINHOS,DENTRO,22,0.01,0.0,0
MARIO NEGROMONTE JR,PP,IGAPORA,DENTRO,22,0.01,0.0,0
MARIO NEGROMONTE JR,PP,APORA,DENTRO,22,0.01,0.0,0
MARIO NEGROMONTE JR,PP,IPECAETA,DENTRO,22,0.01,0.0,0
MARIO NEGROMONTE JR,PP,QUIJINGUE,DENTRO,22,0.01,0.0,0
MARIO NEGROMONTE JR,PP,MUNIZ FERREIRA,DENTRO,22,0.01,0.0,0
MARIO NEGROMONTE JR,PP,UBATA,DENTRO,21,0.01,0.0,0
MARIO NEGROMONTE JR,PP,CAPELA DO ALTO ALEGRE,DENTRO,21,0.01,0.0,0
MARIO NEGROMONTE JR,PP,NOVA CANAA,DENTRO,21,0.01,0.0,0
MARIO NEGROMONTE JR,PP,ITAMARI,DENTRO,21,0.01,0.0,0
MARIO NEGROMONTE JR,PP,IRAQUARA,DENTRO,21,0.01,0.0,0
MARIO NEGROMONTE JR,PP,ITUACU,DENTRO,21,0.01,0.0,0
MARIO NEGROMONTE JR,PP,RIO DE CONTAS,DENTRO,21,0.01,0.0,0
MARIO NEGROMONTE JR,PP,INHAMBUPE,DENTRO,20,0.01,0.0,0
MARIO NEGROMONTE JR,PP,UMBURANAS,DENTRO,20,0.01,0.0,0
MARIO NEGROMONTE JR,PP,RAFAEL JAMBEIRO,DENTRO,20,0.01,0.0,0
MARIO NEGROMONTE JR,PP,NOVA ITARANA,DENTRO,20,0.01,0.0,0
MARIO NEGROMONTE JR,PP,IBICUI,DENTRO,20,0.01,0.0,0
MARIO NEGROMONTE JR,PP,SANTA CRUZ CABRALIA,DENTRO,19,0.01,0.0,0
MARIO NEGROMONTE JR,PP,JAGUARIPE,DENTRO,19,0.01,0.0,0
MARIO NEGROMONTE JR,PP,IBIPEBA,DENTRO,19,0.01,0.0,0
MARIO NEGROMONTE JR,PP,PIRAI DO NORTE,DENTRO,19,0.01,0.0,0
MARIO NEGROMONTE JR,PP,JUSSARA,DENTRO,19,0.01,0.0,0
MARIO NEGROMONTE JR,PP,IGUAI,DENTRO,19,0.01,0.0,0
MARIO NEGROMONTE JR,PP,CONCEICAO DA FEIRA,DENTRO,19,0.01,0.0,0
MARIO NEGROMONTE JR,PP,ANDORINHA,DENTRO,19,0.01,0.0,0
MARIO NEGROMONTE JR,PP,CANSANCAO,DENTRO,18,0.01,0.0,0
MARIO NEGROMONTE JR,PP,BAIANOPOLIS,DENTRO,18,0.01,0.0,0
MARIO NEGROMONTE JR,PP,MATINA,DENTRO,18,0.01,0.0,0
MARIO NEGROMONTE JR,PP,URANDI,DENTRO,18,0.01,0.0,0
MARIO NEGROMONTE JR,PP,ELISIO MEDRADO,DENTRO,18,0.01,0.0,0
MARIO NEGROMONTE JR,PP,RIO DO ANTONIO,DENTRO,18,0.01,0.0,0
MARIO NEGROMONTE JR,PP,NOVO HORIZONTE,DENTRO,18,0.01,0.0,0
MARIO NEGROMONTE JR,PP,ANGUERA,DENTRO,18,0.01,0.0,0
MARIO NEGROMONTE JR,PP,BOM JESUS DA SERRA,DENTRO,18,0.01,0.0,0
MARIO NEGROMONTE JR,PP,BARRA DO MENDES,DENTRO,17,0.01,0.0,0
MARIO NEGROMONTE JR,PP,MACARANI,DENTRO,17,0.01,0.0,0
MARIO NEGROMONTE JR,PP,AMELIA RODRIGUES,DENTRO,17,0.01,0.0,0
MARIO NEGROMONTE JR,PP,PINDOBACU,DENTRO,17,0.01,0.0,0
MARIO NEGROMONTE JR,PP,SANTA RITA DE CASSIA,DENTRO,17,0.01,0.0,0
MARIO NEGROMONTE JR,PP,QUEIMADAS,DENTRO,17,0.01,0.0,0
MARIO NEGROMONTE JR,PP,VALENTE,DENTRO,17,0.01,0.0,0
MARIO NEGROMONTE JR,PP,BAIXA GRANDE,DENTRO,17,0.01,0.0,0
MARIO NEGROMONTE JR,PP,ITARANTIM,DENTRO,17,0.01,0.0,0
MARIO NEGROMONTE JR,PP,MUCUGE,DENTRO,17,0.01,0.0,0
MARIO NEGROMONTE JR,PP,NILO PECANHA,DENTRO,17,0.01,0.0,0
MARIO NEGROMONTE JR,PP,BANZAE,DENTRO,17,0.01,0.0,0
MARIO NEGROMONTE JR,PP,LAJEDO DO TABOCAL,DENTRO,16,0.01,0.0,0
MARIO NEGROMONTE JR,PP,UTINGA,DENTRO,16,0.01,0.0,0
MARIO NEGROMONTE JR,PP,ITAPEBI,DENTRO,16,0.01,0.0,0
MARIO NEGROMONTE JR,PP,RIBEIRA DO AMPARO,DENTRO,16,0.01,0.0,0
MARIO NEGROMONTE JR,PP,POTIRAGUA,DENTRO,16,0.01,0.0,0
MARIO NEGROMONTE JR,PP,JACARACI,DENTRO,16,0.01,0.0,0
MARIO NEGROMONTE JR,PP,CANDIDO SALES,DENTRO,16,0.01,0.0,0
MARIO NEGROMONTE JR,PP,IPUPIARA,DENTRO,15,0.01,0.0,0
MARIO NEGROMONTE JR,PP,APUAREMA,DENTRO,15,0.01,0.0,0
MARIO NEGROMONTE JR,PP,TANHACU,DENTRO,15,0.01,0.0,0
MARIO NEGROMONTE JR,PP,BOA NOVA,DENTRO,15,0.01,0.0,0
MARIO NEGROMONTE JR,PP,SERRA PRETA,DENTRO,15,0.01,0.0,0
MARIO NEGROMONTE JR,PP,ITACARE,DENTRO,15,0.01,0.0,0
MARIO NEGROMONTE JR,PP,MORRO DO CHAPEU,DENTRO,15,0.01,0.0,0
MARIO NEGROMONTE JR,PP,CIPO,DENTRO,15,0.01,0.0,0
MARIO NEGROMONTE JR,PP,BARRA DO ROCHA,DENTRO,14,0.01,0.0,0
MARIO NEGROMONTE JR,PP,ITATIM,DENTRO,14,0.01,0.0,0
MARIO NEGROMONTE JR,PP,CACULE,DENTRO,14,0.01,0.0,0
MARIO NEGROMONTE JR,PP,FORMOSA DO RIO PRETO,DENTRO,14,0.01,0.0,0
MARIO NEGROMONTE JR,PP,PE DE SERRA,DENTRO,14,0.01,0.0,0
MARIO NEGROMONTE JR,PP,RETIROLANDIA,DENTRO,14,0.01,0.0,0
MARIO NEGROMONTE JR,PP,AGUA FRIA,DENTRO,13,0.01,0.0,0
MARIO NEGROMONTE JR,PP,SANTA INES,DENTRO,13,0.01,0.0,0
MARIO NEGROMONTE JR,PP,LAPAO,DENTRO,13,0.01,0.0,0
MARIO NEGROMONTE JR,PP,TABOCAS DO BREJO VELHO,DENTRO,13,0.01,0.0,0
MARIO NEGROMONTE JR,PP,TREMEDAL,DENTRO,13,0.01,0.0,0
MARIO NEGROMONTE JR,PP,MANOEL VITORINO,DENTRO,13,0.01,0.0,0
MARIO NEGROMONTE JR,PP,MEDEIROS NETO,DENTRO,13,0.01,0.0,0
MARIO NEGROMONTE JR,PP,NOVA SOURE,DENTRO,13,0.01,0.0,0
MARIO NEGROMONTE JR,PP,JOAO DOURADO,DENTRO,13,0.01,0.0,0
MARIO NEGROMONTE JR,PP,RIACHAO DAS NEVES,DENTRO,12,0.01,0.0,0
MARIO NEGROMONTE JR,PP,SEBASTIAO LARANJEIRAS,DENTRO,12,0.01,0.0,0
MARIO NEGROMONTE JR,PP,CONDEUBA,DENTRO,12,0.01,0.0,0
MARIO NEGROMONTE JR,PP,CARDEAL DA SILVA,DENTRO,12,0.01,0.0,0
MARIO NEGROMONTE JR,PP,LAMARAO,DENTRO,12,0.01,0.0,0
MARIO NEGROMONTE JR,PP,SANTA TEREZINHA,DENTRO,12,0.01,0.0,0
MARIO NEGROMONTE JR,PP,GUAJERU,DENTRO,12,0.01,0.0,0
MARIO NEGROMONTE JR,PP,BOA VISTA DO TUPIM,DENTRO,12,0.01,0.0,0
MARIO NEGROMONTE JR,PP,QUIXABEIRA,DENTRO,12,0.01,0.0,0
MARIO NEGROMONTE JR,PP,MARCIONILIO SOUZA,DENTRO,12,0.01,0.0,0
MARIO NEGROMONTE JR,PP,CANARANA,DENTRO,12,0.01,0.0,0
MARIO NEGROMONTE JR,PP,BOQUIRA,DENTRO,12,0.01,0.0,0
MARIO NEGROMONTE JR,PP,CAMACA,DENTRO,12,0.01,0.0,0
MARIO NEGROMONTE JR,PP,IBITIARA,DENTRO,11,0.01,0.0,0
MARIO NEGROMONTE JR,PP,ITIRUCU,DENTRO,11,0.01,0.0,0
MARIO NEGROMONTE JR,PP,CRISOPOLIS,DENTRO,11,0.01,0.0,0
MARIO NEGROMONTE JR,PP,TEODORO SAMPAIO,DENTRO,11,0.01,0.0,0
MARIO NEGROMONTE JR,PP,FLORESTA AZUL,DENTRO,11,0.01,0.0,0
MARIO NEGROMONTE JR,PP,CANDEAL,DENTRO,11,0.01,0.0,0
MARIO NEGROMONTE JR,PP,IBIRAPUA,DENTRO,11,0.01,0.0,0
MARIO NEGROMONTE JR,PP,SAO GABRIEL,DENTRO,11,0.01,0.0,0
MARIO NEGROMONTE JR,PP,SERROLANDIA,DENTRO,11,0.01,0.0,0
MARIO NEGROMONTE JR,PP,ANTONIO GONCALVES,DENTRO,10,0.01,0.0,0
MARIO NEGROMONTE JR,PP,VARZEA NOVA,DENTRO,10,0.01,0.0,0
MARIO NEGROMONTE JR,PP,ITABELA,DENTRO,10,0.01,0.0,0
MARIO NEGROMONTE JR,PP,TEOFILANDIA,DENTRO,10,0.01,0.0,0
MARIO NEGROMONTE JR,PP,OURICANGAS,DENTRO,10,0.01,0.0,0
MARIO NEGROMONTE JR,PP,URUCUCA,DENTRO,10,0.01,0.0,0
MARIO NEGROMONTE JR,PP,IRAJUBA,DENTRO,10,0.01,0.0,0
MARIO NEGROMONTE JR,PP,SATIRO DIAS,DENTRO,10,0.01,0.0,0
MARIO NEGROMONTE JR,PP,ITAPE,DENTRO,10,0.01,0.0,0
MARIO NEGROMONTE JR,PP,BONINAL,DENTRO,10,0.01,0.0,0
MARIO NEGROMONTE JR,PP,SITIO DO MATO,DENTRO,9,0.01,0.0,0
MARIO NEGROMONTE JR,PP,GONGOGI,DENTRO,9,0.01,0.0,0
MARIO NEGROMONTE JR,PP,ENCRUZILHADA,DENTRO,9,0.01,0.0,0
MARIO NEGROMONTE JR,PP,CRISTOPOLIS,DENTRO,9,0.01,0.0,0
MARIO NEGROMONTE JR,PP,LAFAIETE COUTINHO,DENTRO,9,0.01,0.0,0
MARIO NEGROMONTE JR,PP,CATOLANDIA,DENTRO,9,0.01,0.0,0
MARIO NEGROMONTE JR,PP,PALMEIRAS,DENTRO,9,0.01,0.0,0
MARIO NEGROMONTE JR,PP,ITAJUIPE,DENTRO,9,0.01,0.0,0
MARIO NEGROMONTE JR,PP,MAETINGA,DENTRO,8,0.01,0.0,0
MARIO NEGROMONTE JR,PP,UIBAI,DENTRO,8,0.01,0.0,0
MARIO NEGROMONTE JR,PP,BELO CAMPO,DENTRO,8,0.01,0.0,0
MARIO NEGROMONTE JR,PP,ANDARAI,DENTRO,8,0.01,0.0,0
MARIO NEGROMONTE JR,PP,ITAETE,DENTRO,8,0.01,0.0,0
MARIO NEGROMONTE JR,PP,ARACATU,DENTRO,8,0.01,0.0,0
MARIO NEGROMONTE JR,PP,SAO JOSE DO JACUIPE,DENTRO,8,0.01,0.0,0
MARIO NEGROMONTE JR,PP,VARZEA DO POCO,DENTRO,8,0.01,0.0,0
MARIO NEGROMONTE JR,PP,PRESIDENTE DUTRA,DENTRO,8,0.01,0.0,0
MARIO NEGROMONTE JR,PP,CAATIBA,DENTRO,8,0.01,0.0,0
MARIO NEGROMONTE JR,PP,CAETANOS,DENTRO,8,0.01,0.0,0
MARIO NEGROMONTE JR,PP,FILADELFIA,DENTRO,8,0.01,0.0,0
MARIO NEGROMONTE JR,PP,COCOS,DENTRO,7,0.00,0.0,0
MARIO NEGROMONTE JR,PP,VARZEA DA ROCA,DENTRO,7,0.00,0.0,0
MARIO NEGROMONTE JR,PP,MULUNGU DO MORRO,DENTRO,7,0.00,0.0,0
MARIO NEGROMONTE JR,PP,BARROCAS,DENTRO,7,0.00,0.0,0
MARIO NEGROMONTE JR,PP,ITAPITANGA,DENTRO,7,0.00,0.0,0
MARIO NEGROMONTE JR,PP,JABORANDI,DENTRO,7,0.00,0.0,0
MARIO NEGROMONTE JR,PP,MORPARA,DENTRO,7,0.00,0.0,0
MARIO NEGROMONTE JR,PP,WANDERLEY,DENTRO,7,0.00,0.0,0
MARIO NEGROMONTE JR,PP,BREJOLANDIA,DENTRO,7,0.00,0.0,0
MARIO NEGROMONTE JR,PP,PINTADAS,DENTRO,6,0.00,0.0,0
MARIO NEGROMONTE JR,PP,PLANALTINO,DENTRO,6,0.00,0.0,0
MARIO NEGROMONTE JR,PP,ARATUIPE,DENTRO,6,0.00,0.0,0
MARIO NEGROMONTE JR,PP,WAGNER,DENTRO,6,0.00,0.0,0
MARIO NEGROMONTE JR,PP,ARATACA,DENTRO,6,0.00,0.0,0
MARIO NEGROMONTE JR,PP,SAO DOMINGOS,DENTRO,5,0.00,0.0,0
MARIO NEGROMONTE JR,PP,IBIASSUCE,DENTRO,5,0.00,0.0,0
MARIO NEGROMONTE JR,PP,ALMADINA,DENTRO,5,0.00,0.0,0
MARIO NEGROMONTE JR,PP,ABAIRA,DENTRO,5,0.00,0.0,0
MARIO NEGROMONTE JR,PP,SANTANOPOLIS,DENTRO,5,0.00,0.0,0
MARIO NEGROMONTE JR,PP,MAIQUINIQUE,DENTRO,5,0.00,0.0,0
MARIO NEGROMONTE JR,PP,MANSIDAO,DENTRO,5,0.00,0.0,0
MARIO NEGROMONTE JR,PP,NOVA REDENCAO,DENTRO,5,0.00,0.0,0
MARIO NEGROMONTE JR,PP,GENTIO DO OURO,DENTRO,5,0.00,0.0,0
MARIO NEGROMONTE JR,PP,JUSSIAPE,DENTRO,5,0.00,0.0,0
MARIO NEGROMONTE JR,PP,ITAGIMIRIM,DENTRO,5,0.00,0.0,0
MARIO NEGROMONTE JR,PP,ITAQUARA,DENTRO,5,0.00,0.0,0
MARIO NEGROMONTE JR,PP,GAVIAO,DENTRO,5,0.00,0.0,0
MARIO NEGROMONTE JR,PP,LENCOIS,DENTRO,4,0.00,0.0,0
MARIO NEGROMONTE JR,PP,LICINIO DE ALMEIDA,DENTRO,4,0.00,0.0,0
MARIO NEGROMONTE JR,PP,IBIQUERA,DENTRO,4,0.00,0.0,0
MARIO NEGROMONTE JR,PP,LAJEDAO,DENTRO,4,0.00,0.0,0
MARIO NEGROMONTE JR,PP,JUSSARI,DENTRO,4,0.00,0.0,0
MARIO NEGROMONTE JR,PP,IUIU,DENTRO,4,0.00,0.0,0
MARIO NEGROMONTE JR,PP,ITAJU DO COLONIA,DENTRO,4,0.00,0.0,0
MARIO NEGROMONTE JR,PP,CORDEIROS,DENTRO,4,0.00,0.0,0
MARIO NEGROMONTE JR,PP,BONITO,DENTRO,4,0.00,0.0,0
MARIO NEGROMONTE JR,PP,PEDRAO,DENTRO,4,0.00,0.0,0
MARIO NEGROMONTE JR,PP,NORDESTINA,DENTRO,3,0.00,0.0,0
MARIO NEGROMONTE JR,PP,LAGOA REAL,DENTRO,3,0.00,0.0,0
MARIO NEGROMONTE JR,PP,RIBEIRAO DO LARGO,DENTRO,3,0.00,0.0,0
MARIO NEGROMONTE JR,PP,DOM MACEDO COSTA,DENTRO,3,0.00,0.0,0
MARIO NEGROMONTE JR,PP,MALHADA DE PEDRAS,DENTRO,3,0.00,0.0,0
MARIO NEGROMONTE JR,PP,AMERICA DOURADA,DENTRO,3,0.00,0.0,0
MARIO NEGROMONTE JR,PP,JANDAIRA,DENTRO,2,0.00,0.0,0
MARIO NEGROMONTE JR,PP,CONTENDAS DO SINCORA,DENTRO,2,0.00,0.0,0
MARIO NEGROMONTE JR,PP,FEIRA DA MATA,DENTRO,2,0.00,0.0,0
MARIO NEGROMONTE JR,PP,MASCOTE,DENTRO,2,0.00,0.0,0
MARIO NEGROMONTE JR,PP,MIRANTE,DENTRO,2,0.00,0.0,0
MARIO NEGROMONTE JR,PP,MACAJUBA,DENTRO,2,0.00,0.0,0
MARIO NEGROMONTE JR,PP,ICHU,DENTRO,2,0.00,0.0,0
MARIO NEGROMONTE JR,PP,PRESIDENTE JANIO QUADROS,DENTRO,2,0.00,0.0,0
MARIO NEGROMONTE JR,PP,LAJEDINHO,DENTRO,1,0.00,0.0,0
MARIO NEGROMONTE JR,PP,CARAIBAS,DENTRO,1,0.00,0.0,0
MARIO NEGROMONTE JR,PP,PIRIPA,DENTRO,1,0.00,0.0,0
MARIO NEGROMONTE JR,PP,SANTA CRUZ DA VITORIA,DENTRO,0,0.00,0.0,0
MARIO NEGROMONTE JR,PP,CORIBE,DENTRO,0,0.00,0.0,0
MARIO NEGROMONTE JR,PP,PAU BRASIL,DENTRO,0,0.00,0.0,0
LEO PRATES,PDT,SALVADOR,DENTRO,88092,61.28,0.0,0.0
LEO PRATES,PDT,JUAZEIRO,DENTRO,4453,3.10,0.0,0.0
LEO PRATES,PDT,LAURO DE FREITAS,DENTRO,4275,2.97,0.0,0.0
LEO PRATES,PDT,DIAS D AVILA,DENTRO,2252,1.57,0.0,0.0
LEO PRATES,PDT,FEIRA DE SANTANA,DENTRO,2017,1.40,0.0,0.0
LEO PRATES,PDT,CENTRAL,DENTRO,1757,1.22,0.0,0.0
LEO PRATES,PDT,CAMACARI,DENTRO,1691,1.18,0.0,0.0
LEO PRATES,PDT,SEABRA,DENTRO,1691,1.18,0.0,0.0
LEO PRATES,PDT,ITABERABA,DENTRO,1472,1.02,0.0,0.0
LEO PRATES,PDT,INHAMBUPE,DENTRO,1430,0.99,0.0,0.0
LEO PRATES,PDT,CABACEIRAS DO PARAGUACU,DENTRO,1219,0.85,0.0,0.0
LEO PRATES,PDT,VITORIA DA CONQUISTA,DENTRO,1132,0.79,0.0,0.0
LEO PRATES,PDT,SANTANOPOLIS,DENTRO,1004,0.70,0.0,0.0
LEO PRATES,PDT,VERA CRUZ,DENTRO,902,0.63,0.0,0.0
LEO PRATES,PDT,IRARA,DENTRO,888,0.62,0.0,0.0
LEO PRATES,PDT,SIMOES FILHO,DENTRO,886,0.62,0.0,0.0
LEO PRATES,PDT,IRECE,DENTRO,874,0.61,0.0,0.0
LEO PRATES,PDT,MADRE DE DEUS,DENTRO,847,0.59,0.0,0.0
LEO PRATES,PDT,MURITIBA,DENTRO,804,0.56,0.0,0.0
LEO PRATES,PDT,CONCEICAO DO ALMEIDA,DENTRO,732,0.51,0.0,0.0
LEO PRATES,PDT,ITAGUACU DA BAHIA,DENTRO,624,0.43,0.0,0.0
LEO PRATES,PDT,IPECAETA,DENTRO,574,0.40,0.0,0.0
LEO PRATES,PDT,IBIQUERA,DENTRO,570,0.40,0.0,0.0
LEO PRATES,PDT,JAGUARARI,DENTRO,530,0.37,0.0,0.0
LEO PRATES,PDT,RUY BARBOSA,DENTRO,515,0.36,0.0,0.0
LEO PRATES,PDT,JEQUIE,DENTRO,505,0.35,0.0,0.0
LEO PRATES,PDT,IBITITA,DENTRO,502,0.35,0.0,0.0
LEO PRATES,PDT,GAVIAO,DENTRO,471,0.33,0.0,0.0
LEO PRATES,PDT,ITORORO,DENTRO,448,0.31,0.0,0.0
LEO PRATES,PDT,APORA,DENTRO,397,0.28,0.0,0.0
LEO PRATES,PDT,NAZARE,DENTRO,392,0.27,0.0,0.0
LEO PRATES,PDT,GOVERNADOR MANGABEIRA,DENTRO,387,0.27,0.0,0.0
LEO PRATES,PDT,CAEM,DENTRO,366,0.25,0.0,0.0
LEO PRATES,PDT,ITAMARAJU,DENTRO,357,0.25,0.0,0.0
LEO PRATES,PDT,ITAMBE,DENTRO,340,0.24,0.0,0.0
LEO PRATES,PDT,AMARGOSA,DENTRO,334,0.23,0.0,0.0
LEO PRATES,PDT,APUAREMA,DENTRO,331,0.23,0.0,0.0
LEO PRATES,PDT,CAPELA DO ALTO ALEGRE,DENTRO,330,0.23,0.0,0.0
LEO PRATES,PDT,GENTIO DO OURO,DENTRO,321,0.22,0.0,0.0
LEO PRATES,PDT,ILHEUS,DENTRO,313,0.22,0.0,0.0
LEO PRATES,PDT,VALENTE,DENTRO,304,0.21,0.0,0.0
LEO PRATES,PDT,BARRA DO CHOCA,DENTRO,302,0.21,0.0,0.0
LEO PRATES,PDT,AMELIA RODRIGUES,DENTRO,301,0.21,0.0,0.0
LEO PRATES,PDT,MATA DE SAO JOAO,DENTRO,301,0.21,0.0,0.0
LEO PRATES,PDT,CARDEAL DA SILVA,DENTRO,291,0.20,0.0,0.0
LEO PRATES,PDT,ALAGOINHAS,DENTRO,287,0.20,0.0,0.0
LEO PRATES,PDT,CANDIBA,DENTRO,280,0.19,0.0,0.0
LEO PRATES,PDT,CANDEIAS,DENTRO,277,0.19,0.0,0.0
LEO PRATES,PDT,MARCIONILIO SOUZA,DENTRO,276,0.19,0.0,0.0
LEO PRATES,PDT,ITABUNA,DENTRO,271,0.19,0.0,0.0
LEO PRATES,PDT,IGRAPIUNA,DENTRO,251,0.17,0.0,0.0
LEO PRATES,PDT,SANTO ESTEVAO,DENTRO,238,0.17,0.0,0.0
LEO PRATES,PDT,SANTO ANTONIO DE JESUS,DENTRO,231,0.16,0.0,0.0
LEO PRATES,PDT,SANTO AMARO,DENTRO,222,0.15,0.0,0.0
LEO PRATES,PDT,JAGUAQUARA,DENTRO,219,0.15,0.0,0.0
LEO PRATES,PDT,SAO FRANCISCO DO CONDE,DENTRO,216,0.15,0.0,0.0
LEO PRATES,PDT,SANTALUZ,DENTRO,209,0.15,0.0,0.0
LEO PRATES,PDT,ITAPE,DENTRO,207,0.14,0.0,0.0
LEO PRATES,PDT,BARRA DA ESTIVA,DENTRO,199,0.14,0.0,0.0
LEO PRATES,PDT,BELMONTE,DENTRO,198,0.14,0.0,0.0
LEO PRATES,PDT,EUNAPOLIS,DENTRO,197,0.14,0.0,0.0
LEO PRATES,PDT,JIQUIRICA,DENTRO,193,0.13,0.0,0.0
LEO PRATES,PDT,CRUZ DAS ALMAS,DENTRO,189,0.13,0.0,0.0
LEO PRATES,PDT,SANTA INES,DENTRO,184,0.13,0.0,0.0
LEO PRATES,PDT,VALENCA,DENTRO,184,0.13,0.0,0.0
LEO PRATES,PDT,BOA VISTA DO TUPIM,DENTRO,171,0.12,0.0,0.0
LEO PRATES,PDT,VARZEDO,DENTRO,170,0.12,0.0,0.0
LEO PRATES,PDT,ARAMARI,DENTRO,170,0.12,0.0,0.0
LEO PRATES,PDT,SAO SEBASTIAO DO PASSE,DENTRO,167,0.12,0.0,0.0
LEO PRATES,PDT,MUTUIPE,DENTRO,163,0.11,0.0,0.0
LEO PRATES,PDT,SERRINHA,DENTRO,161,0.11,0.0,0.0
LEO PRATES,PDT,SANTA BARBARA,DENTRO,159,0.11,0.0,0.0
LEO PRATES,PDT,MARAGOGIPE,DENTRO,158,0.11,0.0,0.0
LEO PRATES,PDT,ITAPARICA,DENTRO,156,0.11,0.0,0.0
LEO PRATES,PDT,TERRA NOVA,DENTRO,154,0.11,0.0,0.0
LEO PRATES,PDT,PRADO,DENTRO,146,0.10,0.0,0.0
LEO PRATES,PDT,MUNIZ FERREIRA,DENTRO,145,0.10,0.0,0.0
LEO PRATES,PDT,TEODORO SAMPAIO,DENTRO,144,0.10,0.0,0.0
LEO PRATES,PDT,IACU,DENTRO,142,0.10,0.0,0.0
LEO PRATES,PDT,POJUCA,DENTRO,142,0.10,0.0,0.0
LEO PRATES,PDT,CAETITE,DENTRO,142,0.10,0.0,0.0
LEO PRATES,PDT,CACHOEIRA,DENTRO,135,0.09,0.0,0.0
LEO PRATES,PDT,QUEIMADAS,DENTRO,132,0.09,0.0,0.0
LEO PRATES,PDT,TAPEROA,DENTRO,130,0.09,0.0,0.0
LEO PRATES,PDT,ANDARAI,DENTRO,129,0.09,0.0,0.0
LEO PRATES,PDT,MUNDO NOVO,DENTRO,129,0.09,0.0,0.0
LEO PRATES,PDT,ABARE,DENTRO,124,0.09,0.0,0.0
LEO PRATES,PDT,CONCEICAO DO JACUIPE,DENTRO,123,0.09,0.0,0.0
LEO PRATES,PDT,PORTO SEGURO,DENTRO,121,0.08,0.0,0.0
LEO PRATES,PDT,MUCURI,DENTRO,119,0.08,0.0,0.0
LEO PRATES,PDT,BRUMADO,DENTRO,118,0.08,0.0,0.0
LEO PRATES,PDT,ITAPICURU,DENTRO,116,0.08,0.0,0.0
LEO PRATES,PDT,NOVA FATIMA,DENTRO,113,0.08,0.0,0.0
LEO PRATES,PDT,BARREIRAS,DENTRO,106,0.07,0.0,0.0
LEO PRATES,PDT,TEIXEIRA DE FREITAS,DENTRO,102,0.07,0.0,0.0
LEO PRATES,PDT,CORACAO DE MARIA,DENTRO,102,0.07,0.0,0.0
LEO PRATES,PDT,BURITIRAMA,DENTRO,101,0.07,0.0,0.0
LEO PRATES,PDT,EUCLIDES DA CUNHA,DENTRO,97,0.07,0.0,0.0
LEO PRATES,PDT,PRESIDENTE TANCREDO NEVES,DENTRO,94,0.07,0.0,0.0
LEO PRATES,PDT,IPIRA,DENTRO,90,0.06,0.0,0.0
LEO PRATES,PDT,ITAPETINGA,DENTRO,90,0.06,0.0,0.0
LEO PRATES,PDT,TANHACU,DENTRO,86,0.06,0.0,0.0
LEO PRATES,PDT,JITAUNA,DENTRO,85,0.06,0.0,0.0
LEO PRATES,PDT,BARRA,DENTRO,84,0.06,0.0,0.0
LEO PRATES,PDT,LIVRAMENTO DE NOSSA SENHORA,DENTRO,82,0.06,0.0,0.0
LEO PRATES,PDT,IBIPITANGA,DENTRO,82,0.06,0.0,0.0
LEO PRATES,PDT,SATIRO DIAS,DENTRO,81,0.06,0.0,0.0
LEO PRATES,PDT,SAO GONCALO DOS CAMPOS,DENTRO,77,0.05,0.0,0.0
LEO PRATES,PDT,IRAJUBA,DENTRO,77,0.05,0.0,0.0
LEO PRATES,PDT,CAMAMU,DENTRO,76,0.05,0.0,0.0
LEO PRATES,PDT,SAO FELIPE,DENTRO,75,0.05,0.0,0.0
LEO PRATES,PDT,CAETANOS,DENTRO,75,0.05,0.0,0.0
LEO PRATES,PDT,CANARANA,DENTRO,74,0.05,0.0,0.0
LEO PRATES,PDT,XIQUE-XIQUE,DENTRO,73,0.05,0.0,0.0
LEO PRATES,PDT,MIGUEL CALMON,DENTRO,73,0.05,0.0,0.0
LEO PRATES,PDT,CONCEICAO DO COITE,DENTRO,72,0.05,0.0,0.0
LEO PRATES,PDT,VEREDA,DENTRO,69,0.05,0.0,0.0
LEO PRATES,PDT,UBATA,DENTRO,69,0.05,0.0,0.0
LEO PRATES,PDT,ENTRE RIOS,DENTRO,68,0.05,0.0,0.0
LEO PRATES,PDT,SENTO SE,DENTRO,65,0.05,0.0,0.0
LEO PRATES,PDT,PLANALTINO,DENTRO,64,0.04,0.0,0.0
LEO PRATES,PDT,SAUBARA,DENTRO,61,0.04,0.0,0.0
LEO PRATES,PDT,CRAVOLANDIA,DENTRO,61,0.04,0.0,0.0
LEO PRATES,PDT,ESPLANADA,DENTRO,61,0.04,0.0,0.0
LEO PRATES,PDT,CATU,DENTRO,61,0.04,0.0,0.0
LEO PRATES,PDT,CASTRO ALVES,DENTRO,60,0.04,0.0,0.0
LEO PRATES,PDT,UBAITABA,DENTRO,60,0.04,0.0,0.0
LEO PRATES,PDT,SAO GABRIEL,DENTRO,60,0.04,0.0,0.0
LEO PRATES,PDT,CONDE,DENTRO,60,0.04,0.0,0.0
LEO PRATES,PDT,MARACAS,DENTRO,59,0.04,0.0,0.0
LEO PRATES,PDT,IRAQUARA,DENTRO,57,0.04,0.0,0.0
LEO PRATES,PDT,UIBAI,DENTRO,56,0.04,0.0,0.0
LEO PRATES,PDT,SENHOR DO BONFIM,DENTRO,56,0.04,0.0,0.0
LEO PRATES,PDT,LAMARAO,DENTRO,54,0.04,0.0,0.0
LEO PRATES,PDT,MORRO DO CHAPEU,DENTRO,54,0.04,0.0,0.0
LEO PRATES,PDT,RIACHAO DO JACUIPE,DENTRO,53,0.04,0.0,0.0
LEO PRATES,PDT,SAO FELIX,DENTRO,53,0.04,0.0,0.0
LEO PRATES,PDT,LUIS EDUARDO MAGALHAES,DENTRO,51,0.04,0.0,0.0
LEO PRATES,PDT,CAIRU,DENTRO,51,0.04,0.0,0.0
LEO PRATES,PDT,DOM BASILIO,DENTRO,50,0.03,0.0,0.0
LEO PRATES,PDT,LAPAO,DENTRO,49,0.03,0.0,0.0
LEO PRATES,PDT,CONCEICAO DA FEIRA,DENTRO,49,0.03,0.0,0.0
LEO PRATES,PDT,SALINAS DA MARGARIDA,DENTRO,48,0.03,0.0,0.0
LEO PRATES,PDT,JACOBINA,DENTRO,48,0.03,0.0,0.0
LEO PRATES,PDT,SANTA CRUZ CABRALIA,DENTRO,47,0.03,0.0,0.0
LEO PRATES,PDT,LAJEDO DO TABOCAL,DENTRO,47,0.03,0.0,0.0
LEO PRATES,PDT,PALMAS DE MONTE ALTO,DENTRO,46,0.03,0.0,0.0
LEO PRATES,PDT,SAPEACU,DENTRO,45,0.03,0.0,0.0
LEO PRATES,PDT,PEDRAO,DENTRO,45,0.03,0.0,0.0
LEO PRATES,PDT,IBIPEBA,DENTRO,44,0.03,0.0,0.0
LEO PRATES,PDT,JUSSARA,DENTRO,43,0.03,0.0,0.0
LEO PRATES,PDT,ITIRUCU,DENTRO,41,0.03,0.0,0.0
LEO PRATES,PDT,ITIUBA,DENTRO,41,0.03,0.0,0.0
LEO PRATES,PDT,OURICANGAS,DENTRO,41,0.03,0.0,0.0
LEO PRATES,PDT,GUANAMBI,DENTRO,41,0.03,0.0,0.0
LEO PRATES,PDT,OLINDINA,DENTRO,39,0.03,0.0,0.0
LEO PRATES,PDT,CASA NOVA,DENTRO,38,0.03,0.0,0.0
LEO PRATES,PDT,SAO DOMINGOS,DENTRO,34,0.02,0.0,0.0
LEO PRATES,PDT,MARAU,DENTRO,34,0.02,0.0,0.0
LEO PRATES,PDT,CANDEAL,DENTRO,34,0.02,0.0,0.0
LEO PRATES,PDT,ITUBERA,DENTRO,34,0.02,0.0,0.0
LEO PRATES,PDT,ITANAGRA,DENTRO,32,0.02,0.0,0.0
LEO PRATES,PDT,PARAMIRIM,DENTRO,32,0.02,0.0,0.0
LEO PRATES,PDT,CURACA,DENTRO,32,0.02,0.0,0.0
LEO PRATES,PDT,MANOEL VITORINO,DENTRO,32,0.02,0.0,0.0
LEO PRATES,PDT,PRESIDENTE DUTRA,DENTRO,32,0.02,0.0,0.0
LEO PRATES,PDT,CAMPO FORMOSO,DENTRO,31,0.02,0.0,0.0
LEO PRATES,PDT,BARROCAS,DENTRO,31,0.02,0.0,0.0
LEO PRATES,PDT,TUCANO,DENTRO,30,0.02,0.0,0.0
LEO PRATES,PDT,UBAIRA,DENTRO,29,0.02,0.0,0.0
LEO PRATES,PDT,CARAVELAS,DENTRO,29,0.02,0.0,0.0
LEO PRATES,PDT,JAGUARIPE,DENTRO,29,0.02,0.0,0.0
LEO PRATES,PDT,POCOES,DENTRO,29,0.02,0.0,0.0
LEO PRATES,PDT,ARACI,DENTRO,28,0.02,0.0,0.0
LEO PRATES,PDT,COARACI,DENTRO,28,0.02,0.0,0.0
LEO PRATES,PDT,ELISIO MEDRADO,DENTRO,27,0.02,0.0,0.0
LEO PRATES,PDT,BAIXA GRANDE,DENTRO,27,0.02,0.0,0.0
LEO PRATES,PDT,ACAJUTIBA,DENTRO,27,0.02,0.0,0.0
LEO PRATES,PDT,GANDU,DENTRO,27,0.02,0.0,0.0
LEO PRATES,PDT,PAULO AFONSO,DENTRO,26,0.02,0.0,0.0
LEO PRATES,PDT,RIACHO DE SANTANA,DENTRO,26,0.02,0.0,0.0
LEO PRATES,PDT,PARIPIRANGA,DENTRO,25,0.02,0.0,0.0
LEO PRATES,PDT,CAFARNAUM,DENTRO,25,0.02,0.0,0.0
LEO PRATES,PDT,NOVA REDENCAO,DENTRO,24,0.02,0.0,0.0
LEO PRATES,PDT,CANAVIEIRAS,DENTRO,24,0.02,0.0,0.0
LEO PRATES,PDT,BARRA DO MENDES,DENTRO,23,0.02,0.0,0.0
LEO PRATES,PDT,UAUA,DENTRO,23,0.02,0.0,0.0
LEO PRATES,PDT,DOM MACEDO COSTA,DENTRO,23,0.02,0.0,0.0
LEO PRATES,PDT,ITACARE,DENTRO,23,0.02,0.0,0.0
LEO PRATES,PDT,AGUA FRIA,DENTRO,22,0.02,0.0,0.0
LEO PRATES,PDT,ITAGIBA,DENTRO,22,0.02,0.0,0.0
LEO PRATES,PDT,PINDAI,DENTRO,22,0.02,0.0,0.0
LEO PRATES,PDT,RAFAEL JAMBEIRO,DENTRO,22,0.02,0.0,0.0
LEO PRATES,PDT,TEOLANDIA,DENTRO,22,0.02,0.0,0.0
LEO PRATES,PDT,SOBRADINHO,DENTRO,22,0.02,0.0,0.0
LEO PRATES,PDT,RIO REAL,DENTRO,21,0.01,0.0,0.0
LEO PRATES,PDT,CHORROCHO,DENTRO,21,0.01,0.0,0.0
LEO PRATES,PDT,BREJOES,DENTRO,21,0.01,0.0,0.0
LEO PRATES,PDT,SANTA TEREZINHA,DENTRO,20,0.01,0.0,0.0
LEO PRATES,PDT,BOM JESUS DA LAPA,DENTRO,20,0.01,0.0,0.0
LEO PRATES,PDT,IBOTIRAMA,DENTRO,20,0.01,0.0,0.0
LEO PRATES,PDT,COCOS,DENTRO,19,0.01,0.0,0.0
LEO PRATES,PDT,BOTUPORA,DENTRO,19,0.01,0.0,0.0
LEO PRATES,PDT,LENCOIS,DENTRO,19,0.01,0.0,0.0
LEO PRATES,PDT,CANUDOS,DENTRO,19,0.01,0.0,0.0
LEO PRATES,PDT,MUCUGE,DENTRO,19,0.01,0.0,0.0
LEO PRATES,PDT,SAO MIGUEL DAS MATAS,DENTRO,19,0.01,0.0,0.0
LEO PRATES,PDT,IBICARAI,DENTRO,19,0.01,0.0,0.0
LEO PRATES,PDT,ICHU,DENTRO,19,0.01,0.0,0.0
LEO PRATES,PDT,CIPO,DENTRO,19,0.01,0.0,0.0
LEO PRATES,PDT,VARZEA NOVA,DENTRO,18,0.01,0.0,0.0
LEO PRATES,PDT,BARRO ALTO,DENTRO,18,0.01,0.0,0.0
LEO PRATES,PDT,ITABELA,DENTRO,18,0.01,0.0,0.0
LEO PRATES,PDT,REMANSO,DENTRO,18,0.01,0.0,0.0
LEO PRATES,PDT,ARATUIPE,DENTRO,18,0.01,0.0,0.0
LEO PRATES,PDT,LAJE,DENTRO,18,0.01,0.0,0.0
LEO PRATES,PDT,PALMEIRAS,DENTRO,18,0.01,0.0,0.0
LEO PRATES,PDT,FILADELFIA,DENTRO,18,0.01,0.0,0.0
LEO PRATES,PDT,AURELINO LEAL,DENTRO,17,0.01,0.0,0.0
LEO PRATES,PDT,TAPIRAMUTA,DENTRO,17,0.01,0.0,0.0
LEO PRATES,PDT,QUIJINGUE,DENTRO,17,0.01,0.0,0.0
LEO PRATES,PDT,TEOFILANDIA,DENTRO,16,0.01,0.0,0.0
LEO PRATES,PDT,PARATINGA,DENTRO,16,0.01,0.0,0.0
LEO PRATES,PDT,PE DE SERRA,DENTRO,16,0.01,0.0,0.0
LEO PRATES,PDT,ITARANTIM,DENTRO,16,0.01,0.0,0.0
LEO PRATES,PDT,PIRITIBA,DENTRO,16,0.01,0.0,0.0
LEO PRATES,PDT,ARACAS,DENTRO,16,0.01,0.0,0.0
LEO PRATES,PDT,CAPIM GROSSO,DENTRO,16,0.01,0.0,0.0
LEO PRATES,PDT,ITAJUIPE,DENTRO,16,0.01,0.0,0.0
LEO PRATES,PDT,MACAUBAS,DENTRO,15,0.01,0.0,0.0
LEO PRATES,PDT,TANQUINHO,DENTRO,15,0.01,0.0,0.0
LEO PRATES,PDT,SERRA PRETA,DENTRO,15,0.01,0.0,0.0
LEO PRATES,PDT,NOVA SOURE,DENTRO,15,0.01,0.0,0.0
LEO PRATES,PDT,CANSANCAO,DENTRO,14,0.01,0.0,0.0
LEO PRATES,PDT,PLANALTO,DENTRO,14,0.01,0.0,0.0
LEO PRATES,PDT,RIBEIRA DO POMBAL,DENTRO,14,0.01,0.0,0.0
LEO PRATES,PDT,IBICOARA,DENTRO,14,0.01,0.0,0.0
LEO PRATES,PDT,CRISOPOLIS,DENTRO,13,0.01,0.0,0.0
LEO PRATES,PDT,CICERO DANTAS,DENTRO,13,0.01,0.0,0.0
LEO PRATES,PDT,IBIRAPUA,DENTRO,13,0.01,0.0,0.0
LEO PRATES,PDT,BOA NOVA,DENTRO,13,0.01,0.0,0.0
LEO PRATES,PDT,ANGUERA,DENTRO,13,0.01,0.0,0.0
LEO PRATES,PDT,ANTONIO CARDOSO,DENTRO,13,0.01,0.0,0.0
LEO PRATES,PDT,ALCOBACA,DENTRO,13,0.01,0.0,0.0
LEO PRATES,PDT,CARINHANHA,DENTRO,12,0.01,0.0,0.0
LEO PRATES,PDT,ANAGE,DENTRO,12,0.01,0.0,0.0
LEO PRATES,PDT,NOVA CANAA,DENTRO,12,0.01,0.0,0.0
LEO PRATES,PDT,PIATA,DENTRO,12,0.01,0.0,0.0
LEO PRATES,PDT,ITATIM,DENTRO,11,0.01,0.0,0.0
LEO PRATES,PDT,RIBEIRA DO AMPARO,DENTRO,11,0.01,0.0,0.0
LEO PRATES,PDT,BOQUIRA,DENTRO,11,0.01,0.0,0.0
LEO PRATES,PDT,TABOCAS DO BREJO VELHO,DENTRO,11,0.01,0.0,0.0
LEO PRATES,PDT,ITUACU,DENTRO,11,0.01,0.0,0.0
LEO PRATES,PDT,SANTA MARIA DA VITORIA,DENTRO,11,0.01,0.0,0.0
LEO PRATES,PDT,WAGNER,DENTRO,11,0.01,0.0,0.0
LEO PRATES,PDT,RETIROLANDIA,DENTRO,11,0.01,0.0,0.0
LEO PRATES,PDT,BONINAL,DENTRO,11,0.01,0.0,0.0
LEO PRATES,PDT,JOAO DOURADO,DENTRO,11,0.01,0.0,0.0
LEO PRATES,PDT,BIRITINGA,DENTRO,11,0.01,0.0,0.0
LEO PRATES,PDT,OLIVEIRA DOS BREJINHOS,DENTRO,10,0.01,0.0,0.0
LEO PRATES,PDT,AIQUARA,DENTRO,10,0.01,0.0,0.0
LEO PRATES,PDT,IPIAU,DENTRO,10,0.01,0.0,0.0
LEO PRATES,PDT,ITAMARI,DENTRO,10,0.01,0.0,0.0
LEO PRATES,PDT,MIRANGABA,DENTRO,10,0.01,0.0,0.0
LEO PRATES,PDT,IGUAI,DENTRO,10,0.01,0.0,0.0
LEO PRATES,PDT,ADUSTINA,DENTRO,10,0.01,0.0,0.0
LEO PRATES,PDT,IBIRATAIA,DENTRO,9,0.01,0.0,0.0
LEO PRATES,PDT,IRAMAIA,DENTRO,9,0.01,0.0,0.0
LEO PRATES,PDT,SAO JOSE DO JACUIPE,DENTRO,9,0.01,0.0,0.0
LEO PRATES,PDT,NOVO HORIZONTE,DENTRO,9,0.01,0.0,0.0
LEO PRATES,PDT,MEDEIROS NETO,DENTRO,9,0.01,0.0,0.0
LEO PRATES,PDT,BONITO,DENTRO,9,0.01,0.0,0.0
LEO PRATES,PDT,IBITIARA,DENTRO,8,0.01,0.0,0.0
LEO PRATES,PDT,NOVA IBIA,DENTRO,8,0.01,0.0,0.0
LEO PRATES,PDT,LICINIO DE ALMEIDA,DENTRO,8,0.01,0.0,0.0
LEO PRATES,PDT,VARZEA DA ROCA,DENTRO,8,0.01,0.0,0.0
LEO PRATES,PDT,URUCUCA,DENTRO,8,0.01,0.0,0.0
LEO PRATES,PDT,JANDAIRA,DENTRO,8,0.01,0.0,0.0
LEO PRATES,PDT,SOUTO SOARES,DENTRO,8,0.01,0.0,0.0
LEO PRATES,PDT,FIRMINO ALVES,DENTRO,8,0.01,0.0,0.0
LEO PRATES,PDT,MACAJUBA,DENTRO,8,0.01,0.0,0.0
LEO PRATES,PDT,ENCRUZILHADA,DENTRO,7,0.00,0.0,0.0
LEO PRATES,PDT,IGAPORA,DENTRO,7,0.00,0.0,0.0
LEO PRATES,PDT,LAGOA REAL,DENTRO,7,0.00,0.0,0.0
LEO PRATES,PDT,QUIXABEIRA,DENTRO,7,0.00,0.0,0.0
LEO PRATES,PDT,ITAPEBI,DENTRO,7,0.00,0.0,0.0
LEO PRATES,PDT,SAUDE,DENTRO,7,0.00,0.0,0.0
LEO PRATES,PDT,ITANHEM,DENTRO,7,0.00,0.0,0.0
LEO PRATES,PDT,NILO PECANHA,DENTRO,7,0.00,0.0,0.0
LEO PRATES,PDT,NOVA ITARANA,DENTRO,7,0.00,0.0,0.0
LEO PRATES,PDT,SANTANA,DENTRO,7,0.00,0.0,0.0
LEO PRATES,PDT,CONDEUBA,DENTRO,6,0.00,0.0,0.0
LEO PRATES,PDT,MILAGRES,DENTRO,6,0.00,0.0,0.0
LEO PRATES,PDT,FLORESTA AZUL,DENTRO,6,0.00,0.0,0.0
LEO PRATES,PDT,ITAPITANGA,DENTRO,6,0.00,0.0,0.0
LEO PRATES,PDT,RIBEIRAO DO LARGO,DENTRO,6,0.00,0.0,0.0
LEO PRATES,PDT,SERRA DO RAMALHO,DENTRO,6,0.00,0.0,0.0
LEO PRATES,PDT,BROTAS DE MACAUBAS,DENTRO,6,0.00,0.0,0.0
LEO PRATES,PDT,POTIRAGUA,DENTRO,6,0.00,0.0,0.0
LEO PRATES,PDT,IBICUI,DENTRO,6,0.00,0.0,0.0
LEO PRATES,PDT,JEREMOABO,DENTRO,6,0.00,0.0,0.0
LEO PRATES,PDT,ITAQUARA,DENTRO,6,0.00,0.0,0.0
LEO PRATES,PDT,BELO CAMPO,DENTRO,5,0.00,0.0,0.0
LEO PRATES,PDT,MACARANI,DENTRO,5,0.00,0.0,0.0
LEO PRATES,PDT,ITAETE,DENTRO,5,0.00,0.0,0.0
LEO PRATES,PDT,MAIRI,DENTRO,5,0.00,0.0,0.0
LEO PRATES,PDT,CACULE,DENTRO,5,0.00,0.0,0.0
LEO PRATES,PDT,VARZEA DO POCO,DENTRO,5,0.00,0.0,0.0
LEO PRATES,PDT,LAFAIETE COUTINHO,DENTRO,5,0.00,0.0,0.0
LEO PRATES,PDT,WENCESLAU GUIMARAES,DENTRO,5,0.00,0.0,0.0
LEO PRATES,PDT,JUSSARI,DENTRO,5,0.00,0.0,0.0
LEO PRATES,PDT,CAATIBA,DENTRO,5,0.00,0.0,0.0
LEO PRATES,PDT,AMERICA DOURADA,DENTRO,5,0.00,0.0,0.0
LEO PRATES,PDT,CANDIDO SALES,DENTRO,5,0.00,0.0,0.0
LEO PRATES,PDT,DARIO MEIRA,DENTRO,5,0.00,0.0,0.0
LEO PRATES,PDT,GUARATINGA,DENTRO,4,0.00,0.0,0.0
LEO PRATES,PDT,PINTADAS,DENTRO,4,0.00,0.0,0.0
LEO PRATES,PDT,LAJEDINHO,DENTRO,4,0.00,0.0,0.0
LEO PRATES,PDT,MONTE SANTO,DENTRO,4,0.00,0.0,0.0
LEO PRATES,PDT,MAIQUINIQUE,DENTRO,4,0.00,0.0,0.0
LEO PRATES,PDT,JUCURUCU,DENTRO,4,0.00,0.0,0.0
LEO PRATES,PDT,NOVA VICOSA,DENTRO,4,0.00,0.0,0.0
LEO PRATES,PDT,MASCOTE,DENTRO,4,0.00,0.0,0.0
LEO PRATES,PDT,MANSIDAO,DENTRO,4,0.00,0.0,0.0
LEO PRATES,PDT,CALDEIRAO GRANDE,DENTRO,4,0.00,0.0,0.0
LEO PRATES,PDT,PONTO NOVO,DENTRO,4,0.00,0.0,0.0
LEO PRATES,PDT,LAJEDAO,DENTRO,4,0.00,0.0,0.0
LEO PRATES,PDT,ANTAS,DENTRO,4,0.00,0.0,0.0
LEO PRATES,PDT,ITAGI,DENTRO,4,0.00,0.0,0.0
LEO PRATES,PDT,PAU BRASIL,DENTRO,4,0.00,0.0,0.0
LEO PRATES,PDT,MALHADA DE PEDRAS,DENTRO,4,0.00,0.0,0.0
LEO PRATES,PDT,GLORIA,DENTRO,4,0.00,0.0,0.0
LEO PRATES,PDT,PILAO ARCADO,DENTRO,4,0.00,0.0,0.0
LEO PRATES,PDT,BARRA DO ROCHA,DENTRO,3,0.00,0.0,0.0
LEO PRATES,PDT,MUQUEM DO SAO FRANCISCO,DENTRO,3,0.00,0.0,0.0
LEO PRATES,PDT,FATIMA,DENTRO,3,0.00,0.0,0.0
LEO PRATES,PDT,COTEGIPE,DENTRO,3,0.00,0.0,0.0
LEO PRATES,PDT,URANDI,DENTRO,3,0.00,0.0,0.0
LEO PRATES,PDT,BUERAREMA,DENTRO,3,0.00,0.0,0.0
LEO PRATES,PDT,MULUNGU DO MORRO,DENTRO,3,0.00,0.0,0.0
LEO PRATES,PDT,HELIOPOLIS,DENTRO,3,0.00,0.0,0.0
LEO PRATES,PDT,CONTENDAS DO SINCORA,DENTRO,3,0.00,0.0,0.0
LEO PRATES,PDT,PIRAI DO NORTE,DENTRO,3,0.00,0.0,0.0
LEO PRATES,PDT,CARAIBAS,DENTRO,3,0.00,0.0,0.0
LEO PRATES,PDT,ANGICAL,DENTRO,3,0.00,0.0,0.0
LEO PRATES,PDT,TREMEDAL,DENTRO,3,0.00,0.0,0.0
LEO PRATES,PDT,CAMACA,DENTRO,3,0.00,0.0,0.0
LEO PRATES,PDT,SERROLANDIA,DENTRO,3,0.00,0.0,0.0
LEO PRATES,PDT,ITAGIMIRIM,DENTRO,3,0.00,0.0,0.0
LEO PRATES,PDT,CATURAMA,DENTRO,3,0.00,0.0,0.0
LEO PRATES,PDT,RIACHAO DAS NEVES,DENTRO,2,0.00,0.0,0.0
LEO PRATES,PDT,MATINA,DENTRO,2,0.00,0.0,0.0
LEO PRATES,PDT,SANTA CRUZ DA VITORIA,DENTRO,2,0.00,0.0,0.0
LEO PRATES,PDT,GONGOGI,DENTRO,2,0.00,0.0,0.0
LEO PRATES,PDT,UTINGA,DENTRO,2,0.00,0.0,0.0
LEO PRATES,PDT,TANQUE NOVO,DENTRO,2,0.00,0.0,0.0
LEO PRATES,PDT,PINDOBACU,DENTRO,2,0.00,0.0,0.0
LEO PRATES,PDT,ARACATU,DENTRO,2,0.00,0.0,0.0
LEO PRATES,PDT,NORDESTINA,DENTRO,2,0.00,0.0,0.0
LEO PRATES,PDT,CRISTOPOLIS,DENTRO,2,0.00,0.0,0.0
LEO PRATES,PDT,SANTA RITA DE CASSIA,DENTRO,2,0.00,0.0,0.0
LEO PRATES,PDT,BARRO PRETO,DENTRO,2,0.00,0.0,0.0
LEO PRATES,PDT,IBIRAPITANGA,DENTRO,2,0.00,0.0,0.0
LEO PRATES,PDT,CORRENTINA,DENTRO,2,0.00,0.0,0.0
LEO PRATES,PDT,OUROLANDIA,DENTRO,2,0.00,0.0,0.0
LEO PRATES,PDT,ANDORINHA,DENTRO,2,0.00,0.0,0.0
LEO PRATES,PDT,JUSSIAPE,DENTRO,2,0.00,0.0,0.0
LEO PRATES,PDT,IBIASSUCE,DENTRO,2,0.00,0.0,0.0
LEO PRATES,PDT,MAETINGA,DENTRO,1,0.00,0.0,0.0
LEO PRATES,PDT,ANTONIO GONCALVES,DENTRO,1,0.00,0.0,0.0
LEO PRATES,PDT,SITIO DO MATO,DENTRO,1,0.00,0.0,0.0
LEO PRATES,PDT,SEBASTIAO LARANJEIRAS,DENTRO,1,0.00,0.0,0.0
LEO PRATES,PDT,MACURURE,DENTRO,1,0.00,0.0,0.0
LEO PRATES,PDT,RIO DO ANTONIO,DENTRO,1,0.00,0.0,0.0
LEO PRATES,PDT,UMBURANAS,DENTRO,1,0.00,0.0,0.0
LEO PRATES,PDT,SITIO DO QUINTO,DENTRO,1,0.00,0.0,0.0
LEO PRATES,PDT,PEDRO ALEXANDRE,DENTRO,1,0.00,0.0,0.0
LEO PRATES,PDT,ABAIRA,DENTRO,1,0.00,0.0,0.0
LEO PRATES,PDT,JABORANDI,DENTRO,1,0.00,0.0,0.0
LEO PRATES,PDT,MORTUGABA,DENTRO,1,0.00,0.0,0.0
LEO PRATES,PDT,SANTA LUZIA,DENTRO,1,0.00,0.0,0.0
LEO PRATES,PDT,CAMPO ALEGRE DE LOURDES,DENTRO,1,0.00,0.0,0.0
LEO PRATES,PDT,IUIU,DENTRO,1,0.00,0.0,0.0
LEO PRATES,PDT,ERICO CARDOSO,DENTRO,1,0.00,0.0,0.0
LEO PRATES,PDT,CATOLANDIA,DENTRO,1,0.00,0.0,0.0
LEO PRATES,PDT,ARATACA,DENTRO,1,0.00,0.0,0.0
LEO PRATES,PDT,PRESIDENTE JANIO QUADROS,DENTRO,1,0.00,0.0,0.0
LEO PRATES,PDT,JACARACI,DENTRO,1,0.00,0.0,0.0
LEO PRATES,PDT,BOM JESUS DA SERRA,DENTRO,1,0.00,0.0,0.0
LEO PRATES,PDT,RIO DE CONTAS,DENTRO,1,0.00,0.0,0.0
LEO PRATES,PDT,BAIANOPOLIS,DENTRO,0,0.00,0.0,0.0
LEO PRATES,PDT,SAO DESIDERIO,DENTRO,0,0.00,0.0,0.0
LEO PRATES,PDT,CANAPOLIS,DENTRO,0,0.00,0.0,0.0
LEO PRATES,PDT,IPUPIARA,DENTRO,0,0.00,0.0,0.0
LEO PRATES,PDT,CORIBE,DENTRO,0,0.00,0.0,0.0
LEO PRATES,PDT,UNA,DENTRO,0,0.00,0.0,0.0
LEO PRATES,PDT,SANTA BRIGIDA,DENTRO,0,0.00,0.0,0.0
LEO PRATES,PDT,GUAJERU,DENTRO,0,0.00,0.0,0.0
LEO PRATES,PDT,ALMADINA,DENTRO,0,0.00,0.0,0.0
LEO PRATES,PDT,NOVO TRIUNFO,DENTRO,0,0.00,0.0,0.0
LEO PRATES,PDT,FORMOSA DO RIO PRETO,DENTRO,0,0.00,0.0,0.0
LEO PRATES,PDT,SAO FELIX DO CORIBE,DENTRO,0,0.00,0.0,0.0
LEO PRATES,PDT,SERRA DOURADA,DENTRO,0,0.00,0.0,0.0
LEO PRATES,PDT,FEIRA DA MATA,DENTRO,0,0.00,0.0,0.0
LEO PRATES,PDT,RIO DO PIRES,DENTRO,0,0.00,0.0,0.0
LEO PRATES,PDT,MIRANTE,DENTRO,0,0.00,0.0,0.0
LEO PRATES,PDT,MALHADA,DENTRO,0,0.00,0.0,0.0
LEO PRATES,PDT,PIRIPA,DENTRO,0,0.00,0.0,0.0
LEO PRATES,PDT,MORPARA,DENTRO,0,0.00,0.0,0.0
LEO PRATES,PDT,ITAJU DO COLONIA,DENTRO,0,0.00,0.0,0.0
LEO PRATES,PDT,SAO JOSE DA VITORIA,DENTRO,0,0.00,0.0,0.0
LEO PRATES,PDT,RODELAS,DENTRO,0,0.00,0.0,0.0
LEO PRATES,PDT,WANDERLEY,DENTRO,0,0.00,0.0,0.0
LEO PRATES,PDT,BANZAE,DENTRO,0,0.00,0.0,0.0
LEO PRATES,PDT,CORONEL JOAO SA,DENTRO,0,0.00,0.0,0.0
LEO PRATES,PDT,CORDEIROS,DENTRO,0,0.00,0.0,0.0
LEO PRATES,PDT,BREJOLANDIA,DENTRO,0,0.00,0.0,0.0
LEO PRATES,PDT,MULTIPLO,AMPLO,0,0,72837000.0,63.44
LEO PRATES,PDT,SEM INFORMACAO,AMPLO,0,0,16577843.1,14.44
LEO PRATES,PDT,MORRO DO CHAPEU (BAHIA),FORA,0,0,5497080.0,4.79
LEO PRATES,PDT,MURITIBA (BAHIA),FORA,0,0,4999257.0,4.35
LEO PRATES,PDT,VITORIA DA CONQUISTA (BAHIA),FORA,0,0,3010781.6,2.62
LEO PRATES,PDT,SITIO DO MATO (BAHIA),FORA,0,0,2000000.0,1.74
LEO PRATES,PDT,SANTO ANTONIO DE JESUS (BAHIA),FORA,0,0,1790000.0,1.56
LEO PRATES,PDT,ITUBERA (BAHIA),FORA,0,0,1000000.0,0.87
LEO PRATES,PDT,IBOTIRAMA (BAHIA),FORA,0,0,1000000.0,0.87
LEO PRATES,PDT,FATIMA (BAHIA),FORA,0,0,1000000.0,0.87
LEO PRATES,PDT,PIRAI DO NORTE (BAHIA),FORA,0,0,1000000.0,0.87
LEO PRATES,PDT,SALVADOR (BAHIA),FORA,0,0,1000000.0,0.87
LEO PRATES,PDT,TABOCAS DO BREJO VELHO (BAHIA),FORA,0,0,1000000.0,0.87
LEO PRATES,PDT,CABACEIRAS DO PARAGUACU (BAHIA),FORA,0,0,604600.0,0.53
LEO PRATES,PDT,ITORORO (BAHIA),FORA,0,0,600000.0,0.52
LEO PRATES,PDT,LAPAO (BAHIA),FORA,0,0,500000.0,0.44
LEO PRATES,PDT,ITAGIMIRIM (BAHIA),FORA,0,0,400000.0,0.35
DEPUTADO DAL,UNIÃO,SALVADOR,DENTRO,8938,6.36,0.0,0
DEPUTADO DAL,UNIÃO,AMARGOSA,DENTRO,5881,4.19,0.0,0
DEPUTADO DAL,UNIÃO,VALENCA,DENTRO,5847,4.16,0.0,0
DEPUTADO DAL,UNIÃO,PRESIDENTE TANCREDO NEVES,DENTRO,4971,3.54,0.0,0
DEPUTADO DAL,UNIÃO,SANTO ANTONIO DE JESUS,DENTRO,4862,3.46,0.0,0
DEPUTADO DAL,UNIÃO,SAPEACU,DENTRO,4027,2.87,0.0,0
DEPUTADO DAL,UNIÃO,ITAMARAJU,DENTRO,3863,2.75,0.0,0
DEPUTADO DAL,UNIÃO,MUTUIPE,DENTRO,3438,2.45,0.0,0
DEPUTADO DAL,UNIÃO,LAJE,DENTRO,3146,2.24,0.0,0
DEPUTADO DAL,UNIÃO,RIACHO DE SANTANA,DENTRO,2982,2.12,0.0,0
DEPUTADO DAL,UNIÃO,NAZARE,DENTRO,2925,2.08,0.0,0
DEPUTADO DAL,UNIÃO,ALAGOINHAS,DENTRO,2914,2.07,0.0,0
DEPUTADO DAL,UNIÃO,JABORANDI,DENTRO,2857,2.03,0.0,0
DEPUTADO DAL,UNIÃO,UBAIRA,DENTRO,2601,1.85,0.0,0
DEPUTADO DAL,UNIÃO,CAMACA,DENTRO,2540,1.81,0.0,0
DEPUTADO DAL,UNIÃO,CORRENTINA,DENTRO,2505,1.78,0.0,0
DEPUTADO DAL,UNIÃO,ITAQUARA,DENTRO,2476,1.76,0.0,0
DEPUTADO DAL,UNIÃO,NOVA ITARANA,DENTRO,2434,1.73,0.0,0
DEPUTADO DAL,UNIÃO,SAO MIGUEL DAS MATAS,DENTRO,2329,1.66,0.0,0
DEPUTADO DAL,UNIÃO,ITATIM,DENTRO,2095,1.49,0.0,0
DEPUTADO DAL,UNIÃO,WENCESLAU GUIMARAES,DENTRO,1838,1.31,0.0,0
DEPUTADO DAL,UNIÃO,JIQUIRICA,DENTRO,1604,1.14,0.0,0
DEPUTADO DAL,UNIÃO,MARACAS,DENTRO,1539,1.10,0.0,0
DEPUTADO DAL,UNIÃO,FORMOSA DO RIO PRETO,DENTRO,1515,1.08,0.0,0
DEPUTADO DAL,UNIÃO,GANDU,DENTRO,1448,1.03,0.0,0
DEPUTADO DAL,UNIÃO,JAGUAQUARA,DENTRO,1447,1.03,0.0,0
DEPUTADO DAL,UNIÃO,PAU BRASIL,DENTRO,1374,0.98,0.0,0
DEPUTADO DAL,UNIÃO,ELISIO MEDRADO,DENTRO,1343,0.96,0.0,0
DEPUTADO DAL,UNIÃO,CASTRO ALVES,DENTRO,1305,0.93,0.0,0
DEPUTADO DAL,UNIÃO,NILO PECANHA,DENTRO,1289,0.92,0.0,0
DEPUTADO DAL,UNIÃO,JAGUARIPE,DENTRO,1249,0.89,0.0,0
DEPUTADO DAL,UNIÃO,ITIRUCU,DENTRO,1202,0.86,0.0,0
DEPUTADO DAL,UNIÃO,UTINGA,DENTRO,1171,0.83,0.0,0
DEPUTADO DAL,UNIÃO,JEQUIE,DENTRO,1165,0.83,0.0,0
DEPUTADO DAL,UNIÃO,CAIRU,DENTRO,1082,0.77,0.0,0
DEPUTADO DAL,UNIÃO,LAURO DE FREITAS,DENTRO,1006,0.72,0.0,0
DEPUTADO DAL,UNIÃO,SANTO ESTEVAO,DENTRO,982,0.70,0.0,0
DEPUTADO DAL,UNIÃO,RUY BARBOSA,DENTRO,967,0.69,0.0,0
DEPUTADO DAL,UNIÃO,IACU,DENTRO,955,0.68,0.0,0
DEPUTADO DAL,UNIÃO,RETIROLANDIA,DENTRO,936,0.67,0.0,0
DEPUTADO DAL,UNIÃO,JACOBINA,DENTRO,928,0.66,0.0,0
DEPUTADO DAL,UNIÃO,SAO FELIPE,DENTRO,906,0.65,0.0,0
DEPUTADO DAL,UNIÃO,FEIRA DE SANTANA,DENTRO,902,0.64,0.0,0
DEPUTADO DAL,UNIÃO,CACHOEIRA,DENTRO,863,0.61,0.0,0
DEPUTADO DAL,UNIÃO,PORTO SEGURO,DENTRO,841,0.60,0.0,0
DEPUTADO DAL,UNIÃO,MILAGRES,DENTRO,825,0.59,0.0,0
DEPUTADO DAL,UNIÃO,VERA CRUZ,DENTRO,816,0.58,0.0,0
DEPUTADO DAL,UNIÃO,RAFAEL JAMBEIRO,DENTRO,812,0.58,0.0,0
DEPUTADO DAL,UNIÃO,BREJOES,DENTRO,808,0.58,0.0,0
DEPUTADO DAL,UNIÃO,VITORIA DA CONQUISTA,DENTRO,791,0.56,0.0,0
DEPUTADO DAL,UNIÃO,RIACHAO DAS NEVES,DENTRO,782,0.56,0.0,0
DEPUTADO DAL,UNIÃO,SANTA TEREZINHA,DENTRO,779,0.55,0.0,0
DEPUTADO DAL,UNIÃO,CRAVOLANDIA,DENTRO,760,0.54,0.0,0
DEPUTADO DAL,UNIÃO,ITABERABA,DENTRO,725,0.52,0.0,0
DEPUTADO DAL,UNIÃO,CANAPOLIS,DENTRO,708,0.50,0.0,0
DEPUTADO DAL,UNIÃO,ANGICAL,DENTRO,706,0.50,0.0,0
DEPUTADO DAL,UNIÃO,ITABUNA,DENTRO,667,0.47,0.0,0
DEPUTADO DAL,UNIÃO,SAO DESIDERIO,DENTRO,648,0.46,0.0,0
DEPUTADO DAL,UNIÃO,IPECAETA,DENTRO,625,0.45,0.0,0
DEPUTADO DAL,UNIÃO,BUERAREMA,DENTRO,620,0.44,0.0,0
DEPUTADO DAL,UNIÃO,IRAJUBA,DENTRO,613,0.44,0.0,0
DEPUTADO DAL,UNIÃO,ARATACA,DENTRO,604,0.43,0.0,0
DEPUTADO DAL,UNIÃO,ARACATU,DENTRO,589,0.42,0.0,0
DEPUTADO DAL,UNIÃO,IBOTIRAMA,DENTRO,584,0.42,0.0,0
DEPUTADO DAL,UNIÃO,SANTA MARIA DA VITORIA,DENTRO,560,0.40,0.0,0
DEPUTADO DAL,UNIÃO,GUARATINGA,DENTRO,534,0.38,0.0,0
DEPUTADO DAL,UNIÃO,NOVA VICOSA,DENTRO,529,0.38,0.0,0
DEPUTADO DAL,UNIÃO,TEOLANDIA,DENTRO,526,0.37,0.0,0
DEPUTADO DAL,UNIÃO,SANTA INES,DENTRO,502,0.36,0.0,0
DEPUTADO DAL,UNIÃO,CATU,DENTRO,502,0.36,0.0,0
DEPUTADO DAL,UNIÃO,SITIO DO MATO,DENTRO,489,0.35,0.0,0
DEPUTADO DAL,UNIÃO,GOVERNADOR MANGABEIRA,DENTRO,489,0.35,0.0,0
DEPUTADO DAL,UNIÃO,TEIXEIRA DE FREITAS,DENTRO,469,0.33,0.0,0
DEPUTADO DAL,UNIÃO,EUNAPOLIS,DENTRO,468,0.33,0.0,0
DEPUTADO DAL,UNIÃO,MURITIBA,DENTRO,449,0.32,0.0,0
DEPUTADO DAL,UNIÃO,ANGUERA,DENTRO,443,0.32,0.0,0
DEPUTADO DAL,UNIÃO,PALMEIRAS,DENTRO,442,0.31,0.0,0
DEPUTADO DAL,UNIÃO,SIMOES FILHO,DENTRO,429,0.31,0.0,0
DEPUTADO DAL,UNIÃO,PLANALTINO,DENTRO,403,0.29,0.0,0
DEPUTADO DAL,UNIÃO,ITUBERA,DENTRO,394,0.28,0.0,0
DEPUTADO DAL,UNIÃO,CRISTOPOLIS,DENTRO,388,0.28,0.0,0
DEPUTADO DAL,UNIÃO,ARATUIPE,DENTRO,367,0.26,0.0,0
DEPUTADO DAL,UNIÃO,LAJEDO DO TABOCAL,DENTRO,364,0.26,0.0,0
DEPUTADO DAL,UNIÃO,UBAITABA,DENTRO,364,0.26,0.0,0
DEPUTADO DAL,UNIÃO,MATINA,DENTRO,360,0.26,0.0,0
DEPUTADO DAL,UNIÃO,JUCURUCU,DENTRO,357,0.25,0.0,0
DEPUTADO DAL,UNIÃO,LIVRAMENTO DE NOSSA SENHORA,DENTRO,344,0.24,0.0,0
DEPUTADO DAL,UNIÃO,CAMACARI,DENTRO,335,0.24,0.0,0
DEPUTADO DAL,UNIÃO,ITAPITANGA,DENTRO,331,0.24,0.0,0
DEPUTADO DAL,UNIÃO,MAETINGA,DENTRO,319,0.23,0.0,0
DEPUTADO DAL,UNIÃO,MEDEIROS NETO,DENTRO,316,0.23,0.0,0
DEPUTADO DAL,UNIÃO,TAPEROA,DENTRO,312,0.22,0.0,0
DEPUTADO DAL,UNIÃO,SAUDE,DENTRO,298,0.21,0.0,0
DEPUTADO DAL,UNIÃO,CIPO,DENTRO,289,0.21,0.0,0
DEPUTADO DAL,UNIÃO,BAIXA GRANDE,DENTRO,279,0.20,0.0,0
DEPUTADO DAL,UNIÃO,SANTA RITA DE CASSIA,DENTRO,278,0.20,0.0,0
DEPUTADO DAL,UNIÃO,PILAO ARCADO,DENTRO,272,0.19,0.0,0
DEPUTADO DAL,UNIÃO,BARREIRAS,DENTRO,263,0.19,0.0,0
DEPUTADO DAL,UNIÃO,QUIXABEIRA,DENTRO,249,0.18,0.0,0
DEPUTADO DAL,UNIÃO,ITAMARI,DENTRO,249,0.18,0.0,0
DEPUTADO DAL,UNIÃO,CORIBE,DENTRO,242,0.17,0.0,0
DEPUTADO DAL,UNIÃO,ITAMBE,DENTRO,236,0.17,0.0,0
DEPUTADO DAL,UNIÃO,MALHADA,DENTRO,213,0.15,0.0,0
DEPUTADO DAL,UNIÃO,ALCOBACA,DENTRO,213,0.15,0.0,0
DEPUTADO DAL,UNIÃO,VARZEDO,DENTRO,209,0.15,0.0,0
DEPUTADO DAL,UNIÃO,PRADO,DENTRO,202,0.14,0.0,0
DEPUTADO DAL,UNIÃO,CAMPO ALEGRE DE LOURDES,DENTRO,188,0.13,0.0,0
DEPUTADO DAL,UNIÃO,UBATA,DENTRO,186,0.13,0.0,0
DEPUTADO DAL,UNIÃO,MUCURI,DENTRO,183,0.13,0.0,0
DEPUTADO DAL,UNIÃO,MONTE SANTO,DENTRO,166,0.12,0.0,0
DEPUTADO DAL,UNIÃO,MARCIONILIO SOUZA,DENTRO,165,0.12,0.0,0
DEPUTADO DAL,UNIÃO,CRUZ DAS ALMAS,DENTRO,161,0.11,0.0,0
DEPUTADO DAL,UNIÃO,ITABELA,DENTRO,157,0.11,0.0,0
DEPUTADO DAL,UNIÃO,NOVA SOURE,DENTRO,157,0.11,0.0,0
DEPUTADO DAL,UNIÃO,BOA NOVA,DENTRO,142,0.10,0.0,0
DEPUTADO DAL,UNIÃO,TABOCAS DO BREJO VELHO,DENTRO,142,0.10,0.0,0
DEPUTADO DAL,UNIÃO,MUNIZ FERREIRA,DENTRO,137,0.10,0.0,0
DEPUTADO DAL,UNIÃO,MASCOTE,DENTRO,133,0.09,0.0,0
DEPUTADO DAL,UNIÃO,CONCEICAO DO ALMEIDA,DENTRO,128,0.09,0.0,0
DEPUTADO DAL,UNIÃO,ITAPICURU,DENTRO,127,0.09,0.0,0
DEPUTADO DAL,UNIÃO,LUIS EDUARDO MAGALHAES,DENTRO,126,0.09,0.0,0
DEPUTADO DAL,UNIÃO,CABACEIRAS DO PARAGUACU,DENTRO,117,0.08,0.0,0
DEPUTADO DAL,UNIÃO,OLINDINA,DENTRO,111,0.08,0.0,0
DEPUTADO DAL,UNIÃO,MARAGOGIPE,DENTRO,110,0.08,0.0,0
DEPUTADO DAL,UNIÃO,ILHEUS,DENTRO,106,0.08,0.0,0
DEPUTADO DAL,UNIÃO,OLIVEIRA DOS BREJINHOS,DENTRO,105,0.07,0.0,0
DEPUTADO DAL,UNIÃO,JUSSARI,DENTRO,105,0.07,0.0,0
DEPUTADO DAL,UNIÃO,CACULE,DENTRO,102,0.07,0.0,0
DEPUTADO DAL,UNIÃO,SANTA LUZIA,DENTRO,94,0.07,0.0,0
DEPUTADO DAL,UNIÃO,LAFAIETE COUTINHO,DENTRO,90,0.06,0.0,0
DEPUTADO DAL,UNIÃO,SAO JOSE DA VITORIA,DENTRO,90,0.06,0.0,0
DEPUTADO DAL,UNIÃO,ENTRE RIOS,DENTRO,86,0.06,0.0,0
DEPUTADO DAL,UNIÃO,ITAGIBA,DENTRO,84,0.06,0.0,0
DEPUTADO DAL,UNIÃO,DOM MACEDO COSTA,DENTRO,84,0.06,0.0,0
DEPUTADO DAL,UNIÃO,GUANAMBI,DENTRO,81,0.06,0.0,0
DEPUTADO DAL,UNIÃO,BOM JESUS DA LAPA,DENTRO,76,0.05,0.0,0
DEPUTADO DAL,UNIÃO,SANTO AMARO,DENTRO,75,0.05,0.0,0
DEPUTADO DAL,UNIÃO,IBIRAPITANGA,DENTRO,74,0.05,0.0,0
DEPUTADO DAL,UNIÃO,SERROLANDIA,DENTRO,74,0.05,0.0,0
DEPUTADO DAL,UNIÃO,MACAJUBA,DENTRO,74,0.05,0.0,0
DEPUTADO DAL,UNIÃO,IPIRA,DENTRO,73,0.05,0.0,0
DEPUTADO DAL,UNIÃO,ITIUBA,DENTRO,72,0.05,0.0,0
DEPUTADO DAL,UNIÃO,AMELIA RODRIGUES,DENTRO,71,0.05,0.0,0
DEPUTADO DAL,UNIÃO,CONCEICAO DO COITE,DENTRO,66,0.05,0.0,0
DEPUTADO DAL,UNIÃO,EUCLIDES DA CUNHA,DENTRO,61,0.04,0.0,0
DEPUTADO DAL,UNIÃO,IGRAPIUNA,DENTRO,61,0.04,0.0,0
DEPUTADO DAL,UNIÃO,NOVA IBIA,DENTRO,58,0.04,0.0,0
DEPUTADO DAL,UNIÃO,PEDRAO,DENTRO,57,0.04,0.0,0
DEPUTADO DAL,UNIÃO,LAPAO,DENTRO,56,0.04,0.0,0
DEPUTADO DAL,UNIÃO,ANTONIO CARDOSO,DENTRO,55,0.04,0.0,0
DEPUTADO DAL,UNIÃO,MORRO DO CHAPEU,DENTRO,55,0.04,0.0,0
DEPUTADO DAL,UNIÃO,BRUMADO,DENTRO,53,0.04,0.0,0
DEPUTADO DAL,UNIÃO,JEREMOABO,DENTRO,53,0.04,0.0,0
DEPUTADO DAL,UNIÃO,SAO GONCALO DOS CAMPOS,DENTRO,50,0.04,0.0,0
DEPUTADO DAL,UNIÃO,SAO FRANCISCO DO CONDE,DENTRO,50,0.04,0.0,0
DEPUTADO DAL,UNIÃO,SERRA PRETA,DENTRO,50,0.04,0.0,0
DEPUTADO DAL,UNIÃO,CONCEICAO DA FEIRA,DENTRO,50,0.04,0.0,0
DEPUTADO DAL,UNIÃO,MACAUBAS,DENTRO,49,0.03,0.0,0
DEPUTADO DAL,UNIÃO,REMANSO,DENTRO,49,0.03,0.0,0
DEPUTADO DAL,UNIÃO,CAMAMU,DENTRO,49,0.03,0.0,0
DEPUTADO DAL,UNIÃO,POJUCA,DENTRO,48,0.03,0.0,0
DEPUTADO DAL,UNIÃO,SAO FELIX,DENTRO,48,0.03,0.0,0
DEPUTADO DAL,UNIÃO,SAO FELIX DO CORIBE,DENTRO,47,0.03,0.0,0
DEPUTADO DAL,UNIÃO,SANTANA,DENTRO,43,0.03,0.0,0
DEPUTADO DAL,UNIÃO,CONCEICAO DO JACUIPE,DENTRO,42,0.03,0.0,0
DEPUTADO DAL,UNIÃO,PALMAS DE MONTE ALTO,DENTRO,42,0.03,0.0,0
DEPUTADO DAL,UNIÃO,MARAU,DENTRO,41,0.03,0.0,0
DEPUTADO DAL,UNIÃO,IRECE,DENTRO,41,0.03,0.0,0
DEPUTADO DAL,UNIÃO,SALINAS DA MARGARIDA,DENTRO,40,0.03,0.0,0
DEPUTADO DAL,UNIÃO,IBIRATAIA,DENTRO,39,0.03,0.0,0
DEPUTADO DAL,UNIÃO,CAPIM GROSSO,DENTRO,39,0.03,0.0,0
DEPUTADO DAL,UNIÃO,ARAMARI,DENTRO,38,0.03,0.0,0
DEPUTADO DAL,UNIÃO,ITAPETINGA,DENTRO,37,0.03,0.0,0
DEPUTADO DAL,UNIÃO,SENHOR DO BONFIM,DENTRO,37,0.03,0.0,0
DEPUTADO DAL,UNIÃO,COCOS,DENTRO,36,0.03,0.0,0
DEPUTADO DAL,UNIÃO,SERRINHA,DENTRO,36,0.03,0.0,0
DEPUTADO DAL,UNIÃO,IBICARAI,DENTRO,36,0.03,0.0,0
DEPUTADO DAL,UNIÃO,CARINHANHA,DENTRO,35,0.02,0.0,0
DEPUTADO DAL,UNIÃO,DIAS D AVILA,DENTRO,33,0.02,0.0,0
DEPUTADO DAL,UNIÃO,AURELINO LEAL,DENTRO,33,0.02,0.0,0
DEPUTADO DAL,UNIÃO,CANAVIEIRAS,DENTRO,32,0.02,0.0,0
DEPUTADO DAL,UNIÃO,MUCUGE,DENTRO,32,0.02,0.0,0
DEPUTADO DAL,UNIÃO,CANDEIAS,DENTRO,31,0.02,0.0,0
DEPUTADO DAL,UNIÃO,MIRANGABA,DENTRO,31,0.02,0.0,0
DEPUTADO DAL,UNIÃO,ITAGI,DENTRO,30,0.02,0.0,0
DEPUTADO DAL,UNIÃO,POTIRAGUA,DENTRO,30,0.02,0.0,0
DEPUTADO DAL,UNIÃO,VARZEA NOVA,DENTRO,29,0.02,0.0,0
DEPUTADO DAL,UNIÃO,PARATINGA,DENTRO,29,0.02,0.0,0
DEPUTADO DAL,UNIÃO,MUNDO NOVO,DENTRO,29,0.02,0.0,0
DEPUTADO DAL,UNIÃO,ITAPARICA,DENTRO,29,0.02,0.0,0
DEPUTADO DAL,UNIÃO,SANTA CRUZ CABRALIA,DENTRO,28,0.02,0.0,0
DEPUTADO DAL,UNIÃO,CARAVELAS,DENTRO,28,0.02,0.0,0
DEPUTADO DAL,UNIÃO,IBITITA,DENTRO,28,0.02,0.0,0
DEPUTADO DAL,UNIÃO,RIBEIRA DO AMPARO,DENTRO,28,0.02,0.0,0
DEPUTADO DAL,UNIÃO,IPIAU,DENTRO,28,0.02,0.0,0
DEPUTADO DAL,UNIÃO,MATA DE SAO JOAO,DENTRO,28,0.02,0.0,0
DEPUTADO DAL,UNIÃO,SAO SEBASTIAO DO PASSE,DENTRO,28,0.02,0.0,0
DEPUTADO DAL,UNIÃO,RIBEIRAO DO LARGO,DENTRO,27,0.02,0.0,0
DEPUTADO DAL,UNIÃO,ITANHEM,DENTRO,26,0.02,0.0,0
DEPUTADO DAL,UNIÃO,CAETITE,DENTRO,26,0.02,0.0,0
DEPUTADO DAL,UNIÃO,JUAZEIRO,DENTRO,26,0.02,0.0,0
DEPUTADO DAL,UNIÃO,PIRAI DO NORTE,DENTRO,25,0.02,0.0,0
DEPUTADO DAL,UNIÃO,CORACAO DE MARIA,DENTRO,25,0.02,0.0,0
DEPUTADO DAL,UNIÃO,BOA VISTA DO TUPIM,DENTRO,24,0.02,0.0,0
DEPUTADO DAL,UNIÃO,DOM BASILIO,DENTRO,24,0.02,0.0,0
DEPUTADO DAL,UNIÃO,IBIRAPUA,DENTRO,23,0.02,0.0,0
DEPUTADO DAL,UNIÃO,SERRA DO RAMALHO,DENTRO,23,0.02,0.0,0
DEPUTADO DAL,UNIÃO,ANAGE,DENTRO,22,0.02,0.0,0
DEPUTADO DAL,UNIÃO,MIGUEL CALMON,DENTRO,22,0.02,0.0,0
DEPUTADO DAL,UNIÃO,MUQUEM DO SAO FRANCISCO,DENTRO,21,0.01,0.0,0
DEPUTADO DAL,UNIÃO,MACARANI,DENTRO,21,0.01,0.0,0
DEPUTADO DAL,UNIÃO,COTEGIPE,DENTRO,21,0.01,0.0,0
DEPUTADO DAL,UNIÃO,BARROCAS,DENTRO,21,0.01,0.0,0
DEPUTADO DAL,UNIÃO,RIBEIRA DO POMBAL,DENTRO,21,0.01,0.0,0
DEPUTADO DAL,UNIÃO,IBICOARA,DENTRO,21,0.01,0.0,0
DEPUTADO DAL,UNIÃO,SEABRA,DENTRO,21,0.01,0.0,0
DEPUTADO DAL,UNIÃO,IRARA,DENTRO,21,0.01,0.0,0
DEPUTADO DAL,UNIÃO,BARRA DO CHOCA,DENTRO,20,0.01,0.0,0
DEPUTADO DAL,UNIÃO,CAPELA DO ALTO ALEGRE,DENTRO,20,0.01,0.0,0
DEPUTADO DAL,UNIÃO,SATIRO DIAS,DENTRO,20,0.01,0.0,0
DEPUTADO DAL,UNIÃO,BROTAS DE MACAUBAS,DENTRO,20,0.01,0.0,0
DEPUTADO DAL,UNIÃO,CONDE,DENTRO,20,0.01,0.0,0
DEPUTADO DAL,UNIÃO,VALENTE,DENTRO,19,0.01,0.0,0
DEPUTADO DAL,UNIÃO,TEOFILANDIA,DENTRO,18,0.01,0.0,0
DEPUTADO DAL,UNIÃO,TUCANO,DENTRO,18,0.01,0.0,0
DEPUTADO DAL,UNIÃO,ITACARE,DENTRO,18,0.01,0.0,0
DEPUTADO DAL,UNIÃO,INHAMBUPE,DENTRO,17,0.01,0.0,0
DEPUTADO DAL,UNIÃO,IGAPORA,DENTRO,17,0.01,0.0,0
DEPUTADO DAL,UNIÃO,TANHACU,DENTRO,17,0.01,0.0,0
DEPUTADO DAL,UNIÃO,APORA,DENTRO,17,0.01,0.0,0
DEPUTADO DAL,UNIÃO,RIO DO PIRES,DENTRO,17,0.01,0.0,0
DEPUTADO DAL,UNIÃO,PARAMIRIM,DENTRO,17,0.01,0.0,0
DEPUTADO DAL,UNIÃO,ARACAS,DENTRO,17,0.01,0.0,0
DEPUTADO DAL,UNIÃO,BOQUIRA,DENTRO,16,0.01,0.0,0
DEPUTADO DAL,UNIÃO,ANTONIO GONCALVES,DENTRO,15,0.01,0.0,0
DEPUTADO DAL,UNIÃO,IRAMAIA,DENTRO,15,0.01,0.0,0
DEPUTADO DAL,UNIÃO,RIO REAL,DENTRO,15,0.01,0.0,0
DEPUTADO DAL,UNIÃO,CENTRAL,DENTRO,15,0.01,0.0,0
DEPUTADO DAL,UNIÃO,CANARANA,DENTRO,15,0.01,0.0,0
DEPUTADO DAL,UNIÃO,ARACI,DENTRO,15,0.01,0.0,0
DEPUTADO DAL,UNIÃO,SOBRADINHO,DENTRO,15,0.01,0.0,0
DEPUTADO DAL,UNIÃO,ITAGIMIRIM,DENTRO,15,0.01,0.0,0
DEPUTADO DAL,UNIÃO,BAIANOPOLIS,DENTRO,14,0.01,0.0,0
DEPUTADO DAL,UNIÃO,TEODORO SAMPAIO,DENTRO,14,0.01,0.0,0
DEPUTADO DAL,UNIÃO,POCOES,DENTRO,14,0.01,0.0,0
DEPUTADO DAL,UNIÃO,JUSSIAPE,DENTRO,14,0.01,0.0,0
DEPUTADO DAL,UNIÃO,ESPLANADA,DENTRO,14,0.01,0.0,0
DEPUTADO DAL,UNIÃO,IBIASSUCE,DENTRO,13,0.01,0.0,0
DEPUTADO DAL,UNIÃO,TERRA NOVA,DENTRO,13,0.01,0.0,0
DEPUTADO DAL,UNIÃO,CARAIBAS,DENTRO,13,0.01,0.0,0
DEPUTADO DAL,UNIÃO,ERICO CARDOSO,DENTRO,13,0.01,0.0,0
DEPUTADO DAL,UNIÃO,XIQUE-XIQUE,DENTRO,12,0.01,0.0,0
DEPUTADO DAL,UNIÃO,CICERO DANTAS,DENTRO,12,0.01,0.0,0
DEPUTADO DAL,UNIÃO,JITAUNA,DENTRO,12,0.01,0.0,0
DEPUTADO DAL,UNIÃO,BOM JESUS DA SERRA,DENTRO,12,0.01,0.0,0
DEPUTADO DAL,UNIÃO,DARIO MEIRA,DENTRO,12,0.01,0.0,0
DEPUTADO DAL,UNIÃO,BONITO,DENTRO,12,0.01,0.0,0
DEPUTADO DAL,UNIÃO,BIRITINGA,DENTRO,12,0.01,0.0,0
DEPUTADO DAL,UNIÃO,RIO DE CONTAS,DENTRO,12,0.01,0.0,0
DEPUTADO DAL,UNIÃO,RIACHAO DO JACUIPE,DENTRO,11,0.01,0.0,0
DEPUTADO DAL,UNIÃO,ANDARAI,DENTRO,11,0.01,0.0,0
DEPUTADO DAL,UNIÃO,UNA,DENTRO,11,0.01,0.0,0
DEPUTADO DAL,UNIÃO,RIO DO ANTONIO,DENTRO,11,0.01,0.0,0
DEPUTADO DAL,UNIÃO,PINDAI,DENTRO,11,0.01,0.0,0
DEPUTADO DAL,UNIÃO,SERRA DOURADA,DENTRO,11,0.01,0.0,0
DEPUTADO DAL,UNIÃO,MANOEL VITORINO,DENTRO,11,0.01,0.0,0
DEPUTADO DAL,UNIÃO,PAULO AFONSO,DENTRO,10,0.01,0.0,0
DEPUTADO DAL,UNIÃO,VEREDA,DENTRO,10,0.01,0.0,0
DEPUTADO DAL,UNIÃO,SAO DOMINGOS,DENTRO,10,0.01,0.0,0
DEPUTADO DAL,UNIÃO,JANDAIRA,DENTRO,10,0.01,0.0,0
DEPUTADO DAL,UNIÃO,PLANALTO,DENTRO,10,0.01,0.0,0
DEPUTADO DAL,UNIÃO,CALDEIRAO GRANDE,DENTRO,10,0.01,0.0,0
DEPUTADO DAL,UNIÃO,SANTALUZ,DENTRO,10,0.01,0.0,0
DEPUTADO DAL,UNIÃO,CRISOPOLIS,DENTRO,9,0.01,0.0,0
DEPUTADO DAL,UNIÃO,ITAPEBI,DENTRO,9,0.01,0.0,0
DEPUTADO DAL,UNIÃO,PIATA,DENTRO,9,0.01,0.0,0
DEPUTADO DAL,UNIÃO,QUIJINGUE,DENTRO,9,0.01,0.0,0
DEPUTADO DAL,UNIÃO,ITAETE,DENTRO,8,0.01,0.0,0
DEPUTADO DAL,UNIÃO,IUIU,DENTRO,8,0.01,0.0,0
DEPUTADO DAL,UNIÃO,PIRITIBA,DENTRO,8,0.01,0.0,0
DEPUTADO DAL,UNIÃO,CATOLANDIA,DENTRO,8,0.01,0.0,0
DEPUTADO DAL,UNIÃO,ITAJU DO COLONIA,DENTRO,8,0.01,0.0,0
DEPUTADO DAL,UNIÃO,OUROLANDIA,DENTRO,8,0.01,0.0,0
DEPUTADO DAL,UNIÃO,ITAPE,DENTRO,8,0.01,0.0,0
DEPUTADO DAL,UNIÃO,WANDERLEY,DENTRO,8,0.01,0.0,0
DEPUTADO DAL,UNIÃO,COARACI,DENTRO,8,0.01,0.0,0
DEPUTADO DAL,UNIÃO,BONINAL,DENTRO,8,0.01,0.0,0
DEPUTADO DAL,UNIÃO,JOAO DOURADO,DENTRO,8,0.01,0.0,0
DEPUTADO DAL,UNIÃO,TANQUE NOVO,DENTRO,7,0.00,0.0,0
DEPUTADO DAL,UNIÃO,MAIRI,DENTRO,7,0.00,0.0,0
DEPUTADO DAL,UNIÃO,URUCUCA,DENTRO,7,0.00,0.0,0
DEPUTADO DAL,UNIÃO,APUAREMA,DENTRO,7,0.00,0.0,0
DEPUTADO DAL,UNIÃO,SANTA BARBARA,DENTRO,7,0.00,0.0,0
DEPUTADO DAL,UNIÃO,IBIPITANGA,DENTRO,7,0.00,0.0,0
DEPUTADO DAL,UNIÃO,NOVA REDENCAO,DENTRO,7,0.00,0.0,0
DEPUTADO DAL,UNIÃO,ITARANTIM,DENTRO,7,0.00,0.0,0
DEPUTADO DAL,UNIÃO,IRAQUARA,DENTRO,7,0.00,0.0,0
DEPUTADO DAL,UNIÃO,WAGNER,DENTRO,7,0.00,0.0,0
DEPUTADO DAL,UNIÃO,BREJOLANDIA,DENTRO,7,0.00,0.0,0
DEPUTADO DAL,UNIÃO,SANTA CRUZ DA VITORIA,DENTRO,6,0.00,0.0,0
DEPUTADO DAL,UNIÃO,ITORORO,DENTRO,6,0.00,0.0,0
DEPUTADO DAL,UNIÃO,UMBURANAS,DENTRO,6,0.00,0.0,0
DEPUTADO DAL,UNIÃO,CAMPO FORMOSO,DENTRO,6,0.00,0.0,0
DEPUTADO DAL,UNIÃO,CANUDOS,DENTRO,6,0.00,0.0,0
DEPUTADO DAL,UNIÃO,SAO JOSE DO JACUIPE,DENTRO,6,0.00,0.0,0
DEPUTADO DAL,UNIÃO,CAEM,DENTRO,6,0.00,0.0,0
DEPUTADO DAL,UNIÃO,NOVA CANAA,DENTRO,6,0.00,0.0,0
DEPUTADO DAL,UNIÃO,MADRE DE DEUS,DENTRO,6,0.00,0.0,0
DEPUTADO DAL,UNIÃO,NOVO HORIZONTE,DENTRO,6,0.00,0.0,0
DEPUTADO DAL,UNIÃO,MANSIDAO,DENTRO,6,0.00,0.0,0
DEPUTADO DAL,UNIÃO,LAJEDAO,DENTRO,6,0.00,0.0,0
DEPUTADO DAL,UNIÃO,BARRA,DENTRO,6,0.00,0.0,0
DEPUTADO DAL,UNIÃO,AMERICA DOURADA,DENTRO,6,0.00,0.0,0
DEPUTADO DAL,UNIÃO,ITAJUIPE,DENTRO,6,0.00,0.0,0
DEPUTADO DAL,UNIÃO,PRESIDENTE JANIO QUADROS,DENTRO,6,0.00,0.0,0
DEPUTADO DAL,UNIÃO,BARRA DO ROCHA,DENTRO,5,0.00,0.0,0
DEPUTADO DAL,UNIÃO,GONGOGI,DENTRO,5,0.00,0.0,0
DEPUTADO DAL,UNIÃO,CASA NOVA,DENTRO,5,0.00,0.0,0
DEPUTADO DAL,UNIÃO,PE DE SERRA,DENTRO,5,0.00,0.0,0
DEPUTADO DAL,UNIÃO,SAO GABRIEL,DENTRO,5,0.00,0.0,0
DEPUTADO DAL,UNIÃO,BELMONTE,DENTRO,5,0.00,0.0,0
DEPUTADO DAL,UNIÃO,CATURAMA,DENTRO,5,0.00,0.0,0
DEPUTADO DAL,UNIÃO,BOTUPORA,DENTRO,4,0.00,0.0,0
DEPUTADO DAL,UNIÃO,LENCOIS,DENTRO,4,0.00,0.0,0
DEPUTADO DAL,UNIÃO,CONDEUBA,DENTRO,4,0.00,0.0,0
DEPUTADO DAL,UNIÃO,CARDEAL DA SILVA,DENTRO,4,0.00,0.0,0
DEPUTADO DAL,UNIÃO,UAUA,DENTRO,4,0.00,0.0,0
DEPUTADO DAL,UNIÃO,FLORESTA AZUL,DENTRO,4,0.00,0.0,0
DEPUTADO DAL,UNIÃO,CONTENDAS DO SINCORA,DENTRO,4,0.00,0.0,0
DEPUTADO DAL,UNIÃO,PONTO NOVO,DENTRO,4,0.00,0.0,0
DEPUTADO DAL,UNIÃO,TREMEDAL,DENTRO,4,0.00,0.0,0
DEPUTADO DAL,UNIÃO,CANDIDO SALES,DENTRO,4,0.00,0.0,0
DEPUTADO DAL,UNIÃO,BARRA DA ESTIVA,DENTRO,3,0.00,0.0,0
DEPUTADO DAL,UNIÃO,UIBAI,DENTRO,3,0.00,0.0,0
DEPUTADO DAL,UNIÃO,CANSANCAO,DENTRO,3,0.00,0.0,0
DEPUTADO DAL,UNIÃO,LAJEDINHO,DENTRO,3,0.00,0.0,0
DEPUTADO DAL,UNIÃO,IPUPIARA,DENTRO,3,0.00,0.0,0
DEPUTADO DAL,UNIÃO,LAMARAO,DENTRO,3,0.00,0.0,0
DEPUTADO DAL,UNIÃO,LICINIO DE ALMEIDA,DENTRO,3,0.00,0.0,0
DEPUTADO DAL,UNIÃO,VARZEA DA ROCA,DENTRO,3,0.00,0.0,0
DEPUTADO DAL,UNIÃO,GUAJERU,DENTRO,3,0.00,0.0,0
DEPUTADO DAL,UNIÃO,JAGUARARI,DENTRO,3,0.00,0.0,0
DEPUTADO DAL,UNIÃO,QUEIMADAS,DENTRO,3,0.00,0.0,0
DEPUTADO DAL,UNIÃO,ITANAGRA,DENTRO,3,0.00,0.0,0
DEPUTADO DAL,UNIÃO,ANTAS,DENTRO,3,0.00,0.0,0
DEPUTADO DAL,UNIÃO,TAPIRAMUTA,DENTRO,3,0.00,0.0,0
DEPUTADO DAL,UNIÃO,MORPARA,DENTRO,3,0.00,0.0,0
DEPUTADO DAL,UNIÃO,GENTIO DO OURO,DENTRO,3,0.00,0.0,0
DEPUTADO DAL,UNIÃO,CAATIBA,DENTRO,3,0.00,0.0,0
DEPUTADO DAL,UNIÃO,FIRMINO ALVES,DENTRO,3,0.00,0.0,0
DEPUTADO DAL,UNIÃO,CAETANOS,DENTRO,3,0.00,0.0,0
DEPUTADO DAL,UNIÃO,BARRA DO MENDES,DENTRO,2,0.00,0.0,0
DEPUTADO DAL,UNIÃO,SENTO SE,DENTRO,2,0.00,0.0,0
DEPUTADO DAL,UNIÃO,BELO CAMPO,DENTRO,2,0.00,0.0,0
DEPUTADO DAL,UNIÃO,PINTADAS,DENTRO,2,0.00,0.0,0
DEPUTADO DAL,UNIÃO,IBITIARA,DENTRO,2,0.00,0.0,0
DEPUTADO DAL,UNIÃO,FATIMA,DENTRO,2,0.00,0.0,0
DEPUTADO DAL,UNIÃO,BARRO ALTO,DENTRO,2,0.00,0.0,0
DEPUTADO DAL,UNIÃO,ENCRUZILHADA,DENTRO,2,0.00,0.0,0
DEPUTADO DAL,UNIÃO,PINDOBACU,DENTRO,2,0.00,0.0,0
DEPUTADO DAL,UNIÃO,CHORROCHO,DENTRO,2,0.00,0.0,0
DEPUTADO DAL,UNIÃO,IBIPEBA,DENTRO,2,0.00,0.0,0
DEPUTADO DAL,UNIÃO,ALMADINA,DENTRO,2,0.00,0.0,0
DEPUTADO DAL,UNIÃO,SITIO DO QUINTO,DENTRO,2,0.00,0.0,0
DEPUTADO DAL,UNIÃO,BARRO PRETO,DENTRO,2,0.00,0.0,0
DEPUTADO DAL,UNIÃO,BURITIRAMA,DENTRO,2,0.00,0.0,0
DEPUTADO DAL,UNIÃO,ABAIRA,DENTRO,2,0.00,0.0,0
DEPUTADO DAL,UNIÃO,ITUACU,DENTRO,2,0.00,0.0,0
DEPUTADO DAL,UNIÃO,ANDORINHA,DENTRO,2,0.00,0.0,0
DEPUTADO DAL,UNIÃO,JACARACI,DENTRO,2,0.00,0.0,0
DEPUTADO DAL,UNIÃO,NOVA FATIMA,DENTRO,2,0.00,0.0,0
DEPUTADO DAL,UNIÃO,CAFARNAUM,DENTRO,2,0.00,0.0,0
DEPUTADO DAL,UNIÃO,AGUA FRIA,DENTRO,1,0.00,0.0,0
DEPUTADO DAL,UNIÃO,ITAGUACU DA BAHIA,DENTRO,1,0.00,0.0,0
DEPUTADO DAL,UNIÃO,MACURURE,DENTRO,1,0.00,0.0,0
DEPUTADO DAL,UNIÃO,URANDI,DENTRO,1,0.00,0.0,0
DEPUTADO DAL,UNIÃO,TANQUINHO,DENTRO,1,0.00,0.0,0
DEPUTADO DAL,UNIÃO,NORDESTINA,DENTRO,1,0.00,0.0,0
DEPUTADO DAL,UNIÃO,SAUBARA,DENTRO,1,0.00,0.0,0
DEPUTADO DAL,UNIÃO,LAGOA REAL,DENTRO,1,0.00,0.0,0
DEPUTADO DAL,UNIÃO,VARZEA DO POCO,DENTRO,1,0.00,0.0,0
DEPUTADO DAL,UNIÃO,IBIQUERA,DENTRO,1,0.00,0.0,0
DEPUTADO DAL,UNIÃO,SOUTO SOARES,DENTRO,1,0.00,0.0,0
DEPUTADO DAL,UNIÃO,PARIPIRANGA,DENTRO,1,0.00,0.0,0
DEPUTADO DAL,UNIÃO,MAIQUINIQUE,DENTRO,1,0.00,0.0,0
DEPUTADO DAL,UNIÃO,MIRANTE,DENTRO,1,0.00,0.0,0
DEPUTADO DAL,UNIÃO,PIRIPA,DENTRO,1,0.00,0.0,0
DEPUTADO DAL,UNIÃO,MALHADA DE PEDRAS,DENTRO,1,0.00,0.0,0
DEPUTADO DAL,UNIÃO,CANDIBA,DENTRO,1,0.00,0.0,0
DEPUTADO DAL,UNIÃO,BANZAE,DENTRO,1,0.00,0.0,0
DEPUTADO DAL,UNIÃO,IBICUI,DENTRO,1,0.00,0.0,0
DEPUTADO DAL,UNIÃO,GAVIAO,DENTRO,1,0.00,0.0,0
DEPUTADO DAL,UNIÃO,SEBASTIAO LARANJEIRAS,DENTRO,0,0.00,0.0,0
DEPUTADO DAL,UNIÃO,OURICANGAS,DENTRO,0,0.00,0.0,0
DEPUTADO DAL,UNIÃO,SANTA BRIGIDA,DENTRO,0,0.00,0.0,0
DEPUTADO DAL,UNIÃO,AIQUARA,DENTRO,0,0.00,0.0,0
DEPUTADO DAL,UNIÃO,MULUNGU DO MORRO,DENTRO,0,0.00,0.0,0
DEPUTADO DAL,UNIÃO,CANDEAL,DENTRO,0,0.00,0.0,0
DEPUTADO DAL,UNIÃO,HELIOPOLIS,DENTRO,0,0.00,0.0,0
DEPUTADO DAL,UNIÃO,NOVO TRIUNFO,DENTRO,0,0.00,0.0,0
DEPUTADO DAL,UNIÃO,PEDRO ALEXANDRE,DENTRO,0,0.00,0.0,0
DEPUTADO DAL,UNIÃO,SANTANOPOLIS,DENTRO,0,0.00,0.0,0
DEPUTADO DAL,UNIÃO,ACAJUTIBA,DENTRO,0,0.00,0.0,0
DEPUTADO DAL,UNIÃO,FEIRA DA MATA,DENTRO,0,0.00,0.0,0
DEPUTADO DAL,UNIÃO,MORTUGABA,DENTRO,0,0.00,0.0,0
DEPUTADO DAL,UNIÃO,JUSSARA,DENTRO,0,0.00,0.0,0
DEPUTADO DAL,UNIÃO,CURACA,DENTRO,0,0.00,0.0,0
DEPUTADO DAL,UNIÃO,ABARE,DENTRO,0,0.00,0.0,0
DEPUTADO DAL,UNIÃO,IGUAI,DENTRO,0,0.00,0.0,0
DEPUTADO DAL,UNIÃO,PRESIDENTE DUTRA,DENTRO,0,0.00,0.0,0
DEPUTADO DAL,UNIÃO,GLORIA,DENTRO,0,0.00,0.0,0
DEPUTADO DAL,UNIÃO,RODELAS,DENTRO,0,0.00,0.0,0
DEPUTADO DAL,UNIÃO,ICHU,DENTRO,0,0.00,0.0,0
DEPUTADO DAL,UNIÃO,CORONEL JOAO SA,DENTRO,0,0.00,0.0,0
DEPUTADO DAL,UNIÃO,CORDEIROS,DENTRO,0,0.00,0.0,0
DEPUTADO DAL,UNIÃO,ADUSTINA,DENTRO,0,0.00,0.0,0
DEPUTADO DAL,UNIÃO,FILADELFIA,DENTRO,0,0.00,0.0,0
GABRIEL NUNES,PSD,CAMPO FORMOSO,DENTRO,12950,9.35,0.0,0.0
GABRIEL NUNES,PSD,EUCLIDES DA CUNHA,DENTRO,11248,8.12,0.0,0.0
GABRIEL NUNES,PSD,OLINDINA,DENTRO,7150,5.16,0.0,0.0
GABRIEL NUNES,PSD,ITAMBE,DENTRO,6439,4.65,0.0,0.0
GABRIEL NUNES,PSD,FEIRA DE SANTANA,DENTRO,6216,4.49,0.0,0.0
GABRIEL NUNES,PSD,NOVA SOURE,DENTRO,5886,4.25,0.0,0.0
GABRIEL NUNES,PSD,SANTA BARBARA,DENTRO,4506,3.25,0.0,0.0
GABRIEL NUNES,PSD,CANUDOS,DENTRO,4479,3.24,0.0,0.0
GABRIEL NUNES,PSD,INHAMBUPE,DENTRO,4116,2.97,0.0,0.0
GABRIEL NUNES,PSD,QUIJINGUE,DENTRO,3806,2.75,0.0,0.0
GABRIEL NUNES,PSD,BANZAE,DENTRO,3687,2.66,0.0,0.0
GABRIEL NUNES,PSD,ADUSTINA,DENTRO,3678,2.66,0.0,0.0
GABRIEL NUNES,PSD,TEOFILANDIA,DENTRO,3513,2.54,0.0,0.0
GABRIEL NUNES,PSD,CONCEICAO DO COITE,DENTRO,3196,2.31,0.0,0.0
GABRIEL NUNES,PSD,ARACI,DENTRO,3143,2.27,0.0,0.0
GABRIEL NUNES,PSD,MORRO DO CHAPEU,DENTRO,2826,2.04,0.0,0.0
GABRIEL NUNES,PSD,CRISOPOLIS,DENTRO,2497,1.80,0.0,0.0
GABRIEL NUNES,PSD,CAATIBA,DENTRO,2450,1.77,0.0,0.0
GABRIEL NUNES,PSD,CASTRO ALVES,DENTRO,2168,1.57,0.0,0.0
GABRIEL NUNES,PSD,SERRINHA,DENTRO,2032,1.47,0.0,0.0
GABRIEL NUNES,PSD,HELIOPOLIS,DENTRO,1807,1.31,0.0,0.0
GABRIEL NUNES,PSD,SALVADOR,DENTRO,1687,1.22,0.0,0.0
GABRIEL NUNES,PSD,QUEIMADAS,DENTRO,1480,1.07,0.0,0.0
GABRIEL NUNES,PSD,NOVO TRIUNFO,DENTRO,1466,1.06,0.0,0.0
GABRIEL NUNES,PSD,SANTALUZ,DENTRO,1390,1.00,0.0,0.0
GABRIEL NUNES,PSD,SATIRO DIAS,DENTRO,1373,0.99,0.0,0.0
GABRIEL NUNES,PSD,FIRMINO ALVES,DENTRO,1334,0.96,0.0,0.0
GABRIEL NUNES,PSD,FATIMA,DENTRO,1314,0.95,0.0,0.0
GABRIEL NUNES,PSD,CANSANCAO,DENTRO,1227,0.89,0.0,0.0
GABRIEL NUNES,PSD,RIO REAL,DENTRO,1203,0.87,0.0,0.0
GABRIEL NUNES,PSD,CICERO DANTAS,DENTRO,1163,0.84,0.0,0.0
GABRIEL NUNES,PSD,SERROLANDIA,DENTRO,1065,0.77,0.0,0.0
GABRIEL NUNES,PSD,ANDORINHA,DENTRO,960,0.69,0.0,0.0
GABRIEL NUNES,PSD,MACURURE,DENTRO,935,0.68,0.0,0.0
GABRIEL NUNES,PSD,NOVA FATIMA,DENTRO,885,0.64,0.0,0.0
GABRIEL NUNES,PSD,VALENTE,DENTRO,868,0.63,0.0,0.0
GABRIEL NUNES,PSD,ESPLANADA,DENTRO,838,0.61,0.0,0.0
GABRIEL NUNES,PSD,ANTAS,DENTRO,830,0.60,0.0,0.0
GABRIEL NUNES,PSD,ENTRE RIOS,DENTRO,792,0.57,0.0,0.0
GABRIEL NUNES,PSD,BARRA DO MENDES,DENTRO,763,0.55,0.0,0.0
GABRIEL NUNES,PSD,RIBEIRAO DO LARGO,DENTRO,719,0.52,0.0,0.0
GABRIEL NUNES,PSD,UAUA,DENTRO,695,0.50,0.0,0.0
GABRIEL NUNES,PSD,MONTE SANTO,DENTRO,684,0.49,0.0,0.0
GABRIEL NUNES,PSD,AGUA FRIA,DENTRO,637,0.46,0.0,0.0
GABRIEL NUNES,PSD,VARZEA DA ROCA,DENTRO,634,0.46,0.0,0.0
GABRIEL NUNES,PSD,PLANALTINO,DENTRO,614,0.44,0.0,0.0
GABRIEL NUNES,PSD,JACOBINA,DENTRO,613,0.44,0.0,0.0
GABRIEL NUNES,PSD,TEIXEIRA DE FREITAS,DENTRO,560,0.40,0.0,0.0
GABRIEL NUNES,PSD,OURICANGAS,DENTRO,536,0.39,0.0,0.0
GABRIEL NUNES,PSD,FILADELFIA,DENTRO,527,0.38,0.0,0.0
GABRIEL NUNES,PSD,CANDEAL,DENTRO,518,0.37,0.0,0.0
GABRIEL NUNES,PSD,SITIO DO QUINTO,DENTRO,457,0.33,0.0,0.0
GABRIEL NUNES,PSD,BARRA DO CHOCA,DENTRO,421,0.30,0.0,0.0
GABRIEL NUNES,PSD,PARIPIRANGA,DENTRO,402,0.29,0.0,0.0
GABRIEL NUNES,PSD,IRARA,DENTRO,384,0.28,0.0,0.0
GABRIEL NUNES,PSD,CORONEL JOAO SA,DENTRO,360,0.26,0.0,0.0
GABRIEL NUNES,PSD,BUERAREMA,DENTRO,349,0.25,0.0,0.0
GABRIEL NUNES,PSD,BONITO,DENTRO,349,0.25,0.0,0.0
GABRIEL NUNES,PSD,JUAZEIRO,DENTRO,327,0.24,0.0,0.0
GABRIEL NUNES,PSD,REMANSO,DENTRO,323,0.23,0.0,0.0
GABRIEL NUNES,PSD,TUCANO,DENTRO,323,0.23,0.0,0.0
GABRIEL NUNES,PSD,PONTO NOVO,DENTRO,311,0.22,0.0,0.0
GABRIEL NUNES,PSD,ABARE,DENTRO,306,0.22,0.0,0.0
GABRIEL NUNES,PSD,CRUZ DAS ALMAS,DENTRO,285,0.21,0.0,0.0
GABRIEL NUNES,PSD,RIBEIRA DO POMBAL,DENTRO,257,0.19,0.0,0.0
GABRIEL NUNES,PSD,OUROLANDIA,DENTRO,253,0.18,0.0,0.0
GABRIEL NUNES,PSD,NORDESTINA,DENTRO,239,0.17,0.0,0.0
GABRIEL NUNES,PSD,ALMADINA,DENTRO,235,0.17,0.0,0.0
GABRIEL NUNES,PSD,VITORIA DA CONQUISTA,DENTRO,233,0.17,0.0,0.0
GABRIEL NUNES,PSD,ITAPICURU,DENTRO,211,0.15,0.0,0.0
GABRIEL NUNES,PSD,SAO DOMINGOS,DENTRO,210,0.15,0.0,0.0
GABRIEL NUNES,PSD,LAPAO,DENTRO,198,0.14,0.0,0.0
GABRIEL NUNES,PSD,JEREMOABO,DENTRO,190,0.14,0.0,0.0
GABRIEL NUNES,PSD,IRECE,DENTRO,184,0.13,0.0,0.0
GABRIEL NUNES,PSD,UMBURANAS,DENTRO,172,0.12,0.0,0.0
GABRIEL NUNES,PSD,ITIUBA,DENTRO,162,0.12,0.0,0.0
GABRIEL NUNES,PSD,CAMACARI,DENTRO,147,0.11,0.0,0.0
GABRIEL NUNES,PSD,SENHOR DO BONFIM,DENTRO,140,0.10,0.0,0.0
GABRIEL NUNES,PSD,LAURO DE FREITAS,DENTRO,135,0.10,0.0,0.0
GABRIEL NUNES,PSD,JEQUIE,DENTRO,129,0.09,0.0,0.0
GABRIEL NUNES,PSD,ALAGOINHAS,DENTRO,128,0.09,0.0,0.0
GABRIEL NUNES,PSD,BARRO ALTO,DENTRO,116,0.08,0.0,0.0
GABRIEL NUNES,PSD,CHORROCHO,DENTRO,106,0.08,0.0,0.0
GABRIEL NUNES,PSD,PAULO AFONSO,DENTRO,96,0.07,0.0,0.0
GABRIEL NUNES,PSD,CANARANA,DENTRO,93,0.07,0.0,0.0
GABRIEL NUNES,PSD,ITAPETINGA,DENTRO,87,0.06,0.0,0.0
GABRIEL NUNES,PSD,COARACI,DENTRO,87,0.06,0.0,0.0
GABRIEL NUNES,PSD,TANQUINHO,DENTRO,83,0.06,0.0,0.0
GABRIEL NUNES,PSD,RAFAEL JAMBEIRO,DENTRO,80,0.06,0.0,0.0
GABRIEL NUNES,PSD,JAGUARARI,DENTRO,77,0.06,0.0,0.0
GABRIEL NUNES,PSD,IPIRA,DENTRO,76,0.05,0.0,0.0
GABRIEL NUNES,PSD,JOAO DOURADO,DENTRO,75,0.05,0.0,0.0
GABRIEL NUNES,PSD,IRAQUARA,DENTRO,73,0.05,0.0,0.0
GABRIEL NUNES,PSD,MIGUEL CALMON,DENTRO,72,0.05,0.0,0.0
GABRIEL NUNES,PSD,IBITITA,DENTRO,69,0.05,0.0,0.0
GABRIEL NUNES,PSD,IBIPEBA,DENTRO,68,0.05,0.0,0.0
GABRIEL NUNES,PSD,CIPO,DENTRO,67,0.05,0.0,0.0
GABRIEL NUNES,PSD,URUCUCA,DENTRO,66,0.05,0.0,0.0
GABRIEL NUNES,PSD,MAIQUINIQUE,DENTRO,66,0.05,0.0,0.0
GABRIEL NUNES,PSD,AMERICA DOURADA,DENTRO,66,0.05,0.0,0.0
GABRIEL NUNES,PSD,ANTONIO GONCALVES,DENTRO,63,0.05,0.0,0.0
GABRIEL NUNES,PSD,LUIS EDUARDO MAGALHAES,DENTRO,61,0.04,0.0,0.0
GABRIEL NUNES,PSD,CAFARNAUM,DENTRO,61,0.04,0.0,0.0
GABRIEL NUNES,PSD,IBIRAPUA,DENTRO,60,0.04,0.0,0.0
GABRIEL NUNES,PSD,SAO GONCALO DOS CAMPOS,DENTRO,58,0.04,0.0,0.0
GABRIEL NUNES,PSD,ITABUNA,DENTRO,58,0.04,0.0,0.0
GABRIEL NUNES,PSD,ITORORO,DENTRO,58,0.04,0.0,0.0
GABRIEL NUNES,PSD,RIACHAO DO JACUIPE,DENTRO,56,0.04,0.0,0.0
GABRIEL NUNES,PSD,UIBAI,DENTRO,54,0.04,0.0,0.0
GABRIEL NUNES,PSD,PEDRO ALEXANDRE,DENTRO,51,0.04,0.0,0.0
GABRIEL NUNES,PSD,CANDEIAS,DENTRO,50,0.04,0.0,0.0
GABRIEL NUNES,PSD,SIMOES FILHO,DENTRO,47,0.03,0.0,0.0
GABRIEL NUNES,PSD,BIRITINGA,DENTRO,47,0.03,0.0,0.0
GABRIEL NUNES,PSD,SENTO SE,DENTRO,45,0.03,0.0,0.0
GABRIEL NUNES,PSD,BARROCAS,DENTRO,44,0.03,0.0,0.0
GABRIEL NUNES,PSD,XIQUE-XIQUE,DENTRO,43,0.03,0.0,0.0
GABRIEL NUNES,PSD,LAMARAO,DENTRO,42,0.03,0.0,0.0
GABRIEL NUNES,PSD,MARACAS,DENTRO,39,0.03,0.0,0.0
GABRIEL NUNES,PSD,MACARANI,DENTRO,38,0.03,0.0,0.0
GABRIEL NUNES,PSD,BOA VISTA DO TUPIM,DENTRO,38,0.03,0.0,0.0
GABRIEL NUNES,PSD,MIRANGABA,DENTRO,37,0.03,0.0,0.0
GABRIEL NUNES,PSD,CAPIM GROSSO,DENTRO,36,0.03,0.0,0.0
GABRIEL NUNES,PSD,ICHU,DENTRO,36,0.03,0.0,0.0
GABRIEL NUNES,PSD,IACU,DENTRO,35,0.03,0.0,0.0
GABRIEL NUNES,PSD,CURACA,DENTRO,35,0.03,0.0,0.0
GABRIEL NUNES,PSD,SANTO ANTONIO DE JESUS,DENTRO,34,0.02,0.0,0.0
GABRIEL NUNES,PSD,MADRE DE DEUS,DENTRO,34,0.02,0.0,0.0
GABRIEL NUNES,PSD,RETIROLANDIA,DENTRO,34,0.02,0.0,0.0
GABRIEL NUNES,PSD,ILHEUS,DENTRO,33,0.02,0.0,0.0
GABRIEL NUNES,PSD,CORACAO DE MARIA,DENTRO,33,0.02,0.0,0.0
GABRIEL NUNES,PSD,ANTONIO CARDOSO,DENTRO,32,0.02,0.0,0.0
GABRIEL NUNES,PSD,GUANAMBI,DENTRO,32,0.02,0.0,0.0
GABRIEL NUNES,PSD,MULUNGU DO MORRO,DENTRO,31,0.02,0.0,0.0
GABRIEL NUNES,PSD,SANTANOPOLIS,DENTRO,31,0.02,0.0,0.0
GABRIEL NUNES,PSD,CALDEIRAO GRANDE,DENTRO,31,0.02,0.0,0.0
GABRIEL NUNES,PSD,DIAS D AVILA,DENTRO,30,0.02,0.0,0.0
GABRIEL NUNES,PSD,CENTRAL,DENTRO,30,0.02,0.0,0.0
GABRIEL NUNES,PSD,PINDOBACU,DENTRO,30,0.02,0.0,0.0
GABRIEL NUNES,PSD,SAO GABRIEL,DENTRO,30,0.02,0.0,0.0
GABRIEL NUNES,PSD,IBICUI,DENTRO,29,0.02,0.0,0.0
GABRIEL NUNES,PSD,UTINGA,DENTRO,27,0.02,0.0,0.0
GABRIEL NUNES,PSD,VARZEA NOVA,DENTRO,26,0.02,0.0,0.0
GABRIEL NUNES,PSD,SANTO AMARO,DENTRO,26,0.02,0.0,0.0
GABRIEL NUNES,PSD,APORA,DENTRO,26,0.02,0.0,0.0
GABRIEL NUNES,PSD,SEABRA,DENTRO,26,0.02,0.0,0.0
GABRIEL NUNES,PSD,SAO JOSE DO JACUIPE,DENTRO,25,0.02,0.0,0.0
GABRIEL NUNES,PSD,ARATUIPE,DENTRO,25,0.02,0.0,0.0
GABRIEL NUNES,PSD,BROTAS DE MACAUBAS,DENTRO,25,0.02,0.0,0.0
GABRIEL NUNES,PSD,CONCEICAO DA FEIRA,DENTRO,24,0.02,0.0,0.0
GABRIEL NUNES,PSD,MATA DE SAO JOAO,DENTRO,22,0.02,0.0,0.0
GABRIEL NUNES,PSD,EUNAPOLIS,DENTRO,22,0.02,0.0,0.0
GABRIEL NUNES,PSD,PORTO SEGURO,DENTRO,21,0.02,0.0,0.0
GABRIEL NUNES,PSD,CONCEICAO DO JACUIPE,DENTRO,21,0.02,0.0,0.0
GABRIEL NUNES,PSD,QUIXABEIRA,DENTRO,21,0.02,0.0,0.0
GABRIEL NUNES,PSD,AMELIA RODRIGUES,DENTRO,20,0.01,0.0,0.0
GABRIEL NUNES,PSD,RIBEIRA DO AMPARO,DENTRO,19,0.01,0.0,0.0
GABRIEL NUNES,PSD,JUSSARA,DENTRO,19,0.01,0.0,0.0
GABRIEL NUNES,PSD,JANDAIRA,DENTRO,18,0.01,0.0,0.0
GABRIEL NUNES,PSD,BARREIRAS,DENTRO,17,0.01,0.0,0.0
GABRIEL NUNES,PSD,CONCEICAO DO ALMEIDA,DENTRO,17,0.01,0.0,0.0
GABRIEL NUNES,PSD,UNA,DENTRO,17,0.01,0.0,0.0
GABRIEL NUNES,PSD,ACAJUTIBA,DENTRO,17,0.01,0.0,0.0
GABRIEL NUNES,PSD,CONDE,DENTRO,17,0.01,0.0,0.0
GABRIEL NUNES,PSD,RODELAS,DENTRO,16,0.01,0.0,0.0
GABRIEL NUNES,PSD,CACHOEIRA,DENTRO,15,0.01,0.0,0.0
GABRIEL NUNES,PSD,ITANAGRA,DENTRO,15,0.01,0.0,0.0
GABRIEL NUNES,PSD,IBOTIRAMA,DENTRO,15,0.01,0.0,0.0
GABRIEL NUNES,PSD,LIVRAMENTO DE NOSSA SENHORA,DENTRO,14,0.01,0.0,0.0
GABRIEL NUNES,PSD,SANTA TEREZINHA,DENTRO,13,0.01,0.0,0.0
GABRIEL NUNES,PSD,SAUBARA,DENTRO,13,0.01,0.0,0.0
GABRIEL NUNES,PSD,CAIRU,DENTRO,13,0.01,0.0,0.0
GABRIEL NUNES,PSD,SANTO ESTEVAO,DENTRO,13,0.01,0.0,0.0
GABRIEL NUNES,PSD,PRESIDENTE DUTRA,DENTRO,13,0.01,0.0,0.0
GABRIEL NUNES,PSD,BURITIRAMA,DENTRO,12,0.01,0.0,0.0
GABRIEL NUNES,PSD,CAETITE,DENTRO,12,0.01,0.0,0.0
GABRIEL NUNES,PSD,CANAVIEIRAS,DENTRO,12,0.01,0.0,0.0
GABRIEL NUNES,PSD,MALHADA,DENTRO,12,0.01,0.0,0.0
GABRIEL NUNES,PSD,PIRITIBA,DENTRO,12,0.01,0.0,0.0
GABRIEL NUNES,PSD,IPECAETA,DENTRO,12,0.01,0.0,0.0
GABRIEL NUNES,PSD,PALMAS DE MONTE ALTO,DENTRO,12,0.01,0.0,0.0
GABRIEL NUNES,PSD,ITAGUACU DA BAHIA,DENTRO,11,0.01,0.0,0.0
GABRIEL NUNES,PSD,MURITIBA,DENTRO,11,0.01,0.0,0.0
GABRIEL NUNES,PSD,SAO FRANCISCO DO CONDE,DENTRO,11,0.01,0.0,0.0
GABRIEL NUNES,PSD,GAVIAO,DENTRO,11,0.01,0.0,0.0
GABRIEL NUNES,PSD,CASA NOVA,DENTRO,10,0.01,0.0,0.0
GABRIEL NUNES,PSD,SAPEACU,DENTRO,10,0.01,0.0,0.0
GABRIEL NUNES,PSD,BARRA,DENTRO,10,0.01,0.0,0.0
GABRIEL NUNES,PSD,ARACAS,DENTRO,10,0.01,0.0,0.0
GABRIEL NUNES,PSD,VALENCA,DENTRO,10,0.01,0.0,0.0
GABRIEL NUNES,PSD,CATU,DENTRO,10,0.01,0.0,0.0
GABRIEL NUNES,PSD,MAIRI,DENTRO,9,0.01,0.0,0.0
GABRIEL NUNES,PSD,CARAVELAS,DENTRO,9,0.01,0.0,0.0
GABRIEL NUNES,PSD,VARZEA DO POCO,DENTRO,9,0.01,0.0,0.0
GABRIEL NUNES,PSD,NOVA VICOSA,DENTRO,9,0.01,0.0,0.0
GABRIEL NUNES,PSD,SERRA PRETA,DENTRO,9,0.01,0.0,0.0
GABRIEL NUNES,PSD,SAO SEBASTIAO DO PASSE,DENTRO,9,0.01,0.0,0.0
GABRIEL NUNES,PSD,JAGUARIPE,DENTRO,8,0.01,0.0,0.0
GABRIEL NUNES,PSD,VERA CRUZ,DENTRO,8,0.01,0.0,0.0
GABRIEL NUNES,PSD,SAO FELIX,DENTRO,8,0.01,0.0,0.0
GABRIEL NUNES,PSD,BRUMADO,DENTRO,7,0.01,0.0,0.0
GABRIEL NUNES,PSD,SEBASTIAO LARANJEIRAS,DENTRO,7,0.01,0.0,0.0
GABRIEL NUNES,PSD,SANTA RITA DE CASSIA,DENTRO,7,0.01,0.0,0.0
GABRIEL NUNES,PSD,SAUDE,DENTRO,7,0.01,0.0,0.0
GABRIEL NUNES,PSD,LAJE,DENTRO,7,0.01,0.0,0.0
GABRIEL NUNES,PSD,PE DE SERRA,DENTRO,7,0.01,0.0,0.0
GABRIEL NUNES,PSD,POCOES,DENTRO,7,0.01,0.0,0.0
GABRIEL NUNES,PSD,IGUAI,DENTRO,7,0.01,0.0,0.0
GABRIEL NUNES,PSD,TAPIRAMUTA,DENTRO,7,0.01,0.0,0.0
GABRIEL NUNES,PSD,SAO JOSE DA VITORIA,DENTRO,7,0.01,0.0,0.0
GABRIEL NUNES,PSD,ITABERABA,DENTRO,7,0.01,0.0,0.0
GABRIEL NUNES,PSD,CARDEAL DA SILVA,DENTRO,6,0.00,0.0,0.0
GABRIEL NUNES,PSD,ANAGE,DENTRO,6,0.00,0.0,0.0
GABRIEL NUNES,PSD,CAEM,DENTRO,6,0.00,0.0,0.0
GABRIEL NUNES,PSD,ITUBERA,DENTRO,6,0.00,0.0,0.0
GABRIEL NUNES,PSD,ANGUERA,DENTRO,6,0.00,0.0,0.0
GABRIEL NUNES,PSD,ITACARE,DENTRO,6,0.00,0.0,0.0
GABRIEL NUNES,PSD,CAMAMU,DENTRO,6,0.00,0.0,0.0
GABRIEL NUNES,PSD,MUCURI,DENTRO,5,0.00,0.0,0.0
GABRIEL NUNES,PSD,URANDI,DENTRO,5,0.00,0.0,0.0
GABRIEL NUNES,PSD,OLIVEIRA DOS BREJINHOS,DENTRO,5,0.00,0.0,0.0
GABRIEL NUNES,PSD,MARAU,DENTRO,5,0.00,0.0,0.0
GABRIEL NUNES,PSD,CAPELA DO ALTO ALEGRE,DENTRO,5,0.00,0.0,0.0
GABRIEL NUNES,PSD,JAGUAQUARA,DENTRO,5,0.00,0.0,0.0
GABRIEL NUNES,PSD,JUCURUCU,DENTRO,5,0.00,0.0,0.0
GABRIEL NUNES,PSD,BOM JESUS DA LAPA,DENTRO,5,0.00,0.0,0.0
GABRIEL NUNES,PSD,PLANALTO,DENTRO,5,0.00,0.0,0.0
GABRIEL NUNES,PSD,RUY BARBOSA,DENTRO,5,0.00,0.0,0.0
GABRIEL NUNES,PSD,GENTIO DO OURO,DENTRO,5,0.00,0.0,0.0
GABRIEL NUNES,PSD,GLORIA,DENTRO,5,0.00,0.0,0.0
GABRIEL NUNES,PSD,ITAJUIPE,DENTRO,5,0.00,0.0,0.0
GABRIEL NUNES,PSD,NOVA ITARANA,DENTRO,5,0.00,0.0,0.0
GABRIEL NUNES,PSD,BELO CAMPO,DENTRO,4,0.00,0.0,0.0
GABRIEL NUNES,PSD,ENCRUZILHADA,DENTRO,4,0.00,0.0,0.0
GABRIEL NUNES,PSD,APUAREMA,DENTRO,4,0.00,0.0,0.0
GABRIEL NUNES,PSD,NOVA CANAA,DENTRO,4,0.00,0.0,0.0
GABRIEL NUNES,PSD,UBAITABA,DENTRO,4,0.00,0.0,0.0
GABRIEL NUNES,PSD,ITAPITANGA,DENTRO,4,0.00,0.0,0.0
GABRIEL NUNES,PSD,POJUCA,DENTRO,4,0.00,0.0,0.0
GABRIEL NUNES,PSD,SALINAS DA MARGARIDA,DENTRO,4,0.00,0.0,0.0
GABRIEL NUNES,PSD,MARAGOGIPE,DENTRO,4,0.00,0.0,0.0
GABRIEL NUNES,PSD,GANDU,DENTRO,4,0.00,0.0,0.0
GABRIEL NUNES,PSD,AMARGOSA,DENTRO,4,0.00,0.0,0.0
GABRIEL NUNES,PSD,MUCUGE,DENTRO,4,0.00,0.0,0.0
GABRIEL NUNES,PSD,SANTA MARIA DA VITORIA,DENTRO,4,0.00,0.0,0.0
GABRIEL NUNES,PSD,CANDIDO SALES,DENTRO,4,0.00,0.0,0.0
GABRIEL NUNES,PSD,ITATIM,DENTRO,3,0.00,0.0,0.0
GABRIEL NUNES,PSD,LAJEDO DO TABOCAL,DENTRO,3,0.00,0.0,0.0
GABRIEL NUNES,PSD,COCOS,DENTRO,3,0.00,0.0,0.0
GABRIEL NUNES,PSD,SANTA CRUZ DA VITORIA,DENTRO,3,0.00,0.0,0.0
GABRIEL NUNES,PSD,MATINA,DENTRO,3,0.00,0.0,0.0
GABRIEL NUNES,PSD,SANTA INES,DENTRO,3,0.00,0.0,0.0
GABRIEL NUNES,PSD,RIACHO DE SANTANA,DENTRO,3,0.00,0.0,0.0
GABRIEL NUNES,PSD,GUAJERU,DENTRO,3,0.00,0.0,0.0
GABRIEL NUNES,PSD,LAGOA REAL,DENTRO,3,0.00,0.0,0.0
GABRIEL NUNES,PSD,NAZARE,DENTRO,3,0.00,0.0,0.0
GABRIEL NUNES,PSD,ITAGIBA,DENTRO,3,0.00,0.0,0.0
GABRIEL NUNES,PSD,CABACEIRAS DO PARAGUACU,DENTRO,3,0.00,0.0,0.0
GABRIEL NUNES,PSD,SAO FELIPE,DENTRO,3,0.00,0.0,0.0
GABRIEL NUNES,PSD,SOUTO SOARES,DENTRO,3,0.00,0.0,0.0
GABRIEL NUNES,PSD,NOVO HORIZONTE,DENTRO,3,0.00,0.0,0.0
GABRIEL NUNES,PSD,ITANHEM,DENTRO,3,0.00,0.0,0.0
GABRIEL NUNES,PSD,ITARANTIM,DENTRO,3,0.00,0.0,0.0
GABRIEL NUNES,PSD,SERRA DO RAMALHO,DENTRO,3,0.00,0.0,0.0
GABRIEL NUNES,PSD,WAGNER,DENTRO,3,0.00,0.0,0.0
GABRIEL NUNES,PSD,MANOEL VITORINO,DENTRO,3,0.00,0.0,0.0
GABRIEL NUNES,PSD,SOBRADINHO,DENTRO,3,0.00,0.0,0.0
GABRIEL NUNES,PSD,CAMACA,DENTRO,3,0.00,0.0,0.0
GABRIEL NUNES,PSD,CANDIBA,DENTRO,3,0.00,0.0,0.0
GABRIEL NUNES,PSD,POTIRAGUA,DENTRO,3,0.00,0.0,0.0
GABRIEL NUNES,PSD,ITAPE,DENTRO,3,0.00,0.0,0.0
GABRIEL NUNES,PSD,MEDEIROS NETO,DENTRO,3,0.00,0.0,0.0
GABRIEL NUNES,PSD,JACARACI,DENTRO,3,0.00,0.0,0.0
GABRIEL NUNES,PSD,ARAMARI,DENTRO,3,0.00,0.0,0.0
GABRIEL NUNES,PSD,DARIO MEIRA,DENTRO,3,0.00,0.0,0.0
GABRIEL NUNES,PSD,ITAQUARA,DENTRO,3,0.00,0.0,0.0
GABRIEL NUNES,PSD,PEDRAO,DENTRO,3,0.00,0.0,0.0
GABRIEL NUNES,PSD,IBIRATAIA,DENTRO,2,0.00,0.0,0.0
GABRIEL NUNES,PSD,SITIO DO MATO,DENTRO,2,0.00,0.0,0.0
GABRIEL NUNES,PSD,TAPEROA,DENTRO,2,0.00,0.0,0.0
GABRIEL NUNES,PSD,BOTUPORA,DENTRO,2,0.00,0.0,0.0
GABRIEL NUNES,PSD,ITAMARAJU,DENTRO,2,0.00,0.0,0.0
GABRIEL NUNES,PSD,CONDEUBA,DENTRO,2,0.00,0.0,0.0
GABRIEL NUNES,PSD,LAJEDINHO,DENTRO,2,0.00,0.0,0.0
GABRIEL NUNES,PSD,CARINHANHA,DENTRO,2,0.00,0.0,0.0
GABRIEL NUNES,PSD,IGAPORA,DENTRO,2,0.00,0.0,0.0
GABRIEL NUNES,PSD,RIO DO ANTONIO,DENTRO,2,0.00,0.0,0.0
GABRIEL NUNES,PSD,PARATINGA,DENTRO,2,0.00,0.0,0.0
GABRIEL NUNES,PSD,MUNDO NOVO,DENTRO,2,0.00,0.0,0.0
GABRIEL NUNES,PSD,TANHACU,DENTRO,2,0.00,0.0,0.0
GABRIEL NUNES,PSD,ITAPARICA,DENTRO,2,0.00,0.0,0.0
GABRIEL NUNES,PSD,ABAIRA,DENTRO,2,0.00,0.0,0.0
GABRIEL NUNES,PSD,TERRA NOVA,DENTRO,2,0.00,0.0,0.0
GABRIEL NUNES,PSD,IPIAU,DENTRO,2,0.00,0.0,0.0
GABRIEL NUNES,PSD,BAIXA GRANDE,DENTRO,2,0.00,0.0,0.0
GABRIEL NUNES,PSD,SAO FELIX DO CORIBE,DENTRO,2,0.00,0.0,0.0
GABRIEL NUNES,PSD,SANTA LUZIA,DENTRO,2,0.00,0.0,0.0
GABRIEL NUNES,PSD,IBICOARA,DENTRO,2,0.00,0.0,0.0
GABRIEL NUNES,PSD,JITAUNA,DENTRO,2,0.00,0.0,0.0
GABRIEL NUNES,PSD,LAJEDAO,DENTRO,2,0.00,0.0,0.0
GABRIEL NUNES,PSD,CAMPO ALEGRE DE LOURDES,DENTRO,2,0.00,0.0,0.0
GABRIEL NUNES,PSD,PALMEIRAS,DENTRO,2,0.00,0.0,0.0
GABRIEL NUNES,PSD,PIATA,DENTRO,2,0.00,0.0,0.0
GABRIEL NUNES,PSD,IBICARAI,DENTRO,2,0.00,0.0,0.0
GABRIEL NUNES,PSD,JUSSIAPE,DENTRO,2,0.00,0.0,0.0
GABRIEL NUNES,PSD,MACAJUBA,DENTRO,2,0.00,0.0,0.0
GABRIEL NUNES,PSD,ITAGIMIRIM,DENTRO,2,0.00,0.0,0.0
GABRIEL NUNES,PSD,JIQUIRICA,DENTRO,1,0.00,0.0,0.0
GABRIEL NUNES,PSD,MUQUEM DO SAO FRANCISCO,DENTRO,1,0.00,0.0,0.0
GABRIEL NUNES,PSD,BARRA DA ESTIVA,DENTRO,1,0.00,0.0,0.0
GABRIEL NUNES,PSD,PINTADAS,DENTRO,1,0.00,0.0,0.0
GABRIEL NUNES,PSD,SANTA CRUZ CABRALIA,DENTRO,1,0.00,0.0,0.0
GABRIEL NUNES,PSD,SAO DESIDERIO,DENTRO,1,0.00,0.0,0.0
GABRIEL NUNES,PSD,UBAIRA,DENTRO,1,0.00,0.0,0.0
GABRIEL NUNES,PSD,LENCOIS,DENTRO,1,0.00,0.0,0.0
GABRIEL NUNES,PSD,GONGOGI,DENTRO,1,0.00,0.0,0.0
GABRIEL NUNES,PSD,TANQUE NOVO,DENTRO,1,0.00,0.0,0.0
GABRIEL NUNES,PSD,IPUPIARA,DENTRO,1,0.00,0.0,0.0
GABRIEL NUNES,PSD,CORIBE,DENTRO,1,0.00,0.0,0.0
GABRIEL NUNES,PSD,LICINIO DE ALMEIDA,DENTRO,1,0.00,0.0,0.0
GABRIEL NUNES,PSD,IBIASSUCE,DENTRO,1,0.00,0.0,0.0
GABRIEL NUNES,PSD,TEODORO SAMPAIO,DENTRO,1,0.00,0.0,0.0
GABRIEL NUNES,PSD,FLORESTA AZUL,DENTRO,1,0.00,0.0,0.0
GABRIEL NUNES,PSD,BARRO PRETO,DENTRO,1,0.00,0.0,0.0
GABRIEL NUNES,PSD,IBIPITANGA,DENTRO,1,0.00,0.0,0.0
GABRIEL NUNES,PSD,LAFAIETE COUTINHO,DENTRO,1,0.00,0.0,0.0
GABRIEL NUNES,PSD,MORTUGABA,DENTRO,1,0.00,0.0,0.0
GABRIEL NUNES,PSD,GOVERNADOR MANGABEIRA,DENTRO,1,0.00,0.0,0.0
GABRIEL NUNES,PSD,IRAJUBA,DENTRO,1,0.00,0.0,0.0
GABRIEL NUNES,PSD,IBIRAPITANGA,DENTRO,1,0.00,0.0,0.0
GABRIEL NUNES,PSD,NOVA REDENCAO,DENTRO,1,0.00,0.0,0.0
GABRIEL NUNES,PSD,RIO DO PIRES,DENTRO,1,0.00,0.0,0.0
GABRIEL NUNES,PSD,VARZEDO,DENTRO,1,0.00,0.0,0.0
GABRIEL NUNES,PSD,MIRANTE,DENTRO,1,0.00,0.0,0.0
GABRIEL NUNES,PSD,AURELINO LEAL,DENTRO,1,0.00,0.0,0.0
GABRIEL NUNES,PSD,TREMEDAL,DENTRO,1,0.00,0.0,0.0
GABRIEL NUNES,PSD,DOM MACEDO COSTA,DENTRO,1,0.00,0.0,0.0
GABRIEL NUNES,PSD,NILO PECANHA,DENTRO,1,0.00,0.0,0.0
GABRIEL NUNES,PSD,CRAVOLANDIA,DENTRO,1,0.00,0.0,0.0
GABRIEL NUNES,PSD,CORDEIROS,DENTRO,1,0.00,0.0,0.0
GABRIEL NUNES,PSD,BREJOLANDIA,DENTRO,1,0.00,0.0,0.0
GABRIEL NUNES,PSD,GUARATINGA,DENTRO,0,0.00,0.0,0.0
GABRIEL NUNES,PSD,BARRA DO ROCHA,DENTRO,0,0.00,0.0,0.0
GABRIEL NUNES,PSD,MAETINGA,DENTRO,0,0.00,0.0,0.0
GABRIEL NUNES,PSD,RIACHAO DAS NEVES,DENTRO,0,0.00,0.0,0.0
GABRIEL NUNES,PSD,ANDARAI,DENTRO,0,0.00,0.0,0.0
GABRIEL NUNES,PSD,BAIANOPOLIS,DENTRO,0,0.00,0.0,0.0
GABRIEL NUNES,PSD,VEREDA,DENTRO,0,0.00,0.0,0.0
GABRIEL NUNES,PSD,IRAMAIA,DENTRO,0,0.00,0.0,0.0
GABRIEL NUNES,PSD,IBITIARA,DENTRO,0,0.00,0.0,0.0
GABRIEL NUNES,PSD,ITIRUCU,DENTRO,0,0.00,0.0,0.0
GABRIEL NUNES,PSD,NOVA IBIA,DENTRO,0,0.00,0.0,0.0
GABRIEL NUNES,PSD,COTEGIPE,DENTRO,0,0.00,0.0,0.0
GABRIEL NUNES,PSD,ITAETE,DENTRO,0,0.00,0.0,0.0
GABRIEL NUNES,PSD,MACAUBAS,DENTRO,0,0.00,0.0,0.0
GABRIEL NUNES,PSD,ITABELA,DENTRO,0,0.00,0.0,0.0
GABRIEL NUNES,PSD,CANAPOLIS,DENTRO,0,0.00,0.0,0.0
GABRIEL NUNES,PSD,ELISIO MEDRADO,DENTRO,0,0.00,0.0,0.0
GABRIEL NUNES,PSD,MILAGRES,DENTRO,0,0.00,0.0,0.0
GABRIEL NUNES,PSD,CACULE,DENTRO,0,0.00,0.0,0.0
GABRIEL NUNES,PSD,ARACATU,DENTRO,0,0.00,0.0,0.0
GABRIEL NUNES,PSD,SANTA BRIGIDA,DENTRO,0,0.00,0.0,0.0
GABRIEL NUNES,PSD,CRISTOPOLIS,DENTRO,0,0.00,0.0,0.0
GABRIEL NUNES,PSD,AIQUARA,DENTRO,0,0.00,0.0,0.0
GABRIEL NUNES,PSD,UBATA,DENTRO,0,0.00,0.0,0.0
GABRIEL NUNES,PSD,IBIQUERA,DENTRO,0,0.00,0.0,0.0
GABRIEL NUNES,PSD,MARCIONILIO SOUZA,DENTRO,0,0.00,0.0,0.0
GABRIEL NUNES,PSD,PINDAI,DENTRO,0,0.00,0.0,0.0
GABRIEL NUNES,PSD,ITAPEBI,DENTRO,0,0.00,0.0,0.0
GABRIEL NUNES,PSD,JABORANDI,DENTRO,0,0.00,0.0,0.0
GABRIEL NUNES,PSD,BOA NOVA,DENTRO,0,0.00,0.0,0.0
GABRIEL NUNES,PSD,FORMOSA DO RIO PRETO,DENTRO,0,0.00,0.0,0.0
GABRIEL NUNES,PSD,CONTENDAS DO SINCORA,DENTRO,0,0.00,0.0,0.0
GABRIEL NUNES,PSD,SERRA DOURADA,DENTRO,0,0.00,0.0,0.0
GABRIEL NUNES,PSD,FEIRA DA MATA,DENTRO,0,0.00,0.0,0.0
GABRIEL NUNES,PSD,MASCOTE,DENTRO,0,0.00,0.0,0.0
GABRIEL NUNES,PSD,BOQUIRA,DENTRO,0,0.00,0.0,0.0
GABRIEL NUNES,PSD,TABOCAS DO BREJO VELHO,DENTRO,0,0.00,0.0,0.0
GABRIEL NUNES,PSD,BREJOES,DENTRO,0,0.00,0.0,0.0
GABRIEL NUNES,PSD,MANSIDAO,DENTRO,0,0.00,0.0,0.0
GABRIEL NUNES,PSD,TEOLANDIA,DENTRO,0,0.00,0.0,0.0
GABRIEL NUNES,PSD,PIRAI DO NORTE,DENTRO,0,0.00,0.0,0.0
GABRIEL NUNES,PSD,DOM BASILIO,DENTRO,0,0.00,0.0,0.0
GABRIEL NUNES,PSD,CARAIBAS,DENTRO,0,0.00,0.0,0.0
GABRIEL NUNES,PSD,PRESIDENTE TANCREDO NEVES,DENTRO,0,0.00,0.0,0.0
GABRIEL NUNES,PSD,ITAMARI,DENTRO,0,0.00,0.0,0.0
GABRIEL NUNES,PSD,WENCESLAU GUIMARAES,DENTRO,0,0.00,0.0,0.0
GABRIEL NUNES,PSD,JUSSARI,DENTRO,0,0.00,0.0,0.0
GABRIEL NUNES,PSD,ITAGI,DENTRO,0,0.00,0.0,0.0
GABRIEL NUNES,PSD,PARAMIRIM,DENTRO,0,0.00,0.0,0.0
GABRIEL NUNES,PSD,PAU BRASIL,DENTRO,0,0.00,0.0,0.0
GABRIEL NUNES,PSD,PRADO,DENTRO,0,0.00,0.0,0.0
GABRIEL NUNES,PSD,PIRIPA,DENTRO,0,0.00,0.0,0.0
GABRIEL NUNES,PSD,ANGICAL,DENTRO,0,0.00,0.0,0.0
GABRIEL NUNES,PSD,IUIU,DENTRO,0,0.00,0.0,0.0
GABRIEL NUNES,PSD,ITUACU,DENTRO,0,0.00,0.0,0.0
GABRIEL NUNES,PSD,ERICO CARDOSO,DENTRO,0,0.00,0.0,0.0
GABRIEL NUNES,PSD,CATOLANDIA,DENTRO,0,0.00,0.0,0.0
GABRIEL NUNES,PSD,ITAJU DO COLONIA,DENTRO,0,0.00,0.0,0.0
GABRIEL NUNES,PSD,MORPARA,DENTRO,0,0.00,0.0,0.0
GABRIEL NUNES,PSD,MUTUIPE,DENTRO,0,0.00,0.0,0.0
GABRIEL NUNES,PSD,CORRENTINA,DENTRO,0,0.00,0.0,0.0
GABRIEL NUNES,PSD,MALHADA DE PEDRAS,DENTRO,0,0.00,0.0,0.0
GABRIEL NUNES,PSD,SAO MIGUEL DAS MATAS,DENTRO,0,0.00,0.0,0.0
GABRIEL NUNES,PSD,ARATACA,DENTRO,0,0.00,0.0,0.0
GABRIEL NUNES,PSD,BELMONTE,DENTRO,0,0.00,0.0,0.0
GABRIEL NUNES,PSD,WANDERLEY,DENTRO,0,0.00,0.0,0.0
GABRIEL NUNES,PSD,CAETANOS,DENTRO,0,0.00,0.0,0.0
GABRIEL NUNES,PSD,PRESIDENTE JANIO QUADROS,DENTRO,0,0.00,0.0,0.0
GABRIEL NUNES,PSD,CATURAMA,DENTRO,0,0.00,0.0,0.0
GABRIEL NUNES,PSD,BOM JESUS DA SERRA,DENTRO,0,0.00,0.0,0.0
GABRIEL NUNES,PSD,SANTANA,DENTRO,0,0.00,0.0,0.0
GABRIEL NUNES,PSD,PILAO ARCADO,DENTRO,0,0.00,0.0,0.0
GABRIEL NUNES,PSD,IGRAPIUNA,DENTRO,0,0.00,0.0,0.0
GABRIEL NUNES,PSD,MUNIZ FERREIRA,DENTRO,0,0.00,0.0,0.0
GABRIEL NUNES,PSD,BONINAL,DENTRO,0,0.00,0.0,0.0
GABRIEL NUNES,PSD,ALCOBACA,DENTRO,0,0.00,0.0,0.0
GABRIEL NUNES,PSD,RIO DE CONTAS,DENTRO,0,0.00,0.0,0.0
GABRIEL NUNES,PSD,MULTIPLO,AMPLO,0,0,109437903.15,87.1
GABRIEL NUNES,PSD,SEM INFORMACAO,AMPLO,0,0,15612493.17,12.43
GABRIEL NUNES,PSD,ARACI (BAHIA),FORA,0,0,599960.0,0.48
PAULO AZI,UNIÃO,CAMACARI,DENTRO,13324,9.70,0.0,0.0
PAULO AZI,UNIÃO,SIMOES FILHO,DENTRO,9369,6.82,0.0,0.0
PAULO AZI,UNIÃO,ALAGOINHAS,DENTRO,6271,4.56,0.0,0.0
PAULO AZI,UNIÃO,XIQUE-XIQUE,DENTRO,6167,4.49,0.0,0.0
PAULO AZI,UNIÃO,SALVADOR,DENTRO,6014,4.38,0.0,0.0
PAULO AZI,UNIÃO,PIATA,DENTRO,5778,4.21,0.0,0.0
PAULO AZI,UNIÃO,URUCUCA,DENTRO,4366,3.18,0.0,0.0
PAULO AZI,UNIÃO,RIACHAO DO JACUIPE,DENTRO,4189,3.05,0.0,0.0
PAULO AZI,UNIÃO,CACULE,DENTRO,3641,2.65,0.0,0.0
PAULO AZI,UNIÃO,IBICARAI,DENTRO,3583,2.61,0.0,0.0
PAULO AZI,UNIÃO,BARROCAS,DENTRO,3330,2.42,0.0,0.0
PAULO AZI,UNIÃO,MUNDO NOVO,DENTRO,3270,2.38,0.0,0.0
PAULO AZI,UNIÃO,WENCESLAU GUIMARAES,DENTRO,3143,2.29,0.0,0.0
PAULO AZI,UNIÃO,MACAUBAS,DENTRO,2518,1.83,0.0,0.0
PAULO AZI,UNIÃO,RIO REAL,DENTRO,2408,1.75,0.0,0.0
PAULO AZI,UNIÃO,RAFAEL JAMBEIRO,DENTRO,2293,1.67,0.0,0.0
PAULO AZI,UNIÃO,PE DE SERRA,DENTRO,2282,1.66,0.0,0.0
PAULO AZI,UNIÃO,ABAIRA,DENTRO,2157,1.57,0.0,0.0
PAULO AZI,UNIÃO,IBIASSUCE,DENTRO,2152,1.57,0.0,0.0
PAULO AZI,UNIÃO,ARACAS,DENTRO,2141,1.56,0.0,0.0
PAULO AZI,UNIÃO,CONDE,DENTRO,2118,1.54,0.0,0.0
PAULO AZI,UNIÃO,SAO FELIX,DENTRO,2030,1.48,0.0,0.0
PAULO AZI,UNIÃO,ARAMARI,DENTRO,1749,1.27,0.0,0.0
PAULO AZI,UNIÃO,CAETITE,DENTRO,1720,1.25,0.0,0.0
PAULO AZI,UNIÃO,TANHACU,DENTRO,1690,1.23,0.0,0.0
PAULO AZI,UNIÃO,BARRA DO CHOCA,DENTRO,1654,1.20,0.0,0.0
PAULO AZI,UNIÃO,PINTADAS,DENTRO,1562,1.14,0.0,0.0
PAULO AZI,UNIÃO,ITAPICURU,DENTRO,1366,0.99,0.0,0.0
PAULO AZI,UNIÃO,SAO DOMINGOS,DENTRO,1326,0.97,0.0,0.0
PAULO AZI,UNIÃO,SAO JOSE DA VITORIA,DENTRO,1270,0.92,0.0,0.0
PAULO AZI,UNIÃO,NOVA SOURE,DENTRO,1258,0.92,0.0,0.0
PAULO AZI,UNIÃO,IPIRA,DENTRO,1078,0.78,0.0,0.0
PAULO AZI,UNIÃO,ENTRE RIOS,DENTRO,1067,0.78,0.0,0.0
PAULO AZI,UNIÃO,INHAMBUPE,DENTRO,1004,0.73,0.0,0.0
PAULO AZI,UNIÃO,BARRA,DENTRO,955,0.70,0.0,0.0
PAULO AZI,UNIÃO,APORA,DENTRO,942,0.69,0.0,0.0
PAULO AZI,UNIÃO,VITORIA DA CONQUISTA,DENTRO,922,0.67,0.0,0.0
PAULO AZI,UNIÃO,CAPELA DO ALTO ALEGRE,DENTRO,832,0.61,0.0,0.0
PAULO AZI,UNIÃO,ESPLANADA,DENTRO,749,0.55,0.0,0.0
PAULO AZI,UNIÃO,IRARA,DENTRO,714,0.52,0.0,0.0
PAULO AZI,UNIÃO,SAO SEBASTIAO DO PASSE,DENTRO,667,0.49,0.0,0.0
PAULO AZI,UNIÃO,RIO DO ANTONIO,DENTRO,656,0.48,0.0,0.0
PAULO AZI,UNIÃO,FATIMA,DENTRO,651,0.47,0.0,0.0
PAULO AZI,UNIÃO,CABACEIRAS DO PARAGUACU,DENTRO,651,0.47,0.0,0.0
PAULO AZI,UNIÃO,JACOBINA,DENTRO,641,0.47,0.0,0.0
PAULO AZI,UNIÃO,ILHEUS,DENTRO,625,0.45,0.0,0.0
PAULO AZI,UNIÃO,QUIXABEIRA,DENTRO,619,0.45,0.0,0.0
PAULO AZI,UNIÃO,CARINHANHA,DENTRO,608,0.44,0.0,0.0
PAULO AZI,UNIÃO,ITAJUIPE,DENTRO,596,0.43,0.0,0.0
PAULO AZI,UNIÃO,MAIRI,DENTRO,592,0.43,0.0,0.0
PAULO AZI,UNIÃO,CICERO DANTAS,DENTRO,584,0.43,0.0,0.0
PAULO AZI,UNIÃO,CATU,DENTRO,556,0.40,0.0,0.0
PAULO AZI,UNIÃO,VARZEA DA ROCA,DENTRO,551,0.40,0.0,0.0
PAULO AZI,UNIÃO,FEIRA DE SANTANA,DENTRO,539,0.39,0.0,0.0
PAULO AZI,UNIÃO,AGUA FRIA,DENTRO,532,0.39,0.0,0.0
PAULO AZI,UNIÃO,VARZEA DO POCO,DENTRO,459,0.33,0.0,0.0
PAULO AZI,UNIÃO,TAPIRAMUTA,DENTRO,453,0.33,0.0,0.0
PAULO AZI,UNIÃO,SITIO DO MATO,DENTRO,449,0.33,0.0,0.0
PAULO AZI,UNIÃO,LAGOA REAL,DENTRO,434,0.32,0.0,0.0
PAULO AZI,UNIÃO,ANDARAI,DENTRO,421,0.31,0.0,0.0
PAULO AZI,UNIÃO,RIO DO PIRES,DENTRO,402,0.29,0.0,0.0
PAULO AZI,UNIÃO,MORPARA,DENTRO,402,0.29,0.0,0.0
PAULO AZI,UNIÃO,CACHOEIRA,DENTRO,394,0.29,0.0,0.0
PAULO AZI,UNIÃO,QUEIMADAS,DENTRO,369,0.27,0.0,0.0
PAULO AZI,UNIÃO,LAURO DE FREITAS,DENTRO,321,0.23,0.0,0.0
PAULO AZI,UNIÃO,GUARATINGA,DENTRO,303,0.22,0.0,0.0
PAULO AZI,UNIÃO,ITANHEM,DENTRO,301,0.22,0.0,0.0
PAULO AZI,UNIÃO,ITAMBE,DENTRO,299,0.22,0.0,0.0
PAULO AZI,UNIÃO,FLORESTA AZUL,DENTRO,289,0.21,0.0,0.0
PAULO AZI,UNIÃO,CONCEICAO DO COITE,DENTRO,247,0.18,0.0,0.0
PAULO AZI,UNIÃO,ITAPETINGA,DENTRO,223,0.16,0.0,0.0
PAULO AZI,UNIÃO,SERRINHA,DENTRO,223,0.16,0.0,0.0
PAULO AZI,UNIÃO,ITABUNA,DENTRO,213,0.16,0.0,0.0
PAULO AZI,UNIÃO,DOM BASILIO,DENTRO,211,0.15,0.0,0.0
PAULO AZI,UNIÃO,PARAMIRIM,DENTRO,204,0.15,0.0,0.0
PAULO AZI,UNIÃO,ITAMARAJU,DENTRO,194,0.14,0.0,0.0
PAULO AZI,UNIÃO,BIRITINGA,DENTRO,187,0.14,0.0,0.0
PAULO AZI,UNIÃO,JANDAIRA,DENTRO,177,0.13,0.0,0.0
PAULO AZI,UNIÃO,MIRANGABA,DENTRO,172,0.13,0.0,0.0
PAULO AZI,UNIÃO,CAPIM GROSSO,DENTRO,133,0.10,0.0,0.0
PAULO AZI,UNIÃO,CRUZ DAS ALMAS,DENTRO,132,0.10,0.0,0.0
PAULO AZI,UNIÃO,MURITIBA,DENTRO,130,0.09,0.0,0.0
PAULO AZI,UNIÃO,JEREMOABO,DENTRO,125,0.09,0.0,0.0
PAULO AZI,UNIÃO,DIAS D AVILA,DENTRO,124,0.09,0.0,0.0
PAULO AZI,UNIÃO,BAIXA GRANDE,DENTRO,123,0.09,0.0,0.0
PAULO AZI,UNIÃO,GOVERNADOR MANGABEIRA,DENTRO,114,0.08,0.0,0.0
PAULO AZI,UNIÃO,GANDU,DENTRO,104,0.08,0.0,0.0
PAULO AZI,UNIÃO,PEDRO ALEXANDRE,DENTRO,103,0.07,0.0,0.0
PAULO AZI,UNIÃO,SAO FELIPE,DENTRO,92,0.07,0.0,0.0
PAULO AZI,UNIÃO,IACU,DENTRO,86,0.06,0.0,0.0
PAULO AZI,UNIÃO,VALENTE,DENTRO,84,0.06,0.0,0.0
PAULO AZI,UNIÃO,LICINIO DE ALMEIDA,DENTRO,81,0.06,0.0,0.0
PAULO AZI,UNIÃO,JACARACI,DENTRO,80,0.06,0.0,0.0
PAULO AZI,UNIÃO,VALENCA,DENTRO,79,0.06,0.0,0.0
PAULO AZI,UNIÃO,CRISOPOLIS,DENTRO,73,0.05,0.0,0.0
PAULO AZI,UNIÃO,SEBASTIAO LARANJEIRAS,DENTRO,72,0.05,0.0,0.0
PAULO AZI,UNIÃO,MUTUIPE,DENTRO,72,0.05,0.0,0.0
PAULO AZI,UNIÃO,SITIO DO QUINTO,DENTRO,70,0.05,0.0,0.0
PAULO AZI,UNIÃO,RUY BARBOSA,DENTRO,70,0.05,0.0,0.0
PAULO AZI,UNIÃO,TEOLANDIA,DENTRO,70,0.05,0.0,0.0
PAULO AZI,UNIÃO,OURICANGAS,DENTRO,67,0.05,0.0,0.0
PAULO AZI,UNIÃO,JUAZEIRO,DENTRO,67,0.05,0.0,0.0
PAULO AZI,UNIÃO,ITABERABA,DENTRO,63,0.05,0.0,0.0
PAULO AZI,UNIÃO,MATA DE SAO JOAO,DENTRO,61,0.04,0.0,0.0
PAULO AZI,UNIÃO,CANDEIAS,DENTRO,61,0.04,0.0,0.0
PAULO AZI,UNIÃO,OLINDINA,DENTRO,59,0.04,0.0,0.0
PAULO AZI,UNIÃO,LUIS EDUARDO MAGALHAES,DENTRO,58,0.04,0.0,0.0
PAULO AZI,UNIÃO,GUANAMBI,DENTRO,57,0.04,0.0,0.0
PAULO AZI,UNIÃO,BRUMADO,DENTRO,56,0.04,0.0,0.0
PAULO AZI,UNIÃO,POJUCA,DENTRO,56,0.04,0.0,0.0
PAULO AZI,UNIÃO,LIVRAMENTO DE NOSSA SENHORA,DENTRO,55,0.04,0.0,0.0
PAULO AZI,UNIÃO,CAMACA,DENTRO,55,0.04,0.0,0.0
PAULO AZI,UNIÃO,CATURAMA,DENTRO,54,0.04,0.0,0.0
PAULO AZI,UNIÃO,RIO DE CONTAS,DENTRO,52,0.04,0.0,0.0
PAULO AZI,UNIÃO,VERA CRUZ,DENTRO,51,0.04,0.0,0.0
PAULO AZI,UNIÃO,SANTO ANTONIO DE JESUS,DENTRO,50,0.04,0.0,0.0
PAULO AZI,UNIÃO,SERRA PRETA,DENTRO,50,0.04,0.0,0.0
PAULO AZI,UNIÃO,BURITIRAMA,DENTRO,49,0.04,0.0,0.0
PAULO AZI,UNIÃO,PIRITIBA,DENTRO,49,0.04,0.0,0.0
PAULO AZI,UNIÃO,MUCUGE,DENTRO,49,0.04,0.0,0.0
PAULO AZI,UNIÃO,SANTALUZ,DENTRO,49,0.04,0.0,0.0
PAULO AZI,UNIÃO,SANTO ESTEVAO,DENTRO,48,0.03,0.0,0.0
PAULO AZI,UNIÃO,MORRO DO CHAPEU,DENTRO,48,0.03,0.0,0.0
PAULO AZI,UNIÃO,MALHADA,DENTRO,47,0.03,0.0,0.0
PAULO AZI,UNIÃO,NOVA FATIMA,DENTRO,46,0.03,0.0,0.0
PAULO AZI,UNIÃO,BONINAL,DENTRO,44,0.03,0.0,0.0
PAULO AZI,UNIÃO,GENTIO DO OURO,DENTRO,43,0.03,0.0,0.0
PAULO AZI,UNIÃO,MARAGOGIPE,DENTRO,42,0.03,0.0,0.0
PAULO AZI,UNIÃO,ITACARE,DENTRO,42,0.03,0.0,0.0
PAULO AZI,UNIÃO,OUROLANDIA,DENTRO,40,0.03,0.0,0.0
PAULO AZI,UNIÃO,RETIROLANDIA,DENTRO,40,0.03,0.0,0.0
PAULO AZI,UNIÃO,IBIPITANGA,DENTRO,39,0.03,0.0,0.0
PAULO AZI,UNIÃO,MANSIDAO,DENTRO,39,0.03,0.0,0.0
PAULO AZI,UNIÃO,CURACA,DENTRO,39,0.03,0.0,0.0
PAULO AZI,UNIÃO,BARREIRAS,DENTRO,38,0.03,0.0,0.0
PAULO AZI,UNIÃO,PORTO SEGURO,DENTRO,36,0.03,0.0,0.0
PAULO AZI,UNIÃO,BUERAREMA,DENTRO,36,0.03,0.0,0.0
PAULO AZI,UNIÃO,SENHOR DO BONFIM,DENTRO,36,0.03,0.0,0.0
PAULO AZI,UNIÃO,IRECE,DENTRO,36,0.03,0.0,0.0
PAULO AZI,UNIÃO,CANUDOS,DENTRO,34,0.02,0.0,0.0
PAULO AZI,UNIÃO,ACAJUTIBA,DENTRO,34,0.02,0.0,0.0
PAULO AZI,UNIÃO,ITAGUACU DA BAHIA,DENTRO,33,0.02,0.0,0.0
PAULO AZI,UNIÃO,TEOFILANDIA,DENTRO,33,0.02,0.0,0.0
PAULO AZI,UNIÃO,SATIRO DIAS,DENTRO,33,0.02,0.0,0.0
PAULO AZI,UNIÃO,PRESIDENTE DUTRA,DENTRO,33,0.02,0.0,0.0
PAULO AZI,UNIÃO,SAO GONCALO DOS CAMPOS,DENTRO,32,0.02,0.0,0.0
PAULO AZI,UNIÃO,BARRO PRETO,DENTRO,32,0.02,0.0,0.0
PAULO AZI,UNIÃO,SAO FRANCISCO DO CONDE,DENTRO,30,0.02,0.0,0.0
PAULO AZI,UNIÃO,JUSSARA,DENTRO,30,0.02,0.0,0.0
PAULO AZI,UNIÃO,AURELINO LEAL,DENTRO,30,0.02,0.0,0.0
PAULO AZI,UNIÃO,TEIXEIRA DE FREITAS,DENTRO,29,0.02,0.0,0.0
PAULO AZI,UNIÃO,ANTAS,DENTRO,29,0.02,0.0,0.0
PAULO AZI,UNIÃO,IBITITA,DENTRO,28,0.02,0.0,0.0
PAULO AZI,UNIÃO,GUAJERU,DENTRO,28,0.02,0.0,0.0
PAULO AZI,UNIÃO,PIRIPA,DENTRO,28,0.02,0.0,0.0
PAULO AZI,UNIÃO,EUNAPOLIS,DENTRO,27,0.02,0.0,0.0
PAULO AZI,UNIÃO,SANTANA,DENTRO,27,0.02,0.0,0.0
PAULO AZI,UNIÃO,ADUSTINA,DENTRO,27,0.02,0.0,0.0
PAULO AZI,UNIÃO,CONDEUBA,DENTRO,26,0.02,0.0,0.0
PAULO AZI,UNIÃO,JEQUIE,DENTRO,24,0.02,0.0,0.0
PAULO AZI,UNIÃO,UBAITABA,DENTRO,24,0.02,0.0,0.0
PAULO AZI,UNIÃO,SANTO AMARO,DENTRO,24,0.02,0.0,0.0
PAULO AZI,UNIÃO,ARACI,DENTRO,24,0.02,0.0,0.0
PAULO AZI,UNIÃO,BOTUPORA,DENTRO,23,0.02,0.0,0.0
PAULO AZI,UNIÃO,UBAIRA,DENTRO,23,0.02,0.0,0.0
PAULO AZI,UNIÃO,TERRA NOVA,DENTRO,23,0.02,0.0,0.0
PAULO AZI,UNIÃO,CASTRO ALVES,DENTRO,22,0.02,0.0,0.0
PAULO AZI,UNIÃO,EUCLIDES DA CUNHA,DENTRO,22,0.02,0.0,0.0
PAULO AZI,UNIÃO,CENTRAL,DENTRO,22,0.02,0.0,0.0
PAULO AZI,UNIÃO,NOVO HORIZONTE,DENTRO,22,0.02,0.0,0.0
PAULO AZI,UNIÃO,ABARE,DENTRO,22,0.02,0.0,0.0
PAULO AZI,UNIÃO,TAPEROA,DENTRO,21,0.02,0.0,0.0
PAULO AZI,UNIÃO,TANQUINHO,DENTRO,21,0.02,0.0,0.0
PAULO AZI,UNIÃO,JAGUAQUARA,DENTRO,21,0.02,0.0,0.0
PAULO AZI,UNIÃO,MIGUEL CALMON,DENTRO,21,0.02,0.0,0.0
PAULO AZI,UNIÃO,ITANAGRA,DENTRO,21,0.02,0.0,0.0
PAULO AZI,UNIÃO,ITAPE,DENTRO,21,0.02,0.0,0.0
PAULO AZI,UNIÃO,CIPO,DENTRO,21,0.02,0.0,0.0
PAULO AZI,UNIÃO,PINDOBACU,DENTRO,20,0.01,0.0,0.0
PAULO AZI,UNIÃO,PINDAI,DENTRO,20,0.01,0.0,0.0
PAULO AZI,UNIÃO,PARIPIRANGA,DENTRO,20,0.01,0.0,0.0
PAULO AZI,UNIÃO,IBOTIRAMA,DENTRO,20,0.01,0.0,0.0
PAULO AZI,UNIÃO,AMELIA RODRIGUES,DENTRO,19,0.01,0.0,0.0
PAULO AZI,UNIÃO,ITORORO,DENTRO,19,0.01,0.0,0.0
PAULO AZI,UNIÃO,PARATINGA,DENTRO,19,0.01,0.0,0.0
PAULO AZI,UNIÃO,IBIPEBA,DENTRO,19,0.01,0.0,0.0
PAULO AZI,UNIÃO,AMARGOSA,DENTRO,19,0.01,0.0,0.0
PAULO AZI,UNIÃO,ARATACA,DENTRO,19,0.01,0.0,0.0
PAULO AZI,UNIÃO,PILAO ARCADO,DENTRO,19,0.01,0.0,0.0
PAULO AZI,UNIÃO,ITIUBA,DENTRO,18,0.01,0.0,0.0
PAULO AZI,UNIÃO,SAUBARA,DENTRO,18,0.01,0.0,0.0
PAULO AZI,UNIÃO,MULUNGU DO MORRO,DENTRO,18,0.01,0.0,0.0
PAULO AZI,UNIÃO,CAEM,DENTRO,18,0.01,0.0,0.0
PAULO AZI,UNIÃO,ITAPARICA,DENTRO,18,0.01,0.0,0.0
PAULO AZI,UNIÃO,BOQUIRA,DENTRO,18,0.01,0.0,0.0
PAULO AZI,UNIÃO,COCOS,DENTRO,17,0.01,0.0,0.0
PAULO AZI,UNIÃO,CARDEAL DA SILVA,DENTRO,17,0.01,0.0,0.0
PAULO AZI,UNIÃO,IGAPORA,DENTRO,17,0.01,0.0,0.0
PAULO AZI,UNIÃO,CONCEICAO DO JACUIPE,DENTRO,17,0.01,0.0,0.0
PAULO AZI,UNIÃO,TEODORO SAMPAIO,DENTRO,17,0.01,0.0,0.0
PAULO AZI,UNIÃO,RIBEIRA DO AMPARO,DENTRO,17,0.01,0.0,0.0
PAULO AZI,UNIÃO,CAATIBA,DENTRO,17,0.01,0.0,0.0
PAULO AZI,UNIÃO,CORONEL JOAO SA,DENTRO,17,0.01,0.0,0.0
PAULO AZI,UNIÃO,URANDI,DENTRO,16,0.01,0.0,0.0
PAULO AZI,UNIÃO,JAGUARIPE,DENTRO,16,0.01,0.0,0.0
PAULO AZI,UNIÃO,SANTA TEREZINHA,DENTRO,16,0.01,0.0,0.0
PAULO AZI,UNIÃO,SAUDE,DENTRO,16,0.01,0.0,0.0
PAULO AZI,UNIÃO,PRESIDENTE TANCREDO NEVES,DENTRO,16,0.01,0.0,0.0
PAULO AZI,UNIÃO,CANDEAL,DENTRO,15,0.01,0.0,0.0
PAULO AZI,UNIÃO,NOVO TRIUNFO,DENTRO,15,0.01,0.0,0.0
PAULO AZI,UNIÃO,CAIRU,DENTRO,15,0.01,0.0,0.0
PAULO AZI,UNIÃO,SERROLANDIA,DENTRO,15,0.01,0.0,0.0
PAULO AZI,UNIÃO,PEDRAO,DENTRO,15,0.01,0.0,0.0
PAULO AZI,UNIÃO,SAO JOSE DO JACUIPE,DENTRO,14,0.01,0.0,0.0
PAULO AZI,UNIÃO,SAPEACU,DENTRO,14,0.01,0.0,0.0
PAULO AZI,UNIÃO,ITUACU,DENTRO,14,0.01,0.0,0.0
PAULO AZI,UNIÃO,CONCEICAO DA FEIRA,DENTRO,14,0.01,0.0,0.0
PAULO AZI,UNIÃO,ITAQUARA,DENTRO,14,0.01,0.0,0.0
PAULO AZI,UNIÃO,SAO DESIDERIO,DENTRO,13,0.01,0.0,0.0
PAULO AZI,UNIÃO,TANQUE NOVO,DENTRO,13,0.01,0.0,0.0
PAULO AZI,UNIÃO,CASA NOVA,DENTRO,13,0.01,0.0,0.0
PAULO AZI,UNIÃO,MADRE DE DEUS,DENTRO,13,0.01,0.0,0.0
PAULO AZI,UNIÃO,IBIRAPITANGA,DENTRO,13,0.01,0.0,0.0
PAULO AZI,UNIÃO,IPECAETA,DENTRO,13,0.01,0.0,0.0
PAULO AZI,UNIÃO,ITAETE,DENTRO,12,0.01,0.0,0.0
PAULO AZI,UNIÃO,BOA VISTA DO TUPIM,DENTRO,12,0.01,0.0,0.0
PAULO AZI,UNIÃO,ITUBERA,DENTRO,12,0.01,0.0,0.0
PAULO AZI,UNIÃO,SERRA DOURADA,DENTRO,12,0.01,0.0,0.0
PAULO AZI,UNIÃO,BONITO,DENTRO,12,0.01,0.0,0.0
PAULO AZI,UNIÃO,RIACHO DE SANTANA,DENTRO,11,0.01,0.0,0.0
PAULO AZI,UNIÃO,JUSSIAPE,DENTRO,11,0.01,0.0,0.0
PAULO AZI,UNIÃO,MACAJUBA,DENTRO,11,0.01,0.0,0.0
PAULO AZI,UNIÃO,NAZARE,DENTRO,10,0.01,0.0,0.0
PAULO AZI,UNIÃO,LAJE,DENTRO,10,0.01,0.0,0.0
PAULO AZI,UNIÃO,SEABRA,DENTRO,10,0.01,0.0,0.0
PAULO AZI,UNIÃO,POCOES,DENTRO,10,0.01,0.0,0.0
PAULO AZI,UNIÃO,IGUAI,DENTRO,10,0.01,0.0,0.0
PAULO AZI,UNIÃO,CORACAO DE MARIA,DENTRO,10,0.01,0.0,0.0
PAULO AZI,UNIÃO,MEDEIROS NETO,DENTRO,10,0.01,0.0,0.0
PAULO AZI,UNIÃO,CAFARNAUM,DENTRO,10,0.01,0.0,0.0
PAULO AZI,UNIÃO,GAVIAO,DENTRO,10,0.01,0.0,0.0
PAULO AZI,UNIÃO,PAULO AFONSO,DENTRO,9,0.01,0.0,0.0
PAULO AZI,UNIÃO,MONTE SANTO,DENTRO,9,0.01,0.0,0.0
PAULO AZI,UNIÃO,LAMARAO,DENTRO,9,0.01,0.0,0.0
PAULO AZI,UNIÃO,OLIVEIRA DOS BREJINHOS,DENTRO,9,0.01,0.0,0.0
PAULO AZI,UNIÃO,NORDESTINA,DENTRO,9,0.01,0.0,0.0
PAULO AZI,UNIÃO,CAMPO FORMOSO,DENTRO,9,0.01,0.0,0.0
PAULO AZI,UNIÃO,HELIOPOLIS,DENTRO,9,0.01,0.0,0.0
PAULO AZI,UNIÃO,JAGUARARI,DENTRO,9,0.01,0.0,0.0
PAULO AZI,UNIÃO,CANARANA,DENTRO,9,0.01,0.0,0.0
PAULO AZI,UNIÃO,PLANALTO,DENTRO,9,0.01,0.0,0.0
PAULO AZI,UNIÃO,BREJOES,DENTRO,9,0.01,0.0,0.0
PAULO AZI,UNIÃO,PONTO NOVO,DENTRO,9,0.01,0.0,0.0
PAULO AZI,UNIÃO,CANAVIEIRAS,DENTRO,9,0.01,0.0,0.0
PAULO AZI,UNIÃO,SERRA DO RAMALHO,DENTRO,9,0.01,0.0,0.0
PAULO AZI,UNIÃO,PALMAS DE MONTE ALTO,DENTRO,9,0.01,0.0,0.0
PAULO AZI,UNIÃO,VARZEA NOVA,DENTRO,8,0.01,0.0,0.0
PAULO AZI,UNIÃO,LENCOIS,DENTRO,8,0.01,0.0,0.0
PAULO AZI,UNIÃO,UTINGA,DENTRO,8,0.01,0.0,0.0
PAULO AZI,UNIÃO,IBIQUERA,DENTRO,8,0.01,0.0,0.0
PAULO AZI,UNIÃO,JABORANDI,DENTRO,8,0.01,0.0,0.0
PAULO AZI,UNIÃO,BOA NOVA,DENTRO,8,0.01,0.0,0.0
PAULO AZI,UNIÃO,RIBEIRA DO POMBAL,DENTRO,8,0.01,0.0,0.0
PAULO AZI,UNIÃO,VARZEDO,DENTRO,8,0.01,0.0,0.0
PAULO AZI,UNIÃO,ERICO CARDOSO,DENTRO,8,0.01,0.0,0.0
PAULO AZI,UNIÃO,AMERICA DOURADA,DENTRO,8,0.01,0.0,0.0
PAULO AZI,UNIÃO,COARACI,DENTRO,8,0.01,0.0,0.0
PAULO AZI,UNIÃO,MUNIZ FERREIRA,DENTRO,8,0.01,0.0,0.0
PAULO AZI,UNIÃO,MUCURI,DENTRO,7,0.01,0.0,0.0
PAULO AZI,UNIÃO,BARRA DO MENDES,DENTRO,7,0.01,0.0,0.0
PAULO AZI,UNIÃO,BARRA DO ROCHA,DENTRO,7,0.01,0.0,0.0
PAULO AZI,UNIÃO,ITABELA,DENTRO,7,0.01,0.0,0.0
PAULO AZI,UNIÃO,IPUPIARA,DENTRO,7,0.01,0.0,0.0
PAULO AZI,UNIÃO,SANTA BARBARA,DENTRO,7,0.01,0.0,0.0
PAULO AZI,UNIÃO,BOM JESUS DA LAPA,DENTRO,7,0.01,0.0,0.0
PAULO AZI,UNIÃO,ARATUIPE,DENTRO,7,0.01,0.0,0.0
PAULO AZI,UNIÃO,SALINAS DA MARGARIDA,DENTRO,7,0.01,0.0,0.0
PAULO AZI,UNIÃO,IBICOARA,DENTRO,7,0.01,0.0,0.0
PAULO AZI,UNIÃO,PRADO,DENTRO,7,0.01,0.0,0.0
PAULO AZI,UNIÃO,NILO PECANHA,DENTRO,7,0.01,0.0,0.0
PAULO AZI,UNIÃO,BROTAS DE MACAUBAS,DENTRO,7,0.01,0.0,0.0
PAULO AZI,UNIÃO,QUIJINGUE,DENTRO,7,0.01,0.0,0.0
PAULO AZI,UNIÃO,IGRAPIUNA,DENTRO,7,0.01,0.0,0.0
PAULO AZI,UNIÃO,JIQUIRICA,DENTRO,6,0.00,0.0,0.0
PAULO AZI,UNIÃO,PLANALTINO,DENTRO,6,0.00,0.0,0.0
PAULO AZI,UNIÃO,CONCEICAO DO ALMEIDA,DENTRO,6,0.00,0.0,0.0
PAULO AZI,UNIÃO,IRAMAIA,DENTRO,6,0.00,0.0,0.0
PAULO AZI,UNIÃO,UMBURANAS,DENTRO,6,0.00,0.0,0.0
PAULO AZI,UNIÃO,TUCANO,DENTRO,6,0.00,0.0,0.0
PAULO AZI,UNIÃO,SANTA RITA DE CASSIA,DENTRO,6,0.00,0.0,0.0
PAULO AZI,UNIÃO,MARCIONILIO SOUZA,DENTRO,6,0.00,0.0,0.0
PAULO AZI,UNIÃO,MORTUGABA,DENTRO,6,0.00,0.0,0.0
PAULO AZI,UNIÃO,MARACAS,DENTRO,6,0.00,0.0,0.0
PAULO AZI,UNIÃO,CAMAMU,DENTRO,6,0.00,0.0,0.0
PAULO AZI,UNIÃO,UIBAI,DENTRO,5,0.00,0.0,0.0
PAULO AZI,UNIÃO,ANTONIO GONCALVES,DENTRO,5,0.00,0.0,0.0
PAULO AZI,UNIÃO,SENTO SE,DENTRO,5,0.00,0.0,0.0
PAULO AZI,UNIÃO,NOVA IBIA,DENTRO,5,0.00,0.0,0.0
PAULO AZI,UNIÃO,ENCRUZILHADA,DENTRO,5,0.00,0.0,0.0
PAULO AZI,UNIÃO,LAPAO,DENTRO,5,0.00,0.0,0.0
PAULO AZI,UNIÃO,UBATA,DENTRO,5,0.00,0.0,0.0
PAULO AZI,UNIÃO,MARAU,DENTRO,5,0.00,0.0,0.0
PAULO AZI,UNIÃO,ANAGE,DENTRO,5,0.00,0.0,0.0
PAULO AZI,UNIÃO,ITAPEBI,DENTRO,5,0.00,0.0,0.0
PAULO AZI,UNIÃO,RIBEIRAO DO LARGO,DENTRO,5,0.00,0.0,0.0
PAULO AZI,UNIÃO,MIRANTE,DENTRO,5,0.00,0.0,0.0
PAULO AZI,UNIÃO,ICHU,DENTRO,5,0.00,0.0,0.0
PAULO AZI,UNIÃO,PRESIDENTE JANIO QUADROS,DENTRO,5,0.00,0.0,0.0
PAULO AZI,UNIÃO,BARRA DA ESTIVA,DENTRO,4,0.00,0.0,0.0
PAULO AZI,UNIÃO,BELO CAMPO,DENTRO,4,0.00,0.0,0.0
PAULO AZI,UNIÃO,IBIRATAIA,DENTRO,4,0.00,0.0,0.0
PAULO AZI,UNIÃO,MACARANI,DENTRO,4,0.00,0.0,0.0
PAULO AZI,UNIÃO,IBITIARA,DENTRO,4,0.00,0.0,0.0
PAULO AZI,UNIÃO,ITIRUCU,DENTRO,4,0.00,0.0,0.0
PAULO AZI,UNIÃO,SANTA CRUZ DA VITORIA,DENTRO,4,0.00,0.0,0.0
PAULO AZI,UNIÃO,MILAGRES,DENTRO,4,0.00,0.0,0.0
PAULO AZI,UNIÃO,CARAVELAS,DENTRO,4,0.00,0.0,0.0
PAULO AZI,UNIÃO,MAIQUINIQUE,DENTRO,4,0.00,0.0,0.0
PAULO AZI,UNIÃO,UAUA,DENTRO,4,0.00,0.0,0.0
PAULO AZI,UNIÃO,NOVA REDENCAO,DENTRO,4,0.00,0.0,0.0
PAULO AZI,UNIÃO,JITAUNA,DENTRO,4,0.00,0.0,0.0
PAULO AZI,UNIÃO,ANGUERA,DENTRO,4,0.00,0.0,0.0
PAULO AZI,UNIÃO,ITAMARI,DENTRO,4,0.00,0.0,0.0
PAULO AZI,UNIÃO,SANTA MARIA DA VITORIA,DENTRO,4,0.00,0.0,0.0
PAULO AZI,UNIÃO,SAO GABRIEL,DENTRO,4,0.00,0.0,0.0
PAULO AZI,UNIÃO,NOVA ITARANA,DENTRO,4,0.00,0.0,0.0
PAULO AZI,UNIÃO,ITATIM,DENTRO,3,0.00,0.0,0.0
PAULO AZI,UNIÃO,CANSANCAO,DENTRO,3,0.00,0.0,0.0
PAULO AZI,UNIÃO,BARRO ALTO,DENTRO,3,0.00,0.0,0.0
PAULO AZI,UNIÃO,SANTA INES,DENTRO,3,0.00,0.0,0.0
PAULO AZI,UNIÃO,ELISIO MEDRADO,DENTRO,3,0.00,0.0,0.0
PAULO AZI,UNIÃO,CORIBE,DENTRO,3,0.00,0.0,0.0
PAULO AZI,UNIÃO,ARACATU,DENTRO,3,0.00,0.0,0.0
PAULO AZI,UNIÃO,JUCURUCU,DENTRO,3,0.00,0.0,0.0
PAULO AZI,UNIÃO,NOVA VICOSA,DENTRO,3,0.00,0.0,0.0
PAULO AZI,UNIÃO,ITAPITANGA,DENTRO,3,0.00,0.0,0.0
PAULO AZI,UNIÃO,SANTANOPOLIS,DENTRO,3,0.00,0.0,0.0
PAULO AZI,UNIÃO,CARAIBAS,DENTRO,3,0.00,0.0,0.0
PAULO AZI,UNIÃO,ITAGI,DENTRO,3,0.00,0.0,0.0
PAULO AZI,UNIÃO,PAU BRASIL,DENTRO,3,0.00,0.0,0.0
PAULO AZI,UNIÃO,IUIU,DENTRO,3,0.00,0.0,0.0
PAULO AZI,UNIÃO,ITAJU DO COLONIA,DENTRO,3,0.00,0.0,0.0
PAULO AZI,UNIÃO,DOM MACEDO COSTA,DENTRO,3,0.00,0.0,0.0
PAULO AZI,UNIÃO,WAGNER,DENTRO,3,0.00,0.0,0.0
PAULO AZI,UNIÃO,SAO MIGUEL DAS MATAS,DENTRO,3,0.00,0.0,0.0
PAULO AZI,UNIÃO,CRAVOLANDIA,DENTRO,3,0.00,0.0,0.0
PAULO AZI,UNIÃO,BANZAE,DENTRO,3,0.00,0.0,0.0
PAULO AZI,UNIÃO,DARIO MEIRA,DENTRO,3,0.00,0.0,0.0
PAULO AZI,UNIÃO,JOAO DOURADO,DENTRO,3,0.00,0.0,0.0
PAULO AZI,UNIÃO,MAETINGA,DENTRO,2,0.00,0.0,0.0
PAULO AZI,UNIÃO,RIACHAO DAS NEVES,DENTRO,2,0.00,0.0,0.0
PAULO AZI,UNIÃO,BAIANOPOLIS,DENTRO,2,0.00,0.0,0.0
PAULO AZI,UNIÃO,SANTA CRUZ CABRALIA,DENTRO,2,0.00,0.0,0.0
PAULO AZI,UNIÃO,MATINA,DENTRO,2,0.00,0.0,0.0
PAULO AZI,UNIÃO,CANAPOLIS,DENTRO,2,0.00,0.0,0.0
PAULO AZI,UNIÃO,LAJEDINHO,DENTRO,2,0.00,0.0,0.0
PAULO AZI,UNIÃO,MACURURE,DENTRO,2,0.00,0.0,0.0
PAULO AZI,UNIÃO,UNA,DENTRO,2,0.00,0.0,0.0
PAULO AZI,UNIÃO,ALMADINA,DENTRO,2,0.00,0.0,0.0
PAULO AZI,UNIÃO,IBIRAPUA,DENTRO,2,0.00,0.0,0.0
PAULO AZI,UNIÃO,SOUTO SOARES,DENTRO,2,0.00,0.0,0.0
PAULO AZI,UNIÃO,FORMOSA DO RIO PRETO,DENTRO,2,0.00,0.0,0.0
PAULO AZI,UNIÃO,CONTENDAS DO SINCORA,DENTRO,2,0.00,0.0,0.0
PAULO AZI,UNIÃO,SAO FELIX DO CORIBE,DENTRO,2,0.00,0.0,0.0
PAULO AZI,UNIÃO,CALDEIRAO GRANDE,DENTRO,2,0.00,0.0,0.0
PAULO AZI,UNIÃO,ITARANTIM,DENTRO,2,0.00,0.0,0.0
PAULO AZI,UNIÃO,POTIRAGUA,DENTRO,2,0.00,0.0,0.0
PAULO AZI,UNIÃO,WANDERLEY,DENTRO,2,0.00,0.0,0.0
PAULO AZI,UNIÃO,ITAGIMIRIM,DENTRO,2,0.00,0.0,0.0
PAULO AZI,UNIÃO,CORDEIROS,DENTRO,2,0.00,0.0,0.0
PAULO AZI,UNIÃO,CANDIDO SALES,DENTRO,2,0.00,0.0,0.0
PAULO AZI,UNIÃO,MUQUEM DO SAO FRANCISCO,DENTRO,1,0.00,0.0,0.0
PAULO AZI,UNIÃO,REMANSO,DENTRO,1,0.00,0.0,0.0
PAULO AZI,UNIÃO,AIQUARA,DENTRO,1,0.00,0.0,0.0
PAULO AZI,UNIÃO,PIRAI DO NORTE,DENTRO,1,0.00,0.0,0.0
PAULO AZI,UNIÃO,JUSSARI,DENTRO,1,0.00,0.0,0.0
PAULO AZI,UNIÃO,ANGICAL,DENTRO,1,0.00,0.0,0.0
PAULO AZI,UNIÃO,TREMEDAL,DENTRO,1,0.00,0.0,0.0
PAULO AZI,UNIÃO,MALHADA DE PEDRAS,DENTRO,1,0.00,0.0,0.0
PAULO AZI,UNIÃO,SOBRADINHO,DENTRO,1,0.00,0.0,0.0
PAULO AZI,UNIÃO,CANDIBA,DENTRO,1,0.00,0.0,0.0
PAULO AZI,UNIÃO,BELMONTE,DENTRO,1,0.00,0.0,0.0
PAULO AZI,UNIÃO,FIRMINO ALVES,DENTRO,1,0.00,0.0,0.0
PAULO AZI,UNIÃO,RODELAS,DENTRO,1,0.00,0.0,0.0
PAULO AZI,UNIÃO,CAETANOS,DENTRO,1,0.00,0.0,0.0
PAULO AZI,UNIÃO,BOM JESUS DA SERRA,DENTRO,1,0.00,0.0,0.0
PAULO AZI,UNIÃO,IBICUI,DENTRO,1,0.00,0.0,0.0
PAULO AZI,UNIÃO,FILADELFIA,DENTRO,1,0.00,0.0,0.0
PAULO AZI,UNIÃO,VEREDA,DENTRO,0,0.00,0.0,0.0
PAULO AZI,UNIÃO,LAJEDO DO TABOCAL,DENTRO,0,0.00,0.0,0.0
PAULO AZI,UNIÃO,COTEGIPE,DENTRO,0,0.00,0.0,0.0
PAULO AZI,UNIÃO,GONGOGI,DENTRO,0,0.00,0.0,0.0
PAULO AZI,UNIÃO,ITAGIBA,DENTRO,0,0.00,0.0,0.0
PAULO AZI,UNIÃO,CHORROCHO,DENTRO,0,0.00,0.0,0.0
PAULO AZI,UNIÃO,SANTA BRIGIDA,DENTRO,0,0.00,0.0,0.0
PAULO AZI,UNIÃO,CRISTOPOLIS,DENTRO,0,0.00,0.0,0.0
PAULO AZI,UNIÃO,APUAREMA,DENTRO,0,0.00,0.0,0.0
PAULO AZI,UNIÃO,NOVA CANAA,DENTRO,0,0.00,0.0,0.0
PAULO AZI,UNIÃO,IPIAU,DENTRO,0,0.00,0.0,0.0
PAULO AZI,UNIÃO,LAFAIETE COUTINHO,DENTRO,0,0.00,0.0,0.0
PAULO AZI,UNIÃO,FEIRA DA MATA,DENTRO,0,0.00,0.0,0.0
PAULO AZI,UNIÃO,MASCOTE,DENTRO,0,0.00,0.0,0.0
PAULO AZI,UNIÃO,TABOCAS DO BREJO VELHO,DENTRO,0,0.00,0.0,0.0
PAULO AZI,UNIÃO,IRAJUBA,DENTRO,0,0.00,0.0,0.0
PAULO AZI,UNIÃO,SANTA LUZIA,DENTRO,0,0.00,0.0,0.0
PAULO AZI,UNIÃO,LAJEDAO,DENTRO,0,0.00,0.0,0.0
PAULO AZI,UNIÃO,CAMPO ALEGRE DE LOURDES,DENTRO,0,0.00,0.0,0.0
PAULO AZI,UNIÃO,IRAQUARA,DENTRO,0,0.00,0.0,0.0
PAULO AZI,UNIÃO,CATOLANDIA,DENTRO,0,0.00,0.0,0.0
PAULO AZI,UNIÃO,CORRENTINA,DENTRO,0,0.00,0.0,0.0
PAULO AZI,UNIÃO,PALMEIRAS,DENTRO,0,0.00,0.0,0.0
PAULO AZI,UNIÃO,MANOEL VITORINO,DENTRO,0,0.00,0.0,0.0
PAULO AZI,UNIÃO,GLORIA,DENTRO,0,0.00,0.0,0.0
PAULO AZI,UNIÃO,ANDORINHA,DENTRO,0,0.00,0.0,0.0
PAULO AZI,UNIÃO,ANTONIO CARDOSO,DENTRO,0,0.00,0.0,0.0
PAULO AZI,UNIÃO,BREJOLANDIA,DENTRO,0,0.00,0.0,0.0
PAULO AZI,UNIÃO,ALCOBACA,DENTRO,0,0.00,0.0,0.0
PAULO AZI,UNIÃO,MULTIPLO,AMPLO,0,0,145913636.07,94.29
PAULO AZI,UNIÃO,SEM INFORMACAO,AMPLO,0,0,7838829.82,5.07
PAULO AZI,UNIÃO,SIMOES FILHO (BAHIA),FORA,0,0,1000000.0,0.65
RICARDO MAIA,MDB,TUCANO,DENTRO,23118,16.89,0.0,0
RICARDO MAIA,MDB,RIBEIRA DO POMBAL,DENTRO,21275,15.55,0.0,0
RICARDO MAIA,MDB,FATIMA,DENTRO,5395,3.94,0.0,0
RICARDO MAIA,MDB,ARACI,DENTRO,5089,3.72,0.0,0
RICARDO MAIA,MDB,HELIOPOLIS,DENTRO,4269,3.12,0.0,0
RICARDO MAIA,MDB,CICERO DANTAS,DENTRO,3980,2.91,0.0,0
RICARDO MAIA,MDB,PARIPIRANGA,DENTRO,3903,2.85,0.0,0
RICARDO MAIA,MDB,QUIJINGUE,DENTRO,3348,2.45,0.0,0
RICARDO MAIA,MDB,JEREMOABO,DENTRO,3134,2.29,0.0,0
RICARDO MAIA,MDB,FEIRA DE SANTANA,DENTRO,3052,2.23,0.0,0
RICARDO MAIA,MDB,SALVADOR,DENTRO,2940,2.15,0.0,0
RICARDO MAIA,MDB,BANZAE,DENTRO,2854,2.09,0.0,0
RICARDO MAIA,MDB,BRUMADO,DENTRO,2851,2.08,0.0,0
RICARDO MAIA,MDB,CIPO,DENTRO,2356,1.72,0.0,0
RICARDO MAIA,MDB,EUCLIDES DA CUNHA,DENTRO,2218,1.62,0.0,0
RICARDO MAIA,MDB,ELISIO MEDRADO,DENTRO,2140,1.56,0.0,0
RICARDO MAIA,MDB,VARZEDO,DENTRO,1972,1.44,0.0,0
RICARDO MAIA,MDB,NOVA SOURE,DENTRO,1888,1.38,0.0,0
RICARDO MAIA,MDB,WANDERLEY,DENTRO,1834,1.34,0.0,0
RICARDO MAIA,MDB,MACURURE,DENTRO,1789,1.31,0.0,0
RICARDO MAIA,MDB,MONTE SANTO,DENTRO,1641,1.20,0.0,0
RICARDO MAIA,MDB,PEDRO ALEXANDRE,DENTRO,1552,1.13,0.0,0
RICARDO MAIA,MDB,CANSANCAO,DENTRO,1486,1.09,0.0,0
RICARDO MAIA,MDB,SAO GONCALO DOS CAMPOS,DENTRO,1462,1.07,0.0,0
RICARDO MAIA,MDB,AURELINO LEAL,DENTRO,1439,1.05,0.0,0
RICARDO MAIA,MDB,ADUSTINA,DENTRO,1359,0.99,0.0,0
RICARDO MAIA,MDB,OLINDINA,DENTRO,1177,0.86,0.0,0
RICARDO MAIA,MDB,SERRINHA,DENTRO,1164,0.85,0.0,0
RICARDO MAIA,MDB,CRUZ DAS ALMAS,DENTRO,1088,0.80,0.0,0
RICARDO MAIA,MDB,UBAITABA,DENTRO,1079,0.79,0.0,0
RICARDO MAIA,MDB,SANTA BRIGIDA,DENTRO,1076,0.79,0.0,0
RICARDO MAIA,MDB,RIBEIRA DO AMPARO,DENTRO,1070,0.78,0.0,0
RICARDO MAIA,MDB,SANTALUZ,DENTRO,994,0.73,0.0,0
RICARDO MAIA,MDB,NORDESTINA,DENTRO,977,0.71,0.0,0
RICARDO MAIA,MDB,UAUA,DENTRO,909,0.66,0.0,0
RICARDO MAIA,MDB,MARAGOGIPE,DENTRO,798,0.58,0.0,0
RICARDO MAIA,MDB,NOVA REDENCAO,DENTRO,729,0.53,0.0,0
RICARDO MAIA,MDB,DIAS D AVILA,DENTRO,712,0.52,0.0,0
RICARDO MAIA,MDB,INHAMBUPE,DENTRO,690,0.50,0.0,0
RICARDO MAIA,MDB,CANUDOS,DENTRO,671,0.49,0.0,0
RICARDO MAIA,MDB,ITAETE,DENTRO,540,0.39,0.0,0
RICARDO MAIA,MDB,ITAPICURU,DENTRO,540,0.39,0.0,0
RICARDO MAIA,MDB,CURACA,DENTRO,539,0.39,0.0,0
RICARDO MAIA,MDB,MUTUIPE,DENTRO,533,0.39,0.0,0
RICARDO MAIA,MDB,ANTAS,DENTRO,494,0.36,0.0,0
RICARDO MAIA,MDB,SERRA PRETA,DENTRO,469,0.34,0.0,0
RICARDO MAIA,MDB,SITIO DO QUINTO,DENTRO,445,0.33,0.0,0
RICARDO MAIA,MDB,VALENCA,DENTRO,401,0.29,0.0,0
RICARDO MAIA,MDB,MUNIZ FERREIRA,DENTRO,377,0.28,0.0,0
RICARDO MAIA,MDB,PAULO AFONSO,DENTRO,367,0.27,0.0,0
RICARDO MAIA,MDB,TERRA NOVA,DENTRO,355,0.26,0.0,0
RICARDO MAIA,MDB,NOVA ITARANA,DENTRO,349,0.26,0.0,0
RICARDO MAIA,MDB,BARROCAS,DENTRO,345,0.25,0.0,0
RICARDO MAIA,MDB,NOVO TRIUNFO,DENTRO,331,0.24,0.0,0
RICARDO MAIA,MDB,JAGUARARI,DENTRO,320,0.23,0.0,0
RICARDO MAIA,MDB,CABACEIRAS DO PARAGUACU,DENTRO,302,0.22,0.0,0
RICARDO MAIA,MDB,JAGUARIPE,DENTRO,289,0.21,0.0,0
RICARDO MAIA,MDB,VITORIA DA CONQUISTA,DENTRO,274,0.20,0.0,0
RICARDO MAIA,MDB,CHORROCHO,DENTRO,269,0.20,0.0,0
RICARDO MAIA,MDB,IBOTIRAMA,DENTRO,245,0.18,0.0,0
RICARDO MAIA,MDB,ABARE,DENTRO,233,0.17,0.0,0
RICARDO MAIA,MDB,SANTO ANTONIO DE JESUS,DENTRO,229,0.17,0.0,0
RICARDO MAIA,MDB,JUAZEIRO,DENTRO,224,0.16,0.0,0
RICARDO MAIA,MDB,JIQUIRICA,DENTRO,211,0.15,0.0,0
RICARDO MAIA,MDB,CAMACARI,DENTRO,190,0.14,0.0,0
RICARDO MAIA,MDB,ALAGOINHAS,DENTRO,184,0.13,0.0,0
RICARDO MAIA,MDB,ITABERABA,DENTRO,176,0.13,0.0,0
RICARDO MAIA,MDB,BIRITINGA,DENTRO,175,0.13,0.0,0
RICARDO MAIA,MDB,LAURO DE FREITAS,DENTRO,164,0.12,0.0,0
RICARDO MAIA,MDB,BARREIRAS,DENTRO,153,0.11,0.0,0
RICARDO MAIA,MDB,TEOLANDIA,DENTRO,150,0.11,0.0,0
RICARDO MAIA,MDB,CONCEICAO DO COITE,DENTRO,149,0.11,0.0,0
RICARDO MAIA,MDB,SENTO SE,DENTRO,147,0.11,0.0,0
RICARDO MAIA,MDB,SANTO AMARO,DENTRO,135,0.10,0.0,0
RICARDO MAIA,MDB,SANTO ESTEVAO,DENTRO,134,0.10,0.0,0
RICARDO MAIA,MDB,PORTO SEGURO,DENTRO,129,0.09,0.0,0
RICARDO MAIA,MDB,WAGNER,DENTRO,117,0.09,0.0,0
RICARDO MAIA,MDB,ITIUBA,DENTRO,109,0.08,0.0,0
RICARDO MAIA,MDB,SAO SEBASTIAO DO PASSE,DENTRO,98,0.07,0.0,0
RICARDO MAIA,MDB,CANDEAL,DENTRO,94,0.07,0.0,0
RICARDO MAIA,MDB,VALENTE,DENTRO,91,0.07,0.0,0
RICARDO MAIA,MDB,BARRA,DENTRO,89,0.07,0.0,0
RICARDO MAIA,MDB,POJUCA,DENTRO,86,0.06,0.0,0
RICARDO MAIA,MDB,MARAU,DENTRO,84,0.06,0.0,0
RICARDO MAIA,MDB,SAUBARA,DENTRO,83,0.06,0.0,0
RICARDO MAIA,MDB,QUEIMADAS,DENTRO,82,0.06,0.0,0
RICARDO MAIA,MDB,ITABUNA,DENTRO,79,0.06,0.0,0
RICARDO MAIA,MDB,SIMOES FILHO,DENTRO,79,0.06,0.0,0
RICARDO MAIA,MDB,ICHU,DENTRO,76,0.06,0.0,0
RICARDO MAIA,MDB,MURITIBA,DENTRO,74,0.05,0.0,0
RICARDO MAIA,MDB,TEOFILANDIA,DENTRO,74,0.05,0.0,0
RICARDO MAIA,MDB,ILHEUS,DENTRO,74,0.05,0.0,0
RICARDO MAIA,MDB,BAIXA GRANDE,DENTRO,74,0.05,0.0,0
RICARDO MAIA,MDB,MUQUEM DO SAO FRANCISCO,DENTRO,67,0.05,0.0,0
RICARDO MAIA,MDB,PIRITIBA,DENTRO,66,0.05,0.0,0
RICARDO MAIA,MDB,IGRAPIUNA,DENTRO,63,0.05,0.0,0
RICARDO MAIA,MDB,LUIS EDUARDO MAGALHAES,DENTRO,62,0.05,0.0,0
RICARDO MAIA,MDB,SAO MIGUEL DAS MATAS,DENTRO,60,0.04,0.0,0
RICARDO MAIA,MDB,ARATUIPE,DENTRO,57,0.04,0.0,0
RICARDO MAIA,MDB,AMARGOSA,DENTRO,57,0.04,0.0,0
RICARDO MAIA,MDB,RIACHAO DO JACUIPE,DENTRO,53,0.04,0.0,0
RICARDO MAIA,MDB,RAFAEL JAMBEIRO,DENTRO,52,0.04,0.0,0
RICARDO MAIA,MDB,GANDU,DENTRO,52,0.04,0.0,0
RICARDO MAIA,MDB,CORONEL JOAO SA,DENTRO,51,0.04,0.0,0
RICARDO MAIA,MDB,SENHOR DO BONFIM,DENTRO,49,0.04,0.0,0
RICARDO MAIA,MDB,CARDEAL DA SILVA,DENTRO,48,0.04,0.0,0
RICARDO MAIA,MDB,SANTA TEREZINHA,DENTRO,48,0.04,0.0,0
RICARDO MAIA,MDB,MAIRI,DENTRO,46,0.03,0.0,0
RICARDO MAIA,MDB,CANDEIAS,DENTRO,44,0.03,0.0,0
RICARDO MAIA,MDB,SATIRO DIAS,DENTRO,41,0.03,0.0,0
RICARDO MAIA,MDB,SAO FRANCISCO DO CONDE,DENTRO,39,0.03,0.0,0
RICARDO MAIA,MDB,ITUBERA,DENTRO,38,0.03,0.0,0
RICARDO MAIA,MDB,ENTRE RIOS,DENTRO,38,0.03,0.0,0
RICARDO MAIA,MDB,MACARANI,DENTRO,37,0.03,0.0,0
RICARDO MAIA,MDB,COTEGIPE,DENTRO,36,0.03,0.0,0
RICARDO MAIA,MDB,TEIXEIRA DE FREITAS,DENTRO,36,0.03,0.0,0
RICARDO MAIA,MDB,IPIRA,DENTRO,35,0.03,0.0,0
RICARDO MAIA,MDB,CACHOEIRA,DENTRO,35,0.03,0.0,0
RICARDO MAIA,MDB,MIGUEL CALMON,DENTRO,35,0.03,0.0,0
RICARDO MAIA,MDB,SEABRA,DENTRO,33,0.02,0.0,0
RICARDO MAIA,MDB,EUNAPOLIS,DENTRO,33,0.02,0.0,0
RICARDO MAIA,MDB,IGAPORA,DENTRO,32,0.02,0.0,0
RICARDO MAIA,MDB,ANTONIO CARDOSO,DENTRO,32,0.02,0.0,0
RICARDO MAIA,MDB,CAMAMU,DENTRO,31,0.02,0.0,0
RICARDO MAIA,MDB,CONCEICAO DO JACUIPE,DENTRO,30,0.02,0.0,0
RICARDO MAIA,MDB,ANDARAI,DENTRO,29,0.02,0.0,0
RICARDO MAIA,MDB,CORACAO DE MARIA,DENTRO,29,0.02,0.0,0
RICARDO MAIA,MDB,JEQUIE,DENTRO,27,0.02,0.0,0
RICARDO MAIA,MDB,UBAIRA,DENTRO,27,0.02,0.0,0
RICARDO MAIA,MDB,SANTA BARBARA,DENTRO,27,0.02,0.0,0
RICARDO MAIA,MDB,WENCESLAU GUIMARAES,DENTRO,27,0.02,0.0,0
RICARDO MAIA,MDB,BREJOLANDIA,DENTRO,27,0.02,0.0,0
RICARDO MAIA,MDB,BOM JESUS DA LAPA,DENTRO,26,0.02,0.0,0
RICARDO MAIA,MDB,IRARA,DENTRO,26,0.02,0.0,0
RICARDO MAIA,MDB,RIO REAL,DENTRO,25,0.02,0.0,0
RICARDO MAIA,MDB,CRISOPOLIS,DENTRO,23,0.02,0.0,0
RICARDO MAIA,MDB,ITACARE,DENTRO,23,0.02,0.0,0
RICARDO MAIA,MDB,GLORIA,DENTRO,23,0.02,0.0,0
RICARDO MAIA,MDB,CAPIM GROSSO,DENTRO,23,0.02,0.0,0
RICARDO MAIA,MDB,CATU,DENTRO,23,0.02,0.0,0
RICARDO MAIA,MDB,CASTRO ALVES,DENTRO,22,0.02,0.0,0
RICARDO MAIA,MDB,ARACATU,DENTRO,22,0.02,0.0,0
RICARDO MAIA,MDB,CAMPO FORMOSO,DENTRO,22,0.02,0.0,0
RICARDO MAIA,MDB,VERA CRUZ,DENTRO,22,0.02,0.0,0
RICARDO MAIA,MDB,CAIRU,DENTRO,21,0.02,0.0,0
RICARDO MAIA,MDB,IRECE,DENTRO,21,0.02,0.0,0
RICARDO MAIA,MDB,CRISTOPOLIS,DENTRO,19,0.01,0.0,0
RICARDO MAIA,MDB,SAO FELIPE,DENTRO,19,0.01,0.0,0
RICARDO MAIA,MDB,CONCEICAO DA FEIRA,DENTRO,19,0.01,0.0,0
RICARDO MAIA,MDB,MORRO DO CHAPEU,DENTRO,19,0.01,0.0,0
RICARDO MAIA,MDB,IACU,DENTRO,18,0.01,0.0,0
RICARDO MAIA,MDB,JUSSARA,DENTRO,18,0.01,0.0,0
RICARDO MAIA,MDB,PARAMIRIM,DENTRO,18,0.01,0.0,0
RICARDO MAIA,MDB,POCOES,DENTRO,18,0.01,0.0,0
RICARDO MAIA,MDB,SANTA CRUZ CABRALIA,DENTRO,17,0.01,0.0,0
RICARDO MAIA,MDB,ITAPETINGA,DENTRO,17,0.01,0.0,0
RICARDO MAIA,MDB,MATA DE SAO JOAO,DENTRO,17,0.01,0.0,0
RICARDO MAIA,MDB,BREJOES,DENTRO,17,0.01,0.0,0
RICARDO MAIA,MDB,MUCUGE,DENTRO,17,0.01,0.0,0
RICARDO MAIA,MDB,FILADELFIA,DENTRO,17,0.01,0.0,0
RICARDO MAIA,MDB,AMELIA RODRIGUES,DENTRO,16,0.01,0.0,0
RICARDO MAIA,MDB,NAZARE,DENTRO,16,0.01,0.0,0
RICARDO MAIA,MDB,TANHACU,DENTRO,16,0.01,0.0,0
RICARDO MAIA,MDB,LAMARAO,DENTRO,15,0.01,0.0,0
RICARDO MAIA,MDB,LAJE,DENTRO,15,0.01,0.0,0
RICARDO MAIA,MDB,GOVERNADOR MANGABEIRA,DENTRO,15,0.01,0.0,0
RICARDO MAIA,MDB,TANQUINHO,DENTRO,14,0.01,0.0,0
RICARDO MAIA,MDB,IBICOARA,DENTRO,14,0.01,0.0,0
RICARDO MAIA,MDB,CANAVIEIRAS,DENTRO,14,0.01,0.0,0
RICARDO MAIA,MDB,ANGUERA,DENTRO,14,0.01,0.0,0
RICARDO MAIA,MDB,IPECAETA,DENTRO,14,0.01,0.0,0
RICARDO MAIA,MDB,JACOBINA,DENTRO,14,0.01,0.0,0
RICARDO MAIA,MDB,FORMOSA DO RIO PRETO,DENTRO,13,0.01,0.0,0
RICARDO MAIA,MDB,ANDORINHA,DENTRO,13,0.01,0.0,0
RICARDO MAIA,MDB,GUANAMBI,DENTRO,13,0.01,0.0,0
RICARDO MAIA,MDB,CONDE,DENTRO,13,0.01,0.0,0
RICARDO MAIA,MDB,ITATIM,DENTRO,12,0.01,0.0,0
RICARDO MAIA,MDB,LAJEDINHO,DENTRO,12,0.01,0.0,0
RICARDO MAIA,MDB,SAPEACU,DENTRO,12,0.01,0.0,0
RICARDO MAIA,MDB,PRESIDENTE TANCREDO NEVES,DENTRO,12,0.01,0.0,0
RICARDO MAIA,MDB,BROTAS DE MACAUBAS,DENTRO,12,0.01,0.0,0
RICARDO MAIA,MDB,RETIROLANDIA,DENTRO,12,0.01,0.0,0
RICARDO MAIA,MDB,RIO DE CONTAS,DENTRO,12,0.01,0.0,0
RICARDO MAIA,MDB,CONCEICAO DO ALMEIDA,DENTRO,11,0.01,0.0,0
RICARDO MAIA,MDB,XIQUE-XIQUE,DENTRO,11,0.01,0.0,0
RICARDO MAIA,MDB,BURITIRAMA,DENTRO,11,0.01,0.0,0
RICARDO MAIA,MDB,ITANAGRA,DENTRO,11,0.01,0.0,0
RICARDO MAIA,MDB,DOM BASILIO,DENTRO,11,0.01,0.0,0
RICARDO MAIA,MDB,SAO FELIX,DENTRO,11,0.01,0.0,0
RICARDO MAIA,MDB,JOAO DOURADO,DENTRO,11,0.01,0.0,0
RICARDO MAIA,MDB,RIACHAO DAS NEVES,DENTRO,10,0.01,0.0,0
RICARDO MAIA,MDB,RIACHO DE SANTANA,DENTRO,10,0.01,0.0,0
RICARDO MAIA,MDB,LAPAO,DENTRO,10,0.01,0.0,0
RICARDO MAIA,MDB,CAPELA DO ALTO ALEGRE,DENTRO,10,0.01,0.0,0
RICARDO MAIA,MDB,TAPIRAMUTA,DENTRO,10,0.01,0.0,0
RICARDO MAIA,MDB,MALHADA DE PEDRAS,DENTRO,10,0.01,0.0,0
RICARDO MAIA,MDB,SAO GABRIEL,DENTRO,10,0.01,0.0,0
RICARDO MAIA,MDB,BARRA DA ESTIVA,DENTRO,9,0.01,0.0,0
RICARDO MAIA,MDB,TAPEROA,DENTRO,9,0.01,0.0,0
RICARDO MAIA,MDB,REMANSO,DENTRO,9,0.01,0.0,0
RICARDO MAIA,MDB,LIVRAMENTO DE NOSSA SENHORA,DENTRO,9,0.01,0.0,0
RICARDO MAIA,MDB,BOA VISTA DO TUPIM,DENTRO,9,0.01,0.0,0
RICARDO MAIA,MDB,MARCIONILIO SOUZA,DENTRO,9,0.01,0.0,0
RICARDO MAIA,MDB,ITAPARICA,DENTRO,9,0.01,0.0,0
RICARDO MAIA,MDB,ACAJUTIBA,DENTRO,9,0.01,0.0,0
RICARDO MAIA,MDB,SALINAS DA MARGARIDA,DENTRO,9,0.01,0.0,0
RICARDO MAIA,MDB,PONTO NOVO,DENTRO,9,0.01,0.0,0
RICARDO MAIA,MDB,PIRAI DO NORTE,DENTRO,9,0.01,0.0,0
RICARDO MAIA,MDB,SANTA MARIA DA VITORIA,DENTRO,9,0.01,0.0,0
RICARDO MAIA,MDB,RODELAS,DENTRO,9,0.01,0.0,0
RICARDO MAIA,MDB,IRAMAIA,DENTRO,8,0.01,0.0,0
RICARDO MAIA,MDB,GONGOGI,DENTRO,8,0.01,0.0,0
RICARDO MAIA,MDB,TANQUE NOVO,DENTRO,8,0.01,0.0,0
RICARDO MAIA,MDB,JAGUAQUARA,DENTRO,8,0.01,0.0,0
RICARDO MAIA,MDB,ITAPITANGA,DENTRO,8,0.01,0.0,0
RICARDO MAIA,MDB,APORA,DENTRO,8,0.01,0.0,0
RICARDO MAIA,MDB,IBIRAPITANGA,DENTRO,8,0.01,0.0,0
RICARDO MAIA,MDB,ITAJUIPE,DENTRO,8,0.01,0.0,0
RICARDO MAIA,MDB,PALMAS DE MONTE ALTO,DENTRO,8,0.01,0.0,0
RICARDO MAIA,MDB,ESPLANADA,DENTRO,8,0.01,0.0,0
RICARDO MAIA,MDB,CAFARNAUM,DENTRO,8,0.01,0.0,0
RICARDO MAIA,MDB,GUARATINGA,DENTRO,7,0.01,0.0,0
RICARDO MAIA,MDB,SAO DESIDERIO,DENTRO,7,0.01,0.0,0
RICARDO MAIA,MDB,PINDOBACU,DENTRO,7,0.01,0.0,0
RICARDO MAIA,MDB,OLIVEIRA DOS BREJINHOS,DENTRO,7,0.01,0.0,0
RICARDO MAIA,MDB,CACULE,DENTRO,7,0.01,0.0,0
RICARDO MAIA,MDB,URUCUCA,DENTRO,7,0.01,0.0,0
RICARDO MAIA,MDB,PARATINGA,DENTRO,7,0.01,0.0,0
RICARDO MAIA,MDB,MADRE DE DEUS,DENTRO,7,0.01,0.0,0
RICARDO MAIA,MDB,BOA NOVA,DENTRO,7,0.01,0.0,0
RICARDO MAIA,MDB,SANTANOPOLIS,DENTRO,7,0.01,0.0,0
RICARDO MAIA,MDB,ARACAS,DENTRO,7,0.01,0.0,0
RICARDO MAIA,MDB,MORPARA,DENTRO,7,0.01,0.0,0
RICARDO MAIA,MDB,NILO PECANHA,DENTRO,7,0.01,0.0,0
RICARDO MAIA,MDB,MEDEIROS NETO,DENTRO,7,0.01,0.0,0
RICARDO MAIA,MDB,NOVA FATIMA,DENTRO,7,0.01,0.0,0
RICARDO MAIA,MDB,IPUPIARA,DENTRO,6,0.00,0.0,0
RICARDO MAIA,MDB,SANTA INES,DENTRO,6,0.00,0.0,0
RICARDO MAIA,MDB,RIO DO ANTONIO,DENTRO,6,0.00,0.0,0
RICARDO MAIA,MDB,IBIPEBA,DENTRO,6,0.00,0.0,0
RICARDO MAIA,MDB,SANTA RITA DE CASSIA,DENTRO,6,0.00,0.0,0
RICARDO MAIA,MDB,GENTIO DO OURO,DENTRO,6,0.00,0.0,0
RICARDO MAIA,MDB,AMERICA DOURADA,DENTRO,6,0.00,0.0,0
RICARDO MAIA,MDB,ITAPE,DENTRO,6,0.00,0.0,0
RICARDO MAIA,MDB,COARACI,DENTRO,6,0.00,0.0,0
RICARDO MAIA,MDB,AGUA FRIA,DENTRO,5,0.00,0.0,0
RICARDO MAIA,MDB,SITIO DO MATO,DENTRO,5,0.00,0.0,0
RICARDO MAIA,MDB,BARRA DO CHOCA,DENTRO,5,0.00,0.0,0
RICARDO MAIA,MDB,LENCOIS,DENTRO,5,0.00,0.0,0
RICARDO MAIA,MDB,MATINA,DENTRO,5,0.00,0.0,0
RICARDO MAIA,MDB,MACAUBAS,DENTRO,5,0.00,0.0,0
RICARDO MAIA,MDB,UTINGA,DENTRO,5,0.00,0.0,0
RICARDO MAIA,MDB,SAO JOSE DO JACUIPE,DENTRO,5,0.00,0.0,0
RICARDO MAIA,MDB,RIBEIRAO DO LARGO,DENTRO,5,0.00,0.0,0
RICARDO MAIA,MDB,ITUACU,DENTRO,5,0.00,0.0,0
RICARDO MAIA,MDB,CATOLANDIA,DENTRO,5,0.00,0.0,0
RICARDO MAIA,MDB,CORRENTINA,DENTRO,5,0.00,0.0,0
RICARDO MAIA,MDB,PALMEIRAS,DENTRO,5,0.00,0.0,0
RICARDO MAIA,MDB,PRESIDENTE DUTRA,DENTRO,5,0.00,0.0,0
RICARDO MAIA,MDB,PEDRAO,DENTRO,5,0.00,0.0,0
RICARDO MAIA,MDB,MUCURI,DENTRO,4,0.00,0.0,0
RICARDO MAIA,MDB,BARRA DO MENDES,DENTRO,4,0.00,0.0,0
RICARDO MAIA,MDB,ANTONIO GONCALVES,DENTRO,4,0.00,0.0,0
RICARDO MAIA,MDB,BAIANOPOLIS,DENTRO,4,0.00,0.0,0
RICARDO MAIA,MDB,NOVA IBIA,DENTRO,4,0.00,0.0,0
RICARDO MAIA,MDB,MUNDO NOVO,DENTRO,4,0.00,0.0,0
RICARDO MAIA,MDB,SAO FELIX DO CORIBE,DENTRO,4,0.00,0.0,0
RICARDO MAIA,MDB,ITANHEM,DENTRO,4,0.00,0.0,0
RICARDO MAIA,MDB,MASCOTE,DENTRO,4,0.00,0.0,0
RICARDO MAIA,MDB,IRAQUARA,DENTRO,4,0.00,0.0,0
RICARDO MAIA,MDB,ANGICAL,DENTRO,4,0.00,0.0,0
RICARDO MAIA,MDB,BARRA DO ROCHA,DENTRO,3,0.00,0.0,0
RICARDO MAIA,MDB,PINTADAS,DENTRO,3,0.00,0.0,0
RICARDO MAIA,MDB,ITAMARAJU,DENTRO,3,0.00,0.0,0
RICARDO MAIA,MDB,MILAGRES,DENTRO,3,0.00,0.0,0
RICARDO MAIA,MDB,CASA NOVA,DENTRO,3,0.00,0.0,0
RICARDO MAIA,MDB,IBITITA,DENTRO,3,0.00,0.0,0
RICARDO MAIA,MDB,VARZEA DA ROCA,DENTRO,3,0.00,0.0,0
RICARDO MAIA,MDB,OURICANGAS,DENTRO,3,0.00,0.0,0
RICARDO MAIA,MDB,UBATA,DENTRO,3,0.00,0.0,0
RICARDO MAIA,MDB,IBIASSUCE,DENTRO,3,0.00,0.0,0
RICARDO MAIA,MDB,TEODORO SAMPAIO,DENTRO,3,0.00,0.0,0
RICARDO MAIA,MDB,VARZEA DO POCO,DENTRO,3,0.00,0.0,0
RICARDO MAIA,MDB,CAEM,DENTRO,3,0.00,0.0,0
RICARDO MAIA,MDB,SAUDE,DENTRO,3,0.00,0.0,0
RICARDO MAIA,MDB,IPIAU,DENTRO,3,0.00,0.0,0
RICARDO MAIA,MDB,SERRA DOURADA,DENTRO,3,0.00,0.0,0
RICARDO MAIA,MDB,CANARANA,DENTRO,3,0.00,0.0,0
RICARDO MAIA,MDB,SANTA LUZIA,DENTRO,3,0.00,0.0,0
RICARDO MAIA,MDB,CAETITE,DENTRO,3,0.00,0.0,0
RICARDO MAIA,MDB,MARACAS,DENTRO,3,0.00,0.0,0
RICARDO MAIA,MDB,SOBRADINHO,DENTRO,3,0.00,0.0,0
RICARDO MAIA,MDB,IBICARAI,DENTRO,3,0.00,0.0,0
RICARDO MAIA,MDB,BELMONTE,DENTRO,3,0.00,0.0,0
RICARDO MAIA,MDB,PRESIDENTE JANIO QUADROS,DENTRO,3,0.00,0.0,0
RICARDO MAIA,MDB,BOM JESUS DA SERRA,DENTRO,3,0.00,0.0,0
RICARDO MAIA,MDB,CANDIDO SALES,DENTRO,3,0.00,0.0,0
RICARDO MAIA,MDB,PLANALTINO,DENTRO,2,0.00,0.0,0
RICARDO MAIA,MDB,BOTUPORA,DENTRO,2,0.00,0.0,0
RICARDO MAIA,MDB,BARRO ALTO,DENTRO,2,0.00,0.0,0
RICARDO MAIA,MDB,ENCRUZILHADA,DENTRO,2,0.00,0.0,0
RICARDO MAIA,MDB,URANDI,DENTRO,2,0.00,0.0,0
RICARDO MAIA,MDB,CARAVELAS,DENTRO,2,0.00,0.0,0
RICARDO MAIA,MDB,MAIQUINIQUE,DENTRO,2,0.00,0.0,0
RICARDO MAIA,MDB,MULUNGU DO MORRO,DENTRO,2,0.00,0.0,0
RICARDO MAIA,MDB,ITAPEBI,DENTRO,2,0.00,0.0,0
RICARDO MAIA,MDB,NOVA CANAA,DENTRO,2,0.00,0.0,0
RICARDO MAIA,MDB,IBIRAPUA,DENTRO,2,0.00,0.0,0
RICARDO MAIA,MDB,NOVA VICOSA,DENTRO,2,0.00,0.0,0
RICARDO MAIA,MDB,CONTENDAS DO SINCORA,DENTRO,2,0.00,0.0,0
RICARDO MAIA,MDB,FEIRA DA MATA,DENTRO,2,0.00,0.0,0
RICARDO MAIA,MDB,BOQUIRA,DENTRO,2,0.00,0.0,0
RICARDO MAIA,MDB,CALDEIRAO GRANDE,DENTRO,2,0.00,0.0,0
RICARDO MAIA,MDB,PE DE SERRA,DENTRO,2,0.00,0.0,0
RICARDO MAIA,MDB,ITARANTIM,DENTRO,2,0.00,0.0,0
RICARDO MAIA,MDB,PIRIPA,DENTRO,2,0.00,0.0,0
RICARDO MAIA,MDB,IUIU,DENTRO,2,0.00,0.0,0
RICARDO MAIA,MDB,IGUAI,DENTRO,2,0.00,0.0,0
RICARDO MAIA,MDB,ITAJU DO COLONIA,DENTRO,2,0.00,0.0,0
RICARDO MAIA,MDB,SERRA DO RAMALHO,DENTRO,2,0.00,0.0,0
RICARDO MAIA,MDB,ARATACA,DENTRO,2,0.00,0.0,0
RICARDO MAIA,MDB,OUROLANDIA,DENTRO,2,0.00,0.0,0
RICARDO MAIA,MDB,POTIRAGUA,DENTRO,2,0.00,0.0,0
RICARDO MAIA,MDB,MACAJUBA,DENTRO,2,0.00,0.0,0
RICARDO MAIA,MDB,IBICUI,DENTRO,2,0.00,0.0,0
RICARDO MAIA,MDB,ARAMARI,DENTRO,2,0.00,0.0,0
RICARDO MAIA,MDB,DARIO MEIRA,DENTRO,2,0.00,0.0,0
RICARDO MAIA,MDB,ITAQUARA,DENTRO,2,0.00,0.0,0
RICARDO MAIA,MDB,ITAMBE,DENTRO,1,0.00,0.0,0
RICARDO MAIA,MDB,MAETINGA,DENTRO,1,0.00,0.0,0
RICARDO MAIA,MDB,UIBAI,DENTRO,1,0.00,0.0,0
RICARDO MAIA,MDB,IBIRATAIA,DENTRO,1,0.00,0.0,0
RICARDO MAIA,MDB,ITAGUACU DA BAHIA,DENTRO,1,0.00,0.0,0
RICARDO MAIA,MDB,VEREDA,DENTRO,1,0.00,0.0,0
RICARDO MAIA,MDB,COCOS,DENTRO,1,0.00,0.0,0
RICARDO MAIA,MDB,SEBASTIAO LARANJEIRAS,DENTRO,1,0.00,0.0,0
RICARDO MAIA,MDB,VARZEA NOVA,DENTRO,1,0.00,0.0,0
RICARDO MAIA,MDB,SANTA CRUZ DA VITORIA,DENTRO,1,0.00,0.0,0
RICARDO MAIA,MDB,ITABELA,DENTRO,1,0.00,0.0,0
RICARDO MAIA,MDB,LICINIO DE ALMEIDA,DENTRO,1,0.00,0.0,0
RICARDO MAIA,MDB,GUAJERU,DENTRO,1,0.00,0.0,0
RICARDO MAIA,MDB,LAGOA REAL,DENTRO,1,0.00,0.0,0
RICARDO MAIA,MDB,SAO DOMINGOS,DENTRO,1,0.00,0.0,0
RICARDO MAIA,MDB,ITAGIBA,DENTRO,1,0.00,0.0,0
RICARDO MAIA,MDB,BUERAREMA,DENTRO,1,0.00,0.0,0
RICARDO MAIA,MDB,ANAGE,DENTRO,1,0.00,0.0,0
RICARDO MAIA,MDB,QUIXABEIRA,DENTRO,1,0.00,0.0,0
RICARDO MAIA,MDB,IBIPITANGA,DENTRO,1,0.00,0.0,0
RICARDO MAIA,MDB,ABAIRA,DENTRO,1,0.00,0.0,0
RICARDO MAIA,MDB,MORTUGABA,DENTRO,1,0.00,0.0,0
RICARDO MAIA,MDB,IRAJUBA,DENTRO,1,0.00,0.0,0
RICARDO MAIA,MDB,JITAUNA,DENTRO,1,0.00,0.0,0
RICARDO MAIA,MDB,CARAIBAS,DENTRO,1,0.00,0.0,0
RICARDO MAIA,MDB,ITAMARI,DENTRO,1,0.00,0.0,0
RICARDO MAIA,MDB,ITAGI,DENTRO,1,0.00,0.0,0
RICARDO MAIA,MDB,PRADO,DENTRO,1,0.00,0.0,0
RICARDO MAIA,MDB,ERICO CARDOSO,DENTRO,1,0.00,0.0,0
RICARDO MAIA,MDB,TREMEDAL,DENTRO,1,0.00,0.0,0
RICARDO MAIA,MDB,PIATA,DENTRO,1,0.00,0.0,0
RICARDO MAIA,MDB,CAATIBA,DENTRO,1,0.00,0.0,0
RICARDO MAIA,MDB,SERROLANDIA,DENTRO,1,0.00,0.0,0
RICARDO MAIA,MDB,CANDIBA,DENTRO,1,0.00,0.0,0
RICARDO MAIA,MDB,JUSSIAPE,DENTRO,1,0.00,0.0,0
RICARDO MAIA,MDB,ITAGIMIRIM,DENTRO,1,0.00,0.0,0
RICARDO MAIA,MDB,CATURAMA,DENTRO,1,0.00,0.0,0
RICARDO MAIA,MDB,JACARACI,DENTRO,1,0.00,0.0,0
RICARDO MAIA,MDB,CORDEIROS,DENTRO,1,0.00,0.0,0
RICARDO MAIA,MDB,SANTANA,DENTRO,1,0.00,0.0,0
RICARDO MAIA,MDB,PILAO ARCADO,DENTRO,1,0.00,0.0,0
RICARDO MAIA,MDB,BONITO,DENTRO,1,0.00,0.0,0
RICARDO MAIA,MDB,BELO CAMPO,DENTRO,0,0.00,0.0,0
RICARDO MAIA,MDB,IBITIARA,DENTRO,0,0.00,0.0,0
RICARDO MAIA,MDB,LAJEDO DO TABOCAL,DENTRO,0,0.00,0.0,0
RICARDO MAIA,MDB,ITIRUCU,DENTRO,0,0.00,0.0,0
RICARDO MAIA,MDB,CONDEUBA,DENTRO,0,0.00,0.0,0
RICARDO MAIA,MDB,CANAPOLIS,DENTRO,0,0.00,0.0,0
RICARDO MAIA,MDB,CARINHANHA,DENTRO,0,0.00,0.0,0
RICARDO MAIA,MDB,CENTRAL,DENTRO,0,0.00,0.0,0
RICARDO MAIA,MDB,CORIBE,DENTRO,0,0.00,0.0,0
RICARDO MAIA,MDB,UNA,DENTRO,0,0.00,0.0,0
RICARDO MAIA,MDB,ITORORO,DENTRO,0,0.00,0.0,0
RICARDO MAIA,MDB,UMBURANAS,DENTRO,0,0.00,0.0,0
RICARDO MAIA,MDB,AIQUARA,DENTRO,0,0.00,0.0,0
RICARDO MAIA,MDB,JANDAIRA,DENTRO,0,0.00,0.0,0
RICARDO MAIA,MDB,FLORESTA AZUL,DENTRO,0,0.00,0.0,0
RICARDO MAIA,MDB,ALMADINA,DENTRO,0,0.00,0.0,0
RICARDO MAIA,MDB,BARRO PRETO,DENTRO,0,0.00,0.0,0
RICARDO MAIA,MDB,IBIQUERA,DENTRO,0,0.00,0.0,0
RICARDO MAIA,MDB,APUAREMA,DENTRO,0,0.00,0.0,0
RICARDO MAIA,MDB,PINDAI,DENTRO,0,0.00,0.0,0
RICARDO MAIA,MDB,JUCURUCU,DENTRO,0,0.00,0.0,0
RICARDO MAIA,MDB,JABORANDI,DENTRO,0,0.00,0.0,0
RICARDO MAIA,MDB,LAFAIETE COUTINHO,DENTRO,0,0.00,0.0,0
RICARDO MAIA,MDB,SOUTO SOARES,DENTRO,0,0.00,0.0,0
RICARDO MAIA,MDB,NOVO HORIZONTE,DENTRO,0,0.00,0.0,0
RICARDO MAIA,MDB,PLANALTO,DENTRO,0,0.00,0.0,0
RICARDO MAIA,MDB,TABOCAS DO BREJO VELHO,DENTRO,0,0.00,0.0,0
RICARDO MAIA,MDB,RUY BARBOSA,DENTRO,0,0.00,0.0,0
RICARDO MAIA,MDB,MANSIDAO,DENTRO,0,0.00,0.0,0
RICARDO MAIA,MDB,RIO DO PIRES,DENTRO,0,0.00,0.0,0
RICARDO MAIA,MDB,LAJEDAO,DENTRO,0,0.00,0.0,0
RICARDO MAIA,MDB,CAMPO ALEGRE DE LOURDES,DENTRO,0,0.00,0.0,0
RICARDO MAIA,MDB,JUSSARI,DENTRO,0,0.00,0.0,0
RICARDO MAIA,MDB,MIRANTE,DENTRO,0,0.00,0.0,0
RICARDO MAIA,MDB,MIRANGABA,DENTRO,0,0.00,0.0,0
RICARDO MAIA,MDB,PAU BRASIL,DENTRO,0,0.00,0.0,0
RICARDO MAIA,MDB,MALHADA,DENTRO,0,0.00,0.0,0
RICARDO MAIA,MDB,DOM MACEDO COSTA,DENTRO,0,0.00,0.0,0
RICARDO MAIA,MDB,SAO JOSE DA VITORIA,DENTRO,0,0.00,0.0,0
RICARDO MAIA,MDB,MANOEL VITORINO,DENTRO,0,0.00,0.0,0
RICARDO MAIA,MDB,CAMACA,DENTRO,0,0.00,0.0,0
RICARDO MAIA,MDB,CRAVOLANDIA,DENTRO,0,0.00,0.0,0
RICARDO MAIA,MDB,FIRMINO ALVES,DENTRO,0,0.00,0.0,0
RICARDO MAIA,MDB,CAETANOS,DENTRO,0,0.00,0.0,0
RICARDO MAIA,MDB,BONINAL,DENTRO,0,0.00,0.0,0
RICARDO MAIA,MDB,ALCOBACA,DENTRO,0,0.00,0.0,0
RICARDO MAIA,MDB,GAVIAO,DENTRO,0,0.00,0.0,0
JORGE SOLLA,PT,SALVADOR,DENTRO,27264,21.14,0.0,0.0
JORGE SOLLA,PT,AMARGOSA,DENTRO,7602,5.89,0.0,0.0
JORGE SOLLA,PT,VITORIA DA CONQUISTA,DENTRO,5005,3.88,0.0,0.0
JORGE SOLLA,PT,FEIRA DE SANTANA,DENTRO,3074,2.38,0.0,0.0
JORGE SOLLA,PT,SANTA INES,DENTRO,2925,2.27,0.0,0.0
JORGE SOLLA,PT,MUTUIPE,DENTRO,2816,2.18,0.0,0.0
JORGE SOLLA,PT,ITABERABA,DENTRO,2558,1.98,0.0,0.0
JORGE SOLLA,PT,GOVERNADOR MANGABEIRA,DENTRO,2336,1.81,0.0,0.0
JORGE SOLLA,PT,SEABRA,DENTRO,2271,1.76,0.0,0.0
JORGE SOLLA,PT,BOM JESUS DA LAPA,DENTRO,2259,1.75,0.0,0.0
JORGE SOLLA,PT,BREJOES,DENTRO,2207,1.71,0.0,0.0
JORGE SOLLA,PT,ITIRUCU,DENTRO,1993,1.55,0.0,0.0
JORGE SOLLA,PT,LAURO DE FREITAS,DENTRO,1929,1.50,0.0,0.0
JORGE SOLLA,PT,ILHEUS,DENTRO,1883,1.46,0.0,0.0
JORGE SOLLA,PT,LAJE,DENTRO,1661,1.29,0.0,0.0
JORGE SOLLA,PT,IACU,DENTRO,1557,1.21,0.0,0.0
JORGE SOLLA,PT,ITABUNA,DENTRO,1470,1.14,0.0,0.0
JORGE SOLLA,PT,DOM MACEDO COSTA,DENTRO,1430,1.11,0.0,0.0
JORGE SOLLA,PT,SANTA BARBARA,DENTRO,1342,1.04,0.0,0.0
JORGE SOLLA,PT,ITACARE,DENTRO,1311,1.02,0.0,0.0
JORGE SOLLA,PT,DOM BASILIO,DENTRO,1253,0.97,0.0,0.0
JORGE SOLLA,PT,CASTRO ALVES,DENTRO,1226,0.95,0.0,0.0
JORGE SOLLA,PT,JEQUIE,DENTRO,1181,0.92,0.0,0.0
JORGE SOLLA,PT,SAO FRANCISCO DO CONDE,DENTRO,1162,0.90,0.0,0.0
JORGE SOLLA,PT,VERA CRUZ,DENTRO,1106,0.86,0.0,0.0
JORGE SOLLA,PT,CORRENTINA,DENTRO,969,0.75,0.0,0.0
JORGE SOLLA,PT,UBAITABA,DENTRO,940,0.73,0.0,0.0
JORGE SOLLA,PT,SAO FELIPE,DENTRO,830,0.64,0.0,0.0
JORGE SOLLA,PT,CRUZ DAS ALMAS,DENTRO,816,0.63,0.0,0.0
JORGE SOLLA,PT,ANDORINHA,DENTRO,797,0.62,0.0,0.0
JORGE SOLLA,PT,IRECE,DENTRO,780,0.60,0.0,0.0
JORGE SOLLA,PT,SIMOES FILHO,DENTRO,771,0.60,0.0,0.0
JORGE SOLLA,PT,TEIXEIRA DE FREITAS,DENTRO,767,0.59,0.0,0.0
JORGE SOLLA,PT,ALAGOINHAS,DENTRO,757,0.59,0.0,0.0
JORGE SOLLA,PT,JUAZEIRO,DENTRO,742,0.58,0.0,0.0
JORGE SOLLA,PT,CAMACARI,DENTRO,715,0.55,0.0,0.0
JORGE SOLLA,PT,SANTO AMARO,DENTRO,675,0.52,0.0,0.0
JORGE SOLLA,PT,ITAMARAJU,DENTRO,656,0.51,0.0,0.0
JORGE SOLLA,PT,BARROCAS,DENTRO,656,0.51,0.0,0.0
JORGE SOLLA,PT,IPIAU,DENTRO,643,0.50,0.0,0.0
JORGE SOLLA,PT,UBAIRA,DENTRO,640,0.50,0.0,0.0
JORGE SOLLA,PT,PORTO SEGURO,DENTRO,639,0.50,0.0,0.0
JORGE SOLLA,PT,SANTO ESTEVAO,DENTRO,638,0.49,0.0,0.0
JORGE SOLLA,PT,JAGUAQUARA,DENTRO,627,0.49,0.0,0.0
JORGE SOLLA,PT,INHAMBUPE,DENTRO,621,0.48,0.0,0.0
JORGE SOLLA,PT,SAO GONCALO DOS CAMPOS,DENTRO,616,0.48,0.0,0.0
JORGE SOLLA,PT,IPIRA,DENTRO,581,0.45,0.0,0.0
JORGE SOLLA,PT,SANTO ANTONIO DE JESUS,DENTRO,569,0.44,0.0,0.0
JORGE SOLLA,PT,MANSIDAO,DENTRO,565,0.44,0.0,0.0
JORGE SOLLA,PT,DIAS D AVILA,DENTRO,519,0.40,0.0,0.0
JORGE SOLLA,PT,SAO FELIX DO CORIBE,DENTRO,518,0.40,0.0,0.0
JORGE SOLLA,PT,MARAU,DENTRO,503,0.39,0.0,0.0
JORGE SOLLA,PT,CONDEUBA,DENTRO,472,0.37,0.0,0.0
JORGE SOLLA,PT,PAULO AFONSO,DENTRO,435,0.34,0.0,0.0
JORGE SOLLA,PT,BOQUIRA,DENTRO,435,0.34,0.0,0.0
JORGE SOLLA,PT,RIACHO DE SANTANA,DENTRO,432,0.33,0.0,0.0
JORGE SOLLA,PT,OUROLANDIA,DENTRO,432,0.33,0.0,0.0
JORGE SOLLA,PT,VALENCA,DENTRO,430,0.33,0.0,0.0
JORGE SOLLA,PT,ELISIO MEDRADO,DENTRO,415,0.32,0.0,0.0
JORGE SOLLA,PT,EUNAPOLIS,DENTRO,409,0.32,0.0,0.0
JORGE SOLLA,PT,NAZARE,DENTRO,408,0.32,0.0,0.0
JORGE SOLLA,PT,ANDARAI,DENTRO,404,0.31,0.0,0.0
JORGE SOLLA,PT,CABACEIRAS DO PARAGUACU,DENTRO,399,0.31,0.0,0.0
JORGE SOLLA,PT,IRAQUARA,DENTRO,399,0.31,0.0,0.0
JORGE SOLLA,PT,SAPEACU,DENTRO,383,0.30,0.0,0.0
JORGE SOLLA,PT,MURITIBA,DENTRO,375,0.29,0.0,0.0
JORGE SOLLA,PT,CANDEIAS,DENTRO,374,0.29,0.0,0.0
JORGE SOLLA,PT,SERRINHA,DENTRO,360,0.28,0.0,0.0
JORGE SOLLA,PT,SENHOR DO BONFIM,DENTRO,347,0.27,0.0,0.0
JORGE SOLLA,PT,MADRE DE DEUS,DENTRO,339,0.26,0.0,0.0
JORGE SOLLA,PT,CAMACA,DENTRO,329,0.26,0.0,0.0
JORGE SOLLA,PT,GUANAMBI,DENTRO,327,0.25,0.0,0.0
JORGE SOLLA,PT,CACHOEIRA,DENTRO,314,0.24,0.0,0.0
JORGE SOLLA,PT,SANTA MARIA DA VITORIA,DENTRO,310,0.24,0.0,0.0
JORGE SOLLA,PT,CATU,DENTRO,309,0.24,0.0,0.0
JORGE SOLLA,PT,LIVRAMENTO DE NOSSA SENHORA,DENTRO,301,0.23,0.0,0.0
JORGE SOLLA,PT,BARREIRAS,DENTRO,288,0.22,0.0,0.0
JORGE SOLLA,PT,BARRA,DENTRO,285,0.22,0.0,0.0
JORGE SOLLA,PT,IRARA,DENTRO,284,0.22,0.0,0.0
JORGE SOLLA,PT,SALINAS DA MARGARIDA,DENTRO,280,0.22,0.0,0.0
JORGE SOLLA,PT,BARRA DO MENDES,DENTRO,277,0.21,0.0,0.0
JORGE SOLLA,PT,MARAGOGIPE,DENTRO,275,0.21,0.0,0.0
JORGE SOLLA,PT,CONCEICAO DO ALMEIDA,DENTRO,267,0.21,0.0,0.0
JORGE SOLLA,PT,AURELINO LEAL,DENTRO,263,0.20,0.0,0.0
JORGE SOLLA,PT,BOTUPORA,DENTRO,247,0.19,0.0,0.0
JORGE SOLLA,PT,RIO DO PIRES,DENTRO,241,0.19,0.0,0.0
JORGE SOLLA,PT,PIATA,DENTRO,238,0.18,0.0,0.0
JORGE SOLLA,PT,ALCOBACA,DENTRO,238,0.18,0.0,0.0
JORGE SOLLA,PT,SAO MIGUEL DAS MATAS,DENTRO,232,0.18,0.0,0.0
JORGE SOLLA,PT,MACAUBAS,DENTRO,230,0.18,0.0,0.0
JORGE SOLLA,PT,TERRA NOVA,DENTRO,227,0.18,0.0,0.0
JORGE SOLLA,PT,SAO SEBASTIAO DO PASSE,DENTRO,226,0.18,0.0,0.0
JORGE SOLLA,PT,CARAVELAS,DENTRO,222,0.17,0.0,0.0
JORGE SOLLA,PT,JIQUIRICA,DENTRO,208,0.16,0.0,0.0
JORGE SOLLA,PT,POJUCA,DENTRO,207,0.16,0.0,0.0
JORGE SOLLA,PT,RETIROLANDIA,DENTRO,206,0.16,0.0,0.0
JORGE SOLLA,PT,MASCOTE,DENTRO,199,0.15,0.0,0.0
JORGE SOLLA,PT,MILAGRES,DENTRO,198,0.15,0.0,0.0
JORGE SOLLA,PT,GANDU,DENTRO,193,0.15,0.0,0.0
JORGE SOLLA,PT,JAGUARIPE,DENTRO,192,0.15,0.0,0.0
JORGE SOLLA,PT,MONTE SANTO,DENTRO,189,0.15,0.0,0.0
JORGE SOLLA,PT,NOVA ITARANA,DENTRO,189,0.15,0.0,0.0
JORGE SOLLA,PT,BARRO ALTO,DENTRO,183,0.14,0.0,0.0
JORGE SOLLA,PT,ENTRE RIOS,DENTRO,178,0.14,0.0,0.0
JORGE SOLLA,PT,MATA DE SAO JOAO,DENTRO,177,0.14,0.0,0.0
JORGE SOLLA,PT,XIQUE-XIQUE,DENTRO,170,0.13,0.0,0.0
JORGE SOLLA,PT,ITAPARICA,DENTRO,168,0.13,0.0,0.0
JORGE SOLLA,PT,BRUMADO,DENTRO,167,0.13,0.0,0.0
JORGE SOLLA,PT,JITAUNA,DENTRO,164,0.13,0.0,0.0
JORGE SOLLA,PT,CONCEICAO DO COITE,DENTRO,153,0.12,0.0,0.0
JORGE SOLLA,PT,CAETITE,DENTRO,153,0.12,0.0,0.0
JORGE SOLLA,PT,REMANSO,DENTRO,152,0.12,0.0,0.0
JORGE SOLLA,PT,RIBEIRA DO POMBAL,DENTRO,149,0.12,0.0,0.0
JORGE SOLLA,PT,MULUNGU DO MORRO,DENTRO,145,0.11,0.0,0.0
JORGE SOLLA,PT,NOVA FATIMA,DENTRO,136,0.11,0.0,0.0
JORGE SOLLA,PT,POCOES,DENTRO,135,0.10,0.0,0.0
JORGE SOLLA,PT,BARRA DO CHOCA,DENTRO,133,0.10,0.0,0.0
JORGE SOLLA,PT,ITAPETINGA,DENTRO,133,0.10,0.0,0.0
JORGE SOLLA,PT,WENCESLAU GUIMARAES,DENTRO,131,0.10,0.0,0.0
JORGE SOLLA,PT,CORACAO DE MARIA,DENTRO,130,0.10,0.0,0.0
JORGE SOLLA,PT,MARCIONILIO SOUZA,DENTRO,127,0.10,0.0,0.0
JORGE SOLLA,PT,RAFAEL JAMBEIRO,DENTRO,124,0.10,0.0,0.0
JORGE SOLLA,PT,MARACAS,DENTRO,123,0.10,0.0,0.0
JORGE SOLLA,PT,SERRA PRETA,DENTRO,122,0.09,0.0,0.0
JORGE SOLLA,PT,ITANAGRA,DENTRO,122,0.09,0.0,0.0
JORGE SOLLA,PT,CARINHANHA,DENTRO,120,0.09,0.0,0.0
JORGE SOLLA,PT,BAIXA GRANDE,DENTRO,114,0.09,0.0,0.0
JORGE SOLLA,PT,JACOBINA,DENTRO,114,0.09,0.0,0.0
JORGE SOLLA,PT,CONCEICAO DO JACUIPE,DENTRO,113,0.09,0.0,0.0
JORGE SOLLA,PT,BARRA DA ESTIVA,DENTRO,112,0.09,0.0,0.0
JORGE SOLLA,PT,LUIS EDUARDO MAGALHAES,DENTRO,105,0.08,0.0,0.0
JORGE SOLLA,PT,NOVA VICOSA,DENTRO,105,0.08,0.0,0.0
JORGE SOLLA,PT,CRAVOLANDIA,DENTRO,104,0.08,0.0,0.0
JORGE SOLLA,PT,TEOFILANDIA,DENTRO,102,0.08,0.0,0.0
JORGE SOLLA,PT,MALHADA,DENTRO,102,0.08,0.0,0.0
JORGE SOLLA,PT,RIO DE CONTAS,DENTRO,102,0.08,0.0,0.0
JORGE SOLLA,PT,IGRAPIUNA,DENTRO,100,0.08,0.0,0.0
JORGE SOLLA,PT,RIACHAO DO JACUIPE,DENTRO,97,0.08,0.0,0.0
JORGE SOLLA,PT,URUCUCA,DENTRO,96,0.07,0.0,0.0
JORGE SOLLA,PT,SOUTO SOARES,DENTRO,96,0.07,0.0,0.0
JORGE SOLLA,PT,BOM JESUS DA SERRA,DENTRO,94,0.07,0.0,0.0
JORGE SOLLA,PT,SANTA TEREZINHA,DENTRO,91,0.07,0.0,0.0
JORGE SOLLA,PT,SANTALUZ,DENTRO,90,0.07,0.0,0.0
JORGE SOLLA,PT,CONCEICAO DA FEIRA,DENTRO,89,0.07,0.0,0.0
JORGE SOLLA,PT,BARRA DO ROCHA,DENTRO,88,0.07,0.0,0.0
JORGE SOLLA,PT,CAMAMU,DENTRO,88,0.07,0.0,0.0
JORGE SOLLA,PT,TEODORO SAMPAIO,DENTRO,87,0.07,0.0,0.0
JORGE SOLLA,PT,LAJEDAO,DENTRO,87,0.07,0.0,0.0
JORGE SOLLA,PT,QUEIMADAS,DENTRO,86,0.07,0.0,0.0
JORGE SOLLA,PT,WANDERLEY,DENTRO,86,0.07,0.0,0.0
JORGE SOLLA,PT,ITAPICURU,DENTRO,85,0.07,0.0,0.0
JORGE SOLLA,PT,MUCURI,DENTRO,83,0.06,0.0,0.0
JORGE SOLLA,PT,AMELIA RODRIGUES,DENTRO,83,0.06,0.0,0.0
JORGE SOLLA,PT,IBIRAPUA,DENTRO,83,0.06,0.0,0.0
JORGE SOLLA,PT,SENTO SE,DENTRO,80,0.06,0.0,0.0
JORGE SOLLA,PT,SAO JOSE DO JACUIPE,DENTRO,79,0.06,0.0,0.0
JORGE SOLLA,PT,SERRA DO RAMALHO,DENTRO,79,0.06,0.0,0.0
JORGE SOLLA,PT,MIGUEL CALMON,DENTRO,78,0.06,0.0,0.0
JORGE SOLLA,PT,AGUA FRIA,DENTRO,76,0.06,0.0,0.0
JORGE SOLLA,PT,PRESIDENTE TANCREDO NEVES,DENTRO,76,0.06,0.0,0.0
JORGE SOLLA,PT,OLIVEIRA DOS BREJINHOS,DENTRO,75,0.06,0.0,0.0
JORGE SOLLA,PT,ITABELA,DENTRO,73,0.06,0.0,0.0
JORGE SOLLA,PT,SOBRADINHO,DENTRO,73,0.06,0.0,0.0
JORGE SOLLA,PT,SITIO DO MATO,DENTRO,71,0.06,0.0,0.0
JORGE SOLLA,PT,CORONEL JOAO SA,DENTRO,71,0.06,0.0,0.0
JORGE SOLLA,PT,PILAO ARCADO,DENTRO,71,0.06,0.0,0.0
JORGE SOLLA,PT,SAO DESIDERIO,DENTRO,70,0.05,0.0,0.0
JORGE SOLLA,PT,SANTA RITA DE CASSIA,DENTRO,70,0.05,0.0,0.0
JORGE SOLLA,PT,ERICO CARDOSO,DENTRO,70,0.05,0.0,0.0
JORGE SOLLA,PT,BANZAE,DENTRO,70,0.05,0.0,0.0
JORGE SOLLA,PT,LAJEDO DO TABOCAL,DENTRO,69,0.05,0.0,0.0
JORGE SOLLA,PT,SANTA CRUZ CABRALIA,DENTRO,68,0.05,0.0,0.0
JORGE SOLLA,PT,JEREMOABO,DENTRO,68,0.05,0.0,0.0
JORGE SOLLA,PT,JAGUARARI,DENTRO,67,0.05,0.0,0.0
JORGE SOLLA,PT,SAO FELIX,DENTRO,67,0.05,0.0,0.0
JORGE SOLLA,PT,ESPLANADA,DENTRO,67,0.05,0.0,0.0
JORGE SOLLA,PT,GUARATINGA,DENTRO,66,0.05,0.0,0.0
JORGE SOLLA,PT,BUERAREMA,DENTRO,65,0.05,0.0,0.0
JORGE SOLLA,PT,CICERO DANTAS,DENTRO,65,0.05,0.0,0.0
JORGE SOLLA,PT,IBIRATAIA,DENTRO,64,0.05,0.0,0.0
JORGE SOLLA,PT,IRAMAIA,DENTRO,64,0.05,0.0,0.0
JORGE SOLLA,PT,UTINGA,DENTRO,64,0.05,0.0,0.0
JORGE SOLLA,PT,PALMAS DE MONTE ALTO,DENTRO,64,0.05,0.0,0.0
JORGE SOLLA,PT,PRADO,DENTRO,62,0.05,0.0,0.0
JORGE SOLLA,PT,IBOTIRAMA,DENTRO,62,0.05,0.0,0.0
JORGE SOLLA,PT,UBATA,DENTRO,61,0.05,0.0,0.0
JORGE SOLLA,PT,IBITIARA,DENTRO,59,0.05,0.0,0.0
JORGE SOLLA,PT,ITAJUIPE,DENTRO,59,0.05,0.0,0.0
JORGE SOLLA,PT,IBIRAPITANGA,DENTRO,58,0.04,0.0,0.0
JORGE SOLLA,PT,NILO PECANHA,DENTRO,58,0.04,0.0,0.0
JORGE SOLLA,PT,MEDEIROS NETO,DENTRO,58,0.04,0.0,0.0
JORGE SOLLA,PT,MAETINGA,DENTRO,57,0.04,0.0,0.0
JORGE SOLLA,PT,EUCLIDES DA CUNHA,DENTRO,57,0.04,0.0,0.0
JORGE SOLLA,PT,ITANHEM,DENTRO,56,0.04,0.0,0.0
JORGE SOLLA,PT,ANTONIO CARDOSO,DENTRO,56,0.04,0.0,0.0
JORGE SOLLA,PT,RUY BARBOSA,DENTRO,55,0.04,0.0,0.0
JORGE SOLLA,PT,ITATIM,DENTRO,53,0.04,0.0,0.0
JORGE SOLLA,PT,ITUBERA,DENTRO,52,0.04,0.0,0.0
JORGE SOLLA,PT,IBITITA,DENTRO,51,0.04,0.0,0.0
JORGE SOLLA,PT,RIO DO ANTONIO,DENTRO,51,0.04,0.0,0.0
JORGE SOLLA,PT,ARATUIPE,DENTRO,51,0.04,0.0,0.0
JORGE SOLLA,PT,VALENTE,DENTRO,51,0.04,0.0,0.0
JORGE SOLLA,PT,BONITO,DENTRO,51,0.04,0.0,0.0
JORGE SOLLA,PT,BELO CAMPO,DENTRO,50,0.04,0.0,0.0
JORGE SOLLA,PT,LENCOIS,DENTRO,50,0.04,0.0,0.0
JORGE SOLLA,PT,CENTRAL,DENTRO,50,0.04,0.0,0.0
JORGE SOLLA,PT,CASA NOVA,DENTRO,50,0.04,0.0,0.0
JORGE SOLLA,PT,BELMONTE,DENTRO,50,0.04,0.0,0.0
JORGE SOLLA,PT,ITAQUARA,DENTRO,50,0.04,0.0,0.0
JORGE SOLLA,PT,MORRO DO CHAPEU,DENTRO,50,0.04,0.0,0.0
JORGE SOLLA,PT,IBICARAI,DENTRO,49,0.04,0.0,0.0
JORGE SOLLA,PT,RIO REAL,DENTRO,48,0.04,0.0,0.0
JORGE SOLLA,PT,UAUA,DENTRO,48,0.04,0.0,0.0
JORGE SOLLA,PT,PARAMIRIM,DENTRO,48,0.04,0.0,0.0
JORGE SOLLA,PT,LAMARAO,DENTRO,47,0.04,0.0,0.0
JORGE SOLLA,PT,VARZEA DA ROCA,DENTRO,47,0.04,0.0,0.0
JORGE SOLLA,PT,CAMPO FORMOSO,DENTRO,47,0.04,0.0,0.0
JORGE SOLLA,PT,ANAGE,DENTRO,47,0.04,0.0,0.0
JORGE SOLLA,PT,CANAVIEIRAS,DENTRO,47,0.04,0.0,0.0
JORGE SOLLA,PT,GLORIA,DENTRO,47,0.04,0.0,0.0
JORGE SOLLA,PT,UNA,DENTRO,46,0.04,0.0,0.0
JORGE SOLLA,PT,MORTUGABA,DENTRO,46,0.04,0.0,0.0
JORGE SOLLA,PT,ANTAS,DENTRO,46,0.04,0.0,0.0
JORGE SOLLA,PT,CATURAMA,DENTRO,46,0.04,0.0,0.0
JORGE SOLLA,PT,SAUBARA,DENTRO,45,0.03,0.0,0.0
JORGE SOLLA,PT,IBIPEBA,DENTRO,45,0.03,0.0,0.0
JORGE SOLLA,PT,BOA VISTA DO TUPIM,DENTRO,44,0.03,0.0,0.0
JORGE SOLLA,PT,ANGUERA,DENTRO,44,0.03,0.0,0.0
JORGE SOLLA,PT,BONINAL,DENTRO,44,0.03,0.0,0.0
JORGE SOLLA,PT,ARACI,DENTRO,43,0.03,0.0,0.0
JORGE SOLLA,PT,SAO GABRIEL,DENTRO,43,0.03,0.0,0.0
JORGE SOLLA,PT,IPECAETA,DENTRO,43,0.03,0.0,0.0
JORGE SOLLA,PT,ITAPEBI,DENTRO,42,0.03,0.0,0.0
JORGE SOLLA,PT,NOVA CANAA,DENTRO,42,0.03,0.0,0.0
JORGE SOLLA,PT,ITIUBA,DENTRO,41,0.03,0.0,0.0
JORGE SOLLA,PT,COARACI,DENTRO,41,0.03,0.0,0.0
JORGE SOLLA,PT,PARIPIRANGA,DENTRO,40,0.03,0.0,0.0
JORGE SOLLA,PT,JUSSARA,DENTRO,40,0.03,0.0,0.0
JORGE SOLLA,PT,VEREDA,DENTRO,39,0.03,0.0,0.0
JORGE SOLLA,PT,CAPIM GROSSO,DENTRO,39,0.03,0.0,0.0
JORGE SOLLA,PT,CONDE,DENTRO,39,0.03,0.0,0.0
JORGE SOLLA,PT,MAIRI,DENTRO,38,0.03,0.0,0.0
JORGE SOLLA,PT,LAPAO,DENTRO,38,0.03,0.0,0.0
JORGE SOLLA,PT,ITAGIBA,DENTRO,38,0.03,0.0,0.0
JORGE SOLLA,PT,FILADELFIA,DENTRO,38,0.03,0.0,0.0
JORGE SOLLA,PT,PLANALTO,DENTRO,36,0.03,0.0,0.0
JORGE SOLLA,PT,WAGNER,DENTRO,36,0.03,0.0,0.0
JORGE SOLLA,PT,PALMEIRAS,DENTRO,36,0.03,0.0,0.0
JORGE SOLLA,PT,OLINDINA,DENTRO,36,0.03,0.0,0.0
JORGE SOLLA,PT,MUCUGE,DENTRO,35,0.03,0.0,0.0
JORGE SOLLA,PT,ARACAS,DENTRO,35,0.03,0.0,0.0
JORGE SOLLA,PT,CANSANCAO,DENTRO,34,0.03,0.0,0.0
JORGE SOLLA,PT,CORIBE,DENTRO,34,0.03,0.0,0.0
JORGE SOLLA,PT,TUCANO,DENTRO,34,0.03,0.0,0.0
JORGE SOLLA,PT,CIPO,DENTRO,34,0.03,0.0,0.0
JORGE SOLLA,PT,SANTA BRIGIDA,DENTRO,33,0.03,0.0,0.0
JORGE SOLLA,PT,IBICOARA,DENTRO,33,0.03,0.0,0.0
JORGE SOLLA,PT,BROTAS DE MACAUBAS,DENTRO,33,0.03,0.0,0.0
JORGE SOLLA,PT,CAIRU,DENTRO,32,0.02,0.0,0.0
JORGE SOLLA,PT,VARZEDO,DENTRO,32,0.02,0.0,0.0
JORGE SOLLA,PT,MUNIZ FERREIRA,DENTRO,32,0.02,0.0,0.0
JORGE SOLLA,PT,ITORORO,DENTRO,31,0.02,0.0,0.0
JORGE SOLLA,PT,MUNDO NOVO,DENTRO,31,0.02,0.0,0.0
JORGE SOLLA,PT,QUIJINGUE,DENTRO,31,0.02,0.0,0.0
JORGE SOLLA,PT,SANTANA,DENTRO,31,0.02,0.0,0.0
JORGE SOLLA,PT,CAFARNAUM,DENTRO,31,0.02,0.0,0.0
JORGE SOLLA,PT,ABAIRA,DENTRO,30,0.02,0.0,0.0
JORGE SOLLA,PT,APORA,DENTRO,30,0.02,0.0,0.0
JORGE SOLLA,PT,ARAMARI,DENTRO,30,0.02,0.0,0.0
JORGE SOLLA,PT,ITAGUACU DA BAHIA,DENTRO,29,0.02,0.0,0.0
JORGE SOLLA,PT,SANTANOPOLIS,DENTRO,29,0.02,0.0,0.0
JORGE SOLLA,PT,CANARANA,DENTRO,29,0.02,0.0,0.0
JORGE SOLLA,PT,IRAJUBA,DENTRO,29,0.02,0.0,0.0
JORGE SOLLA,PT,PIRITIBA,DENTRO,29,0.02,0.0,0.0
JORGE SOLLA,PT,MANOEL VITORINO,DENTRO,29,0.02,0.0,0.0
JORGE SOLLA,PT,TAPEROA,DENTRO,28,0.02,0.0,0.0
JORGE SOLLA,PT,CANDEAL,DENTRO,28,0.02,0.0,0.0
JORGE SOLLA,PT,PRESIDENTE DUTRA,DENTRO,28,0.02,0.0,0.0
JORGE SOLLA,PT,UIBAI,DENTRO,27,0.02,0.0,0.0
JORGE SOLLA,PT,CHORROCHO,DENTRO,27,0.02,0.0,0.0
JORGE SOLLA,PT,PARATINGA,DENTRO,27,0.02,0.0,0.0
JORGE SOLLA,PT,JUCURUCU,DENTRO,27,0.02,0.0,0.0
JORGE SOLLA,PT,PRESIDENTE JANIO QUADROS,DENTRO,27,0.02,0.0,0.0
JORGE SOLLA,PT,JOAO DOURADO,DENTRO,27,0.02,0.0,0.0
JORGE SOLLA,PT,BIRITINGA,DENTRO,27,0.02,0.0,0.0
JORGE SOLLA,PT,CARDEAL DA SILVA,DENTRO,26,0.02,0.0,0.0
JORGE SOLLA,PT,UMBURANAS,DENTRO,26,0.02,0.0,0.0
JORGE SOLLA,PT,HELIOPOLIS,DENTRO,26,0.02,0.0,0.0
JORGE SOLLA,PT,TEOLANDIA,DENTRO,26,0.02,0.0,0.0
JORGE SOLLA,PT,ABARE,DENTRO,26,0.02,0.0,0.0
JORGE SOLLA,PT,TREMEDAL,DENTRO,26,0.02,0.0,0.0
JORGE SOLLA,PT,NOVA SOURE,DENTRO,26,0.02,0.0,0.0
JORGE SOLLA,PT,ITAMBE,DENTRO,25,0.02,0.0,0.0
JORGE SOLLA,PT,OURICANGAS,DENTRO,25,0.02,0.0,0.0
JORGE SOLLA,PT,JABORANDI,DENTRO,25,0.02,0.0,0.0
JORGE SOLLA,PT,CARAIBAS,DENTRO,25,0.02,0.0,0.0
JORGE SOLLA,PT,IBICUI,DENTRO,25,0.02,0.0,0.0
JORGE SOLLA,PT,RIACHAO DAS NEVES,DENTRO,24,0.02,0.0,0.0
JORGE SOLLA,PT,MACARANI,DENTRO,24,0.02,0.0,0.0
JORGE SOLLA,PT,ARACATU,DENTRO,24,0.02,0.0,0.0
JORGE SOLLA,PT,BOA NOVA,DENTRO,24,0.02,0.0,0.0
JORGE SOLLA,PT,ACAJUTIBA,DENTRO,24,0.02,0.0,0.0
JORGE SOLLA,PT,PAU BRASIL,DENTRO,23,0.02,0.0,0.0
JORGE SOLLA,PT,JACARACI,DENTRO,23,0.02,0.0,0.0
JORGE SOLLA,PT,VARZEA NOVA,DENTRO,22,0.02,0.0,0.0
JORGE SOLLA,PT,TANQUINHO,DENTRO,22,0.02,0.0,0.0
JORGE SOLLA,PT,SATIRO DIAS,DENTRO,22,0.02,0.0,0.0
JORGE SOLLA,PT,ADUSTINA,DENTRO,22,0.02,0.0,0.0
JORGE SOLLA,PT,PINTADAS,DENTRO,21,0.02,0.0,0.0
JORGE SOLLA,PT,ITAETE,DENTRO,21,0.02,0.0,0.0
JORGE SOLLA,PT,BURITIRAMA,DENTRO,21,0.02,0.0,0.0
JORGE SOLLA,PT,CURACA,DENTRO,21,0.02,0.0,0.0
JORGE SOLLA,PT,IGUAI,DENTRO,21,0.02,0.0,0.0
JORGE SOLLA,PT,GONGOGI,DENTRO,20,0.02,0.0,0.0
JORGE SOLLA,PT,ENCRUZILHADA,DENTRO,20,0.02,0.0,0.0
JORGE SOLLA,PT,ITARANTIM,DENTRO,20,0.02,0.0,0.0
JORGE SOLLA,PT,SAO JOSE DA VITORIA,DENTRO,20,0.02,0.0,0.0
JORGE SOLLA,PT,MACAJUBA,DENTRO,20,0.02,0.0,0.0
JORGE SOLLA,PT,CANDIDO SALES,DENTRO,20,0.02,0.0,0.0
JORGE SOLLA,PT,LICINIO DE ALMEIDA,DENTRO,19,0.01,0.0,0.0
JORGE SOLLA,PT,FLORESTA AZUL,DENTRO,19,0.01,0.0,0.0
JORGE SOLLA,PT,PINDAI,DENTRO,19,0.01,0.0,0.0
JORGE SOLLA,PT,IBIPITANGA,DENTRO,19,0.01,0.0,0.0
JORGE SOLLA,PT,SERRA DOURADA,DENTRO,19,0.01,0.0,0.0
JORGE SOLLA,PT,NORDESTINA,DENTRO,18,0.01,0.0,0.0
JORGE SOLLA,PT,PONTO NOVO,DENTRO,18,0.01,0.0,0.0
JORGE SOLLA,PT,JUSSARI,DENTRO,18,0.01,0.0,0.0
JORGE SOLLA,PT,ITAGI,DENTRO,18,0.01,0.0,0.0
JORGE SOLLA,PT,ITUACU,DENTRO,18,0.01,0.0,0.0
JORGE SOLLA,PT,ANTONIO GONCALVES,DENTRO,17,0.01,0.0,0.0
JORGE SOLLA,PT,MATINA,DENTRO,17,0.01,0.0,0.0
JORGE SOLLA,PT,CACULE,DENTRO,17,0.01,0.0,0.0
JORGE SOLLA,PT,IGAPORA,DENTRO,17,0.01,0.0,0.0
JORGE SOLLA,PT,TANHACU,DENTRO,17,0.01,0.0,0.0
JORGE SOLLA,PT,CANDIBA,DENTRO,17,0.01,0.0,0.0
JORGE SOLLA,PT,ITAPE,DENTRO,17,0.01,0.0,0.0
JORGE SOLLA,PT,COCOS,DENTRO,16,0.01,0.0,0.0
JORGE SOLLA,PT,LAGOA REAL,DENTRO,16,0.01,0.0,0.0
JORGE SOLLA,PT,SITIO DO QUINTO,DENTRO,16,0.01,0.0,0.0
JORGE SOLLA,PT,FORMOSA DO RIO PRETO,DENTRO,16,0.01,0.0,0.0
JORGE SOLLA,PT,RIBEIRAO DO LARGO,DENTRO,16,0.01,0.0,0.0
JORGE SOLLA,PT,SANTA LUZIA,DENTRO,16,0.01,0.0,0.0
JORGE SOLLA,PT,QUIXABEIRA,DENTRO,15,0.01,0.0,0.0
JORGE SOLLA,PT,NOVA REDENCAO,DENTRO,15,0.01,0.0,0.0
JORGE SOLLA,PT,SERROLANDIA,DENTRO,15,0.01,0.0,0.0
JORGE SOLLA,PT,CORDEIROS,DENTRO,15,0.01,0.0,0.0
JORGE SOLLA,PT,DARIO MEIRA,DENTRO,15,0.01,0.0,0.0
JORGE SOLLA,PT,PLANALTINO,DENTRO,14,0.01,0.0,0.0
JORGE SOLLA,PT,LAJEDINHO,DENTRO,14,0.01,0.0,0.0
JORGE SOLLA,PT,URANDI,DENTRO,14,0.01,0.0,0.0
JORGE SOLLA,PT,PE DE SERRA,DENTRO,14,0.01,0.0,0.0
JORGE SOLLA,PT,CAMPO ALEGRE DE LOURDES,DENTRO,14,0.01,0.0,0.0
JORGE SOLLA,PT,GENTIO DO OURO,DENTRO,14,0.01,0.0,0.0
JORGE SOLLA,PT,TANQUE NOVO,DENTRO,13,0.01,0.0,0.0
JORGE SOLLA,PT,PINDOBACU,DENTRO,13,0.01,0.0,0.0
JORGE SOLLA,PT,CANUDOS,DENTRO,13,0.01,0.0,0.0
JORGE SOLLA,PT,CRISTOPOLIS,DENTRO,13,0.01,0.0,0.0
JORGE SOLLA,PT,ANGICAL,DENTRO,13,0.01,0.0,0.0
JORGE SOLLA,PT,IUIU,DENTRO,13,0.01,0.0,0.0
JORGE SOLLA,PT,COTEGIPE,DENTRO,12,0.01,0.0,0.0
JORGE SOLLA,PT,AIQUARA,DENTRO,12,0.01,0.0,0.0
JORGE SOLLA,PT,CRISOPOLIS,DENTRO,12,0.01,0.0,0.0
JORGE SOLLA,PT,IBIQUERA,DENTRO,12,0.01,0.0,0.0
JORGE SOLLA,PT,PIRAI DO NORTE,DENTRO,12,0.01,0.0,0.0
JORGE SOLLA,PT,FATIMA,DENTRO,11,0.01,0.0,0.0
JORGE SOLLA,PT,SEBASTIAO LARANJEIRAS,DENTRO,11,0.01,0.0,0.0
JORGE SOLLA,PT,NOVA IBIA,DENTRO,11,0.01,0.0,0.0
JORGE SOLLA,PT,CANAPOLIS,DENTRO,11,0.01,0.0,0.0
JORGE SOLLA,PT,MAIQUINIQUE,DENTRO,11,0.01,0.0,0.0
JORGE SOLLA,PT,CAPELA DO ALTO ALEGRE,DENTRO,11,0.01,0.0,0.0
JORGE SOLLA,PT,VARZEA DO POCO,DENTRO,11,0.01,0.0,0.0
JORGE SOLLA,PT,SAUDE,DENTRO,11,0.01,0.0,0.0
JORGE SOLLA,PT,CAATIBA,DENTRO,11,0.01,0.0,0.0
JORGE SOLLA,PT,AMERICA DOURADA,DENTRO,11,0.01,0.0,0.0
JORGE SOLLA,PT,POTIRAGUA,DENTRO,11,0.01,0.0,0.0
JORGE SOLLA,PT,ICHU,DENTRO,11,0.01,0.0,0.0
JORGE SOLLA,PT,ITAGIMIRIM,DENTRO,11,0.01,0.0,0.0
JORGE SOLLA,PT,IPUPIARA,DENTRO,10,0.01,0.0,0.0
JORGE SOLLA,PT,APUAREMA,DENTRO,10,0.01,0.0,0.0
JORGE SOLLA,PT,ITAPITANGA,DENTRO,10,0.01,0.0,0.0
JORGE SOLLA,PT,NOVO HORIZONTE,DENTRO,10,0.01,0.0,0.0
JORGE SOLLA,PT,ITAMARI,DENTRO,10,0.01,0.0,0.0
JORGE SOLLA,PT,MORPARA,DENTRO,10,0.01,0.0,0.0
JORGE SOLLA,PT,MACURURE,DENTRO,9,0.01,0.0,0.0
JORGE SOLLA,PT,GUAJERU,DENTRO,9,0.01,0.0,0.0
JORGE SOLLA,PT,SAO DOMINGOS,DENTRO,9,0.01,0.0,0.0
JORGE SOLLA,PT,TAPIRAMUTA,DENTRO,9,0.01,0.0,0.0
JORGE SOLLA,PT,PEDRAO,DENTRO,9,0.01,0.0,0.0
JORGE SOLLA,PT,GAVIAO,DENTRO,9,0.01,0.0,0.0
JORGE SOLLA,PT,BARRO PRETO,DENTRO,8,0.01,0.0,0.0
JORGE SOLLA,PT,LAFAIETE COUTINHO,DENTRO,8,0.01,0.0,0.0
JORGE SOLLA,PT,CONTENDAS DO SINCORA,DENTRO,8,0.01,0.0,0.0
JORGE SOLLA,PT,TABOCAS DO BREJO VELHO,DENTRO,8,0.01,0.0,0.0
JORGE SOLLA,PT,CALDEIRAO GRANDE,DENTRO,8,0.01,0.0,0.0
JORGE SOLLA,PT,MIRANTE,DENTRO,8,0.01,0.0,0.0
JORGE SOLLA,PT,MIRANGABA,DENTRO,8,0.01,0.0,0.0
JORGE SOLLA,PT,ARATACA,DENTRO,8,0.01,0.0,0.0
JORGE SOLLA,PT,JUSSIAPE,DENTRO,8,0.01,0.0,0.0
JORGE SOLLA,PT,MUQUEM DO SAO FRANCISCO,DENTRO,7,0.01,0.0,0.0
JORGE SOLLA,PT,BAIANOPOLIS,DENTRO,7,0.01,0.0,0.0
JORGE SOLLA,PT,SANTA CRUZ DA VITORIA,DENTRO,7,0.01,0.0,0.0
JORGE SOLLA,PT,JANDAIRA,DENTRO,7,0.01,0.0,0.0
JORGE SOLLA,PT,NOVO TRIUNFO,DENTRO,7,0.01,0.0,0.0
JORGE SOLLA,PT,PEDRO ALEXANDRE,DENTRO,7,0.01,0.0,0.0
JORGE SOLLA,PT,RIBEIRA DO AMPARO,DENTRO,7,0.01,0.0,0.0
JORGE SOLLA,PT,PIRIPA,DENTRO,7,0.01,0.0,0.0
JORGE SOLLA,PT,ITAJU DO COLONIA,DENTRO,7,0.01,0.0,0.0
JORGE SOLLA,PT,CAETANOS,DENTRO,7,0.01,0.0,0.0
JORGE SOLLA,PT,CAEM,DENTRO,6,0.00,0.0,0.0
JORGE SOLLA,PT,ALMADINA,DENTRO,5,0.00,0.0,0.0
JORGE SOLLA,PT,IBIASSUCE,DENTRO,5,0.00,0.0,0.0
JORGE SOLLA,PT,BREJOLANDIA,DENTRO,4,0.00,0.0,0.0
JORGE SOLLA,PT,FEIRA DA MATA,DENTRO,3,0.00,0.0,0.0
JORGE SOLLA,PT,FIRMINO ALVES,DENTRO,3,0.00,0.0,0.0
JORGE SOLLA,PT,RODELAS,DENTRO,2,0.00,0.0,0.0
JORGE SOLLA,PT,MALHADA DE PEDRAS,DENTRO,1,0.00,0.0,0.0
JORGE SOLLA,PT,CATOLANDIA,DENTRO,0,0.00,0.0,0.0
JORGE SOLLA,PT,MULTIPLO,AMPLO,0,0,134661762.08,91.13
JORGE SOLLA,PT,SEM INFORMACAO,AMPLO,0,0,13112392.24,8.87
ZE NETO,PT,FEIRA DE SANTANA,DENTRO,62915,48.98,0.0,0.0
ZE NETO,PT,SALVADOR,DENTRO,7684,5.98,0.0,0.0
ZE NETO,PT,CRUZ DAS ALMAS,DENTRO,3879,3.02,0.0,0.0
ZE NETO,PT,ANTONIO CARDOSO,DENTRO,3668,2.86,0.0,0.0
ZE NETO,PT,CONCEICAO DO COITE,DENTRO,3451,2.69,0.0,0.0
ZE NETO,PT,SAO GONCALO DOS CAMPOS,DENTRO,2579,2.01,0.0,0.0
ZE NETO,PT,SANTO ESTEVAO,DENTRO,2179,1.70,0.0,0.0
ZE NETO,PT,SANTO ANTONIO DE JESUS,DENTRO,2063,1.61,0.0,0.0
ZE NETO,PT,SERRA PRETA,DENTRO,1723,1.34,0.0,0.0
ZE NETO,PT,SANTA BARBARA,DENTRO,1714,1.33,0.0,0.0
ZE NETO,PT,ANGUERA,DENTRO,1668,1.30,0.0,0.0
ZE NETO,PT,ITAJUIPE,DENTRO,1415,1.10,0.0,0.0
ZE NETO,PT,CANDEAL,DENTRO,1380,1.07,0.0,0.0
ZE NETO,PT,RETIROLANDIA,DENTRO,1219,0.95,0.0,0.0
ZE NETO,PT,CONCEICAO DO JACUIPE,DENTRO,1019,0.79,0.0,0.0
ZE NETO,PT,CACHOEIRA,DENTRO,1013,0.79,0.0,0.0
ZE NETO,PT,MURITIBA,DENTRO,1009,0.79,0.0,0.0
ZE NETO,PT,IRARA,DENTRO,997,0.78,0.0,0.0
ZE NETO,PT,AMELIA RODRIGUES,DENTRO,953,0.74,0.0,0.0
ZE NETO,PT,RAFAEL JAMBEIRO,DENTRO,953,0.74,0.0,0.0
ZE NETO,PT,QUIXABEIRA,DENTRO,927,0.72,0.0,0.0
ZE NETO,PT,AGUA FRIA,DENTRO,808,0.63,0.0,0.0
ZE NETO,PT,TANQUINHO,DENTRO,789,0.61,0.0,0.0
ZE NETO,PT,ITATIM,DENTRO,627,0.49,0.0,0.0
ZE NETO,PT,CORACAO DE MARIA,DENTRO,614,0.48,0.0,0.0
ZE NETO,PT,TERRA NOVA,DENTRO,611,0.48,0.0,0.0
ZE NETO,PT,PAULO AFONSO,DENTRO,610,0.47,0.0,0.0
ZE NETO,PT,IPIRA,DENTRO,564,0.44,0.0,0.0
ZE NETO,PT,CANDEIAS,DENTRO,531,0.41,0.0,0.0
ZE NETO,PT,IBITIARA,DENTRO,495,0.39,0.0,0.0
ZE NETO,PT,RIACHAO DO JACUIPE,DENTRO,494,0.38,0.0,0.0
ZE NETO,PT,EUNAPOLIS,DENTRO,481,0.37,0.0,0.0
ZE NETO,PT,CABACEIRAS DO PARAGUACU,DENTRO,472,0.37,0.0,0.0
ZE NETO,PT,XIQUE-XIQUE,DENTRO,445,0.35,0.0,0.0
ZE NETO,PT,CONCEICAO DA FEIRA,DENTRO,437,0.34,0.0,0.0
ZE NETO,PT,ESPLANADA,DENTRO,434,0.34,0.0,0.0
ZE NETO,PT,SERRINHA,DENTRO,431,0.34,0.0,0.0
ZE NETO,PT,BARREIRAS,DENTRO,422,0.33,0.0,0.0
ZE NETO,PT,MATA DE SAO JOAO,DENTRO,409,0.32,0.0,0.0
ZE NETO,PT,INHAMBUPE,DENTRO,405,0.32,0.0,0.0
ZE NETO,PT,JOAO DOURADO,DENTRO,398,0.31,0.0,0.0
ZE NETO,PT,GAVIAO,DENTRO,364,0.28,0.0,0.0
ZE NETO,PT,CAPIM GROSSO,DENTRO,362,0.28,0.0,0.0
ZE NETO,PT,ITABUNA,DENTRO,353,0.27,0.0,0.0
ZE NETO,PT,CAMAMU,DENTRO,338,0.26,0.0,0.0
ZE NETO,PT,SANTANOPOLIS,DENTRO,319,0.25,0.0,0.0
ZE NETO,PT,LAURO DE FREITAS,DENTRO,305,0.24,0.0,0.0
ZE NETO,PT,ITAGIMIRIM,DENTRO,282,0.22,0.0,0.0
ZE NETO,PT,SANTO AMARO,DENTRO,264,0.21,0.0,0.0
ZE NETO,PT,PORTO SEGURO,DENTRO,260,0.20,0.0,0.0
ZE NETO,PT,CANAVIEIRAS,DENTRO,248,0.19,0.0,0.0
ZE NETO,PT,SANTALUZ,DENTRO,238,0.19,0.0,0.0
ZE NETO,PT,ITAPEBI,DENTRO,237,0.18,0.0,0.0
ZE NETO,PT,ENTRE RIOS,DENTRO,236,0.18,0.0,0.0
ZE NETO,PT,NOVA FATIMA,DENTRO,218,0.17,0.0,0.0
ZE NETO,PT,VALENCA,DENTRO,216,0.17,0.0,0.0
ZE NETO,PT,CAMACARI,DENTRO,205,0.16,0.0,0.0
ZE NETO,PT,MIGUEL CALMON,DENTRO,193,0.15,0.0,0.0
ZE NETO,PT,SENHOR DO BONFIM,DENTRO,185,0.14,0.0,0.0
ZE NETO,PT,IPECAETA,DENTRO,173,0.13,0.0,0.0
ZE NETO,PT,ILHEUS,DENTRO,169,0.13,0.0,0.0
ZE NETO,PT,ALAGOINHAS,DENTRO,167,0.13,0.0,0.0
ZE NETO,PT,ITABERABA,DENTRO,167,0.13,0.0,0.0
ZE NETO,PT,CRISOPOLIS,DENTRO,159,0.12,0.0,0.0
ZE NETO,PT,ICHU,DENTRO,159,0.12,0.0,0.0
ZE NETO,PT,VERA CRUZ,DENTRO,155,0.12,0.0,0.0
ZE NETO,PT,IRECE,DENTRO,154,0.12,0.0,0.0
ZE NETO,PT,VITORIA DA CONQUISTA,DENTRO,153,0.12,0.0,0.0
ZE NETO,PT,SAUBARA,DENTRO,153,0.12,0.0,0.0
ZE NETO,PT,JUSSARI,DENTRO,152,0.12,0.0,0.0
ZE NETO,PT,JUAZEIRO,DENTRO,140,0.11,0.0,0.0
ZE NETO,PT,POJUCA,DENTRO,129,0.10,0.0,0.0
ZE NETO,PT,SAPEACU,DENTRO,128,0.10,0.0,0.0
ZE NETO,PT,SIMOES FILHO,DENTRO,126,0.10,0.0,0.0
ZE NETO,PT,SAO FELIX,DENTRO,122,0.09,0.0,0.0
ZE NETO,PT,ITAMARAJU,DENTRO,115,0.09,0.0,0.0
ZE NETO,PT,ARACAS,DENTRO,108,0.08,0.0,0.0
ZE NETO,PT,JACOBINA,DENTRO,103,0.08,0.0,0.0
ZE NETO,PT,VALENTE,DENTRO,99,0.08,0.0,0.0
ZE NETO,PT,PIRITIBA,DENTRO,86,0.07,0.0,0.0
ZE NETO,PT,ITABELA,DENTRO,85,0.07,0.0,0.0
ZE NETO,PT,CAMACA,DENTRO,83,0.06,0.0,0.0
ZE NETO,PT,GOVERNADOR MANGABEIRA,DENTRO,82,0.06,0.0,0.0
ZE NETO,PT,UNA,DENTRO,81,0.06,0.0,0.0
ZE NETO,PT,ITAETE,DENTRO,75,0.06,0.0,0.0
ZE NETO,PT,NAZARE,DENTRO,74,0.06,0.0,0.0
ZE NETO,PT,MARAGOGIPE,DENTRO,73,0.06,0.0,0.0
ZE NETO,PT,VARZEDO,DENTRO,69,0.05,0.0,0.0
ZE NETO,PT,JAGUARIPE,DENTRO,68,0.05,0.0,0.0
ZE NETO,PT,DIAS D AVILA,DENTRO,67,0.05,0.0,0.0
ZE NETO,PT,PRESIDENTE TANCREDO NEVES,DENTRO,67,0.05,0.0,0.0
ZE NETO,PT,SEABRA,DENTRO,67,0.05,0.0,0.0
ZE NETO,PT,ACAJUTIBA,DENTRO,66,0.05,0.0,0.0
ZE NETO,PT,JEQUIE,DENTRO,65,0.05,0.0,0.0
ZE NETO,PT,ITUBERA,DENTRO,64,0.05,0.0,0.0
ZE NETO,PT,BELMONTE,DENTRO,64,0.05,0.0,0.0
ZE NETO,PT,SAO SEBASTIAO DO PASSE,DENTRO,64,0.05,0.0,0.0
ZE NETO,PT,SENTO SE,DENTRO,63,0.05,0.0,0.0
ZE NETO,PT,CATU,DENTRO,63,0.05,0.0,0.0
ZE NETO,PT,CARDEAL DA SILVA,DENTRO,62,0.05,0.0,0.0
ZE NETO,PT,SANTA TEREZINHA,DENTRO,62,0.05,0.0,0.0
ZE NETO,PT,LAJE,DENTRO,60,0.05,0.0,0.0
ZE NETO,PT,RIACHAO DAS NEVES,DENTRO,58,0.05,0.0,0.0
ZE NETO,PT,ITIUBA,DENTRO,58,0.05,0.0,0.0
ZE NETO,PT,COARACI,DENTRO,56,0.04,0.0,0.0
ZE NETO,PT,CONCEICAO DO ALMEIDA,DENTRO,55,0.04,0.0,0.0
ZE NETO,PT,SAO FRANCISCO DO CONDE,DENTRO,55,0.04,0.0,0.0
ZE NETO,PT,OURICANGAS,DENTRO,54,0.04,0.0,0.0
ZE NETO,PT,CAPELA DO ALTO ALEGRE,DENTRO,54,0.04,0.0,0.0
ZE NETO,PT,BARROCAS,DENTRO,53,0.04,0.0,0.0
ZE NETO,PT,BREJOES,DENTRO,50,0.04,0.0,0.0
ZE NETO,PT,MUNDO NOVO,DENTRO,48,0.04,0.0,0.0
ZE NETO,PT,BIRITINGA,DENTRO,48,0.04,0.0,0.0
ZE NETO,PT,URUCUCA,DENTRO,47,0.04,0.0,0.0
ZE NETO,PT,LENCOIS,DENTRO,46,0.04,0.0,0.0
ZE NETO,PT,TEIXEIRA DE FREITAS,DENTRO,46,0.04,0.0,0.0
ZE NETO,PT,LUIS EDUARDO MAGALHAES,DENTRO,45,0.04,0.0,0.0
ZE NETO,PT,MUTUIPE,DENTRO,45,0.04,0.0,0.0
ZE NETO,PT,TAPEROA,DENTRO,42,0.03,0.0,0.0
ZE NETO,PT,SAO FELIPE,DENTRO,42,0.03,0.0,0.0
ZE NETO,PT,SAO GABRIEL,DENTRO,42,0.03,0.0,0.0
ZE NETO,PT,IGRAPIUNA,DENTRO,42,0.03,0.0,0.0
ZE NETO,PT,CASTRO ALVES,DENTRO,41,0.03,0.0,0.0
ZE NETO,PT,TEOFILANDIA,DENTRO,41,0.03,0.0,0.0
ZE NETO,PT,ITAMBE,DENTRO,40,0.03,0.0,0.0
ZE NETO,PT,MARAU,DENTRO,40,0.03,0.0,0.0
ZE NETO,PT,GANDU,DENTRO,40,0.03,0.0,0.0
ZE NETO,PT,ANDARAI,DENTRO,39,0.03,0.0,0.0
ZE NETO,PT,EUCLIDES DA CUNHA,DENTRO,39,0.03,0.0,0.0
ZE NETO,PT,LAMARAO,DENTRO,39,0.03,0.0,0.0
ZE NETO,PT,PINTADAS,DENTRO,38,0.03,0.0,0.0
ZE NETO,PT,IACU,DENTRO,38,0.03,0.0,0.0
ZE NETO,PT,NILO PECANHA,DENTRO,38,0.03,0.0,0.0
ZE NETO,PT,TEODORO SAMPAIO,DENTRO,37,0.03,0.0,0.0
ZE NETO,PT,ARACI,DENTRO,37,0.03,0.0,0.0
ZE NETO,PT,APORA,DENTRO,37,0.03,0.0,0.0
ZE NETO,PT,PE DE SERRA,DENTRO,37,0.03,0.0,0.0
ZE NETO,PT,SAO JOSE DO JACUIPE,DENTRO,36,0.03,0.0,0.0
ZE NETO,PT,FILADELFIA,DENTRO,35,0.03,0.0,0.0
ZE NETO,PT,SANTA CRUZ CABRALIA,DENTRO,34,0.03,0.0,0.0
ZE NETO,PT,MUCURI,DENTRO,33,0.03,0.0,0.0
ZE NETO,PT,TUCANO,DENTRO,33,0.03,0.0,0.0
ZE NETO,PT,QUEIMADAS,DENTRO,33,0.03,0.0,0.0
ZE NETO,PT,BAIXA GRANDE,DENTRO,33,0.03,0.0,0.0
ZE NETO,PT,MASCOTE,DENTRO,32,0.02,0.0,0.0
ZE NETO,PT,ITAGUACU DA BAHIA,DENTRO,31,0.02,0.0,0.0
ZE NETO,PT,MADRE DE DEUS,DENTRO,30,0.02,0.0,0.0
ZE NETO,PT,ARATUIPE,DENTRO,30,0.02,0.0,0.0
ZE NETO,PT,SAO MIGUEL DAS MATAS,DENTRO,30,0.02,0.0,0.0
ZE NETO,PT,PRESIDENTE DUTRA,DENTRO,30,0.02,0.0,0.0
ZE NETO,PT,MONTE SANTO,DENTRO,29,0.02,0.0,0.0
ZE NETO,PT,LAPAO,DENTRO,29,0.02,0.0,0.0
ZE NETO,PT,MUNIZ FERREIRA,DENTRO,29,0.02,0.0,0.0
ZE NETO,PT,ITAPETINGA,DENTRO,28,0.02,0.0,0.0
ZE NETO,PT,SANTA RITA DE CASSIA,DENTRO,28,0.02,0.0,0.0
ZE NETO,PT,JAGUAQUARA,DENTRO,28,0.02,0.0,0.0
ZE NETO,PT,BARRA DO MENDES,DENTRO,27,0.02,0.0,0.0
ZE NETO,PT,CANSANCAO,DENTRO,27,0.02,0.0,0.0
ZE NETO,PT,RIO REAL,DENTRO,27,0.02,0.0,0.0
ZE NETO,PT,FEIRA DA MATA,DENTRO,27,0.02,0.0,0.0
ZE NETO,PT,MANSIDAO,DENTRO,27,0.02,0.0,0.0
ZE NETO,PT,MARACAS,DENTRO,27,0.02,0.0,0.0
ZE NETO,PT,ADUSTINA,DENTRO,27,0.02,0.0,0.0
ZE NETO,PT,RIO DE CONTAS,DENTRO,27,0.02,0.0,0.0
ZE NETO,PT,CAIRU,DENTRO,26,0.02,0.0,0.0
ZE NETO,PT,NOVA ITARANA,DENTRO,26,0.02,0.0,0.0
ZE NETO,PT,CONDE,DENTRO,26,0.02,0.0,0.0
ZE NETO,PT,SANTA INES,DENTRO,24,0.02,0.0,0.0
ZE NETO,PT,PEDRAO,DENTRO,24,0.02,0.0,0.0
ZE NETO,PT,UBAIRA,DENTRO,23,0.02,0.0,0.0
ZE NETO,PT,COTEGIPE,DENTRO,23,0.02,0.0,0.0
ZE NETO,PT,NORDESTINA,DENTRO,23,0.02,0.0,0.0
ZE NETO,PT,CIPO,DENTRO,23,0.02,0.0,0.0
ZE NETO,PT,SATIRO DIAS,DENTRO,22,0.02,0.0,0.0
ZE NETO,PT,VARZEA DA ROCA,DENTRO,21,0.02,0.0,0.0
ZE NETO,PT,PRADO,DENTRO,21,0.02,0.0,0.0
ZE NETO,PT,PINDOBACU,DENTRO,20,0.02,0.0,0.0
ZE NETO,PT,ITAPARICA,DENTRO,20,0.02,0.0,0.0
ZE NETO,PT,JITAUNA,DENTRO,20,0.02,0.0,0.0
ZE NETO,PT,AMARGOSA,DENTRO,20,0.02,0.0,0.0
ZE NETO,PT,ANDORINHA,DENTRO,20,0.02,0.0,0.0
ZE NETO,PT,ANTONIO GONCALVES,DENTRO,19,0.01,0.0,0.0
ZE NETO,PT,MAIRI,DENTRO,19,0.01,0.0,0.0
ZE NETO,PT,NOVA VICOSA,DENTRO,18,0.01,0.0,0.0
ZE NETO,PT,IPIAU,DENTRO,18,0.01,0.0,0.0
ZE NETO,PT,CAETITE,DENTRO,18,0.01,0.0,0.0
ZE NETO,PT,ARAMARI,DENTRO,18,0.01,0.0,0.0
ZE NETO,PT,BONITO,DENTRO,18,0.01,0.0,0.0
ZE NETO,PT,CASA NOVA,DENTRO,17,0.01,0.0,0.0
ZE NETO,PT,JANDAIRA,DENTRO,17,0.01,0.0,0.0
ZE NETO,PT,LIVRAMENTO DE NOSSA SENHORA,DENTRO,16,0.01,0.0,0.0
ZE NETO,PT,MUCUGE,DENTRO,16,0.01,0.0,0.0
ZE NETO,PT,TAPIRAMUTA,DENTRO,16,0.01,0.0,0.0
ZE NETO,PT,DOM MACEDO COSTA,DENTRO,16,0.01,0.0,0.0
ZE NETO,PT,POTIRAGUA,DENTRO,16,0.01,0.0,0.0
ZE NETO,PT,GUARATINGA,DENTRO,15,0.01,0.0,0.0
ZE NETO,PT,BARRO ALTO,DENTRO,15,0.01,0.0,0.0
ZE NETO,PT,ITAPICURU,DENTRO,15,0.01,0.0,0.0
ZE NETO,PT,SAO DOMINGOS,DENTRO,15,0.01,0.0,0.0
ZE NETO,PT,UBATA,DENTRO,15,0.01,0.0,0.0
ZE NETO,PT,SAUDE,DENTRO,15,0.01,0.0,0.0
ZE NETO,PT,NOVO HORIZONTE,DENTRO,15,0.01,0.0,0.0
ZE NETO,PT,BOQUIRA,DENTRO,15,0.01,0.0,0.0
ZE NETO,PT,BARRA,DENTRO,15,0.01,0.0,0.0
ZE NETO,PT,IRAQUARA,DENTRO,15,0.01,0.0,0.0
ZE NETO,PT,POCOES,DENTRO,15,0.01,0.0,0.0
ZE NETO,PT,PALMEIRAS,DENTRO,15,0.01,0.0,0.0
ZE NETO,PT,NOVA SOURE,DENTRO,15,0.01,0.0,0.0
ZE NETO,PT,JIQUIRICA,DENTRO,14,0.01,0.0,0.0
ZE NETO,PT,MILAGRES,DENTRO,14,0.01,0.0,0.0
ZE NETO,PT,IBITITA,DENTRO,14,0.01,0.0,0.0
ZE NETO,PT,UMBURANAS,DENTRO,14,0.01,0.0,0.0
ZE NETO,PT,CAMPO FORMOSO,DENTRO,14,0.01,0.0,0.0
ZE NETO,PT,BOM JESUS DA LAPA,DENTRO,14,0.01,0.0,0.0
ZE NETO,PT,RIO DO PIRES,DENTRO,14,0.01,0.0,0.0
ZE NETO,PT,ANGICAL,DENTRO,14,0.01,0.0,0.0
ZE NETO,PT,MORRO DO CHAPEU,DENTRO,14,0.01,0.0,0.0
ZE NETO,PT,APUAREMA,DENTRO,13,0.01,0.0,0.0
ZE NETO,PT,ITAPITANGA,DENTRO,13,0.01,0.0,0.0
ZE NETO,PT,PLANALTO,DENTRO,13,0.01,0.0,0.0
ZE NETO,PT,SALINAS DA MARGARIDA,DENTRO,13,0.01,0.0,0.0
ZE NETO,PT,GUANAMBI,DENTRO,13,0.01,0.0,0.0
ZE NETO,PT,BRUMADO,DENTRO,12,0.01,0.0,0.0
ZE NETO,PT,BARRA DO CHOCA,DENTRO,12,0.01,0.0,0.0
ZE NETO,PT,RIACHO DE SANTANA,DENTRO,12,0.01,0.0,0.0
ZE NETO,PT,CARAVELAS,DENTRO,12,0.01,0.0,0.0
ZE NETO,PT,BARRO PRETO,DENTRO,12,0.01,0.0,0.0
ZE NETO,PT,RUY BARBOSA,DENTRO,12,0.01,0.0,0.0
ZE NETO,PT,WENCESLAU GUIMARAES,DENTRO,12,0.01,0.0,0.0
ZE NETO,PT,CURACA,DENTRO,12,0.01,0.0,0.0
ZE NETO,PT,SERROLANDIA,DENTRO,12,0.01,0.0,0.0
ZE NETO,PT,REMANSO,DENTRO,11,0.01,0.0,0.0
ZE NETO,PT,CORIBE,DENTRO,11,0.01,0.0,0.0
ZE NETO,PT,ITORORO,DENTRO,11,0.01,0.0,0.0
ZE NETO,PT,IBIPEBA,DENTRO,11,0.01,0.0,0.0
ZE NETO,PT,BUERAREMA,DENTRO,11,0.01,0.0,0.0
ZE NETO,PT,PARIPIRANGA,DENTRO,11,0.01,0.0,0.0
ZE NETO,PT,IBICOARA,DENTRO,11,0.01,0.0,0.0
ZE NETO,PT,ANTAS,DENTRO,11,0.01,0.0,0.0
ZE NETO,PT,AURELINO LEAL,DENTRO,11,0.01,0.0,0.0
ZE NETO,PT,OLIVEIRA DOS BREJINHOS,DENTRO,10,0.01,0.0,0.0
ZE NETO,PT,ARACATU,DENTRO,10,0.01,0.0,0.0
ZE NETO,PT,MARCIONILIO SOUZA,DENTRO,10,0.01,0.0,0.0
ZE NETO,PT,SANTA MARIA DA VITORIA,DENTRO,10,0.01,0.0,0.0
ZE NETO,PT,IBOTIRAMA,DENTRO,10,0.01,0.0,0.0
ZE NETO,PT,CORRENTINA,DENTRO,10,0.01,0.0,0.0
ZE NETO,PT,PIATA,DENTRO,10,0.01,0.0,0.0
ZE NETO,PT,GLORIA,DENTRO,10,0.01,0.0,0.0
ZE NETO,PT,LAJEDO DO TABOCAL,DENTRO,9,0.01,0.0,0.0
ZE NETO,PT,MACAUBAS,DENTRO,9,0.01,0.0,0.0
ZE NETO,PT,CICERO DANTAS,DENTRO,9,0.01,0.0,0.0
ZE NETO,PT,CAEM,DENTRO,9,0.01,0.0,0.0
ZE NETO,PT,BURITIRAMA,DENTRO,9,0.01,0.0,0.0
ZE NETO,PT,NOVA CANAA,DENTRO,9,0.01,0.0,0.0
ZE NETO,PT,IGUAI,DENTRO,9,0.01,0.0,0.0
ZE NETO,PT,WAGNER,DENTRO,9,0.01,0.0,0.0
ZE NETO,PT,GENTIO DO OURO,DENTRO,9,0.01,0.0,0.0
ZE NETO,PT,QUIJINGUE,DENTRO,9,0.01,0.0,0.0
ZE NETO,PT,PILAO ARCADO,DENTRO,9,0.01,0.0,0.0
ZE NETO,PT,VARZEA NOVA,DENTRO,8,0.01,0.0,0.0
ZE NETO,PT,UTINGA,DENTRO,8,0.01,0.0,0.0
ZE NETO,PT,UAUA,DENTRO,8,0.01,0.0,0.0
ZE NETO,PT,ALMADINA,DENTRO,8,0.01,0.0,0.0
ZE NETO,PT,UBAITABA,DENTRO,8,0.01,0.0,0.0
ZE NETO,PT,ERICO CARDOSO,DENTRO,8,0.01,0.0,0.0
ZE NETO,PT,SOBRADINHO,DENTRO,8,0.01,0.0,0.0
ZE NETO,PT,BROTAS DE MACAUBAS,DENTRO,8,0.01,0.0,0.0
ZE NETO,PT,IBICUI,DENTRO,8,0.01,0.0,0.0
ZE NETO,PT,JEREMOABO,DENTRO,8,0.01,0.0,0.0
ZE NETO,PT,SAO DESIDERIO,DENTRO,7,0.01,0.0,0.0
ZE NETO,PT,CARINHANHA,DENTRO,7,0.01,0.0,0.0
ZE NETO,PT,CENTRAL,DENTRO,7,0.01,0.0,0.0
ZE NETO,PT,CRISTOPOLIS,DENTRO,7,0.01,0.0,0.0
ZE NETO,PT,MULUNGU DO MORRO,DENTRO,7,0.01,0.0,0.0
ZE NETO,PT,BOA VISTA DO TUPIM,DENTRO,7,0.01,0.0,0.0
ZE NETO,PT,JAGUARARI,DENTRO,7,0.01,0.0,0.0
ZE NETO,PT,SAO FELIX DO CORIBE,DENTRO,7,0.01,0.0,0.0
ZE NETO,PT,TABOCAS DO BREJO VELHO,DENTRO,7,0.01,0.0,0.0
ZE NETO,PT,IBIRAPITANGA,DENTRO,7,0.01,0.0,0.0
ZE NETO,PT,NOVA REDENCAO,DENTRO,7,0.01,0.0,0.0
ZE NETO,PT,PONTO NOVO,DENTRO,7,0.01,0.0,0.0
ZE NETO,PT,PAU BRASIL,DENTRO,7,0.01,0.0,0.0
ZE NETO,PT,TREMEDAL,DENTRO,7,0.01,0.0,0.0
ZE NETO,PT,SANTANA,DENTRO,7,0.01,0.0,0.0
ZE NETO,PT,IBIRATAIA,DENTRO,6,0.00,0.0,0.0
ZE NETO,PT,IRAMAIA,DENTRO,6,0.00,0.0,0.0
ZE NETO,PT,CONDEUBA,DENTRO,6,0.00,0.0,0.0
ZE NETO,PT,CACULE,DENTRO,6,0.00,0.0,0.0
ZE NETO,PT,SITIO DO QUINTO,DENTRO,6,0.00,0.0,0.0
ZE NETO,PT,CANARANA,DENTRO,6,0.00,0.0,0.0
ZE NETO,PT,ITANAGRA,DENTRO,6,0.00,0.0,0.0
ZE NETO,PT,SERRA DO RAMALHO,DENTRO,6,0.00,0.0,0.0
ZE NETO,PT,AMERICA DOURADA,DENTRO,6,0.00,0.0,0.0
ZE NETO,PT,CRAVOLANDIA,DENTRO,6,0.00,0.0,0.0
ZE NETO,PT,MACAJUBA,DENTRO,6,0.00,0.0,0.0
ZE NETO,PT,ITAQUARA,DENTRO,6,0.00,0.0,0.0
ZE NETO,PT,ALCOBACA,DENTRO,6,0.00,0.0,0.0
ZE NETO,PT,BARRA DA ESTIVA,DENTRO,5,0.00,0.0,0.0
ZE NETO,PT,BAIANOPOLIS,DENTRO,5,0.00,0.0,0.0
ZE NETO,PT,ITIRUCU,DENTRO,5,0.00,0.0,0.0
ZE NETO,PT,GONGOGI,DENTRO,5,0.00,0.0,0.0
ZE NETO,PT,CANUDOS,DENTRO,5,0.00,0.0,0.0
ZE NETO,PT,ITANHEM,DENTRO,5,0.00,0.0,0.0
ZE NETO,PT,MORTUGABA,DENTRO,5,0.00,0.0,0.0
ZE NETO,PT,IRAJUBA,DENTRO,5,0.00,0.0,0.0
ZE NETO,PT,CALDEIRAO GRANDE,DENTRO,5,0.00,0.0,0.0
ZE NETO,PT,PARAMIRIM,DENTRO,5,0.00,0.0,0.0
ZE NETO,PT,ARATACA,DENTRO,5,0.00,0.0,0.0
ZE NETO,PT,ITACARE,DENTRO,5,0.00,0.0,0.0
ZE NETO,PT,IBICARAI,DENTRO,5,0.00,0.0,0.0
ZE NETO,PT,BELO CAMPO,DENTRO,4,0.00,0.0,0.0
ZE NETO,PT,NOVA IBIA,DENTRO,4,0.00,0.0,0.0
ZE NETO,PT,PARATINGA,DENTRO,4,0.00,0.0,0.0
ZE NETO,PT,TANHACU,DENTRO,4,0.00,0.0,0.0
ZE NETO,PT,RIBEIRA DO AMPARO,DENTRO,4,0.00,0.0,0.0
ZE NETO,PT,BOA NOVA,DENTRO,4,0.00,0.0,0.0
ZE NETO,PT,TEOLANDIA,DENTRO,4,0.00,0.0,0.0
ZE NETO,PT,DOM BASILIO,DENTRO,4,0.00,0.0,0.0
ZE NETO,PT,CARAIBAS,DENTRO,4,0.00,0.0,0.0
ZE NETO,PT,ITARANTIM,DENTRO,4,0.00,0.0,0.0
ZE NETO,PT,CATOLANDIA,DENTRO,4,0.00,0.0,0.0
ZE NETO,PT,SAO JOSE DA VITORIA,DENTRO,4,0.00,0.0,0.0
ZE NETO,PT,CANDIDO SALES,DENTRO,4,0.00,0.0,0.0
ZE NETO,PT,BONINAL,DENTRO,4,0.00,0.0,0.0
ZE NETO,PT,MUQUEM DO SAO FRANCISCO,DENTRO,3,0.00,0.0,0.0
ZE NETO,PT,FATIMA,DENTRO,3,0.00,0.0,0.0
ZE NETO,PT,IPUPIARA,DENTRO,3,0.00,0.0,0.0
ZE NETO,PT,SANTA BRIGIDA,DENTRO,3,0.00,0.0,0.0
ZE NETO,PT,ANAGE,DENTRO,3,0.00,0.0,0.0
ZE NETO,PT,VARZEA DO POCO,DENTRO,3,0.00,0.0,0.0
ZE NETO,PT,IBIQUERA,DENTRO,3,0.00,0.0,0.0
ZE NETO,PT,NOVO TRIUNFO,DENTRO,3,0.00,0.0,0.0
ZE NETO,PT,IBIRAPUA,DENTRO,3,0.00,0.0,0.0
ZE NETO,PT,SOUTO SOARES,DENTRO,3,0.00,0.0,0.0
ZE NETO,PT,RIBEIRA DO POMBAL,DENTRO,3,0.00,0.0,0.0
ZE NETO,PT,ITAMARI,DENTRO,3,0.00,0.0,0.0
ZE NETO,PT,ITAJU DO COLONIA,DENTRO,3,0.00,0.0,0.0
ZE NETO,PT,OUROLANDIA,DENTRO,3,0.00,0.0,0.0
ZE NETO,PT,FIRMINO ALVES,DENTRO,3,0.00,0.0,0.0
ZE NETO,PT,OLINDINA,DENTRO,3,0.00,0.0,0.0
ZE NETO,PT,CORDEIROS,DENTRO,3,0.00,0.0,0.0
ZE NETO,PT,BREJOLANDIA,DENTRO,3,0.00,0.0,0.0
ZE NETO,PT,CAFARNAUM,DENTRO,3,0.00,0.0,0.0
ZE NETO,PT,UIBAI,DENTRO,2,0.00,0.0,0.0
ZE NETO,PT,MACARANI,DENTRO,2,0.00,0.0,0.0
ZE NETO,PT,CANAPOLIS,DENTRO,2,0.00,0.0,0.0
ZE NETO,PT,LAJEDINHO,DENTRO,2,0.00,0.0,0.0
ZE NETO,PT,ELISIO MEDRADO,DENTRO,2,0.00,0.0,0.0
ZE NETO,PT,LICINIO DE ALMEIDA,DENTRO,2,0.00,0.0,0.0
ZE NETO,PT,IBIASSUCE,DENTRO,2,0.00,0.0,0.0
ZE NETO,PT,HELIOPOLIS,DENTRO,2,0.00,0.0,0.0
ZE NETO,PT,PINDAI,DENTRO,2,0.00,0.0,0.0
ZE NETO,PT,IBIPITANGA,DENTRO,2,0.00,0.0,0.0
ZE NETO,PT,PEDRO ALEXANDRE,DENTRO,2,0.00,0.0,0.0
ZE NETO,PT,LAFAIETE COUTINHO,DENTRO,2,0.00,0.0,0.0
ZE NETO,PT,FORMOSA DO RIO PRETO,DENTRO,2,0.00,0.0,0.0
ZE NETO,PT,RIBEIRAO DO LARGO,DENTRO,2,0.00,0.0,0.0
ZE NETO,PT,LAJEDAO,DENTRO,2,0.00,0.0,0.0
ZE NETO,PT,CAMPO ALEGRE DE LOURDES,DENTRO,2,0.00,0.0,0.0
ZE NETO,PT,ITAGI,DENTRO,2,0.00,0.0,0.0
ZE NETO,PT,MIRANGABA,DENTRO,2,0.00,0.0,0.0
ZE NETO,PT,PIRIPA,DENTRO,2,0.00,0.0,0.0
ZE NETO,PT,ABARE,DENTRO,2,0.00,0.0,0.0
ZE NETO,PT,MORPARA,DENTRO,2,0.00,0.0,0.0
ZE NETO,PT,MALHADA DE PEDRAS,DENTRO,2,0.00,0.0,0.0
ZE NETO,PT,WANDERLEY,DENTRO,2,0.00,0.0,0.0
ZE NETO,PT,CAETANOS,DENTRO,2,0.00,0.0,0.0
ZE NETO,PT,PALMAS DE MONTE ALTO,DENTRO,2,0.00,0.0,0.0
ZE NETO,PT,PRESIDENTE JANIO QUADROS,DENTRO,2,0.00,0.0,0.0
ZE NETO,PT,BOM JESUS DA SERRA,DENTRO,2,0.00,0.0,0.0
ZE NETO,PT,BARRA DO ROCHA,DENTRO,1,0.00,0.0,0.0
ZE NETO,PT,MAETINGA,DENTRO,1,0.00,0.0,0.0
ZE NETO,PT,BOTUPORA,DENTRO,1,0.00,0.0,0.0
ZE NETO,PT,SANTA CRUZ DA VITORIA,DENTRO,1,0.00,0.0,0.0
ZE NETO,PT,ENCRUZILHADA,DENTRO,1,0.00,0.0,0.0
ZE NETO,PT,URANDI,DENTRO,1,0.00,0.0,0.0
ZE NETO,PT,IGAPORA,DENTRO,1,0.00,0.0,0.0
ZE NETO,PT,LAGOA REAL,DENTRO,1,0.00,0.0,0.0
ZE NETO,PT,AIQUARA,DENTRO,1,0.00,0.0,0.0
ZE NETO,PT,ITAGIBA,DENTRO,1,0.00,0.0,0.0
ZE NETO,PT,FLORESTA AZUL,DENTRO,1,0.00,0.0,0.0
ZE NETO,PT,ABAIRA,DENTRO,1,0.00,0.0,0.0
ZE NETO,PT,SANTA LUZIA,DENTRO,1,0.00,0.0,0.0
ZE NETO,PT,PIRAI DO NORTE,DENTRO,1,0.00,0.0,0.0
ZE NETO,PT,JUSSARA,DENTRO,1,0.00,0.0,0.0
ZE NETO,PT,MIRANTE,DENTRO,1,0.00,0.0,0.0
ZE NETO,PT,MALHADA,DENTRO,1,0.00,0.0,0.0
ZE NETO,PT,IUIU,DENTRO,1,0.00,0.0,0.0
ZE NETO,PT,CANDIBA,DENTRO,1,0.00,0.0,0.0
ZE NETO,PT,ITAPE,DENTRO,1,0.00,0.0,0.0
ZE NETO,PT,JUSSIAPE,DENTRO,1,0.00,0.0,0.0
ZE NETO,PT,BANZAE,DENTRO,1,0.00,0.0,0.0
ZE NETO,PT,MEDEIROS NETO,DENTRO,1,0.00,0.0,0.0
ZE NETO,PT,CATURAMA,DENTRO,1,0.00,0.0,0.0
ZE NETO,PT,DARIO MEIRA,DENTRO,1,0.00,0.0,0.0
ZE NETO,PT,PLANALTINO,DENTRO,0,0.00,0.0,0.0
ZE NETO,PT,SITIO DO MATO,DENTRO,0,0.00,0.0,0.0
ZE NETO,PT,VEREDA,DENTRO,0,0.00,0.0,0.0
ZE NETO,PT,COCOS,DENTRO,0,0.00,0.0,0.0
ZE NETO,PT,SEBASTIAO LARANJEIRAS,DENTRO,0,0.00,0.0,0.0
ZE NETO,PT,MATINA,DENTRO,0,0.00,0.0,0.0
ZE NETO,PT,TANQUE NOVO,DENTRO,0,0.00,0.0,0.0
ZE NETO,PT,MACURURE,DENTRO,0,0.00,0.0,0.0
ZE NETO,PT,CHORROCHO,DENTRO,0,0.00,0.0,0.0
ZE NETO,PT,GUAJERU,DENTRO,0,0.00,0.0,0.0
ZE NETO,PT,RIO DO ANTONIO,DENTRO,0,0.00,0.0,0.0
ZE NETO,PT,JUCURUCU,DENTRO,0,0.00,0.0,0.0
ZE NETO,PT,JABORANDI,DENTRO,0,0.00,0.0,0.0
ZE NETO,PT,CONTENDAS DO SINCORA,DENTRO,0,0.00,0.0,0.0
ZE NETO,PT,SERRA DOURADA,DENTRO,0,0.00,0.0,0.0
ZE NETO,PT,MAIQUINIQUE,DENTRO,0,0.00,0.0,0.0
ZE NETO,PT,ITUACU,DENTRO,0,0.00,0.0,0.0
ZE NETO,PT,MANOEL VITORINO,DENTRO,0,0.00,0.0,0.0
ZE NETO,PT,CAATIBA,DENTRO,0,0.00,0.0,0.0
ZE NETO,PT,RODELAS,DENTRO,0,0.00,0.0,0.0
ZE NETO,PT,CORONEL JOAO SA,DENTRO,0,0.00,0.0,0.0
ZE NETO,PT,JACARACI,DENTRO,0,0.00,0.0,0.0
ZE NETO,PT,SEM INFORMACAO,AMPLO,0,0,109597348.6,74.48
ZE NETO,PT,MULTIPLO,AMPLO,0,0,33171649.0,22.54
ZE NETO,PT,FEIRA DE SANTANA (BAHIA),FORA,0,0,2049857.0,1.39
ZE NETO,PT,RETIROLANDIA (BAHIA),FORA,0,0,1114604.0,0.76
ZE NETO,PT,ANGUERA (BAHIA),FORA,0,0,400000.0,0.27
ZE NETO,PT,GAVIAO (BAHIA),FORA,0,0,399408.0,0.27
ZE NETO,PT,SANTO ESTEVAO (BAHIA),FORA,0,0,269997.0,0.18
ZE NETO,PT,ANDARAI (BAHIA),FORA,0,0,149406.0,0.1
DANIEL,PC do B,SALVADOR,DENTRO,11253,8.98,0.0,0.0
DANIEL,PC do B,JACOBINA,DENTRO,6170,4.92,0.0,0.0
DANIEL,PC do B,JUAZEIRO,DENTRO,5632,4.49,0.0,0.0
DANIEL,PC do B,CORRENTINA,DENTRO,4933,3.93,0.0,0.0
DANIEL,PC do B,REMANSO,DENTRO,4798,3.83,0.0,0.0
DANIEL,PC do B,VITORIA DA CONQUISTA,DENTRO,3432,2.74,0.0,0.0
DANIEL,PC do B,SERROLANDIA,DENTRO,3172,2.53,0.0,0.0
DANIEL,PC do B,ITAGIBA,DENTRO,3170,2.53,0.0,0.0
DANIEL,PC do B,BRUMADO,DENTRO,2985,2.38,0.0,0.0
DANIEL,PC do B,VARZEA DA ROCA,DENTRO,2962,2.36,0.0,0.0
DANIEL,PC do B,SENHOR DO BONFIM,DENTRO,2901,2.31,0.0,0.0
DANIEL,PC do B,ITIUBA,DENTRO,2588,2.06,0.0,0.0
DANIEL,PC do B,PRESIDENTE DUTRA,DENTRO,2494,1.99,0.0,0.0
DANIEL,PC do B,RODELAS,DENTRO,2356,1.88,0.0,0.0
DANIEL,PC do B,RIACHAO DO JACUIPE,DENTRO,2287,1.82,0.0,0.0
DANIEL,PC do B,SEABRA,DENTRO,2100,1.67,0.0,0.0
DANIEL,PC do B,CAPELA DO ALTO ALEGRE,DENTRO,1925,1.54,0.0,0.0
DANIEL,PC do B,MAIRI,DENTRO,1859,1.48,0.0,0.0
DANIEL,PC do B,FEIRA DE SANTANA,DENTRO,1760,1.40,0.0,0.0
DANIEL,PC do B,ANDORINHA,DENTRO,1678,1.34,0.0,0.0
DANIEL,PC do B,GUANAMBI,DENTRO,1654,1.32,0.0,0.0
DANIEL,PC do B,VARZEA NOVA,DENTRO,1592,1.27,0.0,0.0
DANIEL,PC do B,PAULO AFONSO,DENTRO,1499,1.20,0.0,0.0
DANIEL,PC do B,VARZEA DO POCO,DENTRO,1453,1.16,0.0,0.0
DANIEL,PC do B,SERRINHA,DENTRO,1446,1.15,0.0,0.0
DANIEL,PC do B,IRECE,DENTRO,1357,1.08,0.0,0.0
DANIEL,PC do B,RETIROLANDIA,DENTRO,1331,1.06,0.0,0.0
DANIEL,PC do B,CANSANCAO,DENTRO,1312,1.05,0.0,0.0
DANIEL,PC do B,PALMAS DE MONTE ALTO,DENTRO,1224,0.98,0.0,0.0
DANIEL,PC do B,CAETITE,DENTRO,1141,0.91,0.0,0.0
DANIEL,PC do B,PARAMIRIM,DENTRO,1085,0.87,0.0,0.0
DANIEL,PC do B,TEIXEIRA DE FREITAS,DENTRO,1083,0.86,0.0,0.0
DANIEL,PC do B,BIRITINGA,DENTRO,1057,0.84,0.0,0.0
DANIEL,PC do B,SIMOES FILHO,DENTRO,1035,0.83,0.0,0.0
DANIEL,PC do B,IGAPORA,DENTRO,1002,0.80,0.0,0.0
DANIEL,PC do B,CAMPO ALEGRE DE LOURDES,DENTRO,958,0.76,0.0,0.0
DANIEL,PC do B,PINTADAS,DENTRO,929,0.74,0.0,0.0
DANIEL,PC do B,BOA VISTA DO TUPIM,DENTRO,888,0.71,0.0,0.0
DANIEL,PC do B,CORONEL JOAO SA,DENTRO,884,0.71,0.0,0.0
DANIEL,PC do B,MARAU,DENTRO,829,0.66,0.0,0.0
DANIEL,PC do B,BELMONTE,DENTRO,749,0.60,0.0,0.0
DANIEL,PC do B,CATU,DENTRO,607,0.48,0.0,0.0
DANIEL,PC do B,URANDI,DENTRO,606,0.48,0.0,0.0
DANIEL,PC do B,TEOFILANDIA,DENTRO,604,0.48,0.0,0.0
DANIEL,PC do B,FILADELFIA,DENTRO,602,0.48,0.0,0.0
DANIEL,PC do B,ANTONIO GONCALVES,DENTRO,601,0.48,0.0,0.0
DANIEL,PC do B,GENTIO DO OURO,DENTRO,582,0.46,0.0,0.0
DANIEL,PC do B,CICERO DANTAS,DENTRO,576,0.46,0.0,0.0
DANIEL,PC do B,PILAO ARCADO,DENTRO,559,0.45,0.0,0.0
DANIEL,PC do B,RIACHO DE SANTANA,DENTRO,551,0.44,0.0,0.0
DANIEL,PC do B,CAMACARI,DENTRO,548,0.44,0.0,0.0
DANIEL,PC do B,RIBEIRA DO POMBAL,DENTRO,540,0.43,0.0,0.0
DANIEL,PC do B,GUARATINGA,DENTRO,506,0.40,0.0,0.0
DANIEL,PC do B,LAPAO,DENTRO,494,0.39,0.0,0.0
DANIEL,PC do B,PLANALTINO,DENTRO,493,0.39,0.0,0.0
DANIEL,PC do B,SANTANA,DENTRO,493,0.39,0.0,0.0
DANIEL,PC do B,ITAPETINGA,DENTRO,491,0.39,0.0,0.0
DANIEL,PC do B,SANTA RITA DE CASSIA,DENTRO,486,0.39,0.0,0.0
DANIEL,PC do B,CAPIM GROSSO,DENTRO,474,0.38,0.0,0.0
DANIEL,PC do B,LAGOA REAL,DENTRO,452,0.36,0.0,0.0
DANIEL,PC do B,CONCEICAO DO COITE,DENTRO,450,0.36,0.0,0.0
DANIEL,PC do B,MARAGOGIPE,DENTRO,449,0.36,0.0,0.0
DANIEL,PC do B,TANQUE NOVO,DENTRO,419,0.33,0.0,0.0
DANIEL,PC do B,ITABERABA,DENTRO,419,0.33,0.0,0.0
DANIEL,PC do B,CANAPOLIS,DENTRO,416,0.33,0.0,0.0
DANIEL,PC do B,HELIOPOLIS,DENTRO,410,0.33,0.0,0.0
DANIEL,PC do B,LAURO DE FREITAS,DENTRO,392,0.31,0.0,0.0
DANIEL,PC do B,ITAETE,DENTRO,379,0.30,0.0,0.0
DANIEL,PC do B,SANTA MARIA DA VITORIA,DENTRO,371,0.30,0.0,0.0
DANIEL,PC do B,VALENCA,DENTRO,368,0.29,0.0,0.0
DANIEL,PC do B,CANDEIAS,DENTRO,363,0.29,0.0,0.0
DANIEL,PC do B,MACURURE,DENTRO,357,0.28,0.0,0.0
DANIEL,PC do B,NOVA FATIMA,DENTRO,345,0.28,0.0,0.0
DANIEL,PC do B,BARRA DA ESTIVA,DENTRO,336,0.27,0.0,0.0
DANIEL,PC do B,ARAMARI,DENTRO,335,0.27,0.0,0.0
DANIEL,PC do B,CATURAMA,DENTRO,332,0.26,0.0,0.0
DANIEL,PC do B,SERRA PRETA,DENTRO,331,0.26,0.0,0.0
DANIEL,PC do B,ICHU,DENTRO,321,0.26,0.0,0.0
DANIEL,PC do B,NILO PECANHA,DENTRO,301,0.24,0.0,0.0
DANIEL,PC do B,AGUA FRIA,DENTRO,295,0.24,0.0,0.0
DANIEL,PC do B,PARATINGA,DENTRO,275,0.22,0.0,0.0
DANIEL,PC do B,SAO JOSE DO JACUIPE,DENTRO,244,0.19,0.0,0.0
DANIEL,PC do B,UAUA,DENTRO,241,0.19,0.0,0.0
DANIEL,PC do B,PEDRAO,DENTRO,240,0.19,0.0,0.0
DANIEL,PC do B,UMBURANAS,DENTRO,229,0.18,0.0,0.0
DANIEL,PC do B,TEODORO SAMPAIO,DENTRO,195,0.16,0.0,0.0
DANIEL,PC do B,SAO GONCALO DOS CAMPOS,DENTRO,192,0.15,0.0,0.0
DANIEL,PC do B,MARACAS,DENTRO,185,0.15,0.0,0.0
DANIEL,PC do B,MUNIZ FERREIRA,DENTRO,185,0.15,0.0,0.0
DANIEL,PC do B,DIAS D AVILA,DENTRO,179,0.14,0.0,0.0
DANIEL,PC do B,JAGUARARI,DENTRO,178,0.14,0.0,0.0
DANIEL,PC do B,BOA NOVA,DENTRO,177,0.14,0.0,0.0
DANIEL,PC do B,SOBRADINHO,DENTRO,177,0.14,0.0,0.0
DANIEL,PC do B,CAIRU,DENTRO,175,0.14,0.0,0.0
DANIEL,PC do B,MIGUEL CALMON,DENTRO,172,0.14,0.0,0.0
DANIEL,PC do B,JUSSARI,DENTRO,171,0.14,0.0,0.0
DANIEL,PC do B,MORRO DO CHAPEU,DENTRO,168,0.13,0.0,0.0
DANIEL,PC do B,APUAREMA,DENTRO,163,0.13,0.0,0.0
DANIEL,PC do B,SAO SEBASTIAO DO PASSE,DENTRO,162,0.13,0.0,0.0
DANIEL,PC do B,ITABUNA,DENTRO,160,0.13,0.0,0.0
DANIEL,PC do B,IPIRA,DENTRO,155,0.12,0.0,0.0
DANIEL,PC do B,EUCLIDES DA CUNHA,DENTRO,154,0.12,0.0,0.0
DANIEL,PC do B,NOVA REDENCAO,DENTRO,154,0.12,0.0,0.0
DANIEL,PC do B,GAVIAO,DENTRO,154,0.12,0.0,0.0
DANIEL,PC do B,JANDAIRA,DENTRO,151,0.12,0.0,0.0
DANIEL,PC do B,UIBAI,DENTRO,143,0.11,0.0,0.0
DANIEL,PC do B,PARIPIRANGA,DENTRO,138,0.11,0.0,0.0
DANIEL,PC do B,IRAMAIA,DENTRO,137,0.11,0.0,0.0
DANIEL,PC do B,SANTO ANTONIO DE JESUS,DENTRO,135,0.11,0.0,0.0
DANIEL,PC do B,SANTO AMARO,DENTRO,133,0.11,0.0,0.0
DANIEL,PC do B,ITORORO,DENTRO,132,0.11,0.0,0.0
DANIEL,PC do B,ALAGOINHAS,DENTRO,132,0.11,0.0,0.0
DANIEL,PC do B,DARIO MEIRA,DENTRO,128,0.10,0.0,0.0
DANIEL,PC do B,SAO GABRIEL,DENTRO,125,0.10,0.0,0.0
DANIEL,PC do B,CASA NOVA,DENTRO,123,0.10,0.0,0.0
DANIEL,PC do B,OLINDINA,DENTRO,117,0.09,0.0,0.0
DANIEL,PC do B,PINDOBACU,DENTRO,114,0.09,0.0,0.0
DANIEL,PC do B,CURACA,DENTRO,109,0.09,0.0,0.0
DANIEL,PC do B,ITUBERA,DENTRO,108,0.09,0.0,0.0
DANIEL,PC do B,ARACI,DENTRO,103,0.08,0.0,0.0
DANIEL,PC do B,COTEGIPE,DENTRO,96,0.08,0.0,0.0
DANIEL,PC do B,PONTO NOVO,DENTRO,94,0.07,0.0,0.0
DANIEL,PC do B,BARREIRAS,DENTRO,92,0.07,0.0,0.0
DANIEL,PC do B,ITAMBE,DENTRO,89,0.07,0.0,0.0
DANIEL,PC do B,SAO DOMINGOS,DENTRO,89,0.07,0.0,0.0
DANIEL,PC do B,LUIS EDUARDO MAGALHAES,DENTRO,87,0.07,0.0,0.0
DANIEL,PC do B,BANZAE,DENTRO,84,0.07,0.0,0.0
DANIEL,PC do B,QUIXABEIRA,DENTRO,83,0.07,0.0,0.0
DANIEL,PC do B,SAO FRANCISCO DO CONDE,DENTRO,82,0.07,0.0,0.0
DANIEL,PC do B,CANARANA,DENTRO,82,0.07,0.0,0.0
DANIEL,PC do B,JUSSARA,DENTRO,82,0.07,0.0,0.0
DANIEL,PC do B,TUCANO,DENTRO,80,0.06,0.0,0.0
DANIEL,PC do B,JABORANDI,DENTRO,78,0.06,0.0,0.0
DANIEL,PC do B,IPIAU,DENTRO,78,0.06,0.0,0.0
DANIEL,PC do B,VERA CRUZ,DENTRO,77,0.06,0.0,0.0
DANIEL,PC do B,PORTO SEGURO,DENTRO,76,0.06,0.0,0.0
DANIEL,PC do B,MONTE SANTO,DENTRO,74,0.06,0.0,0.0
DANIEL,PC do B,SERRA DOURADA,DENTRO,71,0.06,0.0,0.0
DANIEL,PC do B,MALHADA,DENTRO,71,0.06,0.0,0.0
DANIEL,PC do B,CANDIDO SALES,DENTRO,68,0.05,0.0,0.0
DANIEL,PC do B,IBITITA,DENTRO,67,0.05,0.0,0.0
DANIEL,PC do B,PIATA,DENTRO,66,0.05,0.0,0.0
DANIEL,PC do B,ESPLANADA,DENTRO,66,0.05,0.0,0.0
DANIEL,PC do B,OUROLANDIA,DENTRO,65,0.05,0.0,0.0
DANIEL,PC do B,CENTRAL,DENTRO,63,0.05,0.0,0.0
DANIEL,PC do B,ILHEUS,DENTRO,63,0.05,0.0,0.0
DANIEL,PC do B,ENTRE RIOS,DENTRO,62,0.05,0.0,0.0
DANIEL,PC do B,MIRANGABA,DENTRO,61,0.05,0.0,0.0
DANIEL,PC do B,CAMACA,DENTRO,59,0.05,0.0,0.0
DANIEL,PC do B,MATINA,DENTRO,57,0.05,0.0,0.0
DANIEL,PC do B,BARROCAS,DENTRO,57,0.05,0.0,0.0
DANIEL,PC do B,CORACAO DE MARIA,DENTRO,57,0.05,0.0,0.0
DANIEL,PC do B,GLORIA,DENTRO,57,0.05,0.0,0.0
DANIEL,PC do B,LIVRAMENTO DE NOSSA SENHORA,DENTRO,56,0.04,0.0,0.0
DANIEL,PC do B,PEDRO ALEXANDRE,DENTRO,56,0.04,0.0,0.0
DANIEL,PC do B,LAFAIETE COUTINHO,DENTRO,56,0.04,0.0,0.0
DANIEL,PC do B,SENTO SE,DENTRO,55,0.04,0.0,0.0
DANIEL,PC do B,QUEIMADAS,DENTRO,55,0.04,0.0,0.0
DANIEL,PC do B,JEQUIE,DENTRO,54,0.04,0.0,0.0
DANIEL,PC do B,CANDEAL,DENTRO,54,0.04,0.0,0.0
DANIEL,PC do B,CALDEIRAO GRANDE,DENTRO,54,0.04,0.0,0.0
DANIEL,PC do B,JEREMOABO,DENTRO,54,0.04,0.0,0.0
DANIEL,PC do B,CAEM,DENTRO,53,0.04,0.0,0.0
DANIEL,PC do B,BAIXA GRANDE,DENTRO,53,0.04,0.0,0.0
DANIEL,PC do B,SANTALUZ,DENTRO,53,0.04,0.0,0.0
DANIEL,PC do B,PIRITIBA,DENTRO,52,0.04,0.0,0.0
DANIEL,PC do B,XIQUE-XIQUE,DENTRO,51,0.04,0.0,0.0
DANIEL,PC do B,BOQUIRA,DENTRO,51,0.04,0.0,0.0
DANIEL,PC do B,PRESIDENTE TANCREDO NEVES,DENTRO,51,0.04,0.0,0.0
DANIEL,PC do B,CONDE,DENTRO,49,0.04,0.0,0.0
DANIEL,PC do B,MUNDO NOVO,DENTRO,46,0.04,0.0,0.0
DANIEL,PC do B,INHAMBUPE,DENTRO,45,0.04,0.0,0.0
DANIEL,PC do B,MARCIONILIO SOUZA,DENTRO,45,0.04,0.0,0.0
DANIEL,PC do B,BARRA,DENTRO,45,0.04,0.0,0.0
DANIEL,PC do B,CONCEICAO DO ALMEIDA,DENTRO,42,0.03,0.0,0.0
DANIEL,PC do B,MURITIBA,DENTRO,42,0.03,0.0,0.0
DANIEL,PC do B,RIO DO PIRES,DENTRO,42,0.03,0.0,0.0
DANIEL,PC do B,BOM JESUS DA LAPA,DENTRO,40,0.03,0.0,0.0
DANIEL,PC do B,LAMARAO,DENTRO,39,0.03,0.0,0.0
DANIEL,PC do B,CONCEICAO DO JACUIPE,DENTRO,39,0.03,0.0,0.0
DANIEL,PC do B,CAMPO FORMOSO,DENTRO,38,0.03,0.0,0.0
DANIEL,PC do B,SALINAS DA MARGARIDA,DENTRO,38,0.03,0.0,0.0
DANIEL,PC do B,SEBASTIAO LARANJEIRAS,DENTRO,37,0.03,0.0,0.0
DANIEL,PC do B,ENCRUZILHADA,DENTRO,37,0.03,0.0,0.0
DANIEL,PC do B,PE DE SERRA,DENTRO,37,0.03,0.0,0.0
DANIEL,PC do B,CARINHANHA,DENTRO,36,0.03,0.0,0.0
DANIEL,PC do B,OURICANGAS,DENTRO,36,0.03,0.0,0.0
DANIEL,PC do B,IBIPEBA,DENTRO,36,0.03,0.0,0.0
DANIEL,PC do B,ARATUIPE,DENTRO,35,0.03,0.0,0.0
DANIEL,PC do B,POJUCA,DENTRO,34,0.03,0.0,0.0
DANIEL,PC do B,CANDIBA,DENTRO,34,0.03,0.0,0.0
DANIEL,PC do B,IRARA,DENTRO,33,0.03,0.0,0.0
DANIEL,PC do B,CORIBE,DENTRO,32,0.03,0.0,0.0
DANIEL,PC do B,VALENTE,DENTRO,32,0.03,0.0,0.0
DANIEL,PC do B,CHORROCHO,DENTRO,31,0.02,0.0,0.0
DANIEL,PC do B,PINDAI,DENTRO,31,0.02,0.0,0.0
DANIEL,PC do B,RIO DO ANTONIO,DENTRO,30,0.02,0.0,0.0
DANIEL,PC do B,SAO FELIX DO CORIBE,DENTRO,30,0.02,0.0,0.0
DANIEL,PC do B,EUNAPOLIS,DENTRO,29,0.02,0.0,0.0
DANIEL,PC do B,SANTA CRUZ CABRALIA,DENTRO,28,0.02,0.0,0.0
DANIEL,PC do B,IBIASSUCE,DENTRO,28,0.02,0.0,0.0
DANIEL,PC do B,SAUDE,DENTRO,28,0.02,0.0,0.0
DANIEL,PC do B,NOVA ITARANA,DENTRO,28,0.02,0.0,0.0
DANIEL,PC do B,CRISTOPOLIS,DENTRO,27,0.02,0.0,0.0
DANIEL,PC do B,IUIU,DENTRO,27,0.02,0.0,0.0
DANIEL,PC do B,ITAGUACU DA BAHIA,DENTRO,26,0.02,0.0,0.0
DANIEL,PC do B,TABOCAS DO BREJO VELHO,DENTRO,26,0.02,0.0,0.0
DANIEL,PC do B,POCOES,DENTRO,26,0.02,0.0,0.0
DANIEL,PC do B,MATA DE SAO JOAO,DENTRO,24,0.02,0.0,0.0
DANIEL,PC do B,TAPEROA,DENTRO,23,0.02,0.0,0.0
DANIEL,PC do B,ITAPE,DENTRO,23,0.02,0.0,0.0
DANIEL,PC do B,ANDARAI,DENTRO,22,0.02,0.0,0.0
DANIEL,PC do B,ANAGE,DENTRO,22,0.02,0.0,0.0
DANIEL,PC do B,MADRE DE DEUS,DENTRO,22,0.02,0.0,0.0
DANIEL,PC do B,ITANAGRA,DENTRO,22,0.02,0.0,0.0
DANIEL,PC do B,SERRA DO RAMALHO,DENTRO,22,0.02,0.0,0.0
DANIEL,PC do B,ANTONIO CARDOSO,DENTRO,22,0.02,0.0,0.0
DANIEL,PC do B,BARRA DO MENDES,DENTRO,21,0.02,0.0,0.0
DANIEL,PC do B,ARACATU,DENTRO,21,0.02,0.0,0.0
DANIEL,PC do B,SAUBARA,DENTRO,21,0.02,0.0,0.0
DANIEL,PC do B,SANTA BRIGIDA,DENTRO,21,0.02,0.0,0.0
DANIEL,PC do B,UBAITABA,DENTRO,21,0.02,0.0,0.0
DANIEL,PC do B,NOVA SOURE,DENTRO,21,0.02,0.0,0.0
DANIEL,PC do B,CIPO,DENTRO,21,0.02,0.0,0.0
DANIEL,PC do B,JOAO DOURADO,DENTRO,21,0.02,0.0,0.0
DANIEL,PC do B,WENCESLAU GUIMARAES,DENTRO,20,0.02,0.0,0.0
DANIEL,PC do B,CRUZ DAS ALMAS,DENTRO,20,0.02,0.0,0.0
DANIEL,PC do B,BOTUPORA,DENTRO,19,0.02,0.0,0.0
DANIEL,PC do B,MACAUBAS,DENTRO,19,0.02,0.0,0.0
DANIEL,PC do B,AMELIA RODRIGUES,DENTRO,19,0.02,0.0,0.0
DANIEL,PC do B,CACHOEIRA,DENTRO,19,0.02,0.0,0.0
DANIEL,PC do B,LICINIO DE ALMEIDA,DENTRO,19,0.02,0.0,0.0
DANIEL,PC do B,NORDESTINA,DENTRO,19,0.02,0.0,0.0
DANIEL,PC do B,SANTA BARBARA,DENTRO,19,0.02,0.0,0.0
DANIEL,PC do B,IBICOARA,DENTRO,19,0.02,0.0,0.0
DANIEL,PC do B,SANTO ESTEVAO,DENTRO,19,0.02,0.0,0.0
DANIEL,PC do B,RIO DE CONTAS,DENTRO,19,0.02,0.0,0.0
DANIEL,PC do B,RUY BARBOSA,DENTRO,18,0.01,0.0,0.0
DANIEL,PC do B,IRAQUARA,DENTRO,18,0.01,0.0,0.0
DANIEL,PC do B,SAO MIGUEL DAS MATAS,DENTRO,18,0.01,0.0,0.0
DANIEL,PC do B,IBICUI,DENTRO,17,0.01,0.0,0.0
DANIEL,PC do B,SAO DESIDERIO,DENTRO,16,0.01,0.0,0.0
DANIEL,PC do B,TANQUINHO,DENTRO,16,0.01,0.0,0.0
DANIEL,PC do B,IACU,DENTRO,16,0.01,0.0,0.0
DANIEL,PC do B,BUERAREMA,DENTRO,16,0.01,0.0,0.0
DANIEL,PC do B,AMERICA DOURADA,DENTRO,16,0.01,0.0,0.0
DANIEL,PC do B,PALMEIRAS,DENTRO,15,0.01,0.0,0.0
DANIEL,PC do B,BARRA DO CHOCA,DENTRO,14,0.01,0.0,0.0
DANIEL,PC do B,UTINGA,DENTRO,14,0.01,0.0,0.0
DANIEL,PC do B,NAZARE,DENTRO,14,0.01,0.0,0.0
DANIEL,PC do B,JAGUAQUARA,DENTRO,14,0.01,0.0,0.0
DANIEL,PC do B,ITAPARICA,DENTRO,14,0.01,0.0,0.0
DANIEL,PC do B,ERICO CARDOSO,DENTRO,14,0.01,0.0,0.0
DANIEL,PC do B,CAMAMU,DENTRO,14,0.01,0.0,0.0
DANIEL,PC do B,FATIMA,DENTRO,13,0.01,0.0,0.0
DANIEL,PC do B,CASTRO ALVES,DENTRO,12,0.01,0.0,0.0
DANIEL,PC do B,ITABELA,DENTRO,12,0.01,0.0,0.0
DANIEL,PC do B,CANUDOS,DENTRO,12,0.01,0.0,0.0
DANIEL,PC do B,BURITIRAMA,DENTRO,12,0.01,0.0,0.0
DANIEL,PC do B,ACAJUTIBA,DENTRO,12,0.01,0.0,0.0
DANIEL,PC do B,SATIRO DIAS,DENTRO,12,0.01,0.0,0.0
DANIEL,PC do B,TAPIRAMUTA,DENTRO,12,0.01,0.0,0.0
DANIEL,PC do B,CONCEICAO DA FEIRA,DENTRO,12,0.01,0.0,0.0
DANIEL,PC do B,ITAPICURU,DENTRO,11,0.01,0.0,0.0
DANIEL,PC do B,ANTAS,DENTRO,11,0.01,0.0,0.0
DANIEL,PC do B,VARZEDO,DENTRO,11,0.01,0.0,0.0
DANIEL,PC do B,ARACAS,DENTRO,11,0.01,0.0,0.0
DANIEL,PC do B,SAO FELIX,DENTRO,11,0.01,0.0,0.0
DANIEL,PC do B,IBITIARA,DENTRO,10,0.01,0.0,0.0
DANIEL,PC do B,ITIRUCU,DENTRO,10,0.01,0.0,0.0
DANIEL,PC do B,TERRA NOVA,DENTRO,10,0.01,0.0,0.0
DANIEL,PC do B,RIBEIRA DO AMPARO,DENTRO,10,0.01,0.0,0.0
DANIEL,PC do B,IBIRAPITANGA,DENTRO,10,0.01,0.0,0.0
DANIEL,PC do B,CARAIBAS,DENTRO,10,0.01,0.0,0.0
DANIEL,PC do B,GANDU,DENTRO,10,0.01,0.0,0.0
DANIEL,PC do B,MEDEIROS NETO,DENTRO,10,0.01,0.0,0.0
DANIEL,PC do B,ITAMARAJU,DENTRO,9,0.01,0.0,0.0
DANIEL,PC do B,OLIVEIRA DOS BREJINHOS,DENTRO,9,0.01,0.0,0.0
DANIEL,PC do B,ITAPEBI,DENTRO,9,0.01,0.0,0.0
DANIEL,PC do B,MALHADA DE PEDRAS,DENTRO,9,0.01,0.0,0.0
DANIEL,PC do B,ALCOBACA,DENTRO,9,0.01,0.0,0.0
DANIEL,PC do B,RIACHAO DAS NEVES,DENTRO,8,0.01,0.0,0.0
DANIEL,PC do B,LAJE,DENTRO,8,0.01,0.0,0.0
DANIEL,PC do B,PIRAI DO NORTE,DENTRO,8,0.01,0.0,0.0
DANIEL,PC do B,CANAVIEIRAS,DENTRO,8,0.01,0.0,0.0
DANIEL,PC do B,ITAGI,DENTRO,8,0.01,0.0,0.0
DANIEL,PC do B,JACARACI,DENTRO,8,0.01,0.0,0.0
DANIEL,PC do B,IBIRATAIA,DENTRO,7,0.01,0.0,0.0
DANIEL,PC do B,RIO REAL,DENTRO,7,0.01,0.0,0.0
DANIEL,PC do B,CARAVELAS,DENTRO,7,0.01,0.0,0.0
DANIEL,PC do B,JAGUARIPE,DENTRO,7,0.01,0.0,0.0
DANIEL,PC do B,UBATA,DENTRO,7,0.01,0.0,0.0
DANIEL,PC do B,TANHACU,DENTRO,7,0.01,0.0,0.0
DANIEL,PC do B,SAO FELIPE,DENTRO,7,0.01,0.0,0.0
DANIEL,PC do B,FORMOSA DO RIO PRETO,DENTRO,7,0.01,0.0,0.0
DANIEL,PC do B,BREJOES,DENTRO,7,0.01,0.0,0.0
DANIEL,PC do B,ITUACU,DENTRO,7,0.01,0.0,0.0
DANIEL,PC do B,MUCUGE,DENTRO,7,0.01,0.0,0.0
DANIEL,PC do B,IBICARAI,DENTRO,7,0.01,0.0,0.0
DANIEL,PC do B,CAETANOS,DENTRO,7,0.01,0.0,0.0
DANIEL,PC do B,QUIJINGUE,DENTRO,7,0.01,0.0,0.0
DANIEL,PC do B,BREJOLANDIA,DENTRO,7,0.01,0.0,0.0
DANIEL,PC do B,MUCURI,DENTRO,6,0.00,0.0,0.0
DANIEL,PC do B,ITATIM,DENTRO,6,0.00,0.0,0.0
DANIEL,PC do B,BELO CAMPO,DENTRO,6,0.00,0.0,0.0
DANIEL,PC do B,SITIO DO MATO,DENTRO,6,0.00,0.0,0.0
DANIEL,PC do B,LAJEDO DO TABOCAL,DENTRO,6,0.00,0.0,0.0
DANIEL,PC do B,BARRO ALTO,DENTRO,6,0.00,0.0,0.0
DANIEL,PC do B,ELISIO MEDRADO,DENTRO,6,0.00,0.0,0.0
DANIEL,PC do B,SITIO DO QUINTO,DENTRO,6,0.00,0.0,0.0
DANIEL,PC do B,JITAUNA,DENTRO,6,0.00,0.0,0.0
DANIEL,PC do B,ITAMARI,DENTRO,6,0.00,0.0,0.0
DANIEL,PC do B,CAATIBA,DENTRO,6,0.00,0.0,0.0
DANIEL,PC do B,CORDEIROS,DENTRO,6,0.00,0.0,0.0
DANIEL,PC do B,IGRAPIUNA,DENTRO,6,0.00,0.0,0.0
DANIEL,PC do B,CACULE,DENTRO,5,0.00,0.0,0.0
DANIEL,PC do B,TEOLANDIA,DENTRO,5,0.00,0.0,0.0
DANIEL,PC do B,IBOTIRAMA,DENTRO,5,0.00,0.0,0.0
DANIEL,PC do B,ARATACA,DENTRO,5,0.00,0.0,0.0
DANIEL,PC do B,ITACARE,DENTRO,5,0.00,0.0,0.0
DANIEL,PC do B,MACAJUBA,DENTRO,5,0.00,0.0,0.0
DANIEL,PC do B,COARACI,DENTRO,5,0.00,0.0,0.0
DANIEL,PC do B,BONINAL,DENTRO,5,0.00,0.0,0.0
DANIEL,PC do B,UBAIRA,DENTRO,4,0.00,0.0,0.0
DANIEL,PC do B,CONDEUBA,DENTRO,4,0.00,0.0,0.0
DANIEL,PC do B,SANTA TEREZINHA,DENTRO,4,0.00,0.0,0.0
DANIEL,PC do B,MULUNGU DO MORRO,DENTRO,4,0.00,0.0,0.0
DANIEL,PC do B,SAPEACU,DENTRO,4,0.00,0.0,0.0
DANIEL,PC do B,NOVO TRIUNFO,DENTRO,4,0.00,0.0,0.0
DANIEL,PC do B,ABAIRA,DENTRO,4,0.00,0.0,0.0
DANIEL,PC do B,MANSIDAO,DENTRO,4,0.00,0.0,0.0
DANIEL,PC do B,AURELINO LEAL,DENTRO,4,0.00,0.0,0.0
DANIEL,PC do B,ABARE,DENTRO,4,0.00,0.0,0.0
DANIEL,PC do B,BROTAS DE MACAUBAS,DENTRO,4,0.00,0.0,0.0
DANIEL,PC do B,ITAQUARA,DENTRO,4,0.00,0.0,0.0
DANIEL,PC do B,MACARANI,DENTRO,3,0.00,0.0,0.0
DANIEL,PC do B,NOVA IBIA,DENTRO,3,0.00,0.0,0.0
DANIEL,PC do B,LENCOIS,DENTRO,3,0.00,0.0,0.0
DANIEL,PC do B,AIQUARA,DENTRO,3,0.00,0.0,0.0
DANIEL,PC do B,CRISOPOLIS,DENTRO,3,0.00,0.0,0.0
DANIEL,PC do B,CABACEIRAS DO PARAGUACU,DENTRO,3,0.00,0.0,0.0
DANIEL,PC do B,IBIPITANGA,DENTRO,3,0.00,0.0,0.0
DANIEL,PC do B,ITANHEM,DENTRO,3,0.00,0.0,0.0
DANIEL,PC do B,GOVERNADOR MANGABEIRA,DENTRO,3,0.00,0.0,0.0
DANIEL,PC do B,PRADO,DENTRO,3,0.00,0.0,0.0
DANIEL,PC do B,AMARGOSA,DENTRO,3,0.00,0.0,0.0
DANIEL,PC do B,IGUAI,DENTRO,3,0.00,0.0,0.0
DANIEL,PC do B,DOM MACEDO COSTA,DENTRO,3,0.00,0.0,0.0
DANIEL,PC do B,MUTUIPE,DENTRO,3,0.00,0.0,0.0
DANIEL,PC do B,SAO JOSE DA VITORIA,DENTRO,3,0.00,0.0,0.0
DANIEL,PC do B,MANOEL VITORINO,DENTRO,3,0.00,0.0,0.0
DANIEL,PC do B,ITAJUIPE,DENTRO,3,0.00,0.0,0.0
DANIEL,PC do B,PRESIDENTE JANIO QUADROS,DENTRO,3,0.00,0.0,0.0
DANIEL,PC do B,ITAGIMIRIM,DENTRO,3,0.00,0.0,0.0
DANIEL,PC do B,ADUSTINA,DENTRO,3,0.00,0.0,0.0
DANIEL,PC do B,JIQUIRICA,DENTRO,2,0.00,0.0,0.0
DANIEL,PC do B,BARRA DO ROCHA,DENTRO,2,0.00,0.0,0.0
DANIEL,PC do B,BAIANOPOLIS,DENTRO,2,0.00,0.0,0.0
DANIEL,PC do B,COCOS,DENTRO,2,0.00,0.0,0.0
DANIEL,PC do B,UNA,DENTRO,2,0.00,0.0,0.0
DANIEL,PC do B,IBIQUERA,DENTRO,2,0.00,0.0,0.0
DANIEL,PC do B,NOVA VICOSA,DENTRO,2,0.00,0.0,0.0
DANIEL,PC do B,IBIRAPUA,DENTRO,2,0.00,0.0,0.0
DANIEL,PC do B,SANTANOPOLIS,DENTRO,2,0.00,0.0,0.0
DANIEL,PC do B,RAFAEL JAMBEIRO,DENTRO,2,0.00,0.0,0.0
DANIEL,PC do B,PLANALTO,DENTRO,2,0.00,0.0,0.0
DANIEL,PC do B,DOM BASILIO,DENTRO,2,0.00,0.0,0.0
DANIEL,PC do B,ANGUERA,DENTRO,2,0.00,0.0,0.0
DANIEL,PC do B,CATOLANDIA,DENTRO,2,0.00,0.0,0.0
DANIEL,PC do B,MORPARA,DENTRO,2,0.00,0.0,0.0
DANIEL,PC do B,TREMEDAL,DENTRO,2,0.00,0.0,0.0
DANIEL,PC do B,IPECAETA,DENTRO,2,0.00,0.0,0.0
DANIEL,PC do B,BONITO,DENTRO,2,0.00,0.0,0.0
DANIEL,PC do B,VEREDA,DENTRO,1,0.00,0.0,0.0
DANIEL,PC do B,LAJEDINHO,DENTRO,1,0.00,0.0,0.0
DANIEL,PC do B,SANTA INES,DENTRO,1,0.00,0.0,0.0
DANIEL,PC do B,CARDEAL DA SILVA,DENTRO,1,0.00,0.0,0.0
DANIEL,PC do B,URUCUCA,DENTRO,1,0.00,0.0,0.0
DANIEL,PC do B,GUAJERU,DENTRO,1,0.00,0.0,0.0
DANIEL,PC do B,BARRO PRETO,DENTRO,1,0.00,0.0,0.0
DANIEL,PC do B,SOUTO SOARES,DENTRO,1,0.00,0.0,0.0
DANIEL,PC do B,NOVO HORIZONTE,DENTRO,1,0.00,0.0,0.0
DANIEL,PC do B,CONTENDAS DO SINCORA,DENTRO,1,0.00,0.0,0.0
DANIEL,PC do B,APORA,DENTRO,1,0.00,0.0,0.0
DANIEL,PC do B,IRAJUBA,DENTRO,1,0.00,0.0,0.0
DANIEL,PC do B,ITARANTIM,DENTRO,1,0.00,0.0,0.0
DANIEL,PC do B,PAU BRASIL,DENTRO,1,0.00,0.0,0.0
DANIEL,PC do B,PIRIPA,DENTRO,1,0.00,0.0,0.0
DANIEL,PC do B,ANGICAL,DENTRO,1,0.00,0.0,0.0
DANIEL,PC do B,CRAVOLANDIA,DENTRO,1,0.00,0.0,0.0
DANIEL,PC do B,FIRMINO ALVES,DENTRO,1,0.00,0.0,0.0
DANIEL,PC do B,JUSSIAPE,DENTRO,1,0.00,0.0,0.0
DANIEL,PC do B,BOM JESUS DA SERRA,DENTRO,1,0.00,0.0,0.0
DANIEL,PC do B,CAFARNAUM,DENTRO,1,0.00,0.0,0.0
DANIEL,PC do B,MUQUEM DO SAO FRANCISCO,DENTRO,0,0.00,0.0,0.0
DANIEL,PC do B,MAETINGA,DENTRO,0,0.00,0.0,0.0
DANIEL,PC do B,SANTA CRUZ DA VITORIA,DENTRO,0,0.00,0.0,0.0
DANIEL,PC do B,GONGOGI,DENTRO,0,0.00,0.0,0.0
DANIEL,PC do B,IPUPIARA,DENTRO,0,0.00,0.0,0.0
DANIEL,PC do B,MILAGRES,DENTRO,0,0.00,0.0,0.0
DANIEL,PC do B,FLORESTA AZUL,DENTRO,0,0.00,0.0,0.0
DANIEL,PC do B,ALMADINA,DENTRO,0,0.00,0.0,0.0
DANIEL,PC do B,NOVA CANAA,DENTRO,0,0.00,0.0,0.0
DANIEL,PC do B,JUCURUCU,DENTRO,0,0.00,0.0,0.0
DANIEL,PC do B,ITAPITANGA,DENTRO,0,0.00,0.0,0.0
DANIEL,PC do B,FEIRA DA MATA,DENTRO,0,0.00,0.0,0.0
DANIEL,PC do B,MASCOTE,DENTRO,0,0.00,0.0,0.0
DANIEL,PC do B,MORTUGABA,DENTRO,0,0.00,0.0,0.0
DANIEL,PC do B,MAIQUINIQUE,DENTRO,0,0.00,0.0,0.0
DANIEL,PC do B,RIBEIRAO DO LARGO,DENTRO,0,0.00,0.0,0.0
DANIEL,PC do B,SANTA LUZIA,DENTRO,0,0.00,0.0,0.0
DANIEL,PC do B,LAJEDAO,DENTRO,0,0.00,0.0,0.0
DANIEL,PC do B,MIRANTE,DENTRO,0,0.00,0.0,0.0
DANIEL,PC do B,ITAJU DO COLONIA,DENTRO,0,0.00,0.0,0.0
DANIEL,PC do B,WAGNER,DENTRO,0,0.00,0.0,0.0
DANIEL,PC do B,POTIRAGUA,DENTRO,0,0.00,0.0,0.0
DANIEL,PC do B,WANDERLEY,DENTRO,0,0.00,0.0,0.0
DANIEL,PC do B,MULTIPLO,AMPLO,0,0,122165278.15,83.08
DANIEL,PC do B,SEM INFORMACAO,AMPLO,0,0,21806130.58,14.83
DANIEL,PC do B,CAETITE (BAHIA),FORA,0,0,1088762.0,0.74
DANIEL,PC do B,REMANSO (BAHIA),FORA,0,0,899096.0,0.61
DANIEL,PC do B,PLANALTINO (BAHIA),FORA,0,0,500000.0,0.34
DANIEL,PC do B,VARZEA DO POCO (BAHIA),FORA,0,0,300000.0,0.2
DANIEL,PC do B,JUAZEIRO (BAHIA),FORA,0,0,277618.0,0.19
ALICE PORTUGAL,PC do B,SALVADOR,DENTRO,33478,26.92,0.0,0.0
ALICE PORTUGAL,PC do B,POCOES,DENTRO,5400,4.34,0.0,0.0
ALICE PORTUGAL,PC do B,CAETANOS,DENTRO,4104,3.30,0.0,0.0
ALICE PORTUGAL,PC do B,ITABUNA,DENTRO,3534,2.84,0.0,0.0
ALICE PORTUGAL,PC do B,LAURO DE FREITAS,DENTRO,3514,2.83,0.0,0.0
ALICE PORTUGAL,PC do B,PORTO SEGURO,DENTRO,2851,2.29,0.0,0.0
ALICE PORTUGAL,PC do B,VITORIA DA CONQUISTA,DENTRO,2626,2.11,0.0,0.0
ALICE PORTUGAL,PC do B,FEIRA DE SANTANA,DENTRO,2470,1.99,0.0,0.0
ALICE PORTUGAL,PC do B,ARATUIPE,DENTRO,2386,1.92,0.0,0.0
ALICE PORTUGAL,PC do B,ILHEUS,DENTRO,2256,1.81,0.0,0.0
ALICE PORTUGAL,PC do B,AMERICA DOURADA,DENTRO,1906,1.53,0.0,0.0
ALICE PORTUGAL,PC do B,ITACARE,DENTRO,1725,1.39,0.0,0.0
ALICE PORTUGAL,PC do B,CAMAMU,DENTRO,1595,1.28,0.0,0.0
ALICE PORTUGAL,PC do B,JEQUIE,DENTRO,1470,1.18,0.0,0.0
ALICE PORTUGAL,PC do B,LAPAO,DENTRO,1406,1.13,0.0,0.0
ALICE PORTUGAL,PC do B,VERA CRUZ,DENTRO,1405,1.13,0.0,0.0
ALICE PORTUGAL,PC do B,VALENCA,DENTRO,1239,1.00,0.0,0.0
ALICE PORTUGAL,PC do B,SAO FRANCISCO DO CONDE,DENTRO,1066,0.86,0.0,0.0
ALICE PORTUGAL,PC do B,SANTO ANTONIO DE JESUS,DENTRO,1061,0.85,0.0,0.0
ALICE PORTUGAL,PC do B,JAGUAQUARA,DENTRO,1060,0.85,0.0,0.0
ALICE PORTUGAL,PC do B,EUNAPOLIS,DENTRO,1048,0.84,0.0,0.0
ALICE PORTUGAL,PC do B,SANTA CRUZ CABRALIA,DENTRO,1040,0.84,0.0,0.0
ALICE PORTUGAL,PC do B,CAMACARI,DENTRO,997,0.80,0.0,0.0
ALICE PORTUGAL,PC do B,COARACI,DENTRO,985,0.79,0.0,0.0
ALICE PORTUGAL,PC do B,JOAO DOURADO,DENTRO,964,0.78,0.0,0.0
ALICE PORTUGAL,PC do B,LAJE,DENTRO,958,0.77,0.0,0.0
ALICE PORTUGAL,PC do B,BONITO,DENTRO,950,0.76,0.0,0.0
ALICE PORTUGAL,PC do B,IPIRA,DENTRO,903,0.73,0.0,0.0
ALICE PORTUGAL,PC do B,SIMOES FILHO,DENTRO,881,0.71,0.0,0.0
ALICE PORTUGAL,PC do B,CRUZ DAS ALMAS,DENTRO,847,0.68,0.0,0.0
ALICE PORTUGAL,PC do B,CAFARNAUM,DENTRO,823,0.66,0.0,0.0
ALICE PORTUGAL,PC do B,ITAPITANGA,DENTRO,783,0.63,0.0,0.0
ALICE PORTUGAL,PC do B,ALAGOINHAS,DENTRO,768,0.62,0.0,0.0
ALICE PORTUGAL,PC do B,BRUMADO,DENTRO,756,0.61,0.0,0.0
ALICE PORTUGAL,PC do B,MORRO DO CHAPEU,DENTRO,725,0.58,0.0,0.0
ALICE PORTUGAL,PC do B,SANTO ESTEVAO,DENTRO,700,0.56,0.0,0.0
ALICE PORTUGAL,PC do B,SAO SEBASTIAO DO PASSE,DENTRO,641,0.52,0.0,0.0
ALICE PORTUGAL,PC do B,IRECE,DENTRO,626,0.50,0.0,0.0
ALICE PORTUGAL,PC do B,IBIPEBA,DENTRO,623,0.50,0.0,0.0
ALICE PORTUGAL,PC do B,JUAZEIRO,DENTRO,599,0.48,0.0,0.0
ALICE PORTUGAL,PC do B,UBAIRA,DENTRO,575,0.46,0.0,0.0
ALICE PORTUGAL,PC do B,ITAPICURU,DENTRO,575,0.46,0.0,0.0
ALICE PORTUGAL,PC do B,MILAGRES,DENTRO,561,0.45,0.0,0.0
ALICE PORTUGAL,PC do B,SERRINHA,DENTRO,515,0.41,0.0,0.0
ALICE PORTUGAL,PC do B,ITAJUIPE,DENTRO,484,0.39,0.0,0.0
ALICE PORTUGAL,PC do B,MADRE DE DEUS,DENTRO,473,0.38,0.0,0.0
ALICE PORTUGAL,PC do B,SANTA INES,DENTRO,443,0.36,0.0,0.0
ALICE PORTUGAL,PC do B,CAMACA,DENTRO,437,0.35,0.0,0.0
ALICE PORTUGAL,PC do B,ENTRE RIOS,DENTRO,432,0.35,0.0,0.0
ALICE PORTUGAL,PC do B,ITAPARICA,DENTRO,417,0.34,0.0,0.0
ALICE PORTUGAL,PC do B,PRESIDENTE TANCREDO NEVES,DENTRO,416,0.33,0.0,0.0
ALICE PORTUGAL,PC do B,TEIXEIRA DE FREITAS,DENTRO,407,0.33,0.0,0.0
ALICE PORTUGAL,PC do B,PRADO,DENTRO,407,0.33,0.0,0.0
ALICE PORTUGAL,PC do B,UBAITABA,DENTRO,401,0.32,0.0,0.0
ALICE PORTUGAL,PC do B,SAO GABRIEL,DENTRO,399,0.32,0.0,0.0
ALICE PORTUGAL,PC do B,BARREIRAS,DENTRO,390,0.31,0.0,0.0
ALICE PORTUGAL,PC do B,MURITIBA,DENTRO,383,0.31,0.0,0.0
ALICE PORTUGAL,PC do B,NAZARE,DENTRO,382,0.31,0.0,0.0
ALICE PORTUGAL,PC do B,AMELIA RODRIGUES,DENTRO,378,0.30,0.0,0.0
ALICE PORTUGAL,PC do B,CANAVIEIRAS,DENTRO,372,0.30,0.0,0.0
ALICE PORTUGAL,PC do B,ITUBERA,DENTRO,371,0.30,0.0,0.0
ALICE PORTUGAL,PC do B,IRARA,DENTRO,370,0.30,0.0,0.0
ALICE PORTUGAL,PC do B,JUSSARA,DENTRO,368,0.30,0.0,0.0
ALICE PORTUGAL,PC do B,MONTE SANTO,DENTRO,351,0.28,0.0,0.0
ALICE PORTUGAL,PC do B,SANTO AMARO,DENTRO,351,0.28,0.0,0.0
ALICE PORTUGAL,PC do B,MUTUIPE,DENTRO,336,0.27,0.0,0.0
ALICE PORTUGAL,PC do B,XIQUE-XIQUE,DENTRO,332,0.27,0.0,0.0
ALICE PORTUGAL,PC do B,UNA,DENTRO,303,0.24,0.0,0.0
ALICE PORTUGAL,PC do B,CANDEIAS,DENTRO,303,0.24,0.0,0.0
ALICE PORTUGAL,PC do B,CACHOEIRA,DENTRO,297,0.24,0.0,0.0
ALICE PORTUGAL,PC do B,MARACAS,DENTRO,296,0.24,0.0,0.0
ALICE PORTUGAL,PC do B,GONGOGI,DENTRO,278,0.22,0.0,0.0
ALICE PORTUGAL,PC do B,BOM JESUS DA SERRA,DENTRO,270,0.22,0.0,0.0
ALICE PORTUGAL,PC do B,PARIPIRANGA,DENTRO,269,0.22,0.0,0.0
ALICE PORTUGAL,PC do B,GANDU,DENTRO,261,0.21,0.0,0.0
ALICE PORTUGAL,PC do B,DIAS D AVILA,DENTRO,259,0.21,0.0,0.0
ALICE PORTUGAL,PC do B,SAO FELIPE,DENTRO,252,0.20,0.0,0.0
ALICE PORTUGAL,PC do B,IGRAPIUNA,DENTRO,250,0.20,0.0,0.0
ALICE PORTUGAL,PC do B,SANTALUZ,DENTRO,243,0.20,0.0,0.0
ALICE PORTUGAL,PC do B,SANTA BARBARA,DENTRO,242,0.19,0.0,0.0
ALICE PORTUGAL,PC do B,JIQUIRICA,DENTRO,240,0.19,0.0,0.0
ALICE PORTUGAL,PC do B,CASTRO ALVES,DENTRO,239,0.19,0.0,0.0
ALICE PORTUGAL,PC do B,BARRA,DENTRO,239,0.19,0.0,0.0
ALICE PORTUGAL,PC do B,IBICARAI,DENTRO,236,0.19,0.0,0.0
ALICE PORTUGAL,PC do B,ITABERABA,DENTRO,197,0.16,0.0,0.0
ALICE PORTUGAL,PC do B,POJUCA,DENTRO,194,0.16,0.0,0.0
ALICE PORTUGAL,PC do B,CATU,DENTRO,194,0.16,0.0,0.0
ALICE PORTUGAL,PC do B,ANAGE,DENTRO,192,0.15,0.0,0.0
ALICE PORTUGAL,PC do B,MUNIZ FERREIRA,DENTRO,192,0.15,0.0,0.0
ALICE PORTUGAL,PC do B,PAULO AFONSO,DENTRO,191,0.15,0.0,0.0
ALICE PORTUGAL,PC do B,SAO GONCALO DOS CAMPOS,DENTRO,190,0.15,0.0,0.0
ALICE PORTUGAL,PC do B,CANSANCAO,DENTRO,184,0.15,0.0,0.0
ALICE PORTUGAL,PC do B,SEABRA,DENTRO,174,0.14,0.0,0.0
ALICE PORTUGAL,PC do B,URUCUCA,DENTRO,172,0.14,0.0,0.0
ALICE PORTUGAL,PC do B,MARAGOGIPE,DENTRO,171,0.14,0.0,0.0
ALICE PORTUGAL,PC do B,IBIRAPITANGA,DENTRO,168,0.14,0.0,0.0
ALICE PORTUGAL,PC do B,JAGUARIPE,DENTRO,165,0.13,0.0,0.0
ALICE PORTUGAL,PC do B,IGUAI,DENTRO,165,0.13,0.0,0.0
ALICE PORTUGAL,PC do B,DOM BASILIO,DENTRO,164,0.13,0.0,0.0
ALICE PORTUGAL,PC do B,ALCOBACA,DENTRO,162,0.13,0.0,0.0
ALICE PORTUGAL,PC do B,AURELINO LEAL,DENTRO,158,0.13,0.0,0.0
ALICE PORTUGAL,PC do B,MATA DE SAO JOAO,DENTRO,157,0.13,0.0,0.0
ALICE PORTUGAL,PC do B,ITABELA,DENTRO,150,0.12,0.0,0.0
ALICE PORTUGAL,PC do B,PIRAI DO NORTE,DENTRO,150,0.12,0.0,0.0
ALICE PORTUGAL,PC do B,OUROLANDIA,DENTRO,147,0.12,0.0,0.0
ALICE PORTUGAL,PC do B,CONCEICAO DO ALMEIDA,DENTRO,146,0.12,0.0,0.0
ALICE PORTUGAL,PC do B,CORACAO DE MARIA,DENTRO,146,0.12,0.0,0.0
ALICE PORTUGAL,PC do B,MARAU,DENTRO,143,0.11,0.0,0.0
ALICE PORTUGAL,PC do B,CANARANA,DENTRO,140,0.11,0.0,0.0
ALICE PORTUGAL,PC do B,ITAGUACU DA BAHIA,DENTRO,139,0.11,0.0,0.0
ALICE PORTUGAL,PC do B,LIVRAMENTO DE NOSSA SENHORA,DENTRO,139,0.11,0.0,0.0
ALICE PORTUGAL,PC do B,ITAMARAJU,DENTRO,137,0.11,0.0,0.0
ALICE PORTUGAL,PC do B,IPIAU,DENTRO,135,0.11,0.0,0.0
ALICE PORTUGAL,PC do B,BARRA DO MENDES,DENTRO,128,0.10,0.0,0.0
ALICE PORTUGAL,PC do B,ITAMARI,DENTRO,124,0.10,0.0,0.0
ALICE PORTUGAL,PC do B,TREMEDAL,DENTRO,120,0.10,0.0,0.0
ALICE PORTUGAL,PC do B,IBOTIRAMA,DENTRO,119,0.10,0.0,0.0
ALICE PORTUGAL,PC do B,SENTO SE,DENTRO,115,0.09,0.0,0.0
ALICE PORTUGAL,PC do B,SANTA MARIA DA VITORIA,DENTRO,114,0.09,0.0,0.0
ALICE PORTUGAL,PC do B,ITAPETINGA,DENTRO,113,0.09,0.0,0.0
ALICE PORTUGAL,PC do B,CAEM,DENTRO,112,0.09,0.0,0.0
ALICE PORTUGAL,PC do B,UIBAI,DENTRO,110,0.09,0.0,0.0
ALICE PORTUGAL,PC do B,RIACHAO DO JACUIPE,DENTRO,110,0.09,0.0,0.0
ALICE PORTUGAL,PC do B,MASCOTE,DENTRO,109,0.09,0.0,0.0
ALICE PORTUGAL,PC do B,INHAMBUPE,DENTRO,107,0.09,0.0,0.0
ALICE PORTUGAL,PC do B,LUIS EDUARDO MAGALHAES,DENTRO,107,0.09,0.0,0.0
ALICE PORTUGAL,PC do B,PAU BRASIL,DENTRO,103,0.08,0.0,0.0
ALICE PORTUGAL,PC do B,TANHACU,DENTRO,102,0.08,0.0,0.0
ALICE PORTUGAL,PC do B,CONCEICAO DO COITE,DENTRO,101,0.08,0.0,0.0
ALICE PORTUGAL,PC do B,CURACA,DENTRO,101,0.08,0.0,0.0
ALICE PORTUGAL,PC do B,TAPEROA,DENTRO,99,0.08,0.0,0.0
ALICE PORTUGAL,PC do B,IACU,DENTRO,99,0.08,0.0,0.0
ALICE PORTUGAL,PC do B,SAO FELIX,DENTRO,99,0.08,0.0,0.0
ALICE PORTUGAL,PC do B,BOM JESUS DA LAPA,DENTRO,98,0.08,0.0,0.0
ALICE PORTUGAL,PC do B,CAIRU,DENTRO,95,0.08,0.0,0.0
ALICE PORTUGAL,PC do B,SALINAS DA MARGARIDA,DENTRO,94,0.08,0.0,0.0
ALICE PORTUGAL,PC do B,PRESIDENTE DUTRA,DENTRO,93,0.07,0.0,0.0
ALICE PORTUGAL,PC do B,UBATA,DENTRO,92,0.07,0.0,0.0
ALICE PORTUGAL,PC do B,BOA NOVA,DENTRO,92,0.07,0.0,0.0
ALICE PORTUGAL,PC do B,LAJEDO DO TABOCAL,DENTRO,91,0.07,0.0,0.0
ALICE PORTUGAL,PC do B,NORDESTINA,DENTRO,91,0.07,0.0,0.0
ALICE PORTUGAL,PC do B,BARROCAS,DENTRO,91,0.07,0.0,0.0
ALICE PORTUGAL,PC do B,ITORORO,DENTRO,90,0.07,0.0,0.0
ALICE PORTUGAL,PC do B,ESPLANADA,DENTRO,90,0.07,0.0,0.0
ALICE PORTUGAL,PC do B,GUANAMBI,DENTRO,89,0.07,0.0,0.0
ALICE PORTUGAL,PC do B,ITANHEM,DENTRO,88,0.07,0.0,0.0
ALICE PORTUGAL,PC do B,AMARGOSA,DENTRO,87,0.07,0.0,0.0
ALICE PORTUGAL,PC do B,SENHOR DO BONFIM,DENTRO,86,0.07,0.0,0.0
ALICE PORTUGAL,PC do B,IBITITA,DENTRO,85,0.07,0.0,0.0
ALICE PORTUGAL,PC do B,MUNDO NOVO,DENTRO,85,0.07,0.0,0.0
ALICE PORTUGAL,PC do B,BELMONTE,DENTRO,84,0.07,0.0,0.0
ALICE PORTUGAL,PC do B,MAIRI,DENTRO,83,0.07,0.0,0.0
ALICE PORTUGAL,PC do B,CAPIM GROSSO,DENTRO,83,0.07,0.0,0.0
ALICE PORTUGAL,PC do B,EUCLIDES DA CUNHA,DENTRO,81,0.07,0.0,0.0
ALICE PORTUGAL,PC do B,UAUA,DENTRO,78,0.06,0.0,0.0
ALICE PORTUGAL,PC do B,ITAPE,DENTRO,78,0.06,0.0,0.0
ALICE PORTUGAL,PC do B,TEOFILANDIA,DENTRO,77,0.06,0.0,0.0
ALICE PORTUGAL,PC do B,CONDE,DENTRO,76,0.06,0.0,0.0
ALICE PORTUGAL,PC do B,JANDAIRA,DENTRO,75,0.06,0.0,0.0
ALICE PORTUGAL,PC do B,BAIXA GRANDE,DENTRO,75,0.06,0.0,0.0
ALICE PORTUGAL,PC do B,JACOBINA,DENTRO,73,0.06,0.0,0.0
ALICE PORTUGAL,PC do B,ANTONIO CARDOSO,DENTRO,73,0.06,0.0,0.0
ALICE PORTUGAL,PC do B,ITAPEBI,DENTRO,72,0.06,0.0,0.0
ALICE PORTUGAL,PC do B,ACAJUTIBA,DENTRO,71,0.06,0.0,0.0
ALICE PORTUGAL,PC do B,CONCEICAO DA FEIRA,DENTRO,69,0.06,0.0,0.0
ALICE PORTUGAL,PC do B,CONCEICAO DO JACUIPE,DENTRO,68,0.05,0.0,0.0
ALICE PORTUGAL,PC do B,GUARATINGA,DENTRO,67,0.05,0.0,0.0
ALICE PORTUGAL,PC do B,SANTA BRIGIDA,DENTRO,67,0.05,0.0,0.0
ALICE PORTUGAL,PC do B,BUERAREMA,DENTRO,67,0.05,0.0,0.0
ALICE PORTUGAL,PC do B,SAO MIGUEL DAS MATAS,DENTRO,66,0.05,0.0,0.0
ALICE PORTUGAL,PC do B,MACAUBAS,DENTRO,63,0.05,0.0,0.0
ALICE PORTUGAL,PC do B,SAPEACU,DENTRO,62,0.05,0.0,0.0
ALICE PORTUGAL,PC do B,IBICUI,DENTRO,62,0.05,0.0,0.0
ALICE PORTUGAL,PC do B,BARRO ALTO,DENTRO,61,0.05,0.0,0.0
ALICE PORTUGAL,PC do B,UTINGA,DENTRO,61,0.05,0.0,0.0
ALICE PORTUGAL,PC do B,MUCURI,DENTRO,60,0.05,0.0,0.0
ALICE PORTUGAL,PC do B,IBIRATAIA,DENTRO,60,0.05,0.0,0.0
ALICE PORTUGAL,PC do B,GOVERNADOR MANGABEIRA,DENTRO,60,0.05,0.0,0.0
ALICE PORTUGAL,PC do B,CONDEUBA,DENTRO,59,0.05,0.0,0.0
ALICE PORTUGAL,PC do B,SAO FELIX DO CORIBE,DENTRO,59,0.05,0.0,0.0
ALICE PORTUGAL,PC do B,ARACI,DENTRO,58,0.05,0.0,0.0
ALICE PORTUGAL,PC do B,RUY BARBOSA,DENTRO,58,0.05,0.0,0.0
ALICE PORTUGAL,PC do B,APUAREMA,DENTRO,57,0.05,0.0,0.0
ALICE PORTUGAL,PC do B,GLORIA,DENTRO,57,0.05,0.0,0.0
ALICE PORTUGAL,PC do B,PIRITIBA,DENTRO,56,0.05,0.0,0.0
ALICE PORTUGAL,PC do B,DARIO MEIRA,DENTRO,56,0.05,0.0,0.0
ALICE PORTUGAL,PC do B,CAETITE,DENTRO,55,0.04,0.0,0.0
ALICE PORTUGAL,PC do B,NILO PECANHA,DENTRO,55,0.04,0.0,0.0
ALICE PORTUGAL,PC do B,CIPO,DENTRO,54,0.04,0.0,0.0
ALICE PORTUGAL,PC do B,ITAMBE,DENTRO,52,0.04,0.0,0.0
ALICE PORTUGAL,PC do B,VARZEA DA ROCA,DENTRO,52,0.04,0.0,0.0
ALICE PORTUGAL,PC do B,ITAGIBA,DENTRO,52,0.04,0.0,0.0
ALICE PORTUGAL,PC do B,RIO DE CONTAS,DENTRO,52,0.04,0.0,0.0
ALICE PORTUGAL,PC do B,NOVA IBIA,DENTRO,51,0.04,0.0,0.0
ALICE PORTUGAL,PC do B,QUEIMADAS,DENTRO,51,0.04,0.0,0.0
ALICE PORTUGAL,PC do B,WENCESLAU GUIMARAES,DENTRO,51,0.04,0.0,0.0
ALICE PORTUGAL,PC do B,SAO JOSE DA VITORIA,DENTRO,51,0.04,0.0,0.0
ALICE PORTUGAL,PC do B,PARATINGA,DENTRO,49,0.04,0.0,0.0
ALICE PORTUGAL,PC do B,NOVA CANAA,DENTRO,48,0.04,0.0,0.0
ALICE PORTUGAL,PC do B,ITIUBA,DENTRO,47,0.04,0.0,0.0
ALICE PORTUGAL,PC do B,NOVA SOURE,DENTRO,47,0.04,0.0,0.0
ALICE PORTUGAL,PC do B,ITANAGRA,DENTRO,44,0.04,0.0,0.0
ALICE PORTUGAL,PC do B,MANOEL VITORINO,DENTRO,43,0.03,0.0,0.0
ALICE PORTUGAL,PC do B,BARRA DA ESTIVA,DENTRO,41,0.03,0.0,0.0
ALICE PORTUGAL,PC do B,IRAMAIA,DENTRO,41,0.03,0.0,0.0
ALICE PORTUGAL,PC do B,TEODORO SAMPAIO,DENTRO,41,0.03,0.0,0.0
ALICE PORTUGAL,PC do B,TERRA NOVA,DENTRO,41,0.03,0.0,0.0
ALICE PORTUGAL,PC do B,CARAVELAS,DENTRO,40,0.03,0.0,0.0
ALICE PORTUGAL,PC do B,VARZEDO,DENTRO,40,0.03,0.0,0.0
ALICE PORTUGAL,PC do B,DOM MACEDO COSTA,DENTRO,40,0.03,0.0,0.0
ALICE PORTUGAL,PC do B,OLINDINA,DENTRO,40,0.03,0.0,0.0
ALICE PORTUGAL,PC do B,CASA NOVA,DENTRO,39,0.03,0.0,0.0
ALICE PORTUGAL,PC do B,OLIVEIRA DOS BREJINHOS,DENTRO,39,0.03,0.0,0.0
ALICE PORTUGAL,PC do B,TUCANO,DENTRO,39,0.03,0.0,0.0
ALICE PORTUGAL,PC do B,RAFAEL JAMBEIRO,DENTRO,39,0.03,0.0,0.0
ALICE PORTUGAL,PC do B,SERRA PRETA,DENTRO,39,0.03,0.0,0.0
ALICE PORTUGAL,PC do B,ANGUERA,DENTRO,39,0.03,0.0,0.0
ALICE PORTUGAL,PC do B,MIRANTE,DENTRO,39,0.03,0.0,0.0
ALICE PORTUGAL,PC do B,CRISOPOLIS,DENTRO,38,0.03,0.0,0.0
ALICE PORTUGAL,PC do B,IRAJUBA,DENTRO,38,0.03,0.0,0.0
ALICE PORTUGAL,PC do B,TEOLANDIA,DENTRO,38,0.03,0.0,0.0
ALICE PORTUGAL,PC do B,FLORESTA AZUL,DENTRO,37,0.03,0.0,0.0
ALICE PORTUGAL,PC do B,SANTANOPOLIS,DENTRO,37,0.03,0.0,0.0
ALICE PORTUGAL,PC do B,PLANALTO,DENTRO,37,0.03,0.0,0.0
ALICE PORTUGAL,PC do B,ITIRUCU,DENTRO,36,0.03,0.0,0.0
ALICE PORTUGAL,PC do B,RIO REAL,DENTRO,36,0.03,0.0,0.0
ALICE PORTUGAL,PC do B,ANGICAL,DENTRO,35,0.03,0.0,0.0
ALICE PORTUGAL,PC do B,SERROLANDIA,DENTRO,35,0.03,0.0,0.0
ALICE PORTUGAL,PC do B,JUSSIAPE,DENTRO,35,0.03,0.0,0.0
ALICE PORTUGAL,PC do B,BARRA DO CHOCA,DENTRO,34,0.03,0.0,0.0
ALICE PORTUGAL,PC do B,CENTRAL,DENTRO,34,0.03,0.0,0.0
ALICE PORTUGAL,PC do B,JUSSARI,DENTRO,34,0.03,0.0,0.0
ALICE PORTUGAL,PC do B,PARAMIRIM,DENTRO,34,0.03,0.0,0.0
ALICE PORTUGAL,PC do B,JEREMOABO,DENTRO,34,0.03,0.0,0.0
ALICE PORTUGAL,PC do B,SAO DESIDERIO,DENTRO,33,0.03,0.0,0.0
ALICE PORTUGAL,PC do B,REMANSO,DENTRO,33,0.03,0.0,0.0
ALICE PORTUGAL,PC do B,MIGUEL CALMON,DENTRO,33,0.03,0.0,0.0
ALICE PORTUGAL,PC do B,SAUBARA,DENTRO,32,0.03,0.0,0.0
ALICE PORTUGAL,PC do B,LAMARAO,DENTRO,31,0.02,0.0,0.0
ALICE PORTUGAL,PC do B,CAMPO FORMOSO,DENTRO,31,0.02,0.0,0.0
ALICE PORTUGAL,PC do B,CABACEIRAS DO PARAGUACU,DENTRO,31,0.02,0.0,0.0
ALICE PORTUGAL,PC do B,ARATACA,DENTRO,31,0.02,0.0,0.0
ALICE PORTUGAL,PC do B,IPECAETA,DENTRO,31,0.02,0.0,0.0
ALICE PORTUGAL,PC do B,BARRO PRETO,DENTRO,30,0.02,0.0,0.0
ALICE PORTUGAL,PC do B,VALENTE,DENTRO,30,0.02,0.0,0.0
ALICE PORTUGAL,PC do B,ITAGIMIRIM,DENTRO,30,0.02,0.0,0.0
ALICE PORTUGAL,PC do B,RIACHO DE SANTANA,DENTRO,29,0.02,0.0,0.0
ALICE PORTUGAL,PC do B,APORA,DENTRO,29,0.02,0.0,0.0
ALICE PORTUGAL,PC do B,PEDRAO,DENTRO,29,0.02,0.0,0.0
ALICE PORTUGAL,PC do B,ANDARAI,DENTRO,28,0.02,0.0,0.0
ALICE PORTUGAL,PC do B,SANTA TEREZINHA,DENTRO,28,0.02,0.0,0.0
ALICE PORTUGAL,PC do B,IRAQUARA,DENTRO,28,0.02,0.0,0.0
ALICE PORTUGAL,PC do B,BELO CAMPO,DENTRO,27,0.02,0.0,0.0
ALICE PORTUGAL,PC do B,CACULE,DENTRO,27,0.02,0.0,0.0
ALICE PORTUGAL,PC do B,SOUTO SOARES,DENTRO,27,0.02,0.0,0.0
ALICE PORTUGAL,PC do B,SANTA LUZIA,DENTRO,27,0.02,0.0,0.0
ALICE PORTUGAL,PC do B,ELISIO MEDRADO,DENTRO,26,0.02,0.0,0.0
ALICE PORTUGAL,PC do B,JAGUARARI,DENTRO,26,0.02,0.0,0.0
ALICE PORTUGAL,PC do B,JITAUNA,DENTRO,26,0.02,0.0,0.0
ALICE PORTUGAL,PC do B,ARAMARI,DENTRO,26,0.02,0.0,0.0
ALICE PORTUGAL,PC do B,NOVA VICOSA,DENTRO,25,0.02,0.0,0.0
ALICE PORTUGAL,PC do B,GENTIO DO OURO,DENTRO,25,0.02,0.0,0.0
ALICE PORTUGAL,PC do B,MULUNGU DO MORRO,DENTRO,24,0.02,0.0,0.0
ALICE PORTUGAL,PC do B,ITUACU,DENTRO,24,0.02,0.0,0.0
ALICE PORTUGAL,PC do B,ARACAS,DENTRO,24,0.02,0.0,0.0
ALICE PORTUGAL,PC do B,PALMEIRAS,DENTRO,24,0.02,0.0,0.0
ALICE PORTUGAL,PC do B,ITAQUARA,DENTRO,24,0.02,0.0,0.0
ALICE PORTUGAL,PC do B,ADUSTINA,DENTRO,24,0.02,0.0,0.0
ALICE PORTUGAL,PC do B,AGUA FRIA,DENTRO,23,0.02,0.0,0.0
ALICE PORTUGAL,PC do B,PEDRO ALEXANDRE,DENTRO,23,0.02,0.0,0.0
ALICE PORTUGAL,PC do B,LAFAIETE COUTINHO,DENTRO,23,0.02,0.0,0.0
ALICE PORTUGAL,PC do B,BREJOES,DENTRO,23,0.02,0.0,0.0
ALICE PORTUGAL,PC do B,IBICOARA,DENTRO,23,0.02,0.0,0.0
ALICE PORTUGAL,PC do B,MACAJUBA,DENTRO,23,0.02,0.0,0.0
ALICE PORTUGAL,PC do B,ITATIM,DENTRO,22,0.02,0.0,0.0
ALICE PORTUGAL,PC do B,CONTENDAS DO SINCORA,DENTRO,22,0.02,0.0,0.0
ALICE PORTUGAL,PC do B,RIBEIRA DO POMBAL,DENTRO,22,0.02,0.0,0.0
ALICE PORTUGAL,PC do B,PE DE SERRA,DENTRO,22,0.02,0.0,0.0
ALICE PORTUGAL,PC do B,BROTAS DE MACAUBAS,DENTRO,22,0.02,0.0,0.0
ALICE PORTUGAL,PC do B,RETIROLANDIA,DENTRO,22,0.02,0.0,0.0
ALICE PORTUGAL,PC do B,RIACHAO DAS NEVES,DENTRO,21,0.02,0.0,0.0
ALICE PORTUGAL,PC do B,PALMAS DE MONTE ALTO,DENTRO,21,0.02,0.0,0.0
ALICE PORTUGAL,PC do B,BIRITINGA,DENTRO,21,0.02,0.0,0.0
ALICE PORTUGAL,PC do B,ARACATU,DENTRO,20,0.02,0.0,0.0
ALICE PORTUGAL,PC do B,PIATA,DENTRO,20,0.02,0.0,0.0
ALICE PORTUGAL,PC do B,CRAVOLANDIA,DENTRO,20,0.02,0.0,0.0
ALICE PORTUGAL,PC do B,ICHU,DENTRO,20,0.02,0.0,0.0
ALICE PORTUGAL,PC do B,NOVA FATIMA,DENTRO,20,0.02,0.0,0.0
ALICE PORTUGAL,PC do B,CARDEAL DA SILVA,DENTRO,19,0.02,0.0,0.0
ALICE PORTUGAL,PC do B,CORIBE,DENTRO,19,0.02,0.0,0.0
ALICE PORTUGAL,PC do B,SANTA RITA DE CASSIA,DENTRO,19,0.02,0.0,0.0
ALICE PORTUGAL,PC do B,RIBEIRA DO AMPARO,DENTRO,19,0.02,0.0,0.0
ALICE PORTUGAL,PC do B,BOQUIRA,DENTRO,19,0.02,0.0,0.0
ALICE PORTUGAL,PC do B,SOBRADINHO,DENTRO,19,0.02,0.0,0.0
ALICE PORTUGAL,PC do B,LENCOIS,DENTRO,18,0.01,0.0,0.0
ALICE PORTUGAL,PC do B,CALDEIRAO GRANDE,DENTRO,18,0.01,0.0,0.0
ALICE PORTUGAL,PC do B,QUIJINGUE,DENTRO,18,0.01,0.0,0.0
ALICE PORTUGAL,PC do B,BARRA DO ROCHA,DENTRO,17,0.01,0.0,0.0
ALICE PORTUGAL,PC do B,BOTUPORA,DENTRO,17,0.01,0.0,0.0
ALICE PORTUGAL,PC do B,IUIU,DENTRO,17,0.01,0.0,0.0
ALICE PORTUGAL,PC do B,TAPIRAMUTA,DENTRO,17,0.01,0.0,0.0
ALICE PORTUGAL,PC do B,ANDORINHA,DENTRO,17,0.01,0.0,0.0
ALICE PORTUGAL,PC do B,FATIMA,DENTRO,16,0.01,0.0,0.0
ALICE PORTUGAL,PC do B,SAUDE,DENTRO,16,0.01,0.0,0.0
ALICE PORTUGAL,PC do B,SANTA CRUZ DA VITORIA,DENTRO,15,0.01,0.0,0.0
ALICE PORTUGAL,PC do B,POTIRAGUA,DENTRO,15,0.01,0.0,0.0
ALICE PORTUGAL,PC do B,PINTADAS,DENTRO,14,0.01,0.0,0.0
ALICE PORTUGAL,PC do B,PLANALTINO,DENTRO,14,0.01,0.0,0.0
ALICE PORTUGAL,PC do B,RIO DO ANTONIO,DENTRO,14,0.01,0.0,0.0
ALICE PORTUGAL,PC do B,ALMADINA,DENTRO,14,0.01,0.0,0.0
ALICE PORTUGAL,PC do B,SITIO DO QUINTO,DENTRO,14,0.01,0.0,0.0
ALICE PORTUGAL,PC do B,ABAIRA,DENTRO,14,0.01,0.0,0.0
ALICE PORTUGAL,PC do B,SATIRO DIAS,DENTRO,14,0.01,0.0,0.0
ALICE PORTUGAL,PC do B,ITAJU DO COLONIA,DENTRO,14,0.01,0.0,0.0
ALICE PORTUGAL,PC do B,FILADELFIA,DENTRO,14,0.01,0.0,0.0
ALICE PORTUGAL,PC do B,IPUPIARA,DENTRO,13,0.01,0.0,0.0
ALICE PORTUGAL,PC do B,CARINHANHA,DENTRO,13,0.01,0.0,0.0
ALICE PORTUGAL,PC do B,ITAGI,DENTRO,13,0.01,0.0,0.0
ALICE PORTUGAL,PC do B,CANDIDO SALES,DENTRO,13,0.01,0.0,0.0
ALICE PORTUGAL,PC do B,COCOS,DENTRO,12,0.01,0.0,0.0
ALICE PORTUGAL,PC do B,CICERO DANTAS,DENTRO,12,0.01,0.0,0.0
ALICE PORTUGAL,PC do B,CORRENTINA,DENTRO,12,0.01,0.0,0.0
ALICE PORTUGAL,PC do B,CAATIBA,DENTRO,12,0.01,0.0,0.0
ALICE PORTUGAL,PC do B,CORONEL JOAO SA,DENTRO,12,0.01,0.0,0.0
ALICE PORTUGAL,PC do B,URANDI,DENTRO,11,0.01,0.0,0.0
ALICE PORTUGAL,PC do B,MAIQUINIQUE,DENTRO,11,0.01,0.0,0.0
ALICE PORTUGAL,PC do B,PINDAI,DENTRO,11,0.01,0.0,0.0
ALICE PORTUGAL,PC do B,MEDEIROS NETO,DENTRO,11,0.01,0.0,0.0
ALICE PORTUGAL,PC do B,SANTANA,DENTRO,11,0.01,0.0,0.0
ALICE PORTUGAL,PC do B,ANTONIO GONCALVES,DENTRO,10,0.01,0.0,0.0
ALICE PORTUGAL,PC do B,LICINIO DE ALMEIDA,DENTRO,10,0.01,0.0,0.0
ALICE PORTUGAL,PC do B,UMBURANAS,DENTRO,10,0.01,0.0,0.0
ALICE PORTUGAL,PC do B,LAGOA REAL,DENTRO,10,0.01,0.0,0.0
ALICE PORTUGAL,PC do B,AIQUARA,DENTRO,10,0.01,0.0,0.0
ALICE PORTUGAL,PC do B,RIBEIRAO DO LARGO,DENTRO,10,0.01,0.0,0.0
ALICE PORTUGAL,PC do B,BONINAL,DENTRO,10,0.01,0.0,0.0
ALICE PORTUGAL,PC do B,VARZEA NOVA,DENTRO,9,0.01,0.0,0.0
ALICE PORTUGAL,PC do B,TANQUE NOVO,DENTRO,9,0.01,0.0,0.0
ALICE PORTUGAL,PC do B,HELIOPOLIS,DENTRO,9,0.01,0.0,0.0
ALICE PORTUGAL,PC do B,ITARANTIM,DENTRO,9,0.01,0.0,0.0
ALICE PORTUGAL,PC do B,COTEGIPE,DENTRO,8,0.01,0.0,0.0
ALICE PORTUGAL,PC do B,TANQUINHO,DENTRO,8,0.01,0.0,0.0
ALICE PORTUGAL,PC do B,OURICANGAS,DENTRO,8,0.01,0.0,0.0
ALICE PORTUGAL,PC do B,GUAJERU,DENTRO,8,0.01,0.0,0.0
ALICE PORTUGAL,PC do B,SAO JOSE DO JACUIPE,DENTRO,8,0.01,0.0,0.0
ALICE PORTUGAL,PC do B,MIRANGABA,DENTRO,8,0.01,0.0,0.0
ALICE PORTUGAL,PC do B,WAGNER,DENTRO,8,0.01,0.0,0.0
ALICE PORTUGAL,PC do B,FIRMINO ALVES,DENTRO,8,0.01,0.0,0.0
ALICE PORTUGAL,PC do B,WANDERLEY,DENTRO,8,0.01,0.0,0.0
ALICE PORTUGAL,PC do B,NOVA ITARANA,DENTRO,8,0.01,0.0,0.0
ALICE PORTUGAL,PC do B,CATURAMA,DENTRO,8,0.01,0.0,0.0
ALICE PORTUGAL,PC do B,JACARACI,DENTRO,8,0.01,0.0,0.0
ALICE PORTUGAL,PC do B,IBITIARA,DENTRO,7,0.01,0.0,0.0
ALICE PORTUGAL,PC do B,SEBASTIAO LARANJEIRAS,DENTRO,7,0.01,0.0,0.0
ALICE PORTUGAL,PC do B,VARZEA DO POCO,DENTRO,7,0.01,0.0,0.0
ALICE PORTUGAL,PC do B,NOVO HORIZONTE,DENTRO,7,0.01,0.0,0.0
ALICE PORTUGAL,PC do B,PONTO NOVO,DENTRO,7,0.01,0.0,0.0
ALICE PORTUGAL,PC do B,PIRIPA,DENTRO,7,0.01,0.0,0.0
ALICE PORTUGAL,PC do B,MUCUGE,DENTRO,7,0.01,0.0,0.0
ALICE PORTUGAL,PC do B,MALHADA DE PEDRAS,DENTRO,7,0.01,0.0,0.0
ALICE PORTUGAL,PC do B,CORDEIROS,DENTRO,7,0.01,0.0,0.0
ALICE PORTUGAL,PC do B,PINDOBACU,DENTRO,6,0.00,0.0,0.0
ALICE PORTUGAL,PC do B,IGAPORA,DENTRO,6,0.00,0.0,0.0
ALICE PORTUGAL,PC do B,CANUDOS,DENTRO,6,0.00,0.0,0.0
ALICE PORTUGAL,PC do B,CRISTOPOLIS,DENTRO,6,0.00,0.0,0.0
ALICE PORTUGAL,PC do B,SAO DOMINGOS,DENTRO,6,0.00,0.0,0.0
ALICE PORTUGAL,PC do B,CAPELA DO ALTO ALEGRE,DENTRO,6,0.00,0.0,0.0
ALICE PORTUGAL,PC do B,CANDEAL,DENTRO,6,0.00,0.0,0.0
ALICE PORTUGAL,PC do B,QUIXABEIRA,DENTRO,6,0.00,0.0,0.0
ALICE PORTUGAL,PC do B,FORMOSA DO RIO PRETO,DENTRO,6,0.00,0.0,0.0
ALICE PORTUGAL,PC do B,CARAIBAS,DENTRO,6,0.00,0.0,0.0
ALICE PORTUGAL,PC do B,RODELAS,DENTRO,6,0.00,0.0,0.0
ALICE PORTUGAL,PC do B,MACARANI,DENTRO,5,0.00,0.0,0.0
ALICE PORTUGAL,PC do B,IBIPITANGA,DENTRO,5,0.00,0.0,0.0
ALICE PORTUGAL,PC do B,BURITIRAMA,DENTRO,5,0.00,0.0,0.0
ALICE PORTUGAL,PC do B,JUCURUCU,DENTRO,5,0.00,0.0,0.0
ALICE PORTUGAL,PC do B,IBIRAPUA,DENTRO,5,0.00,0.0,0.0
ALICE PORTUGAL,PC do B,JABORANDI,DENTRO,5,0.00,0.0,0.0
ALICE PORTUGAL,PC do B,SERRA DO RAMALHO,DENTRO,5,0.00,0.0,0.0
ALICE PORTUGAL,PC do B,PILAO ARCADO,DENTRO,5,0.00,0.0,0.0
ALICE PORTUGAL,PC do B,GAVIAO,DENTRO,5,0.00,0.0,0.0
ALICE PORTUGAL,PC do B,BAIANOPOLIS,DENTRO,4,0.00,0.0,0.0
ALICE PORTUGAL,PC do B,MORTUGABA,DENTRO,4,0.00,0.0,0.0
ALICE PORTUGAL,PC do B,ANTAS,DENTRO,4,0.00,0.0,0.0
ALICE PORTUGAL,PC do B,CATOLANDIA,DENTRO,4,0.00,0.0,0.0
ALICE PORTUGAL,PC do B,MUQUEM DO SAO FRANCISCO,DENTRO,3,0.00,0.0,0.0
ALICE PORTUGAL,PC do B,SITIO DO MATO,DENTRO,3,0.00,0.0,0.0
ALICE PORTUGAL,PC do B,CANAPOLIS,DENTRO,3,0.00,0.0,0.0
ALICE PORTUGAL,PC do B,LAJEDINHO,DENTRO,3,0.00,0.0,0.0
ALICE PORTUGAL,PC do B,CHORROCHO,DENTRO,3,0.00,0.0,0.0
ALICE PORTUGAL,PC do B,BOA VISTA DO TUPIM,DENTRO,3,0.00,0.0,0.0
ALICE PORTUGAL,PC do B,MARCIONILIO SOUZA,DENTRO,3,0.00,0.0,0.0
ALICE PORTUGAL,PC do B,TABOCAS DO BREJO VELHO,DENTRO,3,0.00,0.0,0.0
ALICE PORTUGAL,PC do B,MANSIDAO,DENTRO,3,0.00,0.0,0.0
ALICE PORTUGAL,PC do B,NOVA REDENCAO,DENTRO,3,0.00,0.0,0.0
ALICE PORTUGAL,PC do B,CANDIBA,DENTRO,3,0.00,0.0,0.0
ALICE PORTUGAL,PC do B,IBIASSUCE,DENTRO,3,0.00,0.0,0.0
ALICE PORTUGAL,PC do B,ENCRUZILHADA,DENTRO,2,0.00,0.0,0.0
ALICE PORTUGAL,PC do B,SERRA DOURADA,DENTRO,2,0.00,0.0,0.0
ALICE PORTUGAL,PC do B,RIO DO PIRES,DENTRO,2,0.00,0.0,0.0
ALICE PORTUGAL,PC do B,LAJEDAO,DENTRO,2,0.00,0.0,0.0
ALICE PORTUGAL,PC do B,ABARE,DENTRO,2,0.00,0.0,0.0
ALICE PORTUGAL,PC do B,PRESIDENTE JANIO QUADROS,DENTRO,2,0.00,0.0,0.0
ALICE PORTUGAL,PC do B,MAETINGA,DENTRO,1,0.00,0.0,0.0
ALICE PORTUGAL,PC do B,MACURURE,DENTRO,1,0.00,0.0,0.0
ALICE PORTUGAL,PC do B,FEIRA DA MATA,DENTRO,1,0.00,0.0,0.0
ALICE PORTUGAL,PC do B,CAMPO ALEGRE DE LOURDES,DENTRO,1,0.00,0.0,0.0
ALICE PORTUGAL,PC do B,ERICO CARDOSO,DENTRO,1,0.00,0.0,0.0
ALICE PORTUGAL,PC do B,BANZAE,DENTRO,1,0.00,0.0,0.0
ALICE PORTUGAL,PC do B,VEREDA,DENTRO,0,0.00,0.0,0.0
ALICE PORTUGAL,PC do B,MATINA,DENTRO,0,0.00,0.0,0.0
ALICE PORTUGAL,PC do B,ITAETE,DENTRO,0,0.00,0.0,0.0
ALICE PORTUGAL,PC do B,IBIQUERA,DENTRO,0,0.00,0.0,0.0
ALICE PORTUGAL,PC do B,NOVO TRIUNFO,DENTRO,0,0.00,0.0,0.0
ALICE PORTUGAL,PC do B,MALHADA,DENTRO,0,0.00,0.0,0.0
ALICE PORTUGAL,PC do B,MORPARA,DENTRO,0,0.00,0.0,0.0
ALICE PORTUGAL,PC do B,BREJOLANDIA,DENTRO,0,0.00,0.0,0.0
ALICE PORTUGAL,PC do B,MULTIPLO,AMPLO,0,0,78587132.0,54.3
ALICE PORTUGAL,PC do B,SEM INFORMACAO,AMPLO,0,0,19491328.74,13.47
ALICE PORTUGAL,PC do B,LAPAO (BAHIA),FORA,0,0,6689525.0,4.62
ALICE PORTUGAL,PC do B,CAETANOS (BAHIA),FORA,0,0,4595000.0,3.17
ALICE PORTUGAL,PC do B,ARATUIPE (BAHIA),FORA,0,0,4395000.0,3.04
ALICE PORTUGAL,PC do B,POCOES (BAHIA),FORA,0,0,3300000.0,2.28
ALICE PORTUGAL,PC do B,JIQUIRICA (BAHIA),FORA,0,0,2995000.0,2.07
ALICE PORTUGAL,PC do B,SANTA INES (BAHIA),FORA,0,0,2995000.0,2.07
ALICE PORTUGAL,PC do B,ITACARE (BAHIA),FORA,0,0,2496500.0,1.72
ALICE PORTUGAL,PC do B,IBITITA (BAHIA),FORA,0,0,1995000.0,1.38
ALICE PORTUGAL,PC do B,MUTUIPE (BAHIA),FORA,0,0,1995000.0,1.38
ALICE PORTUGAL,PC do B,AMERICA DOURADA (BAHIA),FORA,0,0,1596000.0,1.1
ALICE PORTUGAL,PC do B,ITAPITANGA (BAHIA),FORA,0,0,1477500.0,1.02
ALICE PORTUGAL,PC do B,ANGUERA (BAHIA),FORA,0,0,1000000.0,0.69
ALICE PORTUGAL,PC do B,IRECE (BAHIA),FORA,0,0,1000000.0,0.69
ALICE PORTUGAL,PC do B,CANARANA (BAHIA),FORA,0,0,1000000.0,0.69
ALICE PORTUGAL,PC do B,SANTANOPOLIS (BAHIA),FORA,0,0,1000000.0,0.69
ALICE PORTUGAL,PC do B,MULUNGU DO MORRO (BAHIA),FORA,0,0,1000000.0,0.69
ALICE PORTUGAL,PC do B,AMARGOSA (BAHIA),FORA,0,0,1000000.0,0.69
ALICE PORTUGAL,PC do B,JOAO DOURADO (BAHIA),FORA,0,0,995000.0,0.69
ALICE PORTUGAL,PC do B,BRUMADO (BAHIA),FORA,0,0,925841.0,0.64
ALICE PORTUGAL,PC do B,WENCESLAU GUIMARAES (BAHIA),FORA,0,0,600000.0,0.41
ALICE PORTUGAL,PC do B,NAZARE (BAHIA),FORA,0,0,600000.0,0.41
ALICE PORTUGAL,PC do B,PORTO SEGURO (BAHIA),FORA,0,0,500000.0,0.35
ALICE PORTUGAL,PC do B,MILAGRES (BAHIA),FORA,0,0,500000.0,0.35
ALICE PORTUGAL,PC do B,TAPIRAMUTA (BAHIA),FORA,0,0,497500.0,0.34
ALICE PORTUGAL,PC do B,ITABUNA (BAHIA),FORA,0,0,459900.0,0.32
ALICE PORTUGAL,PC do B,CAFARNAUM (BAHIA),FORA,0,0,400000.0,0.28
ALICE PORTUGAL,PC do B,SANTO AMARO (BAHIA),FORA,0,0,350000.0,0.24
ALICE PORTUGAL,PC do B,CAMAMU (BAHIA),FORA,0,0,300000.0,0.21
ADOLFO VIANA,PSDB,JUAZEIRO,DENTRO,17238,13.99,0.0,0.0
ADOLFO VIANA,PSDB,ITAMARAJU,DENTRO,6922,5.62,0.0,0.0
ADOLFO VIANA,PSDB,CASA NOVA,DENTRO,5692,4.62,0.0,0.0
ADOLFO VIANA,PSDB,SOBRADINHO,DENTRO,4931,4.00,0.0,0.0
ADOLFO VIANA,PSDB,SANTO ANTONIO DE JESUS,DENTRO,4811,3.91,0.0,0.0
ADOLFO VIANA,PSDB,CURACA,DENTRO,4626,3.75,0.0,0.0
ADOLFO VIANA,PSDB,SALVADOR,DENTRO,4596,3.73,0.0,0.0
ADOLFO VIANA,PSDB,SERRA DO RAMALHO,DENTRO,4139,3.36,0.0,0.0
ADOLFO VIANA,PSDB,AGUA FRIA,DENTRO,3734,3.03,0.0,0.0
ADOLFO VIANA,PSDB,POJUCA,DENTRO,3591,2.91,0.0,0.0
ADOLFO VIANA,PSDB,ESPLANADA,DENTRO,3404,2.76,0.0,0.0
ADOLFO VIANA,PSDB,SENTO SE,DENTRO,3314,2.69,0.0,0.0
ADOLFO VIANA,PSDB,SANTA RITA DE CASSIA,DENTRO,3246,2.63,0.0,0.0
ADOLFO VIANA,PSDB,DIAS D AVILA,DENTRO,3154,2.56,0.0,0.0
ADOLFO VIANA,PSDB,ITUBERA,DENTRO,2887,2.34,0.0,0.0
ADOLFO VIANA,PSDB,PIRAI DO NORTE,DENTRO,2715,2.20,0.0,0.0
ADOLFO VIANA,PSDB,BOA VISTA DO TUPIM,DENTRO,2687,2.18,0.0,0.0
ADOLFO VIANA,PSDB,PAULO AFONSO,DENTRO,2427,1.97,0.0,0.0
ADOLFO VIANA,PSDB,JAGUARARI,DENTRO,2421,1.97,0.0,0.0
ADOLFO VIANA,PSDB,REMANSO,DENTRO,2319,1.88,0.0,0.0
ADOLFO VIANA,PSDB,LAPAO,DENTRO,2222,1.80,0.0,0.0
ADOLFO VIANA,PSDB,SAO MIGUEL DAS MATAS,DENTRO,2069,1.68,0.0,0.0
ADOLFO VIANA,PSDB,RUY BARBOSA,DENTRO,1829,1.48,0.0,0.0
ADOLFO VIANA,PSDB,IBIQUERA,DENTRO,1470,1.19,0.0,0.0
ADOLFO VIANA,PSDB,VALENTE,DENTRO,1312,1.06,0.0,0.0
ADOLFO VIANA,PSDB,FEIRA DE SANTANA,DENTRO,1224,0.99,0.0,0.0
ADOLFO VIANA,PSDB,PILAO ARCADO,DENTRO,1056,0.86,0.0,0.0
ADOLFO VIANA,PSDB,IBITITA,DENTRO,1021,0.83,0.0,0.0
ADOLFO VIANA,PSDB,UAUA,DENTRO,894,0.73,0.0,0.0
ADOLFO VIANA,PSDB,ITAPETINGA,DENTRO,791,0.64,0.0,0.0
ADOLFO VIANA,PSDB,ITABERABA,DENTRO,733,0.59,0.0,0.0
ADOLFO VIANA,PSDB,VITORIA DA CONQUISTA,DENTRO,709,0.58,0.0,0.0
ADOLFO VIANA,PSDB,EUNAPOLIS,DENTRO,695,0.56,0.0,0.0
ADOLFO VIANA,PSDB,CANDIDO SALES,DENTRO,664,0.54,0.0,0.0
ADOLFO VIANA,PSDB,PINDOBACU,DENTRO,624,0.51,0.0,0.0
ADOLFO VIANA,PSDB,BOM JESUS DA LAPA,DENTRO,622,0.50,0.0,0.0
ADOLFO VIANA,PSDB,VARZEA NOVA,DENTRO,612,0.50,0.0,0.0
ADOLFO VIANA,PSDB,SAUBARA,DENTRO,609,0.49,0.0,0.0
ADOLFO VIANA,PSDB,UMBURANAS,DENTRO,591,0.48,0.0,0.0
ADOLFO VIANA,PSDB,QUEIMADAS,DENTRO,586,0.48,0.0,0.0
ADOLFO VIANA,PSDB,MUCURI,DENTRO,537,0.44,0.0,0.0
ADOLFO VIANA,PSDB,CAPIM GROSSO,DENTRO,496,0.40,0.0,0.0
ADOLFO VIANA,PSDB,MACURURE,DENTRO,451,0.37,0.0,0.0
ADOLFO VIANA,PSDB,ILHEUS,DENTRO,446,0.36,0.0,0.0
ADOLFO VIANA,PSDB,VERA CRUZ,DENTRO,443,0.36,0.0,0.0
ADOLFO VIANA,PSDB,SAO DESIDERIO,DENTRO,425,0.34,0.0,0.0
ADOLFO VIANA,PSDB,BARRA,DENTRO,404,0.33,0.0,0.0
ADOLFO VIANA,PSDB,ARACAS,DENTRO,402,0.33,0.0,0.0
ADOLFO VIANA,PSDB,SITIO DO QUINTO,DENTRO,394,0.32,0.0,0.0
ADOLFO VIANA,PSDB,SAO SEBASTIAO DO PASSE,DENTRO,378,0.31,0.0,0.0
ADOLFO VIANA,PSDB,IBICARAI,DENTRO,350,0.28,0.0,0.0
ADOLFO VIANA,PSDB,CONCEICAO DO JACUIPE,DENTRO,327,0.27,0.0,0.0
ADOLFO VIANA,PSDB,CAEM,DENTRO,302,0.25,0.0,0.0
ADOLFO VIANA,PSDB,PORTO SEGURO,DENTRO,287,0.23,0.0,0.0
ADOLFO VIANA,PSDB,ABARE,DENTRO,263,0.21,0.0,0.0
ADOLFO VIANA,PSDB,QUIJINGUE,DENTRO,253,0.21,0.0,0.0
ADOLFO VIANA,PSDB,CAMACARI,DENTRO,252,0.20,0.0,0.0
ADOLFO VIANA,PSDB,LAURO DE FREITAS,DENTRO,233,0.19,0.0,0.0
ADOLFO VIANA,PSDB,MIRANGABA,DENTRO,218,0.18,0.0,0.0
ADOLFO VIANA,PSDB,CAMPO FORMOSO,DENTRO,182,0.15,0.0,0.0
ADOLFO VIANA,PSDB,MARAU,DENTRO,174,0.14,0.0,0.0
ADOLFO VIANA,PSDB,ITABUNA,DENTRO,163,0.13,0.0,0.0
ADOLFO VIANA,PSDB,PRADO,DENTRO,161,0.13,0.0,0.0
ADOLFO VIANA,PSDB,CAMPO ALEGRE DE LOURDES,DENTRO,155,0.13,0.0,0.0
ADOLFO VIANA,PSDB,GLORIA,DENTRO,142,0.12,0.0,0.0
ADOLFO VIANA,PSDB,SENHOR DO BONFIM,DENTRO,140,0.11,0.0,0.0
ADOLFO VIANA,PSDB,TEODORO SAMPAIO,DENTRO,127,0.10,0.0,0.0
ADOLFO VIANA,PSDB,IGRAPIUNA,DENTRO,114,0.09,0.0,0.0
ADOLFO VIANA,PSDB,APORA,DENTRO,107,0.09,0.0,0.0
ADOLFO VIANA,PSDB,JACOBINA,DENTRO,107,0.09,0.0,0.0
ADOLFO VIANA,PSDB,JAGUARIPE,DENTRO,100,0.08,0.0,0.0
ADOLFO VIANA,PSDB,MATA DE SAO JOAO,DENTRO,93,0.08,0.0,0.0
ADOLFO VIANA,PSDB,CATU,DENTRO,92,0.07,0.0,0.0
ADOLFO VIANA,PSDB,BARREIRAS,DENTRO,90,0.07,0.0,0.0
ADOLFO VIANA,PSDB,LAJE,DENTRO,90,0.07,0.0,0.0
ADOLFO VIANA,PSDB,CARDEAL DA SILVA,DENTRO,87,0.07,0.0,0.0
ADOLFO VIANA,PSDB,MACARANI,DENTRO,80,0.06,0.0,0.0
ADOLFO VIANA,PSDB,ARACI,DENTRO,80,0.06,0.0,0.0
ADOLFO VIANA,PSDB,TEOFILANDIA,DENTRO,79,0.06,0.0,0.0
ADOLFO VIANA,PSDB,TEIXEIRA DE FREITAS,DENTRO,77,0.06,0.0,0.0
ADOLFO VIANA,PSDB,POCOES,DENTRO,76,0.06,0.0,0.0
ADOLFO VIANA,PSDB,FIRMINO ALVES,DENTRO,75,0.06,0.0,0.0
ADOLFO VIANA,PSDB,GUARATINGA,DENTRO,74,0.06,0.0,0.0
ADOLFO VIANA,PSDB,IRECE,DENTRO,71,0.06,0.0,0.0
ADOLFO VIANA,PSDB,SAUDE,DENTRO,70,0.06,0.0,0.0
ADOLFO VIANA,PSDB,NILO PECANHA,DENTRO,69,0.06,0.0,0.0
ADOLFO VIANA,PSDB,LUIS EDUARDO MAGALHAES,DENTRO,67,0.05,0.0,0.0
ADOLFO VIANA,PSDB,PRESIDENTE TANCREDO NEVES,DENTRO,67,0.05,0.0,0.0
ADOLFO VIANA,PSDB,VARZEDO,DENTRO,67,0.05,0.0,0.0
ADOLFO VIANA,PSDB,CONDE,DENTRO,66,0.05,0.0,0.0
ADOLFO VIANA,PSDB,IACU,DENTRO,65,0.05,0.0,0.0
ADOLFO VIANA,PSDB,ALAGOINHAS,DENTRO,65,0.05,0.0,0.0
ADOLFO VIANA,PSDB,JEQUIE,DENTRO,64,0.05,0.0,0.0
ADOLFO VIANA,PSDB,CONCEICAO DO ALMEIDA,DENTRO,63,0.05,0.0,0.0
ADOLFO VIANA,PSDB,CARINHANHA,DENTRO,63,0.05,0.0,0.0
ADOLFO VIANA,PSDB,CANARANA,DENTRO,63,0.05,0.0,0.0
ADOLFO VIANA,PSDB,TABOCAS DO BREJO VELHO,DENTRO,63,0.05,0.0,0.0
ADOLFO VIANA,PSDB,BELMONTE,DENTRO,60,0.05,0.0,0.0
ADOLFO VIANA,PSDB,CONCEICAO DO COITE,DENTRO,58,0.05,0.0,0.0
ADOLFO VIANA,PSDB,VALENCA,DENTRO,53,0.04,0.0,0.0
ADOLFO VIANA,PSDB,SANTA CRUZ CABRALIA,DENTRO,52,0.04,0.0,0.0
ADOLFO VIANA,PSDB,GANDU,DENTRO,52,0.04,0.0,0.0
ADOLFO VIANA,PSDB,RIACHO DE SANTANA,DENTRO,48,0.04,0.0,0.0
ADOLFO VIANA,PSDB,SERRINHA,DENTRO,48,0.04,0.0,0.0
ADOLFO VIANA,PSDB,NAZARE,DENTRO,47,0.04,0.0,0.0
ADOLFO VIANA,PSDB,AMARGOSA,DENTRO,45,0.04,0.0,0.0
ADOLFO VIANA,PSDB,ITARANTIM,DENTRO,44,0.04,0.0,0.0
ADOLFO VIANA,PSDB,BARRA DO CHOCA,DENTRO,43,0.03,0.0,0.0
ADOLFO VIANA,PSDB,CHORROCHO,DENTRO,43,0.03,0.0,0.0
ADOLFO VIANA,PSDB,SAO FELIPE,DENTRO,43,0.03,0.0,0.0
ADOLFO VIANA,PSDB,VARZEA DO POCO,DENTRO,43,0.03,0.0,0.0
ADOLFO VIANA,PSDB,ACAJUTIBA,DENTRO,42,0.03,0.0,0.0
ADOLFO VIANA,PSDB,SERROLANDIA,DENTRO,42,0.03,0.0,0.0
ADOLFO VIANA,PSDB,MURITIBA,DENTRO,41,0.03,0.0,0.0
ADOLFO VIANA,PSDB,ENTRE RIOS,DENTRO,40,0.03,0.0,0.0
ADOLFO VIANA,PSDB,MUNIZ FERREIRA,DENTRO,40,0.03,0.0,0.0
ADOLFO VIANA,PSDB,SANTO AMARO,DENTRO,39,0.03,0.0,0.0
ADOLFO VIANA,PSDB,SIMOES FILHO,DENTRO,39,0.03,0.0,0.0
ADOLFO VIANA,PSDB,WENCESLAU GUIMARAES,DENTRO,39,0.03,0.0,0.0
ADOLFO VIANA,PSDB,IRARA,DENTRO,39,0.03,0.0,0.0
ADOLFO VIANA,PSDB,ITIUBA,DENTRO,38,0.03,0.0,0.0
ADOLFO VIANA,PSDB,URANDI,DENTRO,37,0.03,0.0,0.0
ADOLFO VIANA,PSDB,LAMARAO,DENTRO,37,0.03,0.0,0.0
ADOLFO VIANA,PSDB,SANTA BRIGIDA,DENTRO,34,0.03,0.0,0.0
ADOLFO VIANA,PSDB,SAPEACU,DENTRO,34,0.03,0.0,0.0
ADOLFO VIANA,PSDB,JUCURUCU,DENTRO,33,0.03,0.0,0.0
ADOLFO VIANA,PSDB,CALDEIRAO GRANDE,DENTRO,33,0.03,0.0,0.0
ADOLFO VIANA,PSDB,ENCRUZILHADA,DENTRO,32,0.03,0.0,0.0
ADOLFO VIANA,PSDB,CANDEIAS,DENTRO,32,0.03,0.0,0.0
ADOLFO VIANA,PSDB,DOM MACEDO COSTA,DENTRO,32,0.03,0.0,0.0
ADOLFO VIANA,PSDB,CRUZ DAS ALMAS,DENTRO,31,0.03,0.0,0.0
ADOLFO VIANA,PSDB,UBAIRA,DENTRO,30,0.02,0.0,0.0
ADOLFO VIANA,PSDB,ITABELA,DENTRO,30,0.02,0.0,0.0
ADOLFO VIANA,PSDB,UBAITABA,DENTRO,30,0.02,0.0,0.0
ADOLFO VIANA,PSDB,SANTALUZ,DENTRO,30,0.02,0.0,0.0
ADOLFO VIANA,PSDB,CORACAO DE MARIA,DENTRO,30,0.02,0.0,0.0
ADOLFO VIANA,PSDB,BIRITINGA,DENTRO,30,0.02,0.0,0.0
ADOLFO VIANA,PSDB,SAO GONCALO DOS CAMPOS,DENTRO,29,0.02,0.0,0.0
ADOLFO VIANA,PSDB,ITIRUCU,DENTRO,29,0.02,0.0,0.0
ADOLFO VIANA,PSDB,SANTA MARIA DA VITORIA,DENTRO,29,0.02,0.0,0.0
ADOLFO VIANA,PSDB,ARAMARI,DENTRO,28,0.02,0.0,0.0
ADOLFO VIANA,PSDB,ANDARAI,DENTRO,26,0.02,0.0,0.0
ADOLFO VIANA,PSDB,MARAGOGIPE,DENTRO,26,0.02,0.0,0.0
ADOLFO VIANA,PSDB,SATIRO DIAS,DENTRO,26,0.02,0.0,0.0
ADOLFO VIANA,PSDB,VEREDA,DENTRO,25,0.02,0.0,0.0
ADOLFO VIANA,PSDB,PARATINGA,DENTRO,24,0.02,0.0,0.0
ADOLFO VIANA,PSDB,OUROLANDIA,DENTRO,24,0.02,0.0,0.0
ADOLFO VIANA,PSDB,CASTRO ALVES,DENTRO,23,0.02,0.0,0.0
ADOLFO VIANA,PSDB,ANDORINHA,DENTRO,23,0.02,0.0,0.0
ADOLFO VIANA,PSDB,ELISIO MEDRADO,DENTRO,22,0.02,0.0,0.0
ADOLFO VIANA,PSDB,SAO GABRIEL,DENTRO,22,0.02,0.0,0.0
ADOLFO VIANA,PSDB,ITORORO,DENTRO,21,0.02,0.0,0.0
ADOLFO VIANA,PSDB,CAMAMU,DENTRO,21,0.02,0.0,0.0
ADOLFO VIANA,PSDB,ITAMBE,DENTRO,19,0.02,0.0,0.0
ADOLFO VIANA,PSDB,RIACHAO DAS NEVES,DENTRO,19,0.02,0.0,0.0
ADOLFO VIANA,PSDB,CORIBE,DENTRO,19,0.02,0.0,0.0
ADOLFO VIANA,PSDB,URUCUCA,DENTRO,19,0.02,0.0,0.0
ADOLFO VIANA,PSDB,SALINAS DA MARGARIDA,DENTRO,19,0.02,0.0,0.0
ADOLFO VIANA,PSDB,NOVA REDENCAO,DENTRO,19,0.02,0.0,0.0
ADOLFO VIANA,PSDB,ADUSTINA,DENTRO,19,0.02,0.0,0.0
ADOLFO VIANA,PSDB,ANTONIO GONCALVES,DENTRO,18,0.01,0.0,0.0
ADOLFO VIANA,PSDB,SITIO DO MATO,DENTRO,18,0.01,0.0,0.0
ADOLFO VIANA,PSDB,SANTO ESTEVAO,DENTRO,18,0.01,0.0,0.0
ADOLFO VIANA,PSDB,RIO REAL,DENTRO,17,0.01,0.0,0.0
ADOLFO VIANA,PSDB,JAGUAQUARA,DENTRO,17,0.01,0.0,0.0
ADOLFO VIANA,PSDB,MADRE DE DEUS,DENTRO,17,0.01,0.0,0.0
ADOLFO VIANA,PSDB,IPIAU,DENTRO,17,0.01,0.0,0.0
ADOLFO VIANA,PSDB,SAO FELIX DO CORIBE,DENTRO,17,0.01,0.0,0.0
ADOLFO VIANA,PSDB,ITANAGRA,DENTRO,17,0.01,0.0,0.0
ADOLFO VIANA,PSDB,MARACAS,DENTRO,17,0.01,0.0,0.0
ADOLFO VIANA,PSDB,CAATIBA,DENTRO,17,0.01,0.0,0.0
ADOLFO VIANA,PSDB,TAPEROA,DENTRO,16,0.01,0.0,0.0
ADOLFO VIANA,PSDB,AMELIA RODRIGUES,DENTRO,16,0.01,0.0,0.0
ADOLFO VIANA,PSDB,ITAPICURU,DENTRO,16,0.01,0.0,0.0
ADOLFO VIANA,PSDB,LIVRAMENTO DE NOSSA SENHORA,DENTRO,16,0.01,0.0,0.0
ADOLFO VIANA,PSDB,CATOLANDIA,DENTRO,16,0.01,0.0,0.0
ADOLFO VIANA,PSDB,MUTUIPE,DENTRO,16,0.01,0.0,0.0
ADOLFO VIANA,PSDB,UTINGA,DENTRO,15,0.01,0.0,0.0
ADOLFO VIANA,PSDB,CANUDOS,DENTRO,15,0.01,0.0,0.0
ADOLFO VIANA,PSDB,CARAVELAS,DENTRO,14,0.01,0.0,0.0
ADOLFO VIANA,PSDB,ANAGE,DENTRO,14,0.01,0.0,0.0
ADOLFO VIANA,PSDB,SANTA BARBARA,DENTRO,14,0.01,0.0,0.0
ADOLFO VIANA,PSDB,MARCIONILIO SOUZA,DENTRO,14,0.01,0.0,0.0
ADOLFO VIANA,PSDB,NOVA VICOSA,DENTRO,14,0.01,0.0,0.0
ADOLFO VIANA,PSDB,FORMOSA DO RIO PRETO,DENTRO,14,0.01,0.0,0.0
ADOLFO VIANA,PSDB,SERRA PRETA,DENTRO,14,0.01,0.0,0.0
ADOLFO VIANA,PSDB,PONTO NOVO,DENTRO,14,0.01,0.0,0.0
ADOLFO VIANA,PSDB,CONCEICAO DA FEIRA,DENTRO,14,0.01,0.0,0.0
ADOLFO VIANA,PSDB,ITAGUACU DA BAHIA,DENTRO,13,0.01,0.0,0.0
ADOLFO VIANA,PSDB,IRAMAIA,DENTRO,13,0.01,0.0,0.0
ADOLFO VIANA,PSDB,BARRO ALTO,DENTRO,13,0.01,0.0,0.0
ADOLFO VIANA,PSDB,INHAMBUPE,DENTRO,13,0.01,0.0,0.0
ADOLFO VIANA,PSDB,XIQUE-XIQUE,DENTRO,13,0.01,0.0,0.0
ADOLFO VIANA,PSDB,ITAPARICA,DENTRO,13,0.01,0.0,0.0
ADOLFO VIANA,PSDB,JIQUIRICA,DENTRO,12,0.01,0.0,0.0
ADOLFO VIANA,PSDB,BRUMADO,DENTRO,12,0.01,0.0,0.0
ADOLFO VIANA,PSDB,IPIRA,DENTRO,12,0.01,0.0,0.0
ADOLFO VIANA,PSDB,MAIQUINIQUE,DENTRO,12,0.01,0.0,0.0
ADOLFO VIANA,PSDB,ARATUIPE,DENTRO,12,0.01,0.0,0.0
ADOLFO VIANA,PSDB,CAIRU,DENTRO,12,0.01,0.0,0.0
ADOLFO VIANA,PSDB,ITACARE,DENTRO,12,0.01,0.0,0.0
ADOLFO VIANA,PSDB,UIBAI,DENTRO,11,0.01,0.0,0.0
ADOLFO VIANA,PSDB,SAO FRANCISCO DO CONDE,DENTRO,11,0.01,0.0,0.0
ADOLFO VIANA,PSDB,MUNDO NOVO,DENTRO,11,0.01,0.0,0.0
ADOLFO VIANA,PSDB,JABORANDI,DENTRO,11,0.01,0.0,0.0
ADOLFO VIANA,PSDB,POTIRAGUA,DENTRO,11,0.01,0.0,0.0
ADOLFO VIANA,PSDB,RETIROLANDIA,DENTRO,11,0.01,0.0,0.0
ADOLFO VIANA,PSDB,MACAJUBA,DENTRO,11,0.01,0.0,0.0
ADOLFO VIANA,PSDB,JEREMOABO,DENTRO,11,0.01,0.0,0.0
ADOLFO VIANA,PSDB,MORRO DO CHAPEU,DENTRO,11,0.01,0.0,0.0
ADOLFO VIANA,PSDB,FILADELFIA,DENTRO,11,0.01,0.0,0.0
ADOLFO VIANA,PSDB,ITATIM,DENTRO,10,0.01,0.0,0.0
ADOLFO VIANA,PSDB,LAJEDINHO,DENTRO,10,0.01,0.0,0.0
ADOLFO VIANA,PSDB,IPUPIARA,DENTRO,10,0.01,0.0,0.0
ADOLFO VIANA,PSDB,EUCLIDES DA CUNHA,DENTRO,10,0.01,0.0,0.0
ADOLFO VIANA,PSDB,CENTRAL,DENTRO,10,0.01,0.0,0.0
ADOLFO VIANA,PSDB,IBIPEBA,DENTRO,10,0.01,0.0,0.0
ADOLFO VIANA,PSDB,PARIPIRANGA,DENTRO,10,0.01,0.0,0.0
ADOLFO VIANA,PSDB,CANAVIEIRAS,DENTRO,10,0.01,0.0,0.0
ADOLFO VIANA,PSDB,ANGUERA,DENTRO,10,0.01,0.0,0.0
ADOLFO VIANA,PSDB,ITAMARI,DENTRO,10,0.01,0.0,0.0
ADOLFO VIANA,PSDB,NOVA SOURE,DENTRO,10,0.01,0.0,0.0
ADOLFO VIANA,PSDB,ITAETE,DENTRO,9,0.01,0.0,0.0
ADOLFO VIANA,PSDB,SAO DOMINGOS,DENTRO,9,0.01,0.0,0.0
ADOLFO VIANA,PSDB,JANDAIRA,DENTRO,9,0.01,0.0,0.0
ADOLFO VIANA,PSDB,SAO JOSE DO JACUIPE,DENTRO,9,0.01,0.0,0.0
ADOLFO VIANA,PSDB,CABACEIRAS DO PARAGUACU,DENTRO,9,0.01,0.0,0.0
ADOLFO VIANA,PSDB,IBIRAPITANGA,DENTRO,9,0.01,0.0,0.0
ADOLFO VIANA,PSDB,MANSIDAO,DENTRO,9,0.01,0.0,0.0
ADOLFO VIANA,PSDB,IRAQUARA,DENTRO,9,0.01,0.0,0.0
ADOLFO VIANA,PSDB,PARAMIRIM,DENTRO,9,0.01,0.0,0.0
ADOLFO VIANA,PSDB,COCOS,DENTRO,8,0.01,0.0,0.0
ADOLFO VIANA,PSDB,MACAUBAS,DENTRO,8,0.01,0.0,0.0
ADOLFO VIANA,PSDB,MONTE SANTO,DENTRO,8,0.01,0.0,0.0
ADOLFO VIANA,PSDB,TUCANO,DENTRO,8,0.01,0.0,0.0
ADOLFO VIANA,PSDB,CRISOPOLIS,DENTRO,8,0.01,0.0,0.0
ADOLFO VIANA,PSDB,TERRA NOVA,DENTRO,8,0.01,0.0,0.0
ADOLFO VIANA,PSDB,MIGUEL CALMON,DENTRO,8,0.01,0.0,0.0
ADOLFO VIANA,PSDB,BREJOES,DENTRO,8,0.01,0.0,0.0
ADOLFO VIANA,PSDB,TEOLANDIA,DENTRO,8,0.01,0.0,0.0
ADOLFO VIANA,PSDB,SANTA LUZIA,DENTRO,8,0.01,0.0,0.0
ADOLFO VIANA,PSDB,IBOTIRAMA,DENTRO,8,0.01,0.0,0.0
ADOLFO VIANA,PSDB,RODELAS,DENTRO,8,0.01,0.0,0.0
ADOLFO VIANA,PSDB,ALCOBACA,DENTRO,8,0.01,0.0,0.0
ADOLFO VIANA,PSDB,RIACHAO DO JACUIPE,DENTRO,7,0.01,0.0,0.0
ADOLFO VIANA,PSDB,SANTA CRUZ DA VITORIA,DENTRO,7,0.01,0.0,0.0
ADOLFO VIANA,PSDB,NOVO HORIZONTE,DENTRO,7,0.01,0.0,0.0
ADOLFO VIANA,PSDB,BAIXA GRANDE,DENTRO,7,0.01,0.0,0.0
ADOLFO VIANA,PSDB,IBICOARA,DENTRO,7,0.01,0.0,0.0
ADOLFO VIANA,PSDB,WAGNER,DENTRO,7,0.01,0.0,0.0
ADOLFO VIANA,PSDB,ICHU,DENTRO,7,0.01,0.0,0.0
ADOLFO VIANA,PSDB,ITAGIMIRIM,DENTRO,7,0.01,0.0,0.0
ADOLFO VIANA,PSDB,SANTANA,DENTRO,7,0.01,0.0,0.0
ADOLFO VIANA,PSDB,COARACI,DENTRO,7,0.01,0.0,0.0
ADOLFO VIANA,PSDB,SANTA INES,DENTRO,6,0.00,0.0,0.0
ADOLFO VIANA,PSDB,MILAGRES,DENTRO,6,0.00,0.0,0.0
ADOLFO VIANA,PSDB,SANTA TEREZINHA,DENTRO,6,0.00,0.0,0.0
ADOLFO VIANA,PSDB,BUERAREMA,DENTRO,6,0.00,0.0,0.0
ADOLFO VIANA,PSDB,CICERO DANTAS,DENTRO,6,0.00,0.0,0.0
ADOLFO VIANA,PSDB,PLANALTO,DENTRO,6,0.00,0.0,0.0
ADOLFO VIANA,PSDB,CAETITE,DENTRO,6,0.00,0.0,0.0
ADOLFO VIANA,PSDB,ANTAS,DENTRO,6,0.00,0.0,0.0
ADOLFO VIANA,PSDB,JUSSARA,DENTRO,6,0.00,0.0,0.0
ADOLFO VIANA,PSDB,MIRANTE,DENTRO,6,0.00,0.0,0.0
ADOLFO VIANA,PSDB,CORRENTINA,DENTRO,6,0.00,0.0,0.0
ADOLFO VIANA,PSDB,AMERICA DOURADA,DENTRO,6,0.00,0.0,0.0
ADOLFO VIANA,PSDB,IBICUI,DENTRO,6,0.00,0.0,0.0
ADOLFO VIANA,PSDB,MAIRI,DENTRO,5,0.00,0.0,0.0
ADOLFO VIANA,PSDB,TANQUINHO,DENTRO,5,0.00,0.0,0.0
ADOLFO VIANA,PSDB,NORDESTINA,DENTRO,5,0.00,0.0,0.0
ADOLFO VIANA,PSDB,RIO DO ANTONIO,DENTRO,5,0.00,0.0,0.0
ADOLFO VIANA,PSDB,SANTANOPOLIS,DENTRO,5,0.00,0.0,0.0
ADOLFO VIANA,PSDB,RAFAEL JAMBEIRO,DENTRO,5,0.00,0.0,0.0
ADOLFO VIANA,PSDB,PE DE SERRA,DENTRO,5,0.00,0.0,0.0
ADOLFO VIANA,PSDB,DOM BASILIO,DENTRO,5,0.00,0.0,0.0
ADOLFO VIANA,PSDB,JITAUNA,DENTRO,5,0.00,0.0,0.0
ADOLFO VIANA,PSDB,LAJEDAO,DENTRO,5,0.00,0.0,0.0
ADOLFO VIANA,PSDB,ITAGI,DENTRO,5,0.00,0.0,0.0
ADOLFO VIANA,PSDB,SEABRA,DENTRO,5,0.00,0.0,0.0
ADOLFO VIANA,PSDB,PALMAS DE MONTE ALTO,DENTRO,5,0.00,0.0,0.0
ADOLFO VIANA,PSDB,CORONEL JOAO SA,DENTRO,5,0.00,0.0,0.0
ADOLFO VIANA,PSDB,JOAO DOURADO,DENTRO,5,0.00,0.0,0.0
ADOLFO VIANA,PSDB,BARRA DO MENDES,DENTRO,4,0.00,0.0,0.0
ADOLFO VIANA,PSDB,CANAPOLIS,DENTRO,4,0.00,0.0,0.0
ADOLFO VIANA,PSDB,CACHOEIRA,DENTRO,4,0.00,0.0,0.0
ADOLFO VIANA,PSDB,IGAPORA,DENTRO,4,0.00,0.0,0.0
ADOLFO VIANA,PSDB,CANDEAL,DENTRO,4,0.00,0.0,0.0
ADOLFO VIANA,PSDB,RIBEIRA DO POMBAL,DENTRO,4,0.00,0.0,0.0
ADOLFO VIANA,PSDB,PIRITIBA,DENTRO,4,0.00,0.0,0.0
ADOLFO VIANA,PSDB,TREMEDAL,DENTRO,4,0.00,0.0,0.0
ADOLFO VIANA,PSDB,GENTIO DO OURO,DENTRO,4,0.00,0.0,0.0
ADOLFO VIANA,PSDB,PIATA,DENTRO,4,0.00,0.0,0.0
ADOLFO VIANA,PSDB,ITAJUIPE,DENTRO,4,0.00,0.0,0.0
ADOLFO VIANA,PSDB,WANDERLEY,DENTRO,4,0.00,0.0,0.0
ADOLFO VIANA,PSDB,ANTONIO CARDOSO,DENTRO,4,0.00,0.0,0.0
ADOLFO VIANA,PSDB,MEDEIROS NETO,DENTRO,4,0.00,0.0,0.0
ADOLFO VIANA,PSDB,GUANAMBI,DENTRO,4,0.00,0.0,0.0
ADOLFO VIANA,PSDB,PEDRAO,DENTRO,4,0.00,0.0,0.0
ADOLFO VIANA,PSDB,BONINAL,DENTRO,4,0.00,0.0,0.0
ADOLFO VIANA,PSDB,NOVA IBIA,DENTRO,3,0.00,0.0,0.0
ADOLFO VIANA,PSDB,UNA,DENTRO,3,0.00,0.0,0.0
ADOLFO VIANA,PSDB,OLIVEIRA DOS BREJINHOS,DENTRO,3,0.00,0.0,0.0
ADOLFO VIANA,PSDB,CRISTOPOLIS,DENTRO,3,0.00,0.0,0.0
ADOLFO VIANA,PSDB,FLORESTA AZUL,DENTRO,3,0.00,0.0,0.0
ADOLFO VIANA,PSDB,ALMADINA,DENTRO,3,0.00,0.0,0.0
ADOLFO VIANA,PSDB,BARROCAS,DENTRO,3,0.00,0.0,0.0
ADOLFO VIANA,PSDB,ITAPEBI,DENTRO,3,0.00,0.0,0.0
ADOLFO VIANA,PSDB,BURITIRAMA,DENTRO,3,0.00,0.0,0.0
ADOLFO VIANA,PSDB,ABAIRA,DENTRO,3,0.00,0.0,0.0
ADOLFO VIANA,PSDB,LAFAIETE COUTINHO,DENTRO,3,0.00,0.0,0.0
ADOLFO VIANA,PSDB,GOVERNADOR MANGABEIRA,DENTRO,3,0.00,0.0,0.0
ADOLFO VIANA,PSDB,RIBEIRAO DO LARGO,DENTRO,3,0.00,0.0,0.0
ADOLFO VIANA,PSDB,AURELINO LEAL,DENTRO,3,0.00,0.0,0.0
ADOLFO VIANA,PSDB,TAPIRAMUTA,DENTRO,3,0.00,0.0,0.0
ADOLFO VIANA,PSDB,SAO FELIX,DENTRO,3,0.00,0.0,0.0
ADOLFO VIANA,PSDB,CAMACA,DENTRO,3,0.00,0.0,0.0
ADOLFO VIANA,PSDB,OLINDINA,DENTRO,3,0.00,0.0,0.0
ADOLFO VIANA,PSDB,CAFARNAUM,DENTRO,3,0.00,0.0,0.0
ADOLFO VIANA,PSDB,BARRA DA ESTIVA,DENTRO,2,0.00,0.0,0.0
ADOLFO VIANA,PSDB,PLANALTINO,DENTRO,2,0.00,0.0,0.0
ADOLFO VIANA,PSDB,IBIRATAIA,DENTRO,2,0.00,0.0,0.0
ADOLFO VIANA,PSDB,BAIANOPOLIS,DENTRO,2,0.00,0.0,0.0
ADOLFO VIANA,PSDB,IBITIARA,DENTRO,2,0.00,0.0,0.0
ADOLFO VIANA,PSDB,LENCOIS,DENTRO,2,0.00,0.0,0.0
ADOLFO VIANA,PSDB,CACULE,DENTRO,2,0.00,0.0,0.0
ADOLFO VIANA,PSDB,TANHACU,DENTRO,2,0.00,0.0,0.0
ADOLFO VIANA,PSDB,CAPELA DO ALTO ALEGRE,DENTRO,2,0.00,0.0,0.0
ADOLFO VIANA,PSDB,QUIXABEIRA,DENTRO,2,0.00,0.0,0.0
ADOLFO VIANA,PSDB,BARRO PRETO,DENTRO,2,0.00,0.0,0.0
ADOLFO VIANA,PSDB,PEDRO ALEXANDRE,DENTRO,2,0.00,0.0,0.0
ADOLFO VIANA,PSDB,RIBEIRA DO AMPARO,DENTRO,2,0.00,0.0,0.0
ADOLFO VIANA,PSDB,SOUTO SOARES,DENTRO,2,0.00,0.0,0.0
ADOLFO VIANA,PSDB,MORTUGABA,DENTRO,2,0.00,0.0,0.0
ADOLFO VIANA,PSDB,CARAIBAS,DENTRO,2,0.00,0.0,0.0
ADOLFO VIANA,PSDB,IGUAI,DENTRO,2,0.00,0.0,0.0
ADOLFO VIANA,PSDB,MANOEL VITORINO,DENTRO,2,0.00,0.0,0.0
ADOLFO VIANA,PSDB,PALMEIRAS,DENTRO,2,0.00,0.0,0.0
ADOLFO VIANA,PSDB,IPECAETA,DENTRO,2,0.00,0.0,0.0
ADOLFO VIANA,PSDB,ITAPE,DENTRO,2,0.00,0.0,0.0
ADOLFO VIANA,PSDB,CAETANOS,DENTRO,2,0.00,0.0,0.0
ADOLFO VIANA,PSDB,BOM JESUS DA SERRA,DENTRO,2,0.00,0.0,0.0
ADOLFO VIANA,PSDB,CIPO,DENTRO,2,0.00,0.0,0.0
ADOLFO VIANA,PSDB,GAVIAO,DENTRO,2,0.00,0.0,0.0
ADOLFO VIANA,PSDB,BARRA DO ROCHA,DENTRO,1,0.00,0.0,0.0
ADOLFO VIANA,PSDB,CANSANCAO,DENTRO,1,0.00,0.0,0.0
ADOLFO VIANA,PSDB,BELO CAMPO,DENTRO,1,0.00,0.0,0.0
ADOLFO VIANA,PSDB,PINTADAS,DENTRO,1,0.00,0.0,0.0
ADOLFO VIANA,PSDB,LAJEDO DO TABOCAL,DENTRO,1,0.00,0.0,0.0
ADOLFO VIANA,PSDB,FATIMA,DENTRO,1,0.00,0.0,0.0
ADOLFO VIANA,PSDB,COTEGIPE,DENTRO,1,0.00,0.0,0.0
ADOLFO VIANA,PSDB,MATINA,DENTRO,1,0.00,0.0,0.0
ADOLFO VIANA,PSDB,CONDEUBA,DENTRO,1,0.00,0.0,0.0
ADOLFO VIANA,PSDB,ARACATU,DENTRO,1,0.00,0.0,0.0
ADOLFO VIANA,PSDB,VARZEA DA ROCA,DENTRO,1,0.00,0.0,0.0
ADOLFO VIANA,PSDB,OURICANGAS,DENTRO,1,0.00,0.0,0.0
ADOLFO VIANA,PSDB,GUAJERU,DENTRO,1,0.00,0.0,0.0
ADOLFO VIANA,PSDB,UBATA,DENTRO,1,0.00,0.0,0.0
ADOLFO VIANA,PSDB,IBIRAPUA,DENTRO,1,0.00,0.0,0.0
ADOLFO VIANA,PSDB,BOA NOVA,DENTRO,1,0.00,0.0,0.0
ADOLFO VIANA,PSDB,ITANHEM,DENTRO,1,0.00,0.0,0.0
ADOLFO VIANA,PSDB,MASCOTE,DENTRO,1,0.00,0.0,0.0
ADOLFO VIANA,PSDB,BOQUIRA,DENTRO,1,0.00,0.0,0.0
ADOLFO VIANA,PSDB,RIO DO PIRES,DENTRO,1,0.00,0.0,0.0
ADOLFO VIANA,PSDB,MALHADA,DENTRO,1,0.00,0.0,0.0
ADOLFO VIANA,PSDB,ANGICAL,DENTRO,1,0.00,0.0,0.0
ADOLFO VIANA,PSDB,IUIU,DENTRO,1,0.00,0.0,0.0
ADOLFO VIANA,PSDB,ITUACU,DENTRO,1,0.00,0.0,0.0
ADOLFO VIANA,PSDB,MORPARA,DENTRO,1,0.00,0.0,0.0
ADOLFO VIANA,PSDB,ARATACA,DENTRO,1,0.00,0.0,0.0
ADOLFO VIANA,PSDB,PRESIDENTE DUTRA,DENTRO,1,0.00,0.0,0.0
ADOLFO VIANA,PSDB,CANDIBA,DENTRO,1,0.00,0.0,0.0
ADOLFO VIANA,PSDB,CRAVOLANDIA,DENTRO,1,0.00,0.0,0.0
ADOLFO VIANA,PSDB,NOVA ITARANA,DENTRO,1,0.00,0.0,0.0
ADOLFO VIANA,PSDB,JACARACI,DENTRO,1,0.00,0.0,0.0
ADOLFO VIANA,PSDB,RIO DE CONTAS,DENTRO,1,0.00,0.0,0.0
ADOLFO VIANA,PSDB,MUQUEM DO SAO FRANCISCO,DENTRO,0,0.00,0.0,0.0
ADOLFO VIANA,PSDB,MAETINGA,DENTRO,0,0.00,0.0,0.0
ADOLFO VIANA,PSDB,SEBASTIAO LARANJEIRAS,DENTRO,0,0.00,0.0,0.0
ADOLFO VIANA,PSDB,BOTUPORA,DENTRO,0,0.00,0.0,0.0
ADOLFO VIANA,PSDB,GONGOGI,DENTRO,0,0.00,0.0,0.0
ADOLFO VIANA,PSDB,TANQUE NOVO,DENTRO,0,0.00,0.0,0.0
ADOLFO VIANA,PSDB,ITAGIBA,DENTRO,0,0.00,0.0,0.0
ADOLFO VIANA,PSDB,LICINIO DE ALMEIDA,DENTRO,0,0.00,0.0,0.0
ADOLFO VIANA,PSDB,LAGOA REAL,DENTRO,0,0.00,0.0,0.0
ADOLFO VIANA,PSDB,AIQUARA,DENTRO,0,0.00,0.0,0.0
ADOLFO VIANA,PSDB,IBIASSUCE,DENTRO,0,0.00,0.0,0.0
ADOLFO VIANA,PSDB,APUAREMA,DENTRO,0,0.00,0.0,0.0
ADOLFO VIANA,PSDB,MULUNGU DO MORRO,DENTRO,0,0.00,0.0,0.0
ADOLFO VIANA,PSDB,HELIOPOLIS,DENTRO,0,0.00,0.0,0.0
ADOLFO VIANA,PSDB,IBIPITANGA,DENTRO,0,0.00,0.0,0.0
ADOLFO VIANA,PSDB,PINDAI,DENTRO,0,0.00,0.0,0.0
ADOLFO VIANA,PSDB,NOVA CANAA,DENTRO,0,0.00,0.0,0.0
ADOLFO VIANA,PSDB,NOVO TRIUNFO,DENTRO,0,0.00,0.0,0.0
ADOLFO VIANA,PSDB,ITAPITANGA,DENTRO,0,0.00,0.0,0.0
ADOLFO VIANA,PSDB,CONTENDAS DO SINCORA,DENTRO,0,0.00,0.0,0.0
ADOLFO VIANA,PSDB,SERRA DOURADA,DENTRO,0,0.00,0.0,0.0
ADOLFO VIANA,PSDB,FEIRA DA MATA,DENTRO,0,0.00,0.0,0.0
ADOLFO VIANA,PSDB,IRAJUBA,DENTRO,0,0.00,0.0,0.0
ADOLFO VIANA,PSDB,JUSSARI,DENTRO,0,0.00,0.0,0.0
ADOLFO VIANA,PSDB,PAU BRASIL,DENTRO,0,0.00,0.0,0.0
ADOLFO VIANA,PSDB,PIRIPA,DENTRO,0,0.00,0.0,0.0
ADOLFO VIANA,PSDB,ERICO CARDOSO,DENTRO,0,0.00,0.0,0.0
ADOLFO VIANA,PSDB,MUCUGE,DENTRO,0,0.00,0.0,0.0
ADOLFO VIANA,PSDB,ITAJU DO COLONIA,DENTRO,0,0.00,0.0,0.0
ADOLFO VIANA,PSDB,SAO JOSE DA VITORIA,DENTRO,0,0.00,0.0,0.0
ADOLFO VIANA,PSDB,MALHADA DE PEDRAS,DENTRO,0,0.00,0.0,0.0
ADOLFO VIANA,PSDB,BROTAS DE MACAUBAS,DENTRO,0,0.00,0.0,0.0
ADOLFO VIANA,PSDB,JUSSIAPE,DENTRO,0,0.00,0.0,0.0
ADOLFO VIANA,PSDB,BANZAE,DENTRO,0,0.00,0.0,0.0
ADOLFO VIANA,PSDB,PRESIDENTE JANIO QUADROS,DENTRO,0,0.00,0.0,0.0
ADOLFO VIANA,PSDB,CATURAMA,DENTRO,0,0.00,0.0,0.0
ADOLFO VIANA,PSDB,CORDEIROS,DENTRO,0,0.00,0.0,0.0
ADOLFO VIANA,PSDB,DARIO MEIRA,DENTRO,0,0.00,0.0,0.0
ADOLFO VIANA,PSDB,ITAQUARA,DENTRO,0,0.00,0.0,0.0
ADOLFO VIANA,PSDB,BONITO,DENTRO,0,0.00,0.0,0.0
ADOLFO VIANA,PSDB,BREJOLANDIA,DENTRO,0,0.00,0.0,0.0
ADOLFO VIANA,PSDB,NOVA FATIMA,DENTRO,0,0.00,0.0,0.0
ADOLFO VIANA,PSDB,MULTIPLO,AMPLO,0,0,139207112.12,86.61
ADOLFO VIANA,PSDB,SEM INFORMACAO,AMPLO,0,0,20105152.62,12.51
ADOLFO VIANA,PSDB,JUAZEIRO (BAHIA),FORA,0,0,814604.0,0.51
ADOLFO VIANA,PSDB,ITAPETINGA (BAHIA),FORA,0,0,300000.0,0.19
ADOLFO VIANA,PSDB,MUCURI (BAHIA),FORA,0,0,300000.0,0.19
MARCIO MARINHO,REPUBLICANOS,SALVADOR,DENTRO,45819,38.53,0.0,0.0
MARCIO MARINHO,REPUBLICANOS,FEIRA DE SANTANA,DENTRO,10013,8.42,0.0,0.0
MARCIO MARINHO,REPUBLICANOS,ITABUNA,DENTRO,3352,2.82,0.0,0.0
MARCIO MARINHO,REPUBLICANOS,SIMOES FILHO,DENTRO,3187,2.68,0.0,0.0
MARCIO MARINHO,REPUBLICANOS,ALAGOINHAS,DENTRO,3087,2.60,0.0,0.0
MARCIO MARINHO,REPUBLICANOS,ILHEUS,DENTRO,2739,2.30,0.0,0.0
MARCIO MARINHO,REPUBLICANOS,CACHOEIRA,DENTRO,2677,2.25,0.0,0.0
MARCIO MARINHO,REPUBLICANOS,CANDEIAS,DENTRO,1857,1.56,0.0,0.0
MARCIO MARINHO,REPUBLICANOS,DIAS D AVILA,DENTRO,1853,1.56,0.0,0.0
MARCIO MARINHO,REPUBLICANOS,SANTO AMARO,DENTRO,1725,1.45,0.0,0.0
MARCIO MARINHO,REPUBLICANOS,ITACARE,DENTRO,1331,1.12,0.0,0.0
MARCIO MARINHO,REPUBLICANOS,IRECE,DENTRO,1237,1.04,0.0,0.0
MARCIO MARINHO,REPUBLICANOS,TERRA NOVA,DENTRO,1221,1.03,0.0,0.0
MARCIO MARINHO,REPUBLICANOS,SAO FRANCISCO DO CONDE,DENTRO,1105,0.93,0.0,0.0
MARCIO MARINHO,REPUBLICANOS,JEQUIE,DENTRO,1094,0.92,0.0,0.0
MARCIO MARINHO,REPUBLICANOS,MADRE DE DEUS,DENTRO,1092,0.92,0.0,0.0
MARCIO MARINHO,REPUBLICANOS,SENHOR DO BONFIM,DENTRO,1040,0.87,0.0,0.0
MARCIO MARINHO,REPUBLICANOS,LAURO DE FREITAS,DENTRO,1002,0.84,0.0,0.0
MARCIO MARINHO,REPUBLICANOS,AMELIA RODRIGUES,DENTRO,897,0.75,0.0,0.0
MARCIO MARINHO,REPUBLICANOS,SERRINHA,DENTRO,841,0.71,0.0,0.0
MARCIO MARINHO,REPUBLICANOS,SANTO ANTONIO DE JESUS,DENTRO,815,0.69,0.0,0.0
MARCIO MARINHO,REPUBLICANOS,BELMONTE,DENTRO,794,0.67,0.0,0.0
MARCIO MARINHO,REPUBLICANOS,ITABERABA,DENTRO,681,0.57,0.0,0.0
MARCIO MARINHO,REPUBLICANOS,SAO GONCALO DOS CAMPOS,DENTRO,659,0.55,0.0,0.0
MARCIO MARINHO,REPUBLICANOS,CATU,DENTRO,607,0.51,0.0,0.0
MARCIO MARINHO,REPUBLICANOS,RIACHAO DAS NEVES,DENTRO,573,0.48,0.0,0.0
MARCIO MARINHO,REPUBLICANOS,CONCEICAO DO JACUIPE,DENTRO,553,0.47,0.0,0.0
MARCIO MARINHO,REPUBLICANOS,MURITIBA,DENTRO,542,0.46,0.0,0.0
MARCIO MARINHO,REPUBLICANOS,CAMACARI,DENTRO,537,0.45,0.0,0.0
MARCIO MARINHO,REPUBLICANOS,BRUMADO,DENTRO,535,0.45,0.0,0.0
MARCIO MARINHO,REPUBLICANOS,SAO FELIPE,DENTRO,520,0.44,0.0,0.0
MARCIO MARINHO,REPUBLICANOS,VERA CRUZ,DENTRO,507,0.43,0.0,0.0
MARCIO MARINHO,REPUBLICANOS,POJUCA,DENTRO,506,0.43,0.0,0.0
MARCIO MARINHO,REPUBLICANOS,CANAVIEIRAS,DENTRO,487,0.41,0.0,0.0
MARCIO MARINHO,REPUBLICANOS,POCOES,DENTRO,452,0.38,0.0,0.0
MARCIO MARINHO,REPUBLICANOS,ITAJUIPE,DENTRO,423,0.36,0.0,0.0
MARCIO MARINHO,REPUBLICANOS,JAGUAQUARA,DENTRO,421,0.35,0.0,0.0
MARCIO MARINHO,REPUBLICANOS,BARRO PRETO,DENTRO,392,0.33,0.0,0.0
MARCIO MARINHO,REPUBLICANOS,SANTO ESTEVAO,DENTRO,388,0.33,0.0,0.0
MARCIO MARINHO,REPUBLICANOS,CONCEICAO DO COITE,DENTRO,381,0.32,0.0,0.0
MARCIO MARINHO,REPUBLICANOS,SAUBARA,DENTRO,377,0.32,0.0,0.0
MARCIO MARINHO,REPUBLICANOS,MARAGOGIPE,DENTRO,377,0.32,0.0,0.0
MARCIO MARINHO,REPUBLICANOS,IPIRA,DENTRO,372,0.31,0.0,0.0
MARCIO MARINHO,REPUBLICANOS,ICHU,DENTRO,359,0.30,0.0,0.0
MARCIO MARINHO,REPUBLICANOS,AMARGOSA,DENTRO,351,0.30,0.0,0.0
MARCIO MARINHO,REPUBLICANOS,CONCEICAO DA FEIRA,DENTRO,331,0.28,0.0,0.0
MARCIO MARINHO,REPUBLICANOS,SENTO SE,DENTRO,306,0.26,0.0,0.0
MARCIO MARINHO,REPUBLICANOS,EUCLIDES DA CUNHA,DENTRO,289,0.24,0.0,0.0
MARCIO MARINHO,REPUBLICANOS,CORACAO DE MARIA,DENTRO,289,0.24,0.0,0.0
MARCIO MARINHO,REPUBLICANOS,CONDE,DENTRO,288,0.24,0.0,0.0
MARCIO MARINHO,REPUBLICANOS,ESPLANADA,DENTRO,287,0.24,0.0,0.0
MARCIO MARINHO,REPUBLICANOS,XIQUE-XIQUE,DENTRO,270,0.23,0.0,0.0
MARCIO MARINHO,REPUBLICANOS,IBIRATAIA,DENTRO,263,0.22,0.0,0.0
MARCIO MARINHO,REPUBLICANOS,CASTRO ALVES,DENTRO,261,0.22,0.0,0.0
MARCIO MARINHO,REPUBLICANOS,GOVERNADOR MANGABEIRA,DENTRO,257,0.22,0.0,0.0
MARCIO MARINHO,REPUBLICANOS,SAO FELIX,DENTRO,250,0.21,0.0,0.0
MARCIO MARINHO,REPUBLICANOS,IGUAI,DENTRO,249,0.21,0.0,0.0
MARCIO MARINHO,REPUBLICANOS,ENTRE RIOS,DENTRO,237,0.20,0.0,0.0
MARCIO MARINHO,REPUBLICANOS,IBICUI,DENTRO,236,0.20,0.0,0.0
MARCIO MARINHO,REPUBLICANOS,TEIXEIRA DE FREITAS,DENTRO,230,0.19,0.0,0.0
MARCIO MARINHO,REPUBLICANOS,SANTA BARBARA,DENTRO,227,0.19,0.0,0.0
MARCIO MARINHO,REPUBLICANOS,SANTALUZ,DENTRO,225,0.19,0.0,0.0
MARCIO MARINHO,REPUBLICANOS,URUCUCA,DENTRO,221,0.19,0.0,0.0
MARCIO MARINHO,REPUBLICANOS,ITAPEBI,DENTRO,221,0.19,0.0,0.0
MARCIO MARINHO,REPUBLICANOS,LUIS EDUARDO MAGALHAES,DENTRO,219,0.18,0.0,0.0
MARCIO MARINHO,REPUBLICANOS,RIO REAL,DENTRO,217,0.18,0.0,0.0
MARCIO MARINHO,REPUBLICANOS,MARACAS,DENTRO,213,0.18,0.0,0.0
MARCIO MARINHO,REPUBLICANOS,CAMPO FORMOSO,DENTRO,212,0.18,0.0,0.0
MARCIO MARINHO,REPUBLICANOS,RUY BARBOSA,DENTRO,205,0.17,0.0,0.0
MARCIO MARINHO,REPUBLICANOS,MORRO DO CHAPEU,DENTRO,202,0.17,0.0,0.0
MARCIO MARINHO,REPUBLICANOS,INHAMBUPE,DENTRO,195,0.16,0.0,0.0
MARCIO MARINHO,REPUBLICANOS,UBAITABA,DENTRO,193,0.16,0.0,0.0
MARCIO MARINHO,REPUBLICANOS,IPIAU,DENTRO,193,0.16,0.0,0.0
MARCIO MARINHO,REPUBLICANOS,RAFAEL JAMBEIRO,DENTRO,193,0.16,0.0,0.0
MARCIO MARINHO,REPUBLICANOS,UBATA,DENTRO,192,0.16,0.0,0.0
MARCIO MARINHO,REPUBLICANOS,IRARA,DENTRO,188,0.16,0.0,0.0
MARCIO MARINHO,REPUBLICANOS,SERRA PRETA,DENTRO,187,0.16,0.0,0.0
MARCIO MARINHO,REPUBLICANOS,BONITO,DENTRO,187,0.16,0.0,0.0
MARCIO MARINHO,REPUBLICANOS,MARCIONILIO SOUZA,DENTRO,181,0.15,0.0,0.0
MARCIO MARINHO,REPUBLICANOS,ACAJUTIBA,DENTRO,180,0.15,0.0,0.0
MARCIO MARINHO,REPUBLICANOS,PIRAI DO NORTE,DENTRO,180,0.15,0.0,0.0
MARCIO MARINHO,REPUBLICANOS,BIRITINGA,DENTRO,163,0.14,0.0,0.0
MARCIO MARINHO,REPUBLICANOS,SANTANOPOLIS,DENTRO,161,0.14,0.0,0.0
MARCIO MARINHO,REPUBLICANOS,LAPAO,DENTRO,159,0.13,0.0,0.0
MARCIO MARINHO,REPUBLICANOS,SAPEACU,DENTRO,159,0.13,0.0,0.0
MARCIO MARINHO,REPUBLICANOS,CAMACA,DENTRO,158,0.13,0.0,0.0
MARCIO MARINHO,REPUBLICANOS,IBICARAI,DENTRO,156,0.13,0.0,0.0
MARCIO MARINHO,REPUBLICANOS,SEABRA,DENTRO,155,0.13,0.0,0.0
MARCIO MARINHO,REPUBLICANOS,CANSANCAO,DENTRO,145,0.12,0.0,0.0
MARCIO MARINHO,REPUBLICANOS,OLINDINA,DENTRO,144,0.12,0.0,0.0
MARCIO MARINHO,REPUBLICANOS,RIBEIRA DO POMBAL,DENTRO,139,0.12,0.0,0.0
MARCIO MARINHO,REPUBLICANOS,RIACHAO DO JACUIPE,DENTRO,137,0.12,0.0,0.0
MARCIO MARINHO,REPUBLICANOS,ARACI,DENTRO,136,0.11,0.0,0.0
MARCIO MARINHO,REPUBLICANOS,MUNDO NOVO,DENTRO,135,0.11,0.0,0.0
MARCIO MARINHO,REPUBLICANOS,BARRA,DENTRO,135,0.11,0.0,0.0
MARCIO MARINHO,REPUBLICANOS,JUSSARI,DENTRO,134,0.11,0.0,0.0
MARCIO MARINHO,REPUBLICANOS,CANARANA,DENTRO,133,0.11,0.0,0.0
MARCIO MARINHO,REPUBLICANOS,PAULO AFONSO,DENTRO,131,0.11,0.0,0.0
MARCIO MARINHO,REPUBLICANOS,UNA,DENTRO,129,0.11,0.0,0.0
MARCIO MARINHO,REPUBLICANOS,IACU,DENTRO,129,0.11,0.0,0.0
MARCIO MARINHO,REPUBLICANOS,CRISOPOLIS,DENTRO,129,0.11,0.0,0.0
MARCIO MARINHO,REPUBLICANOS,VITORIA DA CONQUISTA,DENTRO,128,0.11,0.0,0.0
MARCIO MARINHO,REPUBLICANOS,PORTO SEGURO,DENTRO,128,0.11,0.0,0.0
MARCIO MARINHO,REPUBLICANOS,CENTRAL,DENTRO,119,0.10,0.0,0.0
MARCIO MARINHO,REPUBLICANOS,ITATIM,DENTRO,117,0.10,0.0,0.0
MARCIO MARINHO,REPUBLICANOS,PLANALTO,DENTRO,115,0.10,0.0,0.0
MARCIO MARINHO,REPUBLICANOS,AURELINO LEAL,DENTRO,115,0.10,0.0,0.0
MARCIO MARINHO,REPUBLICANOS,SAO SEBASTIAO DO PASSE,DENTRO,114,0.10,0.0,0.0
MARCIO MARINHO,REPUBLICANOS,COARACI,DENTRO,111,0.09,0.0,0.0
MARCIO MARINHO,REPUBLICANOS,SAO JOSE DA VITORIA,DENTRO,110,0.09,0.0,0.0
MARCIO MARINHO,REPUBLICANOS,IBIRAPITANGA,DENTRO,109,0.09,0.0,0.0
MARCIO MARINHO,REPUBLICANOS,ANGUERA,DENTRO,107,0.09,0.0,0.0
MARCIO MARINHO,REPUBLICANOS,TEOFILANDIA,DENTRO,106,0.09,0.0,0.0
MARCIO MARINHO,REPUBLICANOS,CAFARNAUM,DENTRO,106,0.09,0.0,0.0
MARCIO MARINHO,REPUBLICANOS,CICERO DANTAS,DENTRO,105,0.09,0.0,0.0
MARCIO MARINHO,REPUBLICANOS,AGUA FRIA,DENTRO,103,0.09,0.0,0.0
MARCIO MARINHO,REPUBLICANOS,ARACAS,DENTRO,103,0.09,0.0,0.0
MARCIO MARINHO,REPUBLICANOS,BARROCAS,DENTRO,101,0.08,0.0,0.0
MARCIO MARINHO,REPUBLICANOS,ANTONIO GONCALVES,DENTRO,96,0.08,0.0,0.0
MARCIO MARINHO,REPUBLICANOS,BUERAREMA,DENTRO,96,0.08,0.0,0.0
MARCIO MARINHO,REPUBLICANOS,JOAO DOURADO,DENTRO,94,0.08,0.0,0.0
MARCIO MARINHO,REPUBLICANOS,GUARATINGA,DENTRO,93,0.08,0.0,0.0
MARCIO MARINHO,REPUBLICANOS,BARRO ALTO,DENTRO,92,0.08,0.0,0.0
MARCIO MARINHO,REPUBLICANOS,BAIXA GRANDE,DENTRO,92,0.08,0.0,0.0
MARCIO MARINHO,REPUBLICANOS,PIATA,DENTRO,92,0.08,0.0,0.0
MARCIO MARINHO,REPUBLICANOS,BOA VISTA DO TUPIM,DENTRO,90,0.08,0.0,0.0
MARCIO MARINHO,REPUBLICANOS,DARIO MEIRA,DENTRO,89,0.07,0.0,0.0
MARCIO MARINHO,REPUBLICANOS,TUCANO,DENTRO,87,0.07,0.0,0.0
MARCIO MARINHO,REPUBLICANOS,ITAPITANGA,DENTRO,87,0.07,0.0,0.0
MARCIO MARINHO,REPUBLICANOS,BOA NOVA,DENTRO,82,0.07,0.0,0.0
MARCIO MARINHO,REPUBLICANOS,UTINGA,DENTRO,80,0.07,0.0,0.0
MARCIO MARINHO,REPUBLICANOS,MONTE SANTO,DENTRO,79,0.07,0.0,0.0
MARCIO MARINHO,REPUBLICANOS,MATA DE SAO JOAO,DENTRO,79,0.07,0.0,0.0
MARCIO MARINHO,REPUBLICANOS,ARAMARI,DENTRO,78,0.07,0.0,0.0
MARCIO MARINHO,REPUBLICANOS,ITAGIBA,DENTRO,74,0.06,0.0,0.0
MARCIO MARINHO,REPUBLICANOS,EUNAPOLIS,DENTRO,71,0.06,0.0,0.0
MARCIO MARINHO,REPUBLICANOS,MASCOTE,DENTRO,70,0.06,0.0,0.0
MARCIO MARINHO,REPUBLICANOS,MARAU,DENTRO,69,0.06,0.0,0.0
MARCIO MARINHO,REPUBLICANOS,ITAPE,DENTRO,67,0.06,0.0,0.0
MARCIO MARINHO,REPUBLICANOS,BARREIRAS,DENTRO,66,0.06,0.0,0.0
MARCIO MARINHO,REPUBLICANOS,ANTONIO CARDOSO,DENTRO,66,0.06,0.0,0.0
MARCIO MARINHO,REPUBLICANOS,ITAMARAJU,DENTRO,65,0.05,0.0,0.0
MARCIO MARINHO,REPUBLICANOS,CAMAMU,DENTRO,65,0.05,0.0,0.0
MARCIO MARINHO,REPUBLICANOS,SAO GABRIEL,DENTRO,63,0.05,0.0,0.0
MARCIO MARINHO,REPUBLICANOS,IPECAETA,DENTRO,62,0.05,0.0,0.0
MARCIO MARINHO,REPUBLICANOS,ITAPICURU,DENTRO,60,0.05,0.0,0.0
MARCIO MARINHO,REPUBLICANOS,CANDEAL,DENTRO,59,0.05,0.0,0.0
MARCIO MARINHO,REPUBLICANOS,CRUZ DAS ALMAS,DENTRO,59,0.05,0.0,0.0
MARCIO MARINHO,REPUBLICANOS,PE DE SERRA,DENTRO,58,0.05,0.0,0.0
MARCIO MARINHO,REPUBLICANOS,JITAUNA,DENTRO,58,0.05,0.0,0.0
MARCIO MARINHO,REPUBLICANOS,SANTA INES,DENTRO,57,0.05,0.0,0.0
MARCIO MARINHO,REPUBLICANOS,UIBAI,DENTRO,56,0.05,0.0,0.0
MARCIO MARINHO,REPUBLICANOS,VARZEA NOVA,DENTRO,56,0.05,0.0,0.0
MARCIO MARINHO,REPUBLICANOS,SANTA CRUZ DA VITORIA,DENTRO,56,0.05,0.0,0.0
MARCIO MARINHO,REPUBLICANOS,ITIUBA,DENTRO,56,0.05,0.0,0.0
MARCIO MARINHO,REPUBLICANOS,IBITITA,DENTRO,56,0.05,0.0,0.0
MARCIO MARINHO,REPUBLICANOS,JUAZEIRO,DENTRO,56,0.05,0.0,0.0
MARCIO MARINHO,REPUBLICANOS,NOVA SOURE,DENTRO,55,0.05,0.0,0.0
MARCIO MARINHO,REPUBLICANOS,CIPO,DENTRO,55,0.05,0.0,0.0
MARCIO MARINHO,REPUBLICANOS,TEODORO SAMPAIO,DENTRO,54,0.05,0.0,0.0
MARCIO MARINHO,REPUBLICANOS,VALENCA,DENTRO,54,0.05,0.0,0.0
MARCIO MARINHO,REPUBLICANOS,VALENTE,DENTRO,53,0.04,0.0,0.0
MARCIO MARINHO,REPUBLICANOS,PRESIDENTE DUTRA,DENTRO,53,0.04,0.0,0.0
MARCIO MARINHO,REPUBLICANOS,MILAGRES,DENTRO,52,0.04,0.0,0.0
MARCIO MARINHO,REPUBLICANOS,SALINAS DA MARGARIDA,DENTRO,50,0.04,0.0,0.0
MARCIO MARINHO,REPUBLICANOS,TEOLANDIA,DENTRO,50,0.04,0.0,0.0
MARCIO MARINHO,REPUBLICANOS,ITAPARICA,DENTRO,49,0.04,0.0,0.0
MARCIO MARINHO,REPUBLICANOS,GONGOGI,DENTRO,48,0.04,0.0,0.0
MARCIO MARINHO,REPUBLICANOS,QUIJINGUE,DENTRO,48,0.04,0.0,0.0
MARCIO MARINHO,REPUBLICANOS,SANTA TEREZINHA,DENTRO,47,0.04,0.0,0.0
MARCIO MARINHO,REPUBLICANOS,SATIRO DIAS,DENTRO,46,0.04,0.0,0.0
MARCIO MARINHO,REPUBLICANOS,OURICANGAS,DENTRO,45,0.04,0.0,0.0
MARCIO MARINHO,REPUBLICANOS,ITAGI,DENTRO,45,0.04,0.0,0.0
MARCIO MARINHO,REPUBLICANOS,LAMARAO,DENTRO,44,0.04,0.0,0.0
MARCIO MARINHO,REPUBLICANOS,UAUA,DENTRO,44,0.04,0.0,0.0
MARCIO MARINHO,REPUBLICANOS,CABACEIRAS DO PARAGUACU,DENTRO,44,0.04,0.0,0.0
MARCIO MARINHO,REPUBLICANOS,JEREMOABO,DENTRO,43,0.04,0.0,0.0
MARCIO MARINHO,REPUBLICANOS,PARIPIRANGA,DENTRO,41,0.03,0.0,0.0
MARCIO MARINHO,REPUBLICANOS,ITANAGRA,DENTRO,41,0.03,0.0,0.0
MARCIO MARINHO,REPUBLICANOS,RETIROLANDIA,DENTRO,41,0.03,0.0,0.0
MARCIO MARINHO,REPUBLICANOS,PEDRAO,DENTRO,40,0.03,0.0,0.0
MARCIO MARINHO,REPUBLICANOS,TANQUINHO,DENTRO,38,0.03,0.0,0.0
MARCIO MARINHO,REPUBLICANOS,PALMEIRAS,DENTRO,38,0.03,0.0,0.0
MARCIO MARINHO,REPUBLICANOS,LAJEDINHO,DENTRO,36,0.03,0.0,0.0
MARCIO MARINHO,REPUBLICANOS,SOUTO SOARES,DENTRO,36,0.03,0.0,0.0
MARCIO MARINHO,REPUBLICANOS,ELISIO MEDRADO,DENTRO,34,0.03,0.0,0.0
MARCIO MARINHO,REPUBLICANOS,FLORESTA AZUL,DENTRO,34,0.03,0.0,0.0
MARCIO MARINHO,REPUBLICANOS,CRAVOLANDIA,DENTRO,34,0.03,0.0,0.0
MARCIO MARINHO,REPUBLICANOS,NORDESTINA,DENTRO,33,0.03,0.0,0.0
MARCIO MARINHO,REPUBLICANOS,ITAPETINGA,DENTRO,33,0.03,0.0,0.0
MARCIO MARINHO,REPUBLICANOS,BARRA DO MENDES,DENTRO,32,0.03,0.0,0.0
MARCIO MARINHO,REPUBLICANOS,BREJOES,DENTRO,29,0.02,0.0,0.0
MARCIO MARINHO,REPUBLICANOS,GANDU,DENTRO,29,0.02,0.0,0.0
MARCIO MARINHO,REPUBLICANOS,BANZAE,DENTRO,29,0.02,0.0,0.0
MARCIO MARINHO,REPUBLICANOS,RIO DO ANTONIO,DENTRO,27,0.02,0.0,0.0
MARCIO MARINHO,REPUBLICANOS,SANTA RITA DE CASSIA,DENTRO,27,0.02,0.0,0.0
MARCIO MARINHO,REPUBLICANOS,NAZARE,DENTRO,27,0.02,0.0,0.0
MARCIO MARINHO,REPUBLICANOS,MANOEL VITORINO,DENTRO,27,0.02,0.0,0.0
MARCIO MARINHO,REPUBLICANOS,JAGUARIPE,DENTRO,26,0.02,0.0,0.0
MARCIO MARINHO,REPUBLICANOS,RIBEIRA DO AMPARO,DENTRO,26,0.02,0.0,0.0
MARCIO MARINHO,REPUBLICANOS,QUEIMADAS,DENTRO,26,0.02,0.0,0.0
MARCIO MARINHO,REPUBLICANOS,IRAQUARA,DENTRO,26,0.02,0.0,0.0
MARCIO MARINHO,REPUBLICANOS,NOVA CANAA,DENTRO,25,0.02,0.0,0.0
MARCIO MARINHO,REPUBLICANOS,ANDORINHA,DENTRO,25,0.02,0.0,0.0
MARCIO MARINHO,REPUBLICANOS,ITAGUACU DA BAHIA,DENTRO,24,0.02,0.0,0.0
MARCIO MARINHO,REPUBLICANOS,ITAETE,DENTRO,24,0.02,0.0,0.0
MARCIO MARINHO,REPUBLICANOS,JANDAIRA,DENTRO,24,0.02,0.0,0.0
MARCIO MARINHO,REPUBLICANOS,ITUBERA,DENTRO,23,0.02,0.0,0.0
MARCIO MARINHO,REPUBLICANOS,BOM JESUS DA SERRA,DENTRO,23,0.02,0.0,0.0
MARCIO MARINHO,REPUBLICANOS,NOVO TRIUNFO,DENTRO,22,0.02,0.0,0.0
MARCIO MARINHO,REPUBLICANOS,APORA,DENTRO,22,0.02,0.0,0.0
MARCIO MARINHO,REPUBLICANOS,SANTA CRUZ CABRALIA,DENTRO,21,0.02,0.0,0.0
MARCIO MARINHO,REPUBLICANOS,COTEGIPE,DENTRO,21,0.02,0.0,0.0
MARCIO MARINHO,REPUBLICANOS,MULUNGU DO MORRO,DENTRO,21,0.02,0.0,0.0
MARCIO MARINHO,REPUBLICANOS,VARZEDO,DENTRO,21,0.02,0.0,0.0
MARCIO MARINHO,REPUBLICANOS,ITIRUCU,DENTRO,20,0.02,0.0,0.0
MARCIO MARINHO,REPUBLICANOS,ANTAS,DENTRO,20,0.02,0.0,0.0
MARCIO MARINHO,REPUBLICANOS,WAGNER,DENTRO,20,0.02,0.0,0.0
MARCIO MARINHO,REPUBLICANOS,JACOBINA,DENTRO,20,0.02,0.0,0.0
MARCIO MARINHO,REPUBLICANOS,CONCEICAO DO ALMEIDA,DENTRO,19,0.02,0.0,0.0
MARCIO MARINHO,REPUBLICANOS,BAIANOPOLIS,DENTRO,19,0.02,0.0,0.0
MARCIO MARINHO,REPUBLICANOS,ARATUIPE,DENTRO,19,0.02,0.0,0.0
MARCIO MARINHO,REPUBLICANOS,LAJE,DENTRO,19,0.02,0.0,0.0
MARCIO MARINHO,REPUBLICANOS,IBITIARA,DENTRO,18,0.02,0.0,0.0
MARCIO MARINHO,REPUBLICANOS,UMBURANAS,DENTRO,18,0.02,0.0,0.0
MARCIO MARINHO,REPUBLICANOS,ARATACA,DENTRO,18,0.02,0.0,0.0
MARCIO MARINHO,REPUBLICANOS,FILADELFIA,DENTRO,18,0.02,0.0,0.0
MARCIO MARINHO,REPUBLICANOS,PRESIDENTE TANCREDO NEVES,DENTRO,16,0.01,0.0,0.0
MARCIO MARINHO,REPUBLICANOS,AMERICA DOURADA,DENTRO,16,0.01,0.0,0.0
MARCIO MARINHO,REPUBLICANOS,MUNIZ FERREIRA,DENTRO,16,0.01,0.0,0.0
MARCIO MARINHO,REPUBLICANOS,ITABELA,DENTRO,15,0.01,0.0,0.0
MARCIO MARINHO,REPUBLICANOS,CACULE,DENTRO,15,0.01,0.0,0.0
MARCIO MARINHO,REPUBLICANOS,ARACATU,DENTRO,15,0.01,0.0,0.0
MARCIO MARINHO,REPUBLICANOS,SANTA LUZIA,DENTRO,15,0.01,0.0,0.0
MARCIO MARINHO,REPUBLICANOS,JUSSARA,DENTRO,15,0.01,0.0,0.0
MARCIO MARINHO,REPUBLICANOS,PRADO,DENTRO,15,0.01,0.0,0.0
MARCIO MARINHO,REPUBLICANOS,SERROLANDIA,DENTRO,15,0.01,0.0,0.0
MARCIO MARINHO,REPUBLICANOS,ITAQUARA,DENTRO,15,0.01,0.0,0.0
MARCIO MARINHO,REPUBLICANOS,NOVA VICOSA,DENTRO,14,0.01,0.0,0.0
MARCIO MARINHO,REPUBLICANOS,MANSIDAO,DENTRO,14,0.01,0.0,0.0
MARCIO MARINHO,REPUBLICANOS,DOM MACEDO COSTA,DENTRO,14,0.01,0.0,0.0
MARCIO MARINHO,REPUBLICANOS,NOVA ITARANA,DENTRO,14,0.01,0.0,0.0
MARCIO MARINHO,REPUBLICANOS,UBAIRA,DENTRO,13,0.01,0.0,0.0
MARCIO MARINHO,REPUBLICANOS,CARDEAL DA SILVA,DENTRO,13,0.01,0.0,0.0
MARCIO MARINHO,REPUBLICANOS,CANUDOS,DENTRO,13,0.01,0.0,0.0
MARCIO MARINHO,REPUBLICANOS,BURITIRAMA,DENTRO,13,0.01,0.0,0.0
MARCIO MARINHO,REPUBLICANOS,CAIRU,DENTRO,13,0.01,0.0,0.0
MARCIO MARINHO,REPUBLICANOS,WENCESLAU GUIMARAES,DENTRO,13,0.01,0.0,0.0
MARCIO MARINHO,REPUBLICANOS,CAPIM GROSSO,DENTRO,13,0.01,0.0,0.0
MARCIO MARINHO,REPUBLICANOS,NOVA FATIMA,DENTRO,13,0.01,0.0,0.0
MARCIO MARINHO,REPUBLICANOS,REMANSO,DENTRO,12,0.01,0.0,0.0
MARCIO MARINHO,REPUBLICANOS,OLIVEIRA DOS BREJINHOS,DENTRO,12,0.01,0.0,0.0
MARCIO MARINHO,REPUBLICANOS,CAETITE,DENTRO,12,0.01,0.0,0.0
MARCIO MARINHO,REPUBLICANOS,BONINAL,DENTRO,12,0.01,0.0,0.0
MARCIO MARINHO,REPUBLICANOS,MACAJUBA,DENTRO,11,0.01,0.0,0.0
MARCIO MARINHO,REPUBLICANOS,IGRAPIUNA,DENTRO,11,0.01,0.0,0.0
MARCIO MARINHO,REPUBLICANOS,FATIMA,DENTRO,10,0.01,0.0,0.0
MARCIO MARINHO,REPUBLICANOS,SAO DOMINGOS,DENTRO,10,0.01,0.0,0.0
MARCIO MARINHO,REPUBLICANOS,SAUDE,DENTRO,10,0.01,0.0,0.0
MARCIO MARINHO,REPUBLICANOS,MIGUEL CALMON,DENTRO,10,0.01,0.0,0.0
MARCIO MARINHO,REPUBLICANOS,MUCURI,DENTRO,9,0.01,0.0,0.0
MARCIO MARINHO,REPUBLICANOS,LIVRAMENTO DE NOSSA SENHORA,DENTRO,9,0.01,0.0,0.0
MARCIO MARINHO,REPUBLICANOS,PILAO ARCADO,DENTRO,9,0.01,0.0,0.0
MARCIO MARINHO,REPUBLICANOS,BARRA DO ROCHA,DENTRO,8,0.01,0.0,0.0
MARCIO MARINHO,REPUBLICANOS,CONDEUBA,DENTRO,8,0.01,0.0,0.0
MARCIO MARINHO,REPUBLICANOS,CARINHANHA,DENTRO,8,0.01,0.0,0.0
MARCIO MARINHO,REPUBLICANOS,APUAREMA,DENTRO,8,0.01,0.0,0.0
MARCIO MARINHO,REPUBLICANOS,ABAIRA,DENTRO,8,0.01,0.0,0.0
MARCIO MARINHO,REPUBLICANOS,ITUACU,DENTRO,8,0.01,0.0,0.0
MARCIO MARINHO,REPUBLICANOS,MUTUIPE,DENTRO,8,0.01,0.0,0.0
MARCIO MARINHO,REPUBLICANOS,FIRMINO ALVES,DENTRO,8,0.01,0.0,0.0
MARCIO MARINHO,REPUBLICANOS,PALMAS DE MONTE ALTO,DENTRO,8,0.01,0.0,0.0
MARCIO MARINHO,REPUBLICANOS,JIQUIRICA,DENTRO,7,0.01,0.0,0.0
MARCIO MARINHO,REPUBLICANOS,PINTADAS,DENTRO,7,0.01,0.0,0.0
MARCIO MARINHO,REPUBLICANOS,SAO DESIDERIO,DENTRO,7,0.01,0.0,0.0
MARCIO MARINHO,REPUBLICANOS,ENCRUZILHADA,DENTRO,7,0.01,0.0,0.0
MARCIO MARINHO,REPUBLICANOS,CASA NOVA,DENTRO,7,0.01,0.0,0.0
MARCIO MARINHO,REPUBLICANOS,IBIPEBA,DENTRO,7,0.01,0.0,0.0
MARCIO MARINHO,REPUBLICANOS,SITIO DO QUINTO,DENTRO,7,0.01,0.0,0.0
MARCIO MARINHO,REPUBLICANOS,CAPELA DO ALTO ALEGRE,DENTRO,7,0.01,0.0,0.0
MARCIO MARINHO,REPUBLICANOS,PARAMIRIM,DENTRO,7,0.01,0.0,0.0
MARCIO MARINHO,REPUBLICANOS,ITAJU DO COLONIA,DENTRO,7,0.01,0.0,0.0
MARCIO MARINHO,REPUBLICANOS,CRISTOPOLIS,DENTRO,6,0.01,0.0,0.0
MARCIO MARINHO,REPUBLICANOS,AIQUARA,DENTRO,6,0.01,0.0,0.0
MARCIO MARINHO,REPUBLICANOS,ALMADINA,DENTRO,6,0.01,0.0,0.0
MARCIO MARINHO,REPUBLICANOS,PONTO NOVO,DENTRO,6,0.01,0.0,0.0
MARCIO MARINHO,REPUBLICANOS,CAMPO ALEGRE DE LOURDES,DENTRO,6,0.01,0.0,0.0
MARCIO MARINHO,REPUBLICANOS,MALHADA DE PEDRAS,DENTRO,6,0.01,0.0,0.0
MARCIO MARINHO,REPUBLICANOS,NILO PECANHA,DENTRO,6,0.01,0.0,0.0
MARCIO MARINHO,REPUBLICANOS,ALCOBACA,DENTRO,6,0.01,0.0,0.0
MARCIO MARINHO,REPUBLICANOS,BARRA DA ESTIVA,DENTRO,5,0.00,0.0,0.0
MARCIO MARINHO,REPUBLICANOS,ANDARAI,DENTRO,5,0.00,0.0,0.0
MARCIO MARINHO,REPUBLICANOS,LAJEDO DO TABOCAL,DENTRO,5,0.00,0.0,0.0
MARCIO MARINHO,REPUBLICANOS,BARRA DO CHOCA,DENTRO,5,0.00,0.0,0.0
MARCIO MARINHO,REPUBLICANOS,IPUPIARA,DENTRO,5,0.00,0.0,0.0
MARCIO MARINHO,REPUBLICANOS,PINDOBACU,DENTRO,5,0.00,0.0,0.0
MARCIO MARINHO,REPUBLICANOS,ITORORO,DENTRO,5,0.00,0.0,0.0
MARCIO MARINHO,REPUBLICANOS,HELIOPOLIS,DENTRO,5,0.00,0.0,0.0
MARCIO MARINHO,REPUBLICANOS,BOM JESUS DA LAPA,DENTRO,5,0.00,0.0,0.0
MARCIO MARINHO,REPUBLICANOS,MIRANTE,DENTRO,5,0.00,0.0,0.0
MARCIO MARINHO,REPUBLICANOS,PAU BRASIL,DENTRO,5,0.00,0.0,0.0
MARCIO MARINHO,REPUBLICANOS,ANGICAL,DENTRO,5,0.00,0.0,0.0
MARCIO MARINHO,REPUBLICANOS,PIRITIBA,DENTRO,5,0.00,0.0,0.0
MARCIO MARINHO,REPUBLICANOS,TAPIRAMUTA,DENTRO,5,0.00,0.0,0.0
MARCIO MARINHO,REPUBLICANOS,IBOTIRAMA,DENTRO,5,0.00,0.0,0.0
MARCIO MARINHO,REPUBLICANOS,SAO MIGUEL DAS MATAS,DENTRO,5,0.00,0.0,0.0
MARCIO MARINHO,REPUBLICANOS,OUROLANDIA,DENTRO,5,0.00,0.0,0.0
MARCIO MARINHO,REPUBLICANOS,BROTAS DE MACAUBAS,DENTRO,5,0.00,0.0,0.0
MARCIO MARINHO,REPUBLICANOS,MEDEIROS NETO,DENTRO,5,0.00,0.0,0.0
MARCIO MARINHO,REPUBLICANOS,ITAGIMIRIM,DENTRO,5,0.00,0.0,0.0
MARCIO MARINHO,REPUBLICANOS,CANDIDO SALES,DENTRO,5,0.00,0.0,0.0
MARCIO MARINHO,REPUBLICANOS,ITAMBE,DENTRO,4,0.00,0.0,0.0
MARCIO MARINHO,REPUBLICANOS,COCOS,DENTRO,4,0.00,0.0,0.0
MARCIO MARINHO,REPUBLICANOS,MACAUBAS,DENTRO,4,0.00,0.0,0.0
MARCIO MARINHO,REPUBLICANOS,VARZEA DA ROCA,DENTRO,4,0.00,0.0,0.0
MARCIO MARINHO,REPUBLICANOS,SANTA BRIGIDA,DENTRO,4,0.00,0.0,0.0
MARCIO MARINHO,REPUBLICANOS,RIO DO PIRES,DENTRO,4,0.00,0.0,0.0
MARCIO MARINHO,REPUBLICANOS,MALHADA,DENTRO,4,0.00,0.0,0.0
MARCIO MARINHO,REPUBLICANOS,PIRIPA,DENTRO,4,0.00,0.0,0.0
MARCIO MARINHO,REPUBLICANOS,ERICO CARDOSO,DENTRO,4,0.00,0.0,0.0
MARCIO MARINHO,REPUBLICANOS,SANTA MARIA DA VITORIA,DENTRO,4,0.00,0.0,0.0
MARCIO MARINHO,REPUBLICANOS,SANTANA,DENTRO,4,0.00,0.0,0.0
MARCIO MARINHO,REPUBLICANOS,ADUSTINA,DENTRO,4,0.00,0.0,0.0
MARCIO MARINHO,REPUBLICANOS,MACARANI,DENTRO,3,0.00,0.0,0.0
MARCIO MARINHO,REPUBLICANOS,LENCOIS,DENTRO,3,0.00,0.0,0.0
MARCIO MARINHO,REPUBLICANOS,MAIRI,DENTRO,3,0.00,0.0,0.0
MARCIO MARINHO,REPUBLICANOS,URANDI,DENTRO,3,0.00,0.0,0.0
MARCIO MARINHO,REPUBLICANOS,CARAVELAS,DENTRO,3,0.00,0.0,0.0
MARCIO MARINHO,REPUBLICANOS,CORIBE,DENTRO,3,0.00,0.0,0.0
MARCIO MARINHO,REPUBLICANOS,TANHACU,DENTRO,3,0.00,0.0,0.0
MARCIO MARINHO,REPUBLICANOS,IBIQUERA,DENTRO,3,0.00,0.0,0.0
MARCIO MARINHO,REPUBLICANOS,FORMOSA DO RIO PRETO,DENTRO,3,0.00,0.0,0.0
MARCIO MARINHO,REPUBLICANOS,SAO FELIX DO CORIBE,DENTRO,3,0.00,0.0,0.0
MARCIO MARINHO,REPUBLICANOS,NOVA REDENCAO,DENTRO,3,0.00,0.0,0.0
MARCIO MARINHO,REPUBLICANOS,LAJEDAO,DENTRO,3,0.00,0.0,0.0
MARCIO MARINHO,REPUBLICANOS,MIRANGABA,DENTRO,3,0.00,0.0,0.0
MARCIO MARINHO,REPUBLICANOS,ABARE,DENTRO,3,0.00,0.0,0.0
MARCIO MARINHO,REPUBLICANOS,CATOLANDIA,DENTRO,3,0.00,0.0,0.0
MARCIO MARINHO,REPUBLICANOS,SERRA DO RAMALHO,DENTRO,3,0.00,0.0,0.0
MARCIO MARINHO,REPUBLICANOS,GENTIO DO OURO,DENTRO,3,0.00,0.0,0.0
MARCIO MARINHO,REPUBLICANOS,CORRENTINA,DENTRO,3,0.00,0.0,0.0
MARCIO MARINHO,REPUBLICANOS,GLORIA,DENTRO,3,0.00,0.0,0.0
MARCIO MARINHO,REPUBLICANOS,WANDERLEY,DENTRO,3,0.00,0.0,0.0
MARCIO MARINHO,REPUBLICANOS,BELO CAMPO,DENTRO,2,0.00,0.0,0.0
MARCIO MARINHO,REPUBLICANOS,PLANALTINO,DENTRO,2,0.00,0.0,0.0
MARCIO MARINHO,REPUBLICANOS,VEREDA,DENTRO,2,0.00,0.0,0.0
MARCIO MARINHO,REPUBLICANOS,IRAMAIA,DENTRO,2,0.00,0.0,0.0
MARCIO MARINHO,REPUBLICANOS,TAPEROA,DENTRO,2,0.00,0.0,0.0
MARCIO MARINHO,REPUBLICANOS,CANAPOLIS,DENTRO,2,0.00,0.0,0.0
MARCIO MARINHO,REPUBLICANOS,RIACHO DE SANTANA,DENTRO,2,0.00,0.0,0.0
MARCIO MARINHO,REPUBLICANOS,CHORROCHO,DENTRO,2,0.00,0.0,0.0
MARCIO MARINHO,REPUBLICANOS,LAGOA REAL,DENTRO,2,0.00,0.0,0.0
MARCIO MARINHO,REPUBLICANOS,PARATINGA,DENTRO,2,0.00,0.0,0.0
MARCIO MARINHO,REPUBLICANOS,SAO JOSE DO JACUIPE,DENTRO,2,0.00,0.0,0.0
MARCIO MARINHO,REPUBLICANOS,VARZEA DO POCO,DENTRO,2,0.00,0.0,0.0
MARCIO MARINHO,REPUBLICANOS,JAGUARARI,DENTRO,2,0.00,0.0,0.0
MARCIO MARINHO,REPUBLICANOS,CAEM,DENTRO,2,0.00,0.0,0.0
MARCIO MARINHO,REPUBLICANOS,PEDRO ALEXANDRE,DENTRO,2,0.00,0.0,0.0
MARCIO MARINHO,REPUBLICANOS,IBIRAPUA,DENTRO,2,0.00,0.0,0.0
MARCIO MARINHO,REPUBLICANOS,SERRA DOURADA,DENTRO,2,0.00,0.0,0.0
MARCIO MARINHO,REPUBLICANOS,BOQUIRA,DENTRO,2,0.00,0.0,0.0
MARCIO MARINHO,REPUBLICANOS,RIBEIRAO DO LARGO,DENTRO,2,0.00,0.0,0.0
MARCIO MARINHO,REPUBLICANOS,IBICOARA,DENTRO,2,0.00,0.0,0.0
MARCIO MARINHO,REPUBLICANOS,DOM BASILIO,DENTRO,2,0.00,0.0,0.0
MARCIO MARINHO,REPUBLICANOS,ITAMARI,DENTRO,2,0.00,0.0,0.0
MARCIO MARINHO,REPUBLICANOS,MUCUGE,DENTRO,2,0.00,0.0,0.0
MARCIO MARINHO,REPUBLICANOS,CURACA,DENTRO,2,0.00,0.0,0.0
MARCIO MARINHO,REPUBLICANOS,MORPARA,DENTRO,2,0.00,0.0,0.0
MARCIO MARINHO,REPUBLICANOS,CAATIBA,DENTRO,2,0.00,0.0,0.0
MARCIO MARINHO,REPUBLICANOS,POTIRAGUA,DENTRO,2,0.00,0.0,0.0
MARCIO MARINHO,REPUBLICANOS,CORONEL JOAO SA,DENTRO,2,0.00,0.0,0.0
MARCIO MARINHO,REPUBLICANOS,PRESIDENTE JANIO QUADROS,DENTRO,2,0.00,0.0,0.0
MARCIO MARINHO,REPUBLICANOS,GAVIAO,DENTRO,2,0.00,0.0,0.0
MARCIO MARINHO,REPUBLICANOS,MAETINGA,DENTRO,1,0.00,0.0,0.0
MARCIO MARINHO,REPUBLICANOS,NOVA IBIA,DENTRO,1,0.00,0.0,0.0
MARCIO MARINHO,REPUBLICANOS,MATINA,DENTRO,1,0.00,0.0,0.0
MARCIO MARINHO,REPUBLICANOS,TANQUE NOVO,DENTRO,1,0.00,0.0,0.0
MARCIO MARINHO,REPUBLICANOS,IGAPORA,DENTRO,1,0.00,0.0,0.0
MARCIO MARINHO,REPUBLICANOS,ANAGE,DENTRO,1,0.00,0.0,0.0
MARCIO MARINHO,REPUBLICANOS,QUIXABEIRA,DENTRO,1,0.00,0.0,0.0
MARCIO MARINHO,REPUBLICANOS,IBIPITANGA,DENTRO,1,0.00,0.0,0.0
MARCIO MARINHO,REPUBLICANOS,JABORANDI,DENTRO,1,0.00,0.0,0.0
MARCIO MARINHO,REPUBLICANOS,CONTENDAS DO SINCORA,DENTRO,1,0.00,0.0,0.0
MARCIO MARINHO,REPUBLICANOS,IRAJUBA,DENTRO,1,0.00,0.0,0.0
MARCIO MARINHO,REPUBLICANOS,CALDEIRAO GRANDE,DENTRO,1,0.00,0.0,0.0
MARCIO MARINHO,REPUBLICANOS,SOBRADINHO,DENTRO,1,0.00,0.0,0.0
MARCIO MARINHO,REPUBLICANOS,CATURAMA,DENTRO,1,0.00,0.0,0.0
MARCIO MARINHO,REPUBLICANOS,JACARACI,DENTRO,1,0.00,0.0,0.0
MARCIO MARINHO,REPUBLICANOS,RIO DE CONTAS,DENTRO,1,0.00,0.0,0.0
MARCIO MARINHO,REPUBLICANOS,MUQUEM DO SAO FRANCISCO,DENTRO,0,0.00,0.0,0.0
MARCIO MARINHO,REPUBLICANOS,SITIO DO MATO,DENTRO,0,0.00,0.0,0.0
MARCIO MARINHO,REPUBLICANOS,SEBASTIAO LARANJEIRAS,DENTRO,0,0.00,0.0,0.0
MARCIO MARINHO,REPUBLICANOS,BOTUPORA,DENTRO,0,0.00,0.0,0.0
MARCIO MARINHO,REPUBLICANOS,MACURURE,DENTRO,0,0.00,0.0,0.0
MARCIO MARINHO,REPUBLICANOS,LICINIO DE ALMEIDA,DENTRO,0,0.00,0.0,0.0
MARCIO MARINHO,REPUBLICANOS,GUAJERU,DENTRO,0,0.00,0.0,0.0
MARCIO MARINHO,REPUBLICANOS,MAIQUINIQUE,DENTRO,0,0.00,0.0,0.0
MARCIO MARINHO,REPUBLICANOS,PINDAI,DENTRO,0,0.00,0.0,0.0
MARCIO MARINHO,REPUBLICANOS,JUCURUCU,DENTRO,0,0.00,0.0,0.0
MARCIO MARINHO,REPUBLICANOS,LAFAIETE COUTINHO,DENTRO,0,0.00,0.0,0.0
MARCIO MARINHO,REPUBLICANOS,NOVO HORIZONTE,DENTRO,0,0.00,0.0,0.0
MARCIO MARINHO,REPUBLICANOS,ITANHEM,DENTRO,0,0.00,0.0,0.0
MARCIO MARINHO,REPUBLICANOS,FEIRA DA MATA,DENTRO,0,0.00,0.0,0.0
MARCIO MARINHO,REPUBLICANOS,MORTUGABA,DENTRO,0,0.00,0.0,0.0
MARCIO MARINHO,REPUBLICANOS,TABOCAS DO BREJO VELHO,DENTRO,0,0.00,0.0,0.0
MARCIO MARINHO,REPUBLICANOS,CARAIBAS,DENTRO,0,0.00,0.0,0.0
MARCIO MARINHO,REPUBLICANOS,ITARANTIM,DENTRO,0,0.00,0.0,0.0
MARCIO MARINHO,REPUBLICANOS,IUIU,DENTRO,0,0.00,0.0,0.0
MARCIO MARINHO,REPUBLICANOS,TREMEDAL,DENTRO,0,0.00,0.0,0.0
MARCIO MARINHO,REPUBLICANOS,CANDIBA,DENTRO,0,0.00,0.0,0.0
MARCIO MARINHO,REPUBLICANOS,RODELAS,DENTRO,0,0.00,0.0,0.0
MARCIO MARINHO,REPUBLICANOS,JUSSIAPE,DENTRO,0,0.00,0.0,0.0
MARCIO MARINHO,REPUBLICANOS,CAETANOS,DENTRO,0,0.00,0.0,0.0
MARCIO MARINHO,REPUBLICANOS,GUANAMBI,DENTRO,0,0.00,0.0,0.0
MARCIO MARINHO,REPUBLICANOS,CORDEIROS,DENTRO,0,0.00,0.0,0.0
MARCIO MARINHO,REPUBLICANOS,BREJOLANDIA,DENTRO,0,0.00,0.0,0.0
MARCIO MARINHO,REPUBLICANOS,IBIASSUCE,DENTRO,0,0.00,0.0,0.0
MARCIO MARINHO,REPUBLICANOS,MULTIPLO,AMPLO,0,0,128794617.17,85.32
MARCIO MARINHO,REPUBLICANOS,SEM INFORMACAO,AMPLO,0,0,17307505.27,11.47
MARCIO MARINHO,REPUBLICANOS,SALVADOR (BAHIA),FORA,0,0,2614604.0,1.73
MARCIO MARINHO,REPUBLICANOS,FEIRA DE SANTANA (BAHIA),FORA,0,0,1040000.0,0.69
MARCIO MARINHO,REPUBLICANOS,SENHOR DO BONFIM (BAHIA),FORA,0,0,499977.0,0.33
MARCIO MARINHO,REPUBLICANOS,TERRA NOVA (BAHIA),FORA,0,0,499700.0,0.33
MARCIO MARINHO,REPUBLICANOS,MALHADA (BAHIA),FORA,0,0,200000.0,0.13
AFONSO FLORENCE,PT,SALVADOR,DENTRO,12077,10.23,0.0,0.0
AFONSO FLORENCE,PT,CONCEICAO DO COITE,DENTRO,5721,4.85,0.0,0.0
AFONSO FLORENCE,PT,IBOTIRAMA,DENTRO,5124,4.34,0.0,0.0
AFONSO FLORENCE,PT,SERRA DOURADA,DENTRO,4680,3.97,0.0,0.0
AFONSO FLORENCE,PT,BONINAL,DENTRO,3723,3.15,0.0,0.0
AFONSO FLORENCE,PT,SANTA MARIA DA VITORIA,DENTRO,3318,2.81,0.0,0.0
AFONSO FLORENCE,PT,BARRA,DENTRO,2765,2.34,0.0,0.0
AFONSO FLORENCE,PT,MORPARA,DENTRO,2756,2.34,0.0,0.0
AFONSO FLORENCE,PT,MUQUEM DO SAO FRANCISCO,DENTRO,2673,2.26,0.0,0.0
AFONSO FLORENCE,PT,MAIRI,DENTRO,2418,2.05,0.0,0.0
AFONSO FLORENCE,PT,XIQUE-XIQUE,DENTRO,2324,1.97,0.0,0.0
AFONSO FLORENCE,PT,PINTADAS,DENTRO,2089,1.77,0.0,0.0
AFONSO FLORENCE,PT,SANTANA,DENTRO,2036,1.73,0.0,0.0
AFONSO FLORENCE,PT,ITAGI,DENTRO,1991,1.69,0.0,0.0
AFONSO FLORENCE,PT,CANARANA,DENTRO,1839,1.56,0.0,0.0
AFONSO FLORENCE,PT,PE DE SERRA,DENTRO,1791,1.52,0.0,0.0
AFONSO FLORENCE,PT,JAGUARARI,DENTRO,1574,1.33,0.0,0.0
AFONSO FLORENCE,PT,SAO DESIDERIO,DENTRO,1547,1.31,0.0,0.0
AFONSO FLORENCE,PT,IPIRA,DENTRO,1539,1.30,0.0,0.0
AFONSO FLORENCE,PT,UIBAI,DENTRO,1515,1.28,0.0,0.0
AFONSO FLORENCE,PT,BARREIRAS,DENTRO,1466,1.24,0.0,0.0
AFONSO FLORENCE,PT,PILAO ARCADO,DENTRO,1459,1.24,0.0,0.0
AFONSO FLORENCE,PT,CAFARNAUM,DENTRO,1356,1.15,0.0,0.0
AFONSO FLORENCE,PT,NOVA REDENCAO,DENTRO,1354,1.15,0.0,0.0
AFONSO FLORENCE,PT,SEABRA,DENTRO,1339,1.13,0.0,0.0
AFONSO FLORENCE,PT,BARRA DO MENDES,DENTRO,1286,1.09,0.0,0.0
AFONSO FLORENCE,PT,REMANSO,DENTRO,1261,1.07,0.0,0.0
AFONSO FLORENCE,PT,POJUCA,DENTRO,1227,1.04,0.0,0.0
AFONSO FLORENCE,PT,MORRO DO CHAPEU,DENTRO,1205,1.02,0.0,0.0
AFONSO FLORENCE,PT,CANAVIEIRAS,DENTRO,1153,0.98,0.0,0.0
AFONSO FLORENCE,PT,COCOS,DENTRO,1124,0.95,0.0,0.0
AFONSO FLORENCE,PT,BROTAS DE MACAUBAS,DENTRO,1118,0.95,0.0,0.0
AFONSO FLORENCE,PT,CORIBE,DENTRO,989,0.84,0.0,0.0
AFONSO FLORENCE,PT,SANTALUZ,DENTRO,979,0.83,0.0,0.0
AFONSO FLORENCE,PT,BAIXA GRANDE,DENTRO,939,0.80,0.0,0.0
AFONSO FLORENCE,PT,BARRO ALTO,DENTRO,936,0.79,0.0,0.0
AFONSO FLORENCE,PT,BURITIRAMA,DENTRO,913,0.77,0.0,0.0
AFONSO FLORENCE,PT,TEOFILANDIA,DENTRO,911,0.77,0.0,0.0
AFONSO FLORENCE,PT,IRECE,DENTRO,872,0.74,0.0,0.0
AFONSO FLORENCE,PT,ANGICAL,DENTRO,869,0.74,0.0,0.0
AFONSO FLORENCE,PT,SANTA TEREZINHA,DENTRO,860,0.73,0.0,0.0
AFONSO FLORENCE,PT,ITAGUACU DA BAHIA,DENTRO,764,0.65,0.0,0.0
AFONSO FLORENCE,PT,LAPAO,DENTRO,718,0.61,0.0,0.0
AFONSO FLORENCE,PT,PIRITIBA,DENTRO,709,0.60,0.0,0.0
AFONSO FLORENCE,PT,SENHOR DO BONFIM,DENTRO,705,0.60,0.0,0.0
AFONSO FLORENCE,PT,BRUMADO,DENTRO,654,0.55,0.0,0.0
AFONSO FLORENCE,PT,JUAZEIRO,DENTRO,638,0.54,0.0,0.0
AFONSO FLORENCE,PT,SAO SEBASTIAO DO PASSE,DENTRO,629,0.53,0.0,0.0
AFONSO FLORENCE,PT,JOAO DOURADO,DENTRO,606,0.51,0.0,0.0
AFONSO FLORENCE,PT,VARZEA DA ROCA,DENTRO,566,0.48,0.0,0.0
AFONSO FLORENCE,PT,SENTO SE,DENTRO,542,0.46,0.0,0.0
AFONSO FLORENCE,PT,DARIO MEIRA,DENTRO,542,0.46,0.0,0.0
AFONSO FLORENCE,PT,PAU BRASIL,DENTRO,539,0.46,0.0,0.0
AFONSO FLORENCE,PT,IRARA,DENTRO,531,0.45,0.0,0.0
AFONSO FLORENCE,PT,SERRINHA,DENTRO,504,0.43,0.0,0.0
AFONSO FLORENCE,PT,VARZEA NOVA,DENTRO,489,0.41,0.0,0.0
AFONSO FLORENCE,PT,FEIRA DE SANTANA,DENTRO,465,0.39,0.0,0.0
AFONSO FLORENCE,PT,SANTA RITA DE CASSIA,DENTRO,462,0.39,0.0,0.0
AFONSO FLORENCE,PT,LAURO DE FREITAS,DENTRO,461,0.39,0.0,0.0
AFONSO FLORENCE,PT,CAMACARI,DENTRO,455,0.39,0.0,0.0
AFONSO FLORENCE,PT,RUY BARBOSA,DENTRO,441,0.37,0.0,0.0
AFONSO FLORENCE,PT,UAUA,DENTRO,427,0.36,0.0,0.0
AFONSO FLORENCE,PT,CONDEUBA,DENTRO,414,0.35,0.0,0.0
AFONSO FLORENCE,PT,IBIPEBA,DENTRO,405,0.34,0.0,0.0
AFONSO FLORENCE,PT,VITORIA DA CONQUISTA,DENTRO,404,0.34,0.0,0.0
AFONSO FLORENCE,PT,CASA NOVA,DENTRO,399,0.34,0.0,0.0
AFONSO FLORENCE,PT,ITABERABA,DENTRO,397,0.34,0.0,0.0
AFONSO FLORENCE,PT,PARATINGA,DENTRO,394,0.33,0.0,0.0
AFONSO FLORENCE,PT,ILHEUS,DENTRO,380,0.32,0.0,0.0
AFONSO FLORENCE,PT,SITIO DO MATO,DENTRO,370,0.31,0.0,0.0
AFONSO FLORENCE,PT,RIACHAO DO JACUIPE,DENTRO,355,0.30,0.0,0.0
AFONSO FLORENCE,PT,IBICOARA,DENTRO,354,0.30,0.0,0.0
AFONSO FLORENCE,PT,GANDU,DENTRO,352,0.30,0.0,0.0
AFONSO FLORENCE,PT,TABOCAS DO BREJO VELHO,DENTRO,331,0.28,0.0,0.0
AFONSO FLORENCE,PT,SOBRADINHO,DENTRO,325,0.28,0.0,0.0
AFONSO FLORENCE,PT,MACAJUBA,DENTRO,324,0.27,0.0,0.0
AFONSO FLORENCE,PT,UNA,DENTRO,312,0.26,0.0,0.0
AFONSO FLORENCE,PT,LUIS EDUARDO MAGALHAES,DENTRO,310,0.26,0.0,0.0
AFONSO FLORENCE,PT,SIMOES FILHO,DENTRO,307,0.26,0.0,0.0
AFONSO FLORENCE,PT,OLIVEIRA DOS BREJINHOS,DENTRO,299,0.25,0.0,0.0
AFONSO FLORENCE,PT,CORRENTINA,DENTRO,288,0.24,0.0,0.0
AFONSO FLORENCE,PT,ANAGE,DENTRO,263,0.22,0.0,0.0
AFONSO FLORENCE,PT,MUNDO NOVO,DENTRO,258,0.22,0.0,0.0
AFONSO FLORENCE,PT,BAIANOPOLIS,DENTRO,256,0.22,0.0,0.0
AFONSO FLORENCE,PT,ITUACU,DENTRO,247,0.21,0.0,0.0
AFONSO FLORENCE,PT,VERA CRUZ,DENTRO,235,0.20,0.0,0.0
AFONSO FLORENCE,PT,MUCUGE,DENTRO,231,0.20,0.0,0.0
AFONSO FLORENCE,PT,CENTRAL,DENTRO,224,0.19,0.0,0.0
AFONSO FLORENCE,PT,FORMOSA DO RIO PRETO,DENTRO,201,0.17,0.0,0.0
AFONSO FLORENCE,PT,SANTA CRUZ CABRALIA,DENTRO,195,0.17,0.0,0.0
AFONSO FLORENCE,PT,PORTO SEGURO,DENTRO,185,0.16,0.0,0.0
AFONSO FLORENCE,PT,ITABUNA,DENTRO,181,0.15,0.0,0.0
AFONSO FLORENCE,PT,SAO FELIX DO CORIBE,DENTRO,180,0.15,0.0,0.0
AFONSO FLORENCE,PT,CAEM,DENTRO,176,0.15,0.0,0.0
AFONSO FLORENCE,PT,IBITIARA,DENTRO,173,0.15,0.0,0.0
AFONSO FLORENCE,PT,SERRA DO RAMALHO,DENTRO,168,0.14,0.0,0.0
AFONSO FLORENCE,PT,MACARANI,DENTRO,166,0.14,0.0,0.0
AFONSO FLORENCE,PT,PAULO AFONSO,DENTRO,164,0.14,0.0,0.0
AFONSO FLORENCE,PT,ANTONIO CARDOSO,DENTRO,163,0.14,0.0,0.0
AFONSO FLORENCE,PT,SAO GABRIEL,DENTRO,162,0.14,0.0,0.0
AFONSO FLORENCE,PT,JEQUIE,DENTRO,156,0.13,0.0,0.0
AFONSO FLORENCE,PT,CRUZ DAS ALMAS,DENTRO,138,0.12,0.0,0.0
AFONSO FLORENCE,PT,PIATA,DENTRO,136,0.12,0.0,0.0
AFONSO FLORENCE,PT,EUNAPOLIS,DENTRO,134,0.11,0.0,0.0
AFONSO FLORENCE,PT,BOQUIRA,DENTRO,133,0.11,0.0,0.0
AFONSO FLORENCE,PT,CANDEIAS,DENTRO,132,0.11,0.0,0.0
AFONSO FLORENCE,PT,CANAPOLIS,DENTRO,131,0.11,0.0,0.0
AFONSO FLORENCE,PT,CRISTOPOLIS,DENTRO,128,0.11,0.0,0.0
AFONSO FLORENCE,PT,CATU,DENTRO,125,0.11,0.0,0.0
AFONSO FLORENCE,PT,CASTRO ALVES,DENTRO,123,0.10,0.0,0.0
AFONSO FLORENCE,PT,ARACATU,DENTRO,123,0.10,0.0,0.0
AFONSO FLORENCE,PT,DIAS D AVILA,DENTRO,115,0.10,0.0,0.0
AFONSO FLORENCE,PT,TAPEROA,DENTRO,115,0.10,0.0,0.0
AFONSO FLORENCE,PT,LIVRAMENTO DE NOSSA SENHORA,DENTRO,111,0.09,0.0,0.0
AFONSO FLORENCE,PT,BARRA DA ESTIVA,DENTRO,110,0.09,0.0,0.0
AFONSO FLORENCE,PT,BONITO,DENTRO,110,0.09,0.0,0.0
AFONSO FLORENCE,PT,COTEGIPE,DENTRO,108,0.09,0.0,0.0
AFONSO FLORENCE,PT,JACOBINA,DENTRO,108,0.09,0.0,0.0
AFONSO FLORENCE,PT,BUERAREMA,DENTRO,105,0.09,0.0,0.0
AFONSO FLORENCE,PT,ALAGOINHAS,DENTRO,102,0.09,0.0,0.0
AFONSO FLORENCE,PT,MATA DE SAO JOAO,DENTRO,97,0.08,0.0,0.0
AFONSO FLORENCE,PT,BELMONTE,DENTRO,97,0.08,0.0,0.0
AFONSO FLORENCE,PT,SAO JOSE DA VITORIA,DENTRO,94,0.08,0.0,0.0
AFONSO FLORENCE,PT,RIACHAO DAS NEVES,DENTRO,93,0.08,0.0,0.0
AFONSO FLORENCE,PT,SAO JOSE DO JACUIPE,DENTRO,92,0.08,0.0,0.0
AFONSO FLORENCE,PT,BREJOLANDIA,DENTRO,91,0.08,0.0,0.0
AFONSO FLORENCE,PT,SANTO AMARO,DENTRO,86,0.07,0.0,0.0
AFONSO FLORENCE,PT,ANDORINHA,DENTRO,85,0.07,0.0,0.0
AFONSO FLORENCE,PT,JITAUNA,DENTRO,84,0.07,0.0,0.0
AFONSO FLORENCE,PT,CAMPO FORMOSO,DENTRO,83,0.07,0.0,0.0
AFONSO FLORENCE,PT,BOM JESUS DA LAPA,DENTRO,83,0.07,0.0,0.0
AFONSO FLORENCE,PT,ENTRE RIOS,DENTRO,81,0.07,0.0,0.0
AFONSO FLORENCE,PT,CURACA,DENTRO,80,0.07,0.0,0.0
AFONSO FLORENCE,PT,VALENTE,DENTRO,75,0.06,0.0,0.0
AFONSO FLORENCE,PT,SAO FRANCISCO DO CONDE,DENTRO,74,0.06,0.0,0.0
AFONSO FLORENCE,PT,IBITITA,DENTRO,71,0.06,0.0,0.0
AFONSO FLORENCE,PT,CATOLANDIA,DENTRO,69,0.06,0.0,0.0
AFONSO FLORENCE,PT,MULUNGU DO MORRO,DENTRO,67,0.06,0.0,0.0
AFONSO FLORENCE,PT,OUROLANDIA,DENTRO,67,0.06,0.0,0.0
AFONSO FLORENCE,PT,ARACI,DENTRO,65,0.06,0.0,0.0
AFONSO FLORENCE,PT,CAPIM GROSSO,DENTRO,65,0.06,0.0,0.0
AFONSO FLORENCE,PT,CONCEICAO DO JACUIPE,DENTRO,62,0.05,0.0,0.0
AFONSO FLORENCE,PT,CAETANOS,DENTRO,62,0.05,0.0,0.0
AFONSO FLORENCE,PT,MIGUEL CALMON,DENTRO,57,0.05,0.0,0.0
AFONSO FLORENCE,PT,SANTO ANTONIO DE JESUS,DENTRO,56,0.05,0.0,0.0
AFONSO FLORENCE,PT,GENTIO DO OURO,DENTRO,56,0.05,0.0,0.0
AFONSO FLORENCE,PT,TEIXEIRA DE FREITAS,DENTRO,55,0.05,0.0,0.0
AFONSO FLORENCE,PT,WENCESLAU GUIMARAES,DENTRO,55,0.05,0.0,0.0
AFONSO FLORENCE,PT,BARROCAS,DENTRO,54,0.05,0.0,0.0
AFONSO FLORENCE,PT,LAMARAO,DENTRO,53,0.04,0.0,0.0
AFONSO FLORENCE,PT,CACHOEIRA,DENTRO,51,0.04,0.0,0.0
AFONSO FLORENCE,PT,CAPELA DO ALTO ALEGRE,DENTRO,50,0.04,0.0,0.0
AFONSO FLORENCE,PT,JABORANDI,DENTRO,50,0.04,0.0,0.0
AFONSO FLORENCE,PT,QUEIMADAS,DENTRO,49,0.04,0.0,0.0
AFONSO FLORENCE,PT,LAJEDINHO,DENTRO,48,0.04,0.0,0.0
AFONSO FLORENCE,PT,ITAGIBA,DENTRO,48,0.04,0.0,0.0
AFONSO FLORENCE,PT,PRESIDENTE DUTRA,DENTRO,48,0.04,0.0,0.0
AFONSO FLORENCE,PT,NOVA CANAA,DENTRO,47,0.04,0.0,0.0
AFONSO FLORENCE,PT,SERRA PRETA,DENTRO,47,0.04,0.0,0.0
AFONSO FLORENCE,PT,ITAETE,DENTRO,46,0.04,0.0,0.0
AFONSO FLORENCE,PT,SAPEACU,DENTRO,45,0.04,0.0,0.0
AFONSO FLORENCE,PT,CALDEIRAO GRANDE,DENTRO,45,0.04,0.0,0.0
AFONSO FLORENCE,PT,VALENCA,DENTRO,45,0.04,0.0,0.0
AFONSO FLORENCE,PT,WAGNER,DENTRO,44,0.04,0.0,0.0
AFONSO FLORENCE,PT,WANDERLEY,DENTRO,43,0.04,0.0,0.0
AFONSO FLORENCE,PT,SANTO ESTEVAO,DENTRO,42,0.04,0.0,0.0
AFONSO FLORENCE,PT,POCOES,DENTRO,42,0.04,0.0,0.0
AFONSO FLORENCE,PT,ICHU,DENTRO,42,0.04,0.0,0.0
AFONSO FLORENCE,PT,MUCURI,DENTRO,41,0.03,0.0,0.0
AFONSO FLORENCE,PT,ANDARAI,DENTRO,41,0.03,0.0,0.0
AFONSO FLORENCE,PT,EUCLIDES DA CUNHA,DENTRO,41,0.03,0.0,0.0
AFONSO FLORENCE,PT,MURITIBA,DENTRO,41,0.03,0.0,0.0
AFONSO FLORENCE,PT,INHAMBUPE,DENTRO,40,0.03,0.0,0.0
AFONSO FLORENCE,PT,SAO DOMINGOS,DENTRO,39,0.03,0.0,0.0
AFONSO FLORENCE,PT,CORACAO DE MARIA,DENTRO,38,0.03,0.0,0.0
AFONSO FLORENCE,PT,UTINGA,DENTRO,37,0.03,0.0,0.0
AFONSO FLORENCE,PT,PINDAI,DENTRO,37,0.03,0.0,0.0
AFONSO FLORENCE,PT,LENCOIS,DENTRO,36,0.03,0.0,0.0
AFONSO FLORENCE,PT,IRAQUARA,DENTRO,36,0.03,0.0,0.0
AFONSO FLORENCE,PT,VARZEDO,DENTRO,36,0.03,0.0,0.0
AFONSO FLORENCE,PT,SAO FELIX,DENTRO,36,0.03,0.0,0.0
AFONSO FLORENCE,PT,ITIUBA,DENTRO,34,0.03,0.0,0.0
AFONSO FLORENCE,PT,ESPLANADA,DENTRO,34,0.03,0.0,0.0
AFONSO FLORENCE,PT,IPUPIARA,DENTRO,32,0.03,0.0,0.0
AFONSO FLORENCE,PT,AMERICA DOURADA,DENTRO,32,0.03,0.0,0.0
AFONSO FLORENCE,PT,CAMACA,DENTRO,32,0.03,0.0,0.0
AFONSO FLORENCE,PT,JUSSIAPE,DENTRO,32,0.03,0.0,0.0
AFONSO FLORENCE,PT,CAMAMU,DENTRO,32,0.03,0.0,0.0
AFONSO FLORENCE,PT,RETIROLANDIA,DENTRO,32,0.03,0.0,0.0
AFONSO FLORENCE,PT,NOVA FATIMA,DENTRO,32,0.03,0.0,0.0
AFONSO FLORENCE,PT,MADRE DE DEUS,DENTRO,31,0.03,0.0,0.0
AFONSO FLORENCE,PT,CAETITE,DENTRO,31,0.03,0.0,0.0
AFONSO FLORENCE,PT,ITAMARAJU,DENTRO,30,0.03,0.0,0.0
AFONSO FLORENCE,PT,NORDESTINA,DENTRO,30,0.03,0.0,0.0
AFONSO FLORENCE,PT,PALMEIRAS,DENTRO,30,0.03,0.0,0.0
AFONSO FLORENCE,PT,CANSANCAO,DENTRO,29,0.02,0.0,0.0
AFONSO FLORENCE,PT,BOA VISTA DO TUPIM,DENTRO,28,0.02,0.0,0.0
AFONSO FLORENCE,PT,SANTA BARBARA,DENTRO,28,0.02,0.0,0.0
AFONSO FLORENCE,PT,VARZEA DO POCO,DENTRO,28,0.02,0.0,0.0
AFONSO FLORENCE,PT,SOUTO SOARES,DENTRO,28,0.02,0.0,0.0
AFONSO FLORENCE,PT,PARIPIRANGA,DENTRO,28,0.02,0.0,0.0
AFONSO FLORENCE,PT,NOVA SOURE,DENTRO,28,0.02,0.0,0.0
AFONSO FLORENCE,PT,MACAUBAS,DENTRO,27,0.02,0.0,0.0
AFONSO FLORENCE,PT,ITUBERA,DENTRO,27,0.02,0.0,0.0
AFONSO FLORENCE,PT,APORA,DENTRO,27,0.02,0.0,0.0
AFONSO FLORENCE,PT,RIO DE CONTAS,DENTRO,27,0.02,0.0,0.0
AFONSO FLORENCE,PT,NOVA IBIA,DENTRO,26,0.02,0.0,0.0
AFONSO FLORENCE,PT,CANDEAL,DENTRO,26,0.02,0.0,0.0
AFONSO FLORENCE,PT,MARAU,DENTRO,25,0.02,0.0,0.0
AFONSO FLORENCE,PT,ACAJUTIBA,DENTRO,25,0.02,0.0,0.0
AFONSO FLORENCE,PT,JUSSARA,DENTRO,25,0.02,0.0,0.0
AFONSO FLORENCE,PT,MATINA,DENTRO,24,0.02,0.0,0.0
AFONSO FLORENCE,PT,CARDEAL DA SILVA,DENTRO,24,0.02,0.0,0.0
AFONSO FLORENCE,PT,URUCUCA,DENTRO,24,0.02,0.0,0.0
AFONSO FLORENCE,PT,CICERO DANTAS,DENTRO,24,0.02,0.0,0.0
AFONSO FLORENCE,PT,ITATIM,DENTRO,23,0.02,0.0,0.0
AFONSO FLORENCE,PT,RIACHO DE SANTANA,DENTRO,23,0.02,0.0,0.0
AFONSO FLORENCE,PT,ITAPARICA,DENTRO,23,0.02,0.0,0.0
AFONSO FLORENCE,PT,RAFAEL JAMBEIRO,DENTRO,22,0.02,0.0,0.0
AFONSO FLORENCE,PT,RIBEIRA DO POMBAL,DENTRO,22,0.02,0.0,0.0
AFONSO FLORENCE,PT,CAMPO ALEGRE DE LOURDES,DENTRO,22,0.02,0.0,0.0
AFONSO FLORENCE,PT,SAO FELIPE,DENTRO,21,0.02,0.0,0.0
AFONSO FLORENCE,PT,NOVA VICOSA,DENTRO,21,0.02,0.0,0.0
AFONSO FLORENCE,PT,TERRA NOVA,DENTRO,21,0.02,0.0,0.0
AFONSO FLORENCE,PT,SANTANOPOLIS,DENTRO,21,0.02,0.0,0.0
AFONSO FLORENCE,PT,MARACAS,DENTRO,20,0.02,0.0,0.0
AFONSO FLORENCE,PT,PRADO,DENTRO,20,0.02,0.0,0.0
AFONSO FLORENCE,PT,GUARATINGA,DENTRO,19,0.02,0.0,0.0
AFONSO FLORENCE,PT,ANTONIO GONCALVES,DENTRO,19,0.02,0.0,0.0
AFONSO FLORENCE,PT,IRAMAIA,DENTRO,19,0.02,0.0,0.0
AFONSO FLORENCE,PT,NOVO HORIZONTE,DENTRO,19,0.02,0.0,0.0
AFONSO FLORENCE,PT,CAIRU,DENTRO,19,0.02,0.0,0.0
AFONSO FLORENCE,PT,GUANAMBI,DENTRO,19,0.02,0.0,0.0
AFONSO FLORENCE,PT,BIRITINGA,DENTRO,19,0.02,0.0,0.0
AFONSO FLORENCE,PT,TEODORO SAMPAIO,DENTRO,18,0.02,0.0,0.0
AFONSO FLORENCE,PT,IGRAPIUNA,DENTRO,18,0.02,0.0,0.0
AFONSO FLORENCE,PT,AMELIA RODRIGUES,DENTRO,17,0.01,0.0,0.0
AFONSO FLORENCE,PT,MONTE SANTO,DENTRO,17,0.01,0.0,0.0
AFONSO FLORENCE,PT,PRESIDENTE TANCREDO NEVES,DENTRO,17,0.01,0.0,0.0
AFONSO FLORENCE,PT,ABARE,DENTRO,17,0.01,0.0,0.0
AFONSO FLORENCE,PT,CIPO,DENTRO,17,0.01,0.0,0.0
AFONSO FLORENCE,PT,TUCANO,DENTRO,16,0.01,0.0,0.0
AFONSO FLORENCE,PT,IPIAU,DENTRO,16,0.01,0.0,0.0
AFONSO FLORENCE,PT,SALINAS DA MARGARIDA,DENTRO,16,0.01,0.0,0.0
AFONSO FLORENCE,PT,AMARGOSA,DENTRO,16,0.01,0.0,0.0
AFONSO FLORENCE,PT,SAO GONCALO DOS CAMPOS,DENTRO,15,0.01,0.0,0.0
AFONSO FLORENCE,PT,PINDOBACU,DENTRO,15,0.01,0.0,0.0
AFONSO FLORENCE,PT,LAGOA REAL,DENTRO,15,0.01,0.0,0.0
AFONSO FLORENCE,PT,ITAPETINGA,DENTRO,15,0.01,0.0,0.0
AFONSO FLORENCE,PT,ANGUERA,DENTRO,15,0.01,0.0,0.0
AFONSO FLORENCE,PT,PARAMIRIM,DENTRO,15,0.01,0.0,0.0
AFONSO FLORENCE,PT,IBICARAI,DENTRO,15,0.01,0.0,0.0
AFONSO FLORENCE,PT,CONCEICAO DA FEIRA,DENTRO,15,0.01,0.0,0.0
AFONSO FLORENCE,PT,OLINDINA,DENTRO,15,0.01,0.0,0.0
AFONSO FLORENCE,PT,TANHACU,DENTRO,14,0.01,0.0,0.0
AFONSO FLORENCE,PT,GOVERNADOR MANGABEIRA,DENTRO,14,0.01,0.0,0.0
AFONSO FLORENCE,PT,TAPIRAMUTA,DENTRO,14,0.01,0.0,0.0
AFONSO FLORENCE,PT,TREMEDAL,DENTRO,14,0.01,0.0,0.0
AFONSO FLORENCE,PT,PRESIDENTE JANIO QUADROS,DENTRO,14,0.01,0.0,0.0
AFONSO FLORENCE,PT,CARINHANHA,DENTRO,13,0.01,0.0,0.0
AFONSO FLORENCE,PT,RIO DO ANTONIO,DENTRO,13,0.01,0.0,0.0
AFONSO FLORENCE,PT,AIQUARA,DENTRO,13,0.01,0.0,0.0
AFONSO FLORENCE,PT,MARAGOGIPE,DENTRO,13,0.01,0.0,0.0
AFONSO FLORENCE,PT,CARAIBAS,DENTRO,13,0.01,0.0,0.0
AFONSO FLORENCE,PT,SERROLANDIA,DENTRO,13,0.01,0.0,0.0
AFONSO FLORENCE,PT,COARACI,DENTRO,13,0.01,0.0,0.0
AFONSO FLORENCE,PT,FILADELFIA,DENTRO,13,0.01,0.0,0.0
AFONSO FLORENCE,PT,JAGUARIPE,DENTRO,12,0.01,0.0,0.0
AFONSO FLORENCE,PT,RIO DO PIRES,DENTRO,12,0.01,0.0,0.0
AFONSO FLORENCE,PT,ARACAS,DENTRO,12,0.01,0.0,0.0
AFONSO FLORENCE,PT,PALMAS DE MONTE ALTO,DENTRO,12,0.01,0.0,0.0
AFONSO FLORENCE,PT,ITAJUIPE,DENTRO,11,0.01,0.0,0.0
AFONSO FLORENCE,PT,AGUA FRIA,DENTRO,10,0.01,0.0,0.0
AFONSO FLORENCE,PT,RIO REAL,DENTRO,10,0.01,0.0,0.0
AFONSO FLORENCE,PT,URANDI,DENTRO,10,0.01,0.0,0.0
AFONSO FLORENCE,PT,MARCIONILIO SOUZA,DENTRO,10,0.01,0.0,0.0
AFONSO FLORENCE,PT,ITAPEBI,DENTRO,10,0.01,0.0,0.0
AFONSO FLORENCE,PT,MANSIDAO,DENTRO,10,0.01,0.0,0.0
AFONSO FLORENCE,PT,SATIRO DIAS,DENTRO,10,0.01,0.0,0.0
AFONSO FLORENCE,PT,JEREMOABO,DENTRO,10,0.01,0.0,0.0
AFONSO FLORENCE,PT,ADUSTINA,DENTRO,10,0.01,0.0,0.0
AFONSO FLORENCE,PT,CONDE,DENTRO,10,0.01,0.0,0.0
AFONSO FLORENCE,PT,GAVIAO,DENTRO,10,0.01,0.0,0.0
AFONSO FLORENCE,PT,CARAVELAS,DENTRO,9,0.01,0.0,0.0
AFONSO FLORENCE,PT,ITAPICURU,DENTRO,9,0.01,0.0,0.0
AFONSO FLORENCE,PT,CANUDOS,DENTRO,9,0.01,0.0,0.0
AFONSO FLORENCE,PT,IBIASSUCE,DENTRO,9,0.01,0.0,0.0
AFONSO FLORENCE,PT,HELIOPOLIS,DENTRO,9,0.01,0.0,0.0
AFONSO FLORENCE,PT,TEOLANDIA,DENTRO,9,0.01,0.0,0.0
AFONSO FLORENCE,PT,PONTO NOVO,DENTRO,9,0.01,0.0,0.0
AFONSO FLORENCE,PT,ERICO CARDOSO,DENTRO,9,0.01,0.0,0.0
AFONSO FLORENCE,PT,PEDRAO,DENTRO,9,0.01,0.0,0.0
AFONSO FLORENCE,PT,CRISOPOLIS,DENTRO,8,0.01,0.0,0.0
AFONSO FLORENCE,PT,QUIXABEIRA,DENTRO,8,0.01,0.0,0.0
AFONSO FLORENCE,PT,FEIRA DA MATA,DENTRO,8,0.01,0.0,0.0
AFONSO FLORENCE,PT,IBIRAPITANGA,DENTRO,8,0.01,0.0,0.0
AFONSO FLORENCE,PT,ITAJU DO COLONIA,DENTRO,8,0.01,0.0,0.0
AFONSO FLORENCE,PT,GLORIA,DENTRO,8,0.01,0.0,0.0
AFONSO FLORENCE,PT,QUIJINGUE,DENTRO,8,0.01,0.0,0.0
AFONSO FLORENCE,PT,ALCOBACA,DENTRO,8,0.01,0.0,0.0
AFONSO FLORENCE,PT,ITAMBE,DENTRO,7,0.01,0.0,0.0
AFONSO FLORENCE,PT,FATIMA,DENTRO,7,0.01,0.0,0.0
AFONSO FLORENCE,PT,BOTUPORA,DENTRO,7,0.01,0.0,0.0
AFONSO FLORENCE,PT,CHORROCHO,DENTRO,7,0.01,0.0,0.0
AFONSO FLORENCE,PT,SAUBARA,DENTRO,7,0.01,0.0,0.0
AFONSO FLORENCE,PT,JAGUAQUARA,DENTRO,7,0.01,0.0,0.0
AFONSO FLORENCE,PT,IBIRAPUA,DENTRO,7,0.01,0.0,0.0
AFONSO FLORENCE,PT,CONTENDAS DO SINCORA,DENTRO,7,0.01,0.0,0.0
AFONSO FLORENCE,PT,PIRAI DO NORTE,DENTRO,7,0.01,0.0,0.0
AFONSO FLORENCE,PT,DOM BASILIO,DENTRO,7,0.01,0.0,0.0
AFONSO FLORENCE,PT,BELO CAMPO,DENTRO,6,0.01,0.0,0.0
AFONSO FLORENCE,PT,ITABELA,DENTRO,6,0.01,0.0,0.0
AFONSO FLORENCE,PT,ELISIO MEDRADO,DENTRO,6,0.01,0.0,0.0
AFONSO FLORENCE,PT,CACULE,DENTRO,6,0.01,0.0,0.0
AFONSO FLORENCE,PT,IGAPORA,DENTRO,6,0.01,0.0,0.0
AFONSO FLORENCE,PT,UMBURANAS,DENTRO,6,0.01,0.0,0.0
AFONSO FLORENCE,PT,CABACEIRAS DO PARAGUACU,DENTRO,6,0.01,0.0,0.0
AFONSO FLORENCE,PT,UBAITABA,DENTRO,6,0.01,0.0,0.0
AFONSO FLORENCE,PT,RIBEIRA DO AMPARO,DENTRO,6,0.01,0.0,0.0
AFONSO FLORENCE,PT,ITANHEM,DENTRO,6,0.01,0.0,0.0
AFONSO FLORENCE,PT,PLANALTO,DENTRO,6,0.01,0.0,0.0
AFONSO FLORENCE,PT,SANTA LUZIA,DENTRO,6,0.01,0.0,0.0
AFONSO FLORENCE,PT,ITACARE,DENTRO,6,0.01,0.0,0.0
AFONSO FLORENCE,PT,NOVA ITARANA,DENTRO,6,0.01,0.0,0.0
AFONSO FLORENCE,PT,CATURAMA,DENTRO,6,0.01,0.0,0.0
AFONSO FLORENCE,PT,IBIRATAIA,DENTRO,5,0.00,0.0,0.0
AFONSO FLORENCE,PT,VEREDA,DENTRO,5,0.00,0.0,0.0
AFONSO FLORENCE,PT,BARRA DO CHOCA,DENTRO,5,0.00,0.0,0.0
AFONSO FLORENCE,PT,ENCRUZILHADA,DENTRO,5,0.00,0.0,0.0
AFONSO FLORENCE,PT,LICINIO DE ALMEIDA,DENTRO,5,0.00,0.0,0.0
AFONSO FLORENCE,PT,APUAREMA,DENTRO,5,0.00,0.0,0.0
AFONSO FLORENCE,PT,IBIQUERA,DENTRO,5,0.00,0.0,0.0
AFONSO FLORENCE,PT,ITAMARI,DENTRO,5,0.00,0.0,0.0
AFONSO FLORENCE,PT,IGUAI,DENTRO,5,0.00,0.0,0.0
AFONSO FLORENCE,PT,NILO PECANHA,DENTRO,5,0.00,0.0,0.0
AFONSO FLORENCE,PT,MEDEIROS NETO,DENTRO,5,0.00,0.0,0.0
AFONSO FLORENCE,PT,ITORORO,DENTRO,4,0.00,0.0,0.0
AFONSO FLORENCE,PT,TANQUINHO,DENTRO,4,0.00,0.0,0.0
AFONSO FLORENCE,PT,OURICANGAS,DENTRO,4,0.00,0.0,0.0
AFONSO FLORENCE,PT,UBATA,DENTRO,4,0.00,0.0,0.0
AFONSO FLORENCE,PT,BOA NOVA,DENTRO,4,0.00,0.0,0.0
AFONSO FLORENCE,PT,LAJE,DENTRO,4,0.00,0.0,0.0
AFONSO FLORENCE,PT,AURELINO LEAL,DENTRO,4,0.00,0.0,0.0
AFONSO FLORENCE,PT,SAO MIGUEL DAS MATAS,DENTRO,4,0.00,0.0,0.0
AFONSO FLORENCE,PT,ARATACA,DENTRO,4,0.00,0.0,0.0
AFONSO FLORENCE,PT,ITAPE,DENTRO,4,0.00,0.0,0.0
AFONSO FLORENCE,PT,ARAMARI,DENTRO,4,0.00,0.0,0.0
AFONSO FLORENCE,PT,MUNIZ FERREIRA,DENTRO,4,0.00,0.0,0.0
AFONSO FLORENCE,PT,UBAIRA,DENTRO,3,0.00,0.0,0.0
AFONSO FLORENCE,PT,IACU,DENTRO,3,0.00,0.0,0.0
AFONSO FLORENCE,PT,NAZARE,DENTRO,3,0.00,0.0,0.0
AFONSO FLORENCE,PT,IBIPITANGA,DENTRO,3,0.00,0.0,0.0
AFONSO FLORENCE,PT,ABAIRA,DENTRO,3,0.00,0.0,0.0
AFONSO FLORENCE,PT,ARATUIPE,DENTRO,3,0.00,0.0,0.0
AFONSO FLORENCE,PT,MASCOTE,DENTRO,3,0.00,0.0,0.0
AFONSO FLORENCE,PT,RIBEIRAO DO LARGO,DENTRO,3,0.00,0.0,0.0
AFONSO FLORENCE,PT,JUSSARI,DENTRO,3,0.00,0.0,0.0
AFONSO FLORENCE,PT,PIRIPA,DENTRO,3,0.00,0.0,0.0
AFONSO FLORENCE,PT,IPECAETA,DENTRO,3,0.00,0.0,0.0
AFONSO FLORENCE,PT,POTIRAGUA,DENTRO,3,0.00,0.0,0.0
AFONSO FLORENCE,PT,PLANALTINO,DENTRO,2,0.00,0.0,0.0
AFONSO FLORENCE,PT,CONCEICAO DO ALMEIDA,DENTRO,2,0.00,0.0,0.0
AFONSO FLORENCE,PT,GONGOGI,DENTRO,2,0.00,0.0,0.0
AFONSO FLORENCE,PT,TANQUE NOVO,DENTRO,2,0.00,0.0,0.0
AFONSO FLORENCE,PT,BARRO PRETO,DENTRO,2,0.00,0.0,0.0
AFONSO FLORENCE,PT,JUCURUCU,DENTRO,2,0.00,0.0,0.0
AFONSO FLORENCE,PT,PEDRO ALEXANDRE,DENTRO,2,0.00,0.0,0.0
AFONSO FLORENCE,PT,ITAPITANGA,DENTRO,2,0.00,0.0,0.0
AFONSO FLORENCE,PT,BREJOES,DENTRO,2,0.00,0.0,0.0
AFONSO FLORENCE,PT,ITANAGRA,DENTRO,2,0.00,0.0,0.0
AFONSO FLORENCE,PT,ANTAS,DENTRO,2,0.00,0.0,0.0
AFONSO FLORENCE,PT,MANOEL VITORINO,DENTRO,2,0.00,0.0,0.0
AFONSO FLORENCE,PT,MALHADA DE PEDRAS,DENTRO,2,0.00,0.0,0.0
AFONSO FLORENCE,PT,CANDIDO SALES,DENTRO,2,0.00,0.0,0.0
AFONSO FLORENCE,PT,ITAQUARA,DENTRO,2,0.00,0.0,0.0
AFONSO FLORENCE,PT,JIQUIRICA,DENTRO,1,0.00,0.0,0.0
AFONSO FLORENCE,PT,ITIRUCU,DENTRO,1,0.00,0.0,0.0
AFONSO FLORENCE,PT,LAJEDO DO TABOCAL,DENTRO,1,0.00,0.0,0.0
AFONSO FLORENCE,PT,SEBASTIAO LARANJEIRAS,DENTRO,1,0.00,0.0,0.0
AFONSO FLORENCE,PT,SANTA CRUZ DA VITORIA,DENTRO,1,0.00,0.0,0.0
AFONSO FLORENCE,PT,SANTA INES,DENTRO,1,0.00,0.0,0.0
AFONSO FLORENCE,PT,MILAGRES,DENTRO,1,0.00,0.0,0.0
AFONSO FLORENCE,PT,SANTA BRIGIDA,DENTRO,1,0.00,0.0,0.0
AFONSO FLORENCE,PT,GUAJERU,DENTRO,1,0.00,0.0,0.0
AFONSO FLORENCE,PT,JANDAIRA,DENTRO,1,0.00,0.0,0.0
AFONSO FLORENCE,PT,FLORESTA AZUL,DENTRO,1,0.00,0.0,0.0
AFONSO FLORENCE,PT,SITIO DO QUINTO,DENTRO,1,0.00,0.0,0.0
AFONSO FLORENCE,PT,NOVO TRIUNFO,DENTRO,1,0.00,0.0,0.0
AFONSO FLORENCE,PT,LAFAIETE COUTINHO,DENTRO,1,0.00,0.0,0.0
AFONSO FLORENCE,PT,IRAJUBA,DENTRO,1,0.00,0.0,0.0
AFONSO FLORENCE,PT,ITARANTIM,DENTRO,1,0.00,0.0,0.0
AFONSO FLORENCE,PT,MIRANGABA,DENTRO,1,0.00,0.0,0.0
AFONSO FLORENCE,PT,DOM MACEDO COSTA,DENTRO,1,0.00,0.0,0.0
AFONSO FLORENCE,PT,MUTUIPE,DENTRO,1,0.00,0.0,0.0
AFONSO FLORENCE,PT,CAATIBA,DENTRO,1,0.00,0.0,0.0
AFONSO FLORENCE,PT,CRAVOLANDIA,DENTRO,1,0.00,0.0,0.0
AFONSO FLORENCE,PT,RODELAS,DENTRO,1,0.00,0.0,0.0
AFONSO FLORENCE,PT,CORONEL JOAO SA,DENTRO,1,0.00,0.0,0.0
AFONSO FLORENCE,PT,ITAGIMIRIM,DENTRO,1,0.00,0.0,0.0
AFONSO FLORENCE,PT,BOM JESUS DA SERRA,DENTRO,1,0.00,0.0,0.0
AFONSO FLORENCE,PT,IBICUI,DENTRO,1,0.00,0.0,0.0
AFONSO FLORENCE,PT,BARRA DO ROCHA,DENTRO,0,0.00,0.0,0.0
AFONSO FLORENCE,PT,MAETINGA,DENTRO,0,0.00,0.0,0.0
AFONSO FLORENCE,PT,MACURURE,DENTRO,0,0.00,0.0,0.0
AFONSO FLORENCE,PT,ALMADINA,DENTRO,0,0.00,0.0,0.0
AFONSO FLORENCE,PT,SAUDE,DENTRO,0,0.00,0.0,0.0
AFONSO FLORENCE,PT,MORTUGABA,DENTRO,0,0.00,0.0,0.0
AFONSO FLORENCE,PT,MAIQUINIQUE,DENTRO,0,0.00,0.0,0.0
AFONSO FLORENCE,PT,LAJEDAO,DENTRO,0,0.00,0.0,0.0
AFONSO FLORENCE,PT,MIRANTE,DENTRO,0,0.00,0.0,0.0
AFONSO FLORENCE,PT,MALHADA,DENTRO,0,0.00,0.0,0.0
AFONSO FLORENCE,PT,IUIU,DENTRO,0,0.00,0.0,0.0
AFONSO FLORENCE,PT,CANDIBA,DENTRO,0,0.00,0.0,0.0
AFONSO FLORENCE,PT,FIRMINO ALVES,DENTRO,0,0.00,0.0,0.0
AFONSO FLORENCE,PT,BANZAE,DENTRO,0,0.00,0.0,0.0
AFONSO FLORENCE,PT,JACARACI,DENTRO,0,0.00,0.0,0.0
AFONSO FLORENCE,PT,CORDEIROS,DENTRO,0,0.00,0.0,0.0
AFONSO FLORENCE,PT,MULTIPLO,AMPLO,0,0,31944873.0,19.87
AFONSO FLORENCE,PT,SEM INFORMACAO,AMPLO,0,0,30641211.54,19.06
AFONSO FLORENCE,PT,IBOTIRAMA (BAHIA),FORA,0,0,18700000.0,11.63
AFONSO FLORENCE,PT,SERRA DOURADA (BAHIA),FORA,0,0,9950000.0,6.19
AFONSO FLORENCE,PT,MORPARA (BAHIA),FORA,0,0,6613259.0,4.11
AFONSO FLORENCE,PT,JAGUARARI (BAHIA),FORA,0,0,6600000.0,4.11
AFONSO FLORENCE,PT,MAIRI (BAHIA),FORA,0,0,6400000.0,3.98
AFONSO FLORENCE,PT,REMANSO (BAHIA),FORA,0,0,6000000.0,3.73
AFONSO FLORENCE,PT,PILAO ARCADO (BAHIA),FORA,0,0,4500000.0,2.8
AFONSO FLORENCE,PT,BONINAL (BAHIA),FORA,0,0,4350000.0,2.71
AFONSO FLORENCE,PT,DARIO MEIRA (BAHIA),FORA,0,0,3900000.0,2.43
AFONSO FLORENCE,PT,PINTADAS (BAHIA),FORA,0,0,3600000.0,2.24
AFONSO FLORENCE,PT,CANARANA (BAHIA),FORA,0,0,3000000.0,1.87
AFONSO FLORENCE,PT,TABOCAS DO BREJO VELHO (BAHIA),FORA,0,0,2000000.0,1.24
AFONSO FLORENCE,PT,BOA NOVA (BAHIA),FORA,0,0,2000000.0,1.24
AFONSO FLORENCE,PT,CRISTOPOLIS (BAHIA),FORA,0,0,2000000.0,1.24
AFONSO FLORENCE,PT,ITABERABA (BAHIA),FORA,0,0,2000000.0,1.24
AFONSO FLORENCE,PT,SANTANA (BAHIA),FORA,0,0,2000000.0,1.24
AFONSO FLORENCE,PT,SANTA RITA DE CASSIA (BAHIA),FORA,0,0,2000000.0,1.24
AFONSO FLORENCE,PT,NOVA REDENCAO (BAHIA),FORA,0,0,1900000.0,1.18
AFONSO FLORENCE,PT,MUQUEM DE SAO FRANCISCO (BAHIA),FORA,0,0,1700000.0,1.06
AFONSO FLORENCE,PT,BAIXA GRANDE (BAHIA),FORA,0,0,1351970.0,0.84
AFONSO FLORENCE,PT,IRARA (BAHIA),FORA,0,0,1200000.0,0.75
AFONSO FLORENCE,PT,BARRA (BAHIA),FORA,0,0,1000000.0,0.62
AFONSO FLORENCE,PT,COTEGIPE (BAHIA),FORA,0,0,1000000.0,0.62
AFONSO FLORENCE,PT,POJUCA (BAHIA),FORA,0,0,1000000.0,0.62
AFONSO FLORENCE,PT,RUY BARBOSA (BAHIA),FORA,0,0,1000000.0,0.62
AFONSO FLORENCE,PT,CAFARNAUM (BAHIA),FORA,0,0,900000.0,0.56
AFONSO FLORENCE,PT,BARRA DO MENDES (BAHIA),FORA,0,0,600000.0,0.37
AFONSO FLORENCE,PT,CAPIM GROSSO (BAHIA),FORA,0,0,500000.0,0.31
AFONSO FLORENCE,PT,CENTRAL (BAHIA),FORA,0,0,400000.0,0.25
SERGIO BRITO,PSD,BOM JESUS DA LAPA,DENTRO,12039,10.29,0.0,0.0
SERGIO BRITO,PSD,PARATINGA,DENTRO,9407,8.04,0.0,0.0
SERGIO BRITO,PSD,MACAUBAS,DENTRO,7285,6.23,0.0,0.0
SERGIO BRITO,PSD,BARRA DO CHOCA,DENTRO,6151,5.26,0.0,0.0
SERGIO BRITO,PSD,FORMOSA DO RIO PRETO,DENTRO,6125,5.24,0.0,0.0
SERGIO BRITO,PSD,BOQUIRA,DENTRO,5367,4.59,0.0,0.0
SERGIO BRITO,PSD,SATIRO DIAS,DENTRO,5086,4.35,0.0,0.0
SERGIO BRITO,PSD,RIACHAO DAS NEVES,DENTRO,4351,3.72,0.0,0.0
SERGIO BRITO,PSD,OLIVEIRA DOS BREJINHOS,DENTRO,4209,3.60,0.0,0.0
SERGIO BRITO,PSD,TREMEDAL,DENTRO,3833,3.28,0.0,0.0
SERGIO BRITO,PSD,ALAGOINHAS,DENTRO,3801,3.25,0.0,0.0
SERGIO BRITO,PSD,SERRA DO RAMALHO,DENTRO,3484,2.98,0.0,0.0
SERGIO BRITO,PSD,IBIPITANGA,DENTRO,3219,2.75,0.0,0.0
SERGIO BRITO,PSD,ERICO CARDOSO,DENTRO,3085,2.64,0.0,0.0
SERGIO BRITO,PSD,BARROCAS,DENTRO,3045,2.60,0.0,0.0
SERGIO BRITO,PSD,BAIANOPOLIS,DENTRO,2732,2.34,0.0,0.0
SERGIO BRITO,PSD,NOVO HORIZONTE,DENTRO,2554,2.18,0.0,0.0
SERGIO BRITO,PSD,ARACATU,DENTRO,2401,2.05,0.0,0.0
SERGIO BRITO,PSD,SITIO DO MATO,DENTRO,2292,1.96,0.0,0.0
SERGIO BRITO,PSD,PARAMIRIM,DENTRO,2290,1.96,0.0,0.0
SERGIO BRITO,PSD,SALVADOR,DENTRO,2277,1.95,0.0,0.0
SERGIO BRITO,PSD,CURACA,DENTRO,1526,1.30,0.0,0.0
SERGIO BRITO,PSD,PILAO ARCADO,DENTRO,1277,1.09,0.0,0.0
SERGIO BRITO,PSD,TABOCAS DO BREJO VELHO,DENTRO,1256,1.07,0.0,0.0
SERGIO BRITO,PSD,BARRO ALTO,DENTRO,1217,1.04,0.0,0.0
SERGIO BRITO,PSD,VITORIA DA CONQUISTA,DENTRO,1183,1.01,0.0,0.0
SERGIO BRITO,PSD,SAO FELIX DO CORIBE,DENTRO,1081,0.92,0.0,0.0
SERGIO BRITO,PSD,BOTUPORA,DENTRO,992,0.85,0.0,0.0
SERGIO BRITO,PSD,SAO DESIDERIO,DENTRO,894,0.76,0.0,0.0
SERGIO BRITO,PSD,MORPARA,DENTRO,777,0.66,0.0,0.0
SERGIO BRITO,PSD,SENHOR DO BONFIM,DENTRO,767,0.66,0.0,0.0
SERGIO BRITO,PSD,VALENCA,DENTRO,702,0.60,0.0,0.0
SERGIO BRITO,PSD,SANTANA,DENTRO,662,0.57,0.0,0.0
SERGIO BRITO,PSD,BARREIRAS,DENTRO,607,0.52,0.0,0.0
SERGIO BRITO,PSD,GAVIAO,DENTRO,604,0.52,0.0,0.0
SERGIO BRITO,PSD,CATURAMA,DENTRO,501,0.43,0.0,0.0
SERGIO BRITO,PSD,BROTAS DE MACAUBAS,DENTRO,380,0.32,0.0,0.0
SERGIO BRITO,PSD,PIRIPA,DENTRO,340,0.29,0.0,0.0
SERGIO BRITO,PSD,PALMAS DE MONTE ALTO,DENTRO,324,0.28,0.0,0.0
SERGIO BRITO,PSD,ITORORO,DENTRO,319,0.27,0.0,0.0
SERGIO BRITO,PSD,TANQUE NOVO,DENTRO,271,0.23,0.0,0.0
SERGIO BRITO,PSD,RIACHO DE SANTANA,DENTRO,247,0.21,0.0,0.0
SERGIO BRITO,PSD,PRESIDENTE TANCREDO NEVES,DENTRO,241,0.21,0.0,0.0
SERGIO BRITO,PSD,ICHU,DENTRO,240,0.21,0.0,0.0
SERGIO BRITO,PSD,RIO DE CONTAS,DENTRO,237,0.20,0.0,0.0
SERGIO BRITO,PSD,PLANALTO,DENTRO,214,0.18,0.0,0.0
SERGIO BRITO,PSD,UBAITABA,DENTRO,197,0.17,0.0,0.0
SERGIO BRITO,PSD,LUIS EDUARDO MAGALHAES,DENTRO,159,0.14,0.0,0.0
SERGIO BRITO,PSD,FEIRA DE SANTANA,DENTRO,155,0.13,0.0,0.0
SERGIO BRITO,PSD,FATIMA,DENTRO,144,0.12,0.0,0.0
SERGIO BRITO,PSD,BURITIRAMA,DENTRO,143,0.12,0.0,0.0
SERGIO BRITO,PSD,OURICANGAS,DENTRO,140,0.12,0.0,0.0
SERGIO BRITO,PSD,SANTA MARIA DA VITORIA,DENTRO,132,0.11,0.0,0.0
SERGIO BRITO,PSD,CARINHANHA,DENTRO,126,0.11,0.0,0.0
SERGIO BRITO,PSD,SERRINHA,DENTRO,109,0.09,0.0,0.0
SERGIO BRITO,PSD,RIO DO PIRES,DENTRO,102,0.09,0.0,0.0
SERGIO BRITO,PSD,JUAZEIRO,DENTRO,101,0.09,0.0,0.0
SERGIO BRITO,PSD,ITABERABA,DENTRO,99,0.08,0.0,0.0
SERGIO BRITO,PSD,IBOTIRAMA,DENTRO,96,0.08,0.0,0.0
SERGIO BRITO,PSD,BRUMADO,DENTRO,95,0.08,0.0,0.0
SERGIO BRITO,PSD,SAO FRANCISCO DO CONDE,DENTRO,93,0.08,0.0,0.0
SERGIO BRITO,PSD,MARAGOGIPE,DENTRO,84,0.07,0.0,0.0
SERGIO BRITO,PSD,CRISTOPOLIS,DENTRO,80,0.07,0.0,0.0
SERGIO BRITO,PSD,IBITIARA,DENTRO,78,0.07,0.0,0.0
SERGIO BRITO,PSD,LAURO DE FREITAS,DENTRO,77,0.07,0.0,0.0
SERGIO BRITO,PSD,MATA DE SAO JOAO,DENTRO,71,0.06,0.0,0.0
SERGIO BRITO,PSD,INHAMBUPE,DENTRO,69,0.06,0.0,0.0
SERGIO BRITO,PSD,CAMACARI,DENTRO,66,0.06,0.0,0.0
SERGIO BRITO,PSD,ITAPETINGA,DENTRO,61,0.05,0.0,0.0
SERGIO BRITO,PSD,ILHEUS,DENTRO,61,0.05,0.0,0.0
SERGIO BRITO,PSD,SIMOES FILHO,DENTRO,56,0.05,0.0,0.0
SERGIO BRITO,PSD,DIAS D AVILA,DENTRO,51,0.04,0.0,0.0
SERGIO BRITO,PSD,BELO CAMPO,DENTRO,49,0.04,0.0,0.0
SERGIO BRITO,PSD,LIVRAMENTO DE NOSSA SENHORA,DENTRO,49,0.04,0.0,0.0
SERGIO BRITO,PSD,SANTA RITA DE CASSIA,DENTRO,46,0.04,0.0,0.0
SERGIO BRITO,PSD,MASCOTE,DENTRO,46,0.04,0.0,0.0
SERGIO BRITO,PSD,CAETITE,DENTRO,44,0.04,0.0,0.0
SERGIO BRITO,PSD,SERRA DOURADA,DENTRO,43,0.04,0.0,0.0
SERGIO BRITO,PSD,ANGICAL,DENTRO,43,0.04,0.0,0.0
SERGIO BRITO,PSD,CORIBE,DENTRO,42,0.04,0.0,0.0
SERGIO BRITO,PSD,CANARANA,DENTRO,42,0.04,0.0,0.0
SERGIO BRITO,PSD,NOVA SOURE,DENTRO,42,0.04,0.0,0.0
SERGIO BRITO,PSD,CANDEIAS,DENTRO,41,0.04,0.0,0.0
SERGIO BRITO,PSD,SEABRA,DENTRO,36,0.03,0.0,0.0
SERGIO BRITO,PSD,COTEGIPE,DENTRO,35,0.03,0.0,0.0
SERGIO BRITO,PSD,IGAPORA,DENTRO,35,0.03,0.0,0.0
SERGIO BRITO,PSD,CAATIBA,DENTRO,35,0.03,0.0,0.0
SERGIO BRITO,PSD,CICERO DANTAS,DENTRO,33,0.03,0.0,0.0
SERGIO BRITO,PSD,ENTRE RIOS,DENTRO,33,0.03,0.0,0.0
SERGIO BRITO,PSD,CATOLANDIA,DENTRO,33,0.03,0.0,0.0
SERGIO BRITO,PSD,GUANAMBI,DENTRO,33,0.03,0.0,0.0
SERGIO BRITO,PSD,CONCEICAO DO COITE,DENTRO,32,0.03,0.0,0.0
SERGIO BRITO,PSD,ARAMARI,DENTRO,32,0.03,0.0,0.0
SERGIO BRITO,PSD,ITAMBE,DENTRO,31,0.03,0.0,0.0
SERGIO BRITO,PSD,SANTO ANTONIO DE JESUS,DENTRO,29,0.02,0.0,0.0
SERGIO BRITO,PSD,IGUAI,DENTRO,29,0.02,0.0,0.0
SERGIO BRITO,PSD,OLINDINA,DENTRO,29,0.02,0.0,0.0
SERGIO BRITO,PSD,CANDIDO SALES,DENTRO,29,0.02,0.0,0.0
SERGIO BRITO,PSD,VALENTE,DENTRO,27,0.02,0.0,0.0
SERGIO BRITO,PSD,PEDRAO,DENTRO,26,0.02,0.0,0.0
SERGIO BRITO,PSD,RIO REAL,DENTRO,25,0.02,0.0,0.0
SERGIO BRITO,PSD,TEOFILANDIA,DENTRO,25,0.02,0.0,0.0
SERGIO BRITO,PSD,MUQUEM DO SAO FRANCISCO,DENTRO,24,0.02,0.0,0.0
SERGIO BRITO,PSD,TAPEROA,DENTRO,24,0.02,0.0,0.0
SERGIO BRITO,PSD,PORTO SEGURO,DENTRO,24,0.02,0.0,0.0
SERGIO BRITO,PSD,CRUZ DAS ALMAS,DENTRO,24,0.02,0.0,0.0
SERGIO BRITO,PSD,SAO FELIPE,DENTRO,23,0.02,0.0,0.0
SERGIO BRITO,PSD,SOUTO SOARES,DENTRO,23,0.02,0.0,0.0
SERGIO BRITO,PSD,CORRENTINA,DENTRO,23,0.02,0.0,0.0
SERGIO BRITO,PSD,CATU,DENTRO,22,0.02,0.0,0.0
SERGIO BRITO,PSD,CAMPO FORMOSO,DENTRO,21,0.02,0.0,0.0
SERGIO BRITO,PSD,MADRE DE DEUS,DENTRO,21,0.02,0.0,0.0
SERGIO BRITO,PSD,JEREMOABO,DENTRO,21,0.02,0.0,0.0
SERGIO BRITO,PSD,BIRITINGA,DENTRO,21,0.02,0.0,0.0
SERGIO BRITO,PSD,SOBRADINHO,DENTRO,20,0.02,0.0,0.0
SERGIO BRITO,PSD,TEIXEIRA DE FREITAS,DENTRO,17,0.01,0.0,0.0
SERGIO BRITO,PSD,POJUCA,DENTRO,17,0.01,0.0,0.0
SERGIO BRITO,PSD,ARACI,DENTRO,17,0.01,0.0,0.0
SERGIO BRITO,PSD,ITABUNA,DENTRO,16,0.01,0.0,0.0
SERGIO BRITO,PSD,PINDAI,DENTRO,16,0.01,0.0,0.0
SERGIO BRITO,PSD,SANTO AMARO,DENTRO,16,0.01,0.0,0.0
SERGIO BRITO,PSD,POCOES,DENTRO,16,0.01,0.0,0.0
SERGIO BRITO,PSD,AGUA FRIA,DENTRO,15,0.01,0.0,0.0
SERGIO BRITO,PSD,CONCEICAO DO JACUIPE,DENTRO,15,0.01,0.0,0.0
SERGIO BRITO,PSD,JABORANDI,DENTRO,15,0.01,0.0,0.0
SERGIO BRITO,PSD,MARAU,DENTRO,14,0.01,0.0,0.0
SERGIO BRITO,PSD,ANAGE,DENTRO,14,0.01,0.0,0.0
SERGIO BRITO,PSD,IRECE,DENTRO,14,0.01,0.0,0.0
SERGIO BRITO,PSD,LAPAO,DENTRO,13,0.01,0.0,0.0
SERGIO BRITO,PSD,SAO JOSE DO JACUIPE,DENTRO,13,0.01,0.0,0.0
SERGIO BRITO,PSD,BOA VISTA DO TUPIM,DENTRO,13,0.01,0.0,0.0
SERGIO BRITO,PSD,ABARE,DENTRO,13,0.01,0.0,0.0
SERGIO BRITO,PSD,ESPLANADA,DENTRO,13,0.01,0.0,0.0
SERGIO BRITO,PSD,BONINAL,DENTRO,13,0.01,0.0,0.0
SERGIO BRITO,PSD,IPIRA,DENTRO,12,0.01,0.0,0.0
SERGIO BRITO,PSD,CARAIBAS,DENTRO,12,0.01,0.0,0.0
SERGIO BRITO,PSD,IBICARAI,DENTRO,12,0.01,0.0,0.0
SERGIO BRITO,PSD,BREJOLANDIA,DENTRO,12,0.01,0.0,0.0
SERGIO BRITO,PSD,SENTO SE,DENTRO,11,0.01,0.0,0.0
SERGIO BRITO,PSD,XIQUE-XIQUE,DENTRO,11,0.01,0.0,0.0
SERGIO BRITO,PSD,IACU,DENTRO,11,0.01,0.0,0.0
SERGIO BRITO,PSD,IBIASSUCE,DENTRO,11,0.01,0.0,0.0
SERGIO BRITO,PSD,SALINAS DA MARGARIDA,DENTRO,11,0.01,0.0,0.0
SERGIO BRITO,PSD,WENCESLAU GUIMARAES,DENTRO,11,0.01,0.0,0.0
SERGIO BRITO,PSD,ITUACU,DENTRO,11,0.01,0.0,0.0
SERGIO BRITO,PSD,MUCUGE,DENTRO,11,0.01,0.0,0.0
SERGIO BRITO,PSD,CASA NOVA,DENTRO,10,0.01,0.0,0.0
SERGIO BRITO,PSD,TANHACU,DENTRO,10,0.01,0.0,0.0
SERGIO BRITO,PSD,VERA CRUZ,DENTRO,10,0.01,0.0,0.0
SERGIO BRITO,PSD,DOM BASILIO,DENTRO,10,0.01,0.0,0.0
SERGIO BRITO,PSD,SAO SEBASTIAO DO PASSE,DENTRO,10,0.01,0.0,0.0
SERGIO BRITO,PSD,BARRA DO MENDES,DENTRO,9,0.01,0.0,0.0
SERGIO BRITO,PSD,COCOS,DENTRO,9,0.01,0.0,0.0
SERGIO BRITO,PSD,IBIPEBA,DENTRO,9,0.01,0.0,0.0
SERGIO BRITO,PSD,CAPIM GROSSO,DENTRO,9,0.01,0.0,0.0
SERGIO BRITO,PSD,GUARATINGA,DENTRO,8,0.01,0.0,0.0
SERGIO BRITO,PSD,JEQUIE,DENTRO,8,0.01,0.0,0.0
SERGIO BRITO,PSD,MATINA,DENTRO,8,0.01,0.0,0.0
SERGIO BRITO,PSD,IPUPIARA,DENTRO,8,0.01,0.0,0.0
SERGIO BRITO,PSD,REMANSO,DENTRO,8,0.01,0.0,0.0
SERGIO BRITO,PSD,MULUNGU DO MORRO,DENTRO,8,0.01,0.0,0.0
SERGIO BRITO,PSD,ITAPITANGA,DENTRO,8,0.01,0.0,0.0
SERGIO BRITO,PSD,FEIRA DA MATA,DENTRO,8,0.01,0.0,0.0
SERGIO BRITO,PSD,RUY BARBOSA,DENTRO,8,0.01,0.0,0.0
SERGIO BRITO,PSD,JITAUNA,DENTRO,8,0.01,0.0,0.0
SERGIO BRITO,PSD,PAU BRASIL,DENTRO,8,0.01,0.0,0.0
SERGIO BRITO,PSD,ARACAS,DENTRO,8,0.01,0.0,0.0
SERGIO BRITO,PSD,ANTONIO GONCALVES,DENTRO,7,0.01,0.0,0.0
SERGIO BRITO,PSD,CONDEUBA,DENTRO,7,0.01,0.0,0.0
SERGIO BRITO,PSD,ITAPICURU,DENTRO,7,0.01,0.0,0.0
SERGIO BRITO,PSD,MAIQUINIQUE,DENTRO,7,0.01,0.0,0.0
SERGIO BRITO,PSD,CABACEIRAS DO PARAGUACU,DENTRO,7,0.01,0.0,0.0
SERGIO BRITO,PSD,CORACAO DE MARIA,DENTRO,7,0.01,0.0,0.0
SERGIO BRITO,PSD,PIATA,DENTRO,7,0.01,0.0,0.0
SERGIO BRITO,PSD,WANDERLEY,DENTRO,7,0.01,0.0,0.0
SERGIO BRITO,PSD,PRESIDENTE JANIO QUADROS,DENTRO,7,0.01,0.0,0.0
SERGIO BRITO,PSD,NOVA FATIMA,DENTRO,7,0.01,0.0,0.0
SERGIO BRITO,PSD,RIACHAO DO JACUIPE,DENTRO,6,0.01,0.0,0.0
SERGIO BRITO,PSD,MACARANI,DENTRO,6,0.01,0.0,0.0
SERGIO BRITO,PSD,ITAMARAJU,DENTRO,6,0.01,0.0,0.0
SERGIO BRITO,PSD,CASTRO ALVES,DENTRO,6,0.01,0.0,0.0
SERGIO BRITO,PSD,CANAPOLIS,DENTRO,6,0.01,0.0,0.0
SERGIO BRITO,PSD,MURITIBA,DENTRO,6,0.01,0.0,0.0
SERGIO BRITO,PSD,AURELINO LEAL,DENTRO,6,0.01,0.0,0.0
SERGIO BRITO,PSD,IRARA,DENTRO,6,0.01,0.0,0.0
SERGIO BRITO,PSD,MAETINGA,DENTRO,5,0.00,0.0,0.0
SERGIO BRITO,PSD,UMBURANAS,DENTRO,5,0.00,0.0,0.0
SERGIO BRITO,PSD,JAGUARARI,DENTRO,5,0.00,0.0,0.0
SERGIO BRITO,PSD,TERRA NOVA,DENTRO,5,0.00,0.0,0.0
SERGIO BRITO,PSD,GOVERNADOR MANGABEIRA,DENTRO,5,0.00,0.0,0.0
SERGIO BRITO,PSD,BREJOES,DENTRO,5,0.00,0.0,0.0
SERGIO BRITO,PSD,RIBEIRAO DO LARGO,DENTRO,5,0.00,0.0,0.0
SERGIO BRITO,PSD,CAIRU,DENTRO,5,0.00,0.0,0.0
SERGIO BRITO,PSD,IRAQUARA,DENTRO,5,0.00,0.0,0.0
SERGIO BRITO,PSD,SAO GABRIEL,DENTRO,5,0.00,0.0,0.0
SERGIO BRITO,PSD,FIRMINO ALVES,DENTRO,5,0.00,0.0,0.0
SERGIO BRITO,PSD,RETIROLANDIA,DENTRO,5,0.00,0.0,0.0
SERGIO BRITO,PSD,NOVA ITARANA,DENTRO,5,0.00,0.0,0.0
SERGIO BRITO,PSD,IBICUI,DENTRO,5,0.00,0.0,0.0
SERGIO BRITO,PSD,MUNIZ FERREIRA,DENTRO,5,0.00,0.0,0.0
SERGIO BRITO,PSD,SAO GONCALO DOS CAMPOS,DENTRO,4,0.00,0.0,0.0
SERGIO BRITO,PSD,ITATIM,DENTRO,4,0.00,0.0,0.0
SERGIO BRITO,PSD,PAULO AFONSO,DENTRO,4,0.00,0.0,0.0
SERGIO BRITO,PSD,ITIRUCU,DENTRO,4,0.00,0.0,0.0
SERGIO BRITO,PSD,NOVA IBIA,DENTRO,4,0.00,0.0,0.0
SERGIO BRITO,PSD,MAIRI,DENTRO,4,0.00,0.0,0.0
SERGIO BRITO,PSD,JAGUARIPE,DENTRO,4,0.00,0.0,0.0
SERGIO BRITO,PSD,LICINIO DE ALMEIDA,DENTRO,4,0.00,0.0,0.0
SERGIO BRITO,PSD,NAZARE,DENTRO,4,0.00,0.0,0.0
SERGIO BRITO,PSD,UAUA,DENTRO,4,0.00,0.0,0.0
SERGIO BRITO,PSD,IBIRAPUA,DENTRO,4,0.00,0.0,0.0
SERGIO BRITO,PSD,APORA,DENTRO,4,0.00,0.0,0.0
SERGIO BRITO,PSD,TEOLANDIA,DENTRO,4,0.00,0.0,0.0
SERGIO BRITO,PSD,CAMPO ALEGRE DE LOURDES,DENTRO,4,0.00,0.0,0.0
SERGIO BRITO,PSD,AMARGOSA,DENTRO,4,0.00,0.0,0.0
SERGIO BRITO,PSD,ITACARE,DENTRO,4,0.00,0.0,0.0
SERGIO BRITO,PSD,ANDORINHA,DENTRO,4,0.00,0.0,0.0
SERGIO BRITO,PSD,CAMAMU,DENTRO,4,0.00,0.0,0.0
SERGIO BRITO,PSD,JACOBINA,DENTRO,4,0.00,0.0,0.0
SERGIO BRITO,PSD,BOM JESUS DA SERRA,DENTRO,4,0.00,0.0,0.0
SERGIO BRITO,PSD,EUNAPOLIS,DENTRO,4,0.00,0.0,0.0
SERGIO BRITO,PSD,CIPO,DENTRO,4,0.00,0.0,0.0
SERGIO BRITO,PSD,CONCEICAO DO ALMEIDA,DENTRO,3,0.00,0.0,0.0
SERGIO BRITO,PSD,UBAIRA,DENTRO,3,0.00,0.0,0.0
SERGIO BRITO,PSD,AMELIA RODRIGUES,DENTRO,3,0.00,0.0,0.0
SERGIO BRITO,PSD,MILAGRES,DENTRO,3,0.00,0.0,0.0
SERGIO BRITO,PSD,LAMARAO,DENTRO,3,0.00,0.0,0.0
SERGIO BRITO,PSD,TANQUINHO,DENTRO,3,0.00,0.0,0.0
SERGIO BRITO,PSD,GUAJERU,DENTRO,3,0.00,0.0,0.0
SERGIO BRITO,PSD,RIO DO ANTONIO,DENTRO,3,0.00,0.0,0.0
SERGIO BRITO,PSD,PE DE SERRA,DENTRO,3,0.00,0.0,0.0
SERGIO BRITO,PSD,IBICOARA,DENTRO,3,0.00,0.0,0.0
SERGIO BRITO,PSD,CANAVIEIRAS,DENTRO,3,0.00,0.0,0.0
SERGIO BRITO,PSD,BARRA,DENTRO,3,0.00,0.0,0.0
SERGIO BRITO,PSD,SANTO ESTEVAO,DENTRO,3,0.00,0.0,0.0
SERGIO BRITO,PSD,JUSSARI,DENTRO,3,0.00,0.0,0.0
SERGIO BRITO,PSD,PIRITIBA,DENTRO,3,0.00,0.0,0.0
SERGIO BRITO,PSD,QUIJINGUE,DENTRO,3,0.00,0.0,0.0
SERGIO BRITO,PSD,CONDE,DENTRO,3,0.00,0.0,0.0
SERGIO BRITO,PSD,MUCURI,DENTRO,2,0.00,0.0,0.0
SERGIO BRITO,PSD,IBIRATAIA,DENTRO,2,0.00,0.0,0.0
SERGIO BRITO,PSD,ITAGUACU DA BAHIA,DENTRO,2,0.00,0.0,0.0
SERGIO BRITO,PSD,SANTA CRUZ CABRALIA,DENTRO,2,0.00,0.0,0.0
SERGIO BRITO,PSD,SEBASTIAO LARANJEIRAS,DENTRO,2,0.00,0.0,0.0
SERGIO BRITO,PSD,SANTA CRUZ DA VITORIA,DENTRO,2,0.00,0.0,0.0
SERGIO BRITO,PSD,ENCRUZILHADA,DENTRO,2,0.00,0.0,0.0
SERGIO BRITO,PSD,ITIUBA,DENTRO,2,0.00,0.0,0.0
SERGIO BRITO,PSD,SAO DOMINGOS,DENTRO,2,0.00,0.0,0.0
SERGIO BRITO,PSD,CRISOPOLIS,DENTRO,2,0.00,0.0,0.0
SERGIO BRITO,PSD,JANDAIRA,DENTRO,2,0.00,0.0,0.0
SERGIO BRITO,PSD,ITUBERA,DENTRO,2,0.00,0.0,0.0
SERGIO BRITO,PSD,ABAIRA,DENTRO,2,0.00,0.0,0.0
SERGIO BRITO,PSD,BAIXA GRANDE,DENTRO,2,0.00,0.0,0.0
SERGIO BRITO,PSD,SANTANOPOLIS,DENTRO,2,0.00,0.0,0.0
SERGIO BRITO,PSD,ITANHEM,DENTRO,2,0.00,0.0,0.0
SERGIO BRITO,PSD,RIBEIRA DO POMBAL,DENTRO,2,0.00,0.0,0.0
SERGIO BRITO,PSD,MARACAS,DENTRO,2,0.00,0.0,0.0
SERGIO BRITO,PSD,ITARANTIM,DENTRO,2,0.00,0.0,0.0
SERGIO BRITO,PSD,MIRANTE,DENTRO,2,0.00,0.0,0.0
SERGIO BRITO,PSD,PRADO,DENTRO,2,0.00,0.0,0.0
SERGIO BRITO,PSD,WAGNER,DENTRO,2,0.00,0.0,0.0
SERGIO BRITO,PSD,GENTIO DO OURO,DENTRO,2,0.00,0.0,0.0
SERGIO BRITO,PSD,PALMEIRAS,DENTRO,2,0.00,0.0,0.0
SERGIO BRITO,PSD,PRESIDENTE DUTRA,DENTRO,2,0.00,0.0,0.0
SERGIO BRITO,PSD,CANDIBA,DENTRO,2,0.00,0.0,0.0
SERGIO BRITO,PSD,CAMACA,DENTRO,2,0.00,0.0,0.0
SERGIO BRITO,PSD,IPECAETA,DENTRO,2,0.00,0.0,0.0
SERGIO BRITO,PSD,CONCEICAO DA FEIRA,DENTRO,2,0.00,0.0,0.0
SERGIO BRITO,PSD,MACAJUBA,DENTRO,2,0.00,0.0,0.0
SERGIO BRITO,PSD,DARIO MEIRA,DENTRO,2,0.00,0.0,0.0
SERGIO BRITO,PSD,MORRO DO CHAPEU,DENTRO,2,0.00,0.0,0.0
SERGIO BRITO,PSD,ADUSTINA,DENTRO,2,0.00,0.0,0.0
SERGIO BRITO,PSD,FILADELFIA,DENTRO,2,0.00,0.0,0.0
SERGIO BRITO,PSD,CAFARNAUM,DENTRO,2,0.00,0.0,0.0
SERGIO BRITO,PSD,ANDARAI,DENTRO,1,0.00,0.0,0.0
SERGIO BRITO,PSD,LAJEDO DO TABOCAL,DENTRO,1,0.00,0.0,0.0
SERGIO BRITO,PSD,LENCOIS,DENTRO,1,0.00,0.0,0.0
SERGIO BRITO,PSD,ITABELA,DENTRO,1,0.00,0.0,0.0
SERGIO BRITO,PSD,EUCLIDES DA CUNHA,DENTRO,1,0.00,0.0,0.0
SERGIO BRITO,PSD,CENTRAL,DENTRO,1,0.00,0.0,0.0
SERGIO BRITO,PSD,CACHOEIRA,DENTRO,1,0.00,0.0,0.0
SERGIO BRITO,PSD,URANDI,DENTRO,1,0.00,0.0,0.0
SERGIO BRITO,PSD,ELISIO MEDRADO,DENTRO,1,0.00,0.0,0.0
SERGIO BRITO,PSD,CARAVELAS,DENTRO,1,0.00,0.0,0.0
SERGIO BRITO,PSD,MONTE SANTO,DENTRO,1,0.00,0.0,0.0
SERGIO BRITO,PSD,UNA,DENTRO,1,0.00,0.0,0.0
SERGIO BRITO,PSD,IBITITA,DENTRO,1,0.00,0.0,0.0
SERGIO BRITO,PSD,CACULE,DENTRO,1,0.00,0.0,0.0
SERGIO BRITO,PSD,NORDESTINA,DENTRO,1,0.00,0.0,0.0
SERGIO BRITO,PSD,SANTA TEREZINHA,DENTRO,1,0.00,0.0,0.0
SERGIO BRITO,PSD,SAUBARA,DENTRO,1,0.00,0.0,0.0
SERGIO BRITO,PSD,SANTA BRIGIDA,DENTRO,1,0.00,0.0,0.0
SERGIO BRITO,PSD,URUCUCA,DENTRO,1,0.00,0.0,0.0
SERGIO BRITO,PSD,TUCANO,DENTRO,1,0.00,0.0,0.0
SERGIO BRITO,PSD,CANUDOS,DENTRO,1,0.00,0.0,0.0
SERGIO BRITO,PSD,AIQUARA,DENTRO,1,0.00,0.0,0.0
SERGIO BRITO,PSD,UBATA,DENTRO,1,0.00,0.0,0.0
SERGIO BRITO,PSD,CAPELA DO ALTO ALEGRE,DENTRO,1,0.00,0.0,0.0
SERGIO BRITO,PSD,CANDEAL,DENTRO,1,0.00,0.0,0.0
SERGIO BRITO,PSD,JAGUAQUARA,DENTRO,1,0.00,0.0,0.0
SERGIO BRITO,PSD,SAPEACU,DENTRO,1,0.00,0.0,0.0
SERGIO BRITO,PSD,HELIOPOLIS,DENTRO,1,0.00,0.0,0.0
SERGIO BRITO,PSD,MARCIONILIO SOUZA,DENTRO,1,0.00,0.0,0.0
SERGIO BRITO,PSD,ITAPARICA,DENTRO,1,0.00,0.0,0.0
SERGIO BRITO,PSD,NOVA CANAA,DENTRO,1,0.00,0.0,0.0
SERGIO BRITO,PSD,RIBEIRA DO AMPARO,DENTRO,1,0.00,0.0,0.0
SERGIO BRITO,PSD,IPIAU,DENTRO,1,0.00,0.0,0.0
SERGIO BRITO,PSD,ARATUIPE,DENTRO,1,0.00,0.0,0.0
SERGIO BRITO,PSD,BOA NOVA,DENTRO,1,0.00,0.0,0.0
SERGIO BRITO,PSD,PARIPIRANGA,DENTRO,1,0.00,0.0,0.0
SERGIO BRITO,PSD,LAJE,DENTRO,1,0.00,0.0,0.0
SERGIO BRITO,PSD,MORTUGABA,DENTRO,1,0.00,0.0,0.0
SERGIO BRITO,PSD,MIGUEL CALMON,DENTRO,1,0.00,0.0,0.0
SERGIO BRITO,PSD,IBIRAPITANGA,DENTRO,1,0.00,0.0,0.0
SERGIO BRITO,PSD,SERRA PRETA,DENTRO,1,0.00,0.0,0.0
SERGIO BRITO,PSD,ANGUERA,DENTRO,1,0.00,0.0,0.0
SERGIO BRITO,PSD,ANTAS,DENTRO,1,0.00,0.0,0.0
SERGIO BRITO,PSD,ITAMARI,DENTRO,1,0.00,0.0,0.0
SERGIO BRITO,PSD,GANDU,DENTRO,1,0.00,0.0,0.0
SERGIO BRITO,PSD,JUSSARA,DENTRO,1,0.00,0.0,0.0
SERGIO BRITO,PSD,VARZEDO,DENTRO,1,0.00,0.0,0.0
SERGIO BRITO,PSD,TAPIRAMUTA,DENTRO,1,0.00,0.0,0.0
SERGIO BRITO,PSD,SANTALUZ,DENTRO,1,0.00,0.0,0.0
SERGIO BRITO,PSD,SAO MIGUEL DAS MATAS,DENTRO,1,0.00,0.0,0.0
SERGIO BRITO,PSD,OUROLANDIA,DENTRO,1,0.00,0.0,0.0
SERGIO BRITO,PSD,SAO FELIX,DENTRO,1,0.00,0.0,0.0
SERGIO BRITO,PSD,ITAJUIPE,DENTRO,1,0.00,0.0,0.0
SERGIO BRITO,PSD,JUSSIAPE,DENTRO,1,0.00,0.0,0.0
SERGIO BRITO,PSD,CAETANOS,DENTRO,1,0.00,0.0,0.0
SERGIO BRITO,PSD,ANTONIO CARDOSO,DENTRO,1,0.00,0.0,0.0
SERGIO BRITO,PSD,CORDEIROS,DENTRO,1,0.00,0.0,0.0
SERGIO BRITO,PSD,BONITO,DENTRO,1,0.00,0.0,0.0
SERGIO BRITO,PSD,JIQUIRICA,DENTRO,0,0.00,0.0,0.0
SERGIO BRITO,PSD,BARRA DO ROCHA,DENTRO,0,0.00,0.0,0.0
SERGIO BRITO,PSD,BARRA DA ESTIVA,DENTRO,0,0.00,0.0,0.0
SERGIO BRITO,PSD,UIBAI,DENTRO,0,0.00,0.0,0.0
SERGIO BRITO,PSD,CANSANCAO,DENTRO,0,0.00,0.0,0.0
SERGIO BRITO,PSD,PINTADAS,DENTRO,0,0.00,0.0,0.0
SERGIO BRITO,PSD,PLANALTINO,DENTRO,0,0.00,0.0,0.0
SERGIO BRITO,PSD,VEREDA,DENTRO,0,0.00,0.0,0.0
SERGIO BRITO,PSD,IRAMAIA,DENTRO,0,0.00,0.0,0.0
SERGIO BRITO,PSD,VARZEA NOVA,DENTRO,0,0.00,0.0,0.0
SERGIO BRITO,PSD,GONGOGI,DENTRO,0,0.00,0.0,0.0
SERGIO BRITO,PSD,ITAETE,DENTRO,0,0.00,0.0,0.0
SERGIO BRITO,PSD,LAJEDINHO,DENTRO,0,0.00,0.0,0.0
SERGIO BRITO,PSD,UTINGA,DENTRO,0,0.00,0.0,0.0
SERGIO BRITO,PSD,SANTA INES,DENTRO,0,0.00,0.0,0.0
SERGIO BRITO,PSD,MACURURE,DENTRO,0,0.00,0.0,0.0
SERGIO BRITO,PSD,PINDOBACU,DENTRO,0,0.00,0.0,0.0
SERGIO BRITO,PSD,CARDEAL DA SILVA,DENTRO,0,0.00,0.0,0.0
SERGIO BRITO,PSD,CHORROCHO,DENTRO,0,0.00,0.0,0.0
SERGIO BRITO,PSD,VARZEA DA ROCA,DENTRO,0,0.00,0.0,0.0
SERGIO BRITO,PSD,LAGOA REAL,DENTRO,0,0.00,0.0,0.0
SERGIO BRITO,PSD,MUNDO NOVO,DENTRO,0,0.00,0.0,0.0
SERGIO BRITO,PSD,ITAGIBA,DENTRO,0,0.00,0.0,0.0
SERGIO BRITO,PSD,TEODORO SAMPAIO,DENTRO,0,0.00,0.0,0.0
SERGIO BRITO,PSD,APUAREMA,DENTRO,0,0.00,0.0,0.0
SERGIO BRITO,PSD,BUERAREMA,DENTRO,0,0.00,0.0,0.0
SERGIO BRITO,PSD,FLORESTA AZUL,DENTRO,0,0.00,0.0,0.0
SERGIO BRITO,PSD,SITIO DO QUINTO,DENTRO,0,0.00,0.0,0.0
SERGIO BRITO,PSD,ALMADINA,DENTRO,0,0.00,0.0,0.0
SERGIO BRITO,PSD,SANTA BARBARA,DENTRO,0,0.00,0.0,0.0
SERGIO BRITO,PSD,QUIXABEIRA,DENTRO,0,0.00,0.0,0.0
SERGIO BRITO,PSD,BARRO PRETO,DENTRO,0,0.00,0.0,0.0
SERGIO BRITO,PSD,VARZEA DO POCO,DENTRO,0,0.00,0.0,0.0
SERGIO BRITO,PSD,IBIQUERA,DENTRO,0,0.00,0.0,0.0
SERGIO BRITO,PSD,ITAPEBI,DENTRO,0,0.00,0.0,0.0
SERGIO BRITO,PSD,CAEM,DENTRO,0,0.00,0.0,0.0
SERGIO BRITO,PSD,NOVO TRIUNFO,DENTRO,0,0.00,0.0,0.0
SERGIO BRITO,PSD,JUCURUCU,DENTRO,0,0.00,0.0,0.0
SERGIO BRITO,PSD,PEDRO ALEXANDRE,DENTRO,0,0.00,0.0,0.0
SERGIO BRITO,PSD,NOVA VICOSA,DENTRO,0,0.00,0.0,0.0
SERGIO BRITO,PSD,SAUDE,DENTRO,0,0.00,0.0,0.0
SERGIO BRITO,PSD,LAFAIETE COUTINHO,DENTRO,0,0.00,0.0,0.0
SERGIO BRITO,PSD,QUEIMADAS,DENTRO,0,0.00,0.0,0.0
SERGIO BRITO,PSD,RAFAEL JAMBEIRO,DENTRO,0,0.00,0.0,0.0
SERGIO BRITO,PSD,CONTENDAS DO SINCORA,DENTRO,0,0.00,0.0,0.0
SERGIO BRITO,PSD,ACAJUTIBA,DENTRO,0,0.00,0.0,0.0
SERGIO BRITO,PSD,IRAJUBA,DENTRO,0,0.00,0.0,0.0
SERGIO BRITO,PSD,MANSIDAO,DENTRO,0,0.00,0.0,0.0
SERGIO BRITO,PSD,CALDEIRAO GRANDE,DENTRO,0,0.00,0.0,0.0
SERGIO BRITO,PSD,NOVA REDENCAO,DENTRO,0,0.00,0.0,0.0
SERGIO BRITO,PSD,PONTO NOVO,DENTRO,0,0.00,0.0,0.0
SERGIO BRITO,PSD,SANTA LUZIA,DENTRO,0,0.00,0.0,0.0
SERGIO BRITO,PSD,ITANAGRA,DENTRO,0,0.00,0.0,0.0
SERGIO BRITO,PSD,PIRAI DO NORTE,DENTRO,0,0.00,0.0,0.0
SERGIO BRITO,PSD,LAJEDAO,DENTRO,0,0.00,0.0,0.0
SERGIO BRITO,PSD,ITAGI,DENTRO,0,0.00,0.0,0.0
SERGIO BRITO,PSD,MIRANGABA,DENTRO,0,0.00,0.0,0.0
SERGIO BRITO,PSD,MALHADA,DENTRO,0,0.00,0.0,0.0
SERGIO BRITO,PSD,IUIU,DENTRO,0,0.00,0.0,0.0
SERGIO BRITO,PSD,ITAJU DO COLONIA,DENTRO,0,0.00,0.0,0.0
SERGIO BRITO,PSD,DOM MACEDO COSTA,DENTRO,0,0.00,0.0,0.0
SERGIO BRITO,PSD,MUTUIPE,DENTRO,0,0.00,0.0,0.0
SERGIO BRITO,PSD,SAO JOSE DA VITORIA,DENTRO,0,0.00,0.0,0.0
SERGIO BRITO,PSD,MALHADA DE PEDRAS,DENTRO,0,0.00,0.0,0.0
SERGIO BRITO,PSD,MANOEL VITORINO,DENTRO,0,0.00,0.0,0.0
SERGIO BRITO,PSD,ARATACA,DENTRO,0,0.00,0.0,0.0
SERGIO BRITO,PSD,AMERICA DOURADA,DENTRO,0,0.00,0.0,0.0
SERGIO BRITO,PSD,SERROLANDIA,DENTRO,0,0.00,0.0,0.0
SERGIO BRITO,PSD,GLORIA,DENTRO,0,0.00,0.0,0.0
SERGIO BRITO,PSD,POTIRAGUA,DENTRO,0,0.00,0.0,0.0
SERGIO BRITO,PSD,NILO PECANHA,DENTRO,0,0.00,0.0,0.0
SERGIO BRITO,PSD,ITAPE,DENTRO,0,0.00,0.0,0.0
SERGIO BRITO,PSD,CRAVOLANDIA,DENTRO,0,0.00,0.0,0.0
SERGIO BRITO,PSD,BELMONTE,DENTRO,0,0.00,0.0,0.0
SERGIO BRITO,PSD,RODELAS,DENTRO,0,0.00,0.0,0.0
SERGIO BRITO,PSD,BANZAE,DENTRO,0,0.00,0.0,0.0
SERGIO BRITO,PSD,MEDEIROS NETO,DENTRO,0,0.00,0.0,0.0
SERGIO BRITO,PSD,CORONEL JOAO SA,DENTRO,0,0.00,0.0,0.0
SERGIO BRITO,PSD,ITAGIMIRIM,DENTRO,0,0.00,0.0,0.0
SERGIO BRITO,PSD,JACARACI,DENTRO,0,0.00,0.0,0.0
SERGIO BRITO,PSD,ITAQUARA,DENTRO,0,0.00,0.0,0.0
SERGIO BRITO,PSD,COARACI,DENTRO,0,0.00,0.0,0.0
SERGIO BRITO,PSD,IGRAPIUNA,DENTRO,0,0.00,0.0,0.0
SERGIO BRITO,PSD,JOAO DOURADO,DENTRO,0,0.00,0.0,0.0
SERGIO BRITO,PSD,ALCOBACA,DENTRO,0,0.00,0.0,0.0
SERGIO BRITO,PSD,MULTIPLO,AMPLO,0,0,132287653.0,81.24
SERGIO BRITO,PSD,SATIRO DIAS (BAHIA),FORA,0,0,20760254.0,12.75
SERGIO BRITO,PSD,SEM INFORMACAO,AMPLO,0,0,5680083.66,3.49
SERGIO BRITO,PSD,ERICO CARDOSO (BAHIA),FORA,0,0,1700000.0,1.04
SERGIO BRITO,PSD,TREMEDAL (BAHIA),FORA,0,0,1500000.0,0.92
SERGIO BRITO,PSD,JOAO DOURADO (BAHIA),FORA,0,0,497500.0,0.31
SERGIO BRITO,PSD,SALVADOR (BAHIA),FORA,0,0,407278.97,0.25
WALDENOR PEREIRA,PT,VITORIA DA CONQUISTA,DENTRO,32071,28.35,0.0,0.0
WALDENOR PEREIRA,PT,PLANALTO,DENTRO,5315,4.70,0.0,0.0
WALDENOR PEREIRA,PT,POCOES,DENTRO,3489,3.08,0.0,0.0
WALDENOR PEREIRA,PT,RIACHO DE SANTANA,DENTRO,3201,2.83,0.0,0.0
WALDENOR PEREIRA,PT,MALHADA DE PEDRAS,DENTRO,3155,2.79,0.0,0.0
WALDENOR PEREIRA,PT,RIBEIRAO DO LARGO,DENTRO,2988,2.64,0.0,0.0
WALDENOR PEREIRA,PT,BRUMADO,DENTRO,2835,2.51,0.0,0.0
WALDENOR PEREIRA,PT,MORTUGABA,DENTRO,2539,2.24,0.0,0.0
WALDENOR PEREIRA,PT,CACULE,DENTRO,2482,2.19,0.0,0.0
WALDENOR PEREIRA,PT,CAETITE,DENTRO,2481,2.19,0.0,0.0
WALDENOR PEREIRA,PT,CANDIDO SALES,DENTRO,2416,2.14,0.0,0.0
WALDENOR PEREIRA,PT,CORDEIROS,DENTRO,2233,1.97,0.0,0.0
WALDENOR PEREIRA,PT,IUIU,DENTRO,2139,1.89,0.0,0.0
WALDENOR PEREIRA,PT,CONDEUBA,DENTRO,1969,1.74,0.0,0.0
WALDENOR PEREIRA,PT,LIVRAMENTO DE NOSSA SENHORA,DENTRO,1932,1.71,0.0,0.0
WALDENOR PEREIRA,PT,MACAUBAS,DENTRO,1823,1.61,0.0,0.0
WALDENOR PEREIRA,PT,CARINHANHA,DENTRO,1809,1.60,0.0,0.0
WALDENOR PEREIRA,PT,TREMEDAL,DENTRO,1683,1.49,0.0,0.0
WALDENOR PEREIRA,PT,IBIASSUCE,DENTRO,1556,1.38,0.0,0.0
WALDENOR PEREIRA,PT,PIRIPA,DENTRO,1529,1.35,0.0,0.0
WALDENOR PEREIRA,PT,MIRANTE,DENTRO,1486,1.31,0.0,0.0
WALDENOR PEREIRA,PT,ANAGE,DENTRO,1465,1.30,0.0,0.0
WALDENOR PEREIRA,PT,DOM BASILIO,DENTRO,1461,1.29,0.0,0.0
WALDENOR PEREIRA,PT,CARAIBAS,DENTRO,1437,1.27,0.0,0.0
WALDENOR PEREIRA,PT,GUAJERU,DENTRO,1395,1.23,0.0,0.0
WALDENOR PEREIRA,PT,RIO DO ANTONIO,DENTRO,1347,1.19,0.0,0.0
WALDENOR PEREIRA,PT,PRESIDENTE JANIO QUADROS,DENTRO,1247,1.10,0.0,0.0
WALDENOR PEREIRA,PT,BARRA DO CHOCA,DENTRO,1240,1.10,0.0,0.0
WALDENOR PEREIRA,PT,CANDIBA,DENTRO,1213,1.07,0.0,0.0
WALDENOR PEREIRA,PT,LAGOA REAL,DENTRO,1173,1.04,0.0,0.0
WALDENOR PEREIRA,PT,PALMAS DE MONTE ALTO,DENTRO,1148,1.01,0.0,0.0
WALDENOR PEREIRA,PT,JACARACI,DENTRO,1147,1.01,0.0,0.0
WALDENOR PEREIRA,PT,SALVADOR,DENTRO,1103,0.98,0.0,0.0
WALDENOR PEREIRA,PT,BELO CAMPO,DENTRO,1083,0.96,0.0,0.0
WALDENOR PEREIRA,PT,NOVA CANAA,DENTRO,935,0.83,0.0,0.0
WALDENOR PEREIRA,PT,MALHADA,DENTRO,910,0.80,0.0,0.0
WALDENOR PEREIRA,PT,BOM JESUS DA SERRA,DENTRO,864,0.76,0.0,0.0
WALDENOR PEREIRA,PT,TANHACU,DENTRO,851,0.75,0.0,0.0
WALDENOR PEREIRA,PT,MAETINGA,DENTRO,848,0.75,0.0,0.0
WALDENOR PEREIRA,PT,BOA NOVA,DENTRO,776,0.69,0.0,0.0
WALDENOR PEREIRA,PT,TANQUE NOVO,DENTRO,758,0.67,0.0,0.0
WALDENOR PEREIRA,PT,BOTUPORA,DENTRO,707,0.63,0.0,0.0
WALDENOR PEREIRA,PT,ENCRUZILHADA,DENTRO,631,0.56,0.0,0.0
WALDENOR PEREIRA,PT,ARACATU,DENTRO,611,0.54,0.0,0.0
WALDENOR PEREIRA,PT,BOQUIRA,DENTRO,541,0.48,0.0,0.0
WALDENOR PEREIRA,PT,CAETANOS,DENTRO,455,0.40,0.0,0.0
WALDENOR PEREIRA,PT,MUCUGE,DENTRO,451,0.40,0.0,0.0
WALDENOR PEREIRA,PT,GUANAMBI,DENTRO,418,0.37,0.0,0.0
WALDENOR PEREIRA,PT,NAZARE,DENTRO,363,0.32,0.0,0.0
WALDENOR PEREIRA,PT,IBIPITANGA,DENTRO,362,0.32,0.0,0.0
WALDENOR PEREIRA,PT,EUNAPOLIS,DENTRO,295,0.26,0.0,0.0
WALDENOR PEREIRA,PT,URANDI,DENTRO,290,0.26,0.0,0.0
WALDENOR PEREIRA,PT,FEIRA DE SANTANA,DENTRO,234,0.21,0.0,0.0
WALDENOR PEREIRA,PT,LICINIO DE ALMEIDA,DENTRO,225,0.20,0.0,0.0
WALDENOR PEREIRA,PT,MATINA,DENTRO,211,0.19,0.0,0.0
WALDENOR PEREIRA,PT,ITAPETINGA,DENTRO,208,0.18,0.0,0.0
WALDENOR PEREIRA,PT,ITAMBE,DENTRO,195,0.17,0.0,0.0
WALDENOR PEREIRA,PT,MUNIZ FERREIRA,DENTRO,130,0.11,0.0,0.0
WALDENOR PEREIRA,PT,PORTO SEGURO,DENTRO,118,0.10,0.0,0.0
WALDENOR PEREIRA,PT,RIO DO PIRES,DENTRO,116,0.10,0.0,0.0
WALDENOR PEREIRA,PT,ITUACU,DENTRO,114,0.10,0.0,0.0
WALDENOR PEREIRA,PT,IGAPORA,DENTRO,104,0.09,0.0,0.0
WALDENOR PEREIRA,PT,JEQUIE,DENTRO,96,0.08,0.0,0.0
WALDENOR PEREIRA,PT,MACARANI,DENTRO,88,0.08,0.0,0.0
WALDENOR PEREIRA,PT,RIO DE CONTAS,DENTRO,88,0.08,0.0,0.0
WALDENOR PEREIRA,PT,ITABUNA,DENTRO,84,0.07,0.0,0.0
WALDENOR PEREIRA,PT,LAURO DE FREITAS,DENTRO,73,0.06,0.0,0.0
WALDENOR PEREIRA,PT,PARAMIRIM,DENTRO,70,0.06,0.0,0.0
WALDENOR PEREIRA,PT,ILHEUS,DENTRO,66,0.06,0.0,0.0
WALDENOR PEREIRA,PT,IGUAI,DENTRO,60,0.05,0.0,0.0
WALDENOR PEREIRA,PT,PINDAI,DENTRO,57,0.05,0.0,0.0
WALDENOR PEREIRA,PT,MANOEL VITORINO,DENTRO,54,0.05,0.0,0.0
WALDENOR PEREIRA,PT,PIATA,DENTRO,52,0.05,0.0,0.0
WALDENOR PEREIRA,PT,BOM JESUS DA LAPA,DENTRO,51,0.05,0.0,0.0
WALDENOR PEREIRA,PT,BARREIRAS,DENTRO,45,0.04,0.0,0.0
WALDENOR PEREIRA,PT,DARIO MEIRA,DENTRO,45,0.04,0.0,0.0
WALDENOR PEREIRA,PT,CAMACARI,DENTRO,44,0.04,0.0,0.0
WALDENOR PEREIRA,PT,CAATIBA,DENTRO,44,0.04,0.0,0.0
WALDENOR PEREIRA,PT,VERA CRUZ,DENTRO,37,0.03,0.0,0.0
WALDENOR PEREIRA,PT,GLORIA,DENTRO,37,0.03,0.0,0.0
WALDENOR PEREIRA,PT,ITARANTIM,DENTRO,36,0.03,0.0,0.0
WALDENOR PEREIRA,PT,CATURAMA,DENTRO,36,0.03,0.0,0.0
WALDENOR PEREIRA,PT,IBICUI,DENTRO,36,0.03,0.0,0.0
WALDENOR PEREIRA,PT,TEIXEIRA DE FREITAS,DENTRO,35,0.03,0.0,0.0
WALDENOR PEREIRA,PT,JUAZEIRO,DENTRO,33,0.03,0.0,0.0
WALDENOR PEREIRA,PT,SANTO ANTONIO DE JESUS,DENTRO,31,0.03,0.0,0.0
WALDENOR PEREIRA,PT,ANDARAI,DENTRO,31,0.03,0.0,0.0
WALDENOR PEREIRA,PT,ITORORO,DENTRO,31,0.03,0.0,0.0
WALDENOR PEREIRA,PT,SEBASTIAO LARANJEIRAS,DENTRO,29,0.03,0.0,0.0
WALDENOR PEREIRA,PT,LUIS EDUARDO MAGALHAES,DENTRO,29,0.03,0.0,0.0
WALDENOR PEREIRA,PT,SERRINHA,DENTRO,26,0.02,0.0,0.0
WALDENOR PEREIRA,PT,ITAETE,DENTRO,24,0.02,0.0,0.0
WALDENOR PEREIRA,PT,ALAGOINHAS,DENTRO,24,0.02,0.0,0.0
WALDENOR PEREIRA,PT,ARATUIPE,DENTRO,23,0.02,0.0,0.0
WALDENOR PEREIRA,PT,UNA,DENTRO,22,0.02,0.0,0.0
WALDENOR PEREIRA,PT,ITABERABA,DENTRO,21,0.02,0.0,0.0
WALDENOR PEREIRA,PT,CORIBE,DENTRO,20,0.02,0.0,0.0
WALDENOR PEREIRA,PT,QUIXABEIRA,DENTRO,20,0.02,0.0,0.0
WALDENOR PEREIRA,PT,CANDEIAS,DENTRO,20,0.02,0.0,0.0
WALDENOR PEREIRA,PT,PAULO AFONSO,DENTRO,19,0.02,0.0,0.0
WALDENOR PEREIRA,PT,DIAS D AVILA,DENTRO,19,0.02,0.0,0.0
WALDENOR PEREIRA,PT,IBICOARA,DENTRO,19,0.02,0.0,0.0
WALDENOR PEREIRA,PT,CRUZ DAS ALMAS,DENTRO,18,0.02,0.0,0.0
WALDENOR PEREIRA,PT,BARRA DA ESTIVA,DENTRO,17,0.02,0.0,0.0
WALDENOR PEREIRA,PT,IRAQUARA,DENTRO,17,0.02,0.0,0.0
WALDENOR PEREIRA,PT,SAO GONCALO DOS CAMPOS,DENTRO,16,0.01,0.0,0.0
WALDENOR PEREIRA,PT,SANTA CRUZ CABRALIA,DENTRO,16,0.01,0.0,0.0
WALDENOR PEREIRA,PT,UAUA,DENTRO,16,0.01,0.0,0.0
WALDENOR PEREIRA,PT,VALENCA,DENTRO,16,0.01,0.0,0.0
WALDENOR PEREIRA,PT,MARACAS,DENTRO,15,0.01,0.0,0.0
WALDENOR PEREIRA,PT,CONCEICAO DO JACUIPE,DENTRO,14,0.01,0.0,0.0
WALDENOR PEREIRA,PT,ITAPEBI,DENTRO,14,0.01,0.0,0.0
WALDENOR PEREIRA,PT,IPIAU,DENTRO,14,0.01,0.0,0.0
WALDENOR PEREIRA,PT,JUSSIAPE,DENTRO,14,0.01,0.0,0.0
WALDENOR PEREIRA,PT,PILAO ARCADO,DENTRO,14,0.01,0.0,0.0
WALDENOR PEREIRA,PT,MURITIBA,DENTRO,13,0.01,0.0,0.0
WALDENOR PEREIRA,PT,SANTO ESTEVAO,DENTRO,13,0.01,0.0,0.0
WALDENOR PEREIRA,PT,IRECE,DENTRO,13,0.01,0.0,0.0
WALDENOR PEREIRA,PT,CORRENTINA,DENTRO,13,0.01,0.0,0.0
WALDENOR PEREIRA,PT,POTIRAGUA,DENTRO,13,0.01,0.0,0.0
WALDENOR PEREIRA,PT,JIQUIRICA,DENTRO,12,0.01,0.0,0.0
WALDENOR PEREIRA,PT,SANTO AMARO,DENTRO,12,0.01,0.0,0.0
WALDENOR PEREIRA,PT,CIPO,DENTRO,12,0.01,0.0,0.0
WALDENOR PEREIRA,PT,ITATIM,DENTRO,11,0.01,0.0,0.0
WALDENOR PEREIRA,PT,CONCEICAO DO COITE,DENTRO,11,0.01,0.0,0.0
WALDENOR PEREIRA,PT,CONTENDAS DO SINCORA,DENTRO,11,0.01,0.0,0.0
WALDENOR PEREIRA,PT,SIMOES FILHO,DENTRO,11,0.01,0.0,0.0
WALDENOR PEREIRA,PT,SERRA PRETA,DENTRO,11,0.01,0.0,0.0
WALDENOR PEREIRA,PT,ANGUERA,DENTRO,11,0.01,0.0,0.0
WALDENOR PEREIRA,PT,SANTA MARIA DA VITORIA,DENTRO,11,0.01,0.0,0.0
WALDENOR PEREIRA,PT,MUCURI,DENTRO,10,0.01,0.0,0.0
WALDENOR PEREIRA,PT,OLIVEIRA DOS BREJINHOS,DENTRO,10,0.01,0.0,0.0
WALDENOR PEREIRA,PT,SAO FELIX DO CORIBE,DENTRO,10,0.01,0.0,0.0
WALDENOR PEREIRA,PT,MATA DE SAO JOAO,DENTRO,10,0.01,0.0,0.0
WALDENOR PEREIRA,PT,SENHOR DO BONFIM,DENTRO,10,0.01,0.0,0.0
WALDENOR PEREIRA,PT,MUTUIPE,DENTRO,10,0.01,0.0,0.0
WALDENOR PEREIRA,PT,IBITIARA,DENTRO,9,0.01,0.0,0.0
WALDENOR PEREIRA,PT,MONTE SANTO,DENTRO,9,0.01,0.0,0.0
WALDENOR PEREIRA,PT,URUCUCA,DENTRO,9,0.01,0.0,0.0
WALDENOR PEREIRA,PT,ABAIRA,DENTRO,9,0.01,0.0,0.0
WALDENOR PEREIRA,PT,SERRA DO RAMALHO,DENTRO,9,0.01,0.0,0.0
WALDENOR PEREIRA,PT,CAMAMU,DENTRO,9,0.01,0.0,0.0
WALDENOR PEREIRA,PT,ITAGUACU DA BAHIA,DENTRO,8,0.01,0.0,0.0
WALDENOR PEREIRA,PT,XIQUE-XIQUE,DENTRO,8,0.01,0.0,0.0
WALDENOR PEREIRA,PT,AMELIA RODRIGUES,DENTRO,8,0.01,0.0,0.0
WALDENOR PEREIRA,PT,SANTA BARBARA,DENTRO,8,0.01,0.0,0.0
WALDENOR PEREIRA,PT,RAFAEL JAMBEIRO,DENTRO,8,0.01,0.0,0.0
WALDENOR PEREIRA,PT,CANAVIEIRAS,DENTRO,8,0.01,0.0,0.0
WALDENOR PEREIRA,PT,LAJEDAO,DENTRO,8,0.01,0.0,0.0
WALDENOR PEREIRA,PT,WAGNER,DENTRO,8,0.01,0.0,0.0
WALDENOR PEREIRA,PT,CAMACA,DENTRO,8,0.01,0.0,0.0
WALDENOR PEREIRA,PT,IBICARAI,DENTRO,8,0.01,0.0,0.0
WALDENOR PEREIRA,PT,ANTONIO CARDOSO,DENTRO,8,0.01,0.0,0.0
WALDENOR PEREIRA,PT,ESPLANADA,DENTRO,8,0.01,0.0,0.0
WALDENOR PEREIRA,PT,MORRO DO CHAPEU,DENTRO,8,0.01,0.0,0.0
WALDENOR PEREIRA,PT,IRARA,DENTRO,8,0.01,0.0,0.0
WALDENOR PEREIRA,PT,PINDOBACU,DENTRO,7,0.01,0.0,0.0
WALDENOR PEREIRA,PT,ITIUBA,DENTRO,7,0.01,0.0,0.0
WALDENOR PEREIRA,PT,LAJE,DENTRO,7,0.01,0.0,0.0
WALDENOR PEREIRA,PT,MARAGOGIPE,DENTRO,7,0.01,0.0,0.0
WALDENOR PEREIRA,PT,AMARGOSA,DENTRO,7,0.01,0.0,0.0
WALDENOR PEREIRA,PT,SERROLANDIA,DENTRO,7,0.01,0.0,0.0
WALDENOR PEREIRA,PT,ITAJUIPE,DENTRO,7,0.01,0.0,0.0
WALDENOR PEREIRA,PT,SAO SEBASTIAO DO PASSE,DENTRO,7,0.01,0.0,0.0
WALDENOR PEREIRA,PT,CARAVELAS,DENTRO,6,0.01,0.0,0.0
WALDENOR PEREIRA,PT,JAGUARIPE,DENTRO,6,0.01,0.0,0.0
WALDENOR PEREIRA,PT,UBATA,DENTRO,6,0.01,0.0,0.0
WALDENOR PEREIRA,PT,CANDEAL,DENTRO,6,0.01,0.0,0.0
WALDENOR PEREIRA,PT,JAGUAQUARA,DENTRO,6,0.01,0.0,0.0
WALDENOR PEREIRA,PT,QUEIMADAS,DENTRO,6,0.01,0.0,0.0
WALDENOR PEREIRA,PT,ITACARE,DENTRO,6,0.01,0.0,0.0
WALDENOR PEREIRA,PT,CAPIM GROSSO,DENTRO,6,0.01,0.0,0.0
WALDENOR PEREIRA,PT,FIRMINO ALVES,DENTRO,6,0.01,0.0,0.0
WALDENOR PEREIRA,PT,JACOBINA,DENTRO,6,0.01,0.0,0.0
WALDENOR PEREIRA,PT,CATU,DENTRO,6,0.01,0.0,0.0
WALDENOR PEREIRA,PT,GUARATINGA,DENTRO,5,0.00,0.0,0.0
WALDENOR PEREIRA,PT,SAO DESIDERIO,DENTRO,5,0.00,0.0,0.0
WALDENOR PEREIRA,PT,CASTRO ALVES,DENTRO,5,0.00,0.0,0.0
WALDENOR PEREIRA,PT,CACHOEIRA,DENTRO,5,0.00,0.0,0.0
WALDENOR PEREIRA,PT,PARATINGA,DENTRO,5,0.00,0.0,0.0
WALDENOR PEREIRA,PT,MAIQUINIQUE,DENTRO,5,0.00,0.0,0.0
WALDENOR PEREIRA,PT,TEODORO SAMPAIO,DENTRO,5,0.00,0.0,0.0
WALDENOR PEREIRA,PT,JAGUARARI,DENTRO,5,0.00,0.0,0.0
WALDENOR PEREIRA,PT,NOVA VICOSA,DENTRO,5,0.00,0.0,0.0
WALDENOR PEREIRA,PT,PARIPIRANGA,DENTRO,5,0.00,0.0,0.0
WALDENOR PEREIRA,PT,POJUCA,DENTRO,5,0.00,0.0,0.0
WALDENOR PEREIRA,PT,RUY BARBOSA,DENTRO,5,0.00,0.0,0.0
WALDENOR PEREIRA,PT,MIRANGABA,DENTRO,5,0.00,0.0,0.0
WALDENOR PEREIRA,PT,ERICO CARDOSO,DENTRO,5,0.00,0.0,0.0
WALDENOR PEREIRA,PT,ENTRE RIOS,DENTRO,5,0.00,0.0,0.0
WALDENOR PEREIRA,PT,TAPIRAMUTA,DENTRO,5,0.00,0.0,0.0
WALDENOR PEREIRA,PT,SANTALUZ,DENTRO,5,0.00,0.0,0.0
WALDENOR PEREIRA,PT,ARAMARI,DENTRO,5,0.00,0.0,0.0
WALDENOR PEREIRA,PT,JOAO DOURADO,DENTRO,5,0.00,0.0,0.0
WALDENOR PEREIRA,PT,ITABELA,DENTRO,4,0.00,0.0,0.0
WALDENOR PEREIRA,PT,IPIRA,DENTRO,4,0.00,0.0,0.0
WALDENOR PEREIRA,PT,TANQUINHO,DENTRO,4,0.00,0.0,0.0
WALDENOR PEREIRA,PT,SANTA BRIGIDA,DENTRO,4,0.00,0.0,0.0
WALDENOR PEREIRA,PT,APUAREMA,DENTRO,4,0.00,0.0,0.0
WALDENOR PEREIRA,PT,ITAGIBA,DENTRO,4,0.00,0.0,0.0
WALDENOR PEREIRA,PT,JANDAIRA,DENTRO,4,0.00,0.0,0.0
WALDENOR PEREIRA,PT,MARAU,DENTRO,4,0.00,0.0,0.0
WALDENOR PEREIRA,PT,SAO JOSE DO JACUIPE,DENTRO,4,0.00,0.0,0.0
WALDENOR PEREIRA,PT,FEIRA DA MATA,DENTRO,4,0.00,0.0,0.0
WALDENOR PEREIRA,PT,MASCOTE,DENTRO,4,0.00,0.0,0.0
WALDENOR PEREIRA,PT,CAIRU,DENTRO,4,0.00,0.0,0.0
WALDENOR PEREIRA,PT,PRADO,DENTRO,4,0.00,0.0,0.0
WALDENOR PEREIRA,PT,SEABRA,DENTRO,4,0.00,0.0,0.0
WALDENOR PEREIRA,PT,IBOTIRAMA,DENTRO,4,0.00,0.0,0.0
WALDENOR PEREIRA,PT,CORACAO DE MARIA,DENTRO,4,0.00,0.0,0.0
WALDENOR PEREIRA,PT,PALMEIRAS,DENTRO,4,0.00,0.0,0.0
WALDENOR PEREIRA,PT,PRESIDENTE DUTRA,DENTRO,4,0.00,0.0,0.0
WALDENOR PEREIRA,PT,BELMONTE,DENTRO,4,0.00,0.0,0.0
WALDENOR PEREIRA,PT,QUIJINGUE,DENTRO,4,0.00,0.0,0.0
WALDENOR PEREIRA,PT,ITAGIMIRIM,DENTRO,4,0.00,0.0,0.0
WALDENOR PEREIRA,PT,CAFARNAUM,DENTRO,4,0.00,0.0,0.0
WALDENOR PEREIRA,PT,CANSANCAO,DENTRO,3,0.00,0.0,0.0
WALDENOR PEREIRA,PT,RIACHAO DO JACUIPE,DENTRO,3,0.00,0.0,0.0
WALDENOR PEREIRA,PT,VEREDA,DENTRO,3,0.00,0.0,0.0
WALDENOR PEREIRA,PT,IRAMAIA,DENTRO,3,0.00,0.0,0.0
WALDENOR PEREIRA,PT,ITAMARAJU,DENTRO,3,0.00,0.0,0.0
WALDENOR PEREIRA,PT,SANTA CRUZ DA VITORIA,DENTRO,3,0.00,0.0,0.0
WALDENOR PEREIRA,PT,CASA NOVA,DENTRO,3,0.00,0.0,0.0
WALDENOR PEREIRA,PT,SAO FRANCISCO DO CONDE,DENTRO,3,0.00,0.0,0.0
WALDENOR PEREIRA,PT,MULUNGU DO MORRO,DENTRO,3,0.00,0.0,0.0
WALDENOR PEREIRA,PT,VARZEA DO POCO,DENTRO,3,0.00,0.0,0.0
WALDENOR PEREIRA,PT,SAPEACU,DENTRO,3,0.00,0.0,0.0
WALDENOR PEREIRA,PT,MARCIONILIO SOUZA,DENTRO,3,0.00,0.0,0.0
WALDENOR PEREIRA,PT,ITAPARICA,DENTRO,3,0.00,0.0,0.0
WALDENOR PEREIRA,PT,ITUBERA,DENTRO,3,0.00,0.0,0.0
WALDENOR PEREIRA,PT,PEDRO ALEXANDRE,DENTRO,3,0.00,0.0,0.0
WALDENOR PEREIRA,PT,SERRA DOURADA,DENTRO,3,0.00,0.0,0.0
WALDENOR PEREIRA,PT,ARACI,DENTRO,3,0.00,0.0,0.0
WALDENOR PEREIRA,PT,SATIRO DIAS,DENTRO,3,0.00,0.0,0.0
WALDENOR PEREIRA,PT,JUSSARI,DENTRO,3,0.00,0.0,0.0
WALDENOR PEREIRA,PT,ANGICAL,DENTRO,3,0.00,0.0,0.0
WALDENOR PEREIRA,PT,ANDORINHA,DENTRO,3,0.00,0.0,0.0
WALDENOR PEREIRA,PT,MEDEIROS NETO,DENTRO,3,0.00,0.0,0.0
WALDENOR PEREIRA,PT,JEREMOABO,DENTRO,3,0.00,0.0,0.0
WALDENOR PEREIRA,PT,BONITO,DENTRO,3,0.00,0.0,0.0
WALDENOR PEREIRA,PT,UIBAI,DENTRO,2,0.00,0.0,0.0
WALDENOR PEREIRA,PT,RIACHAO DAS NEVES,DENTRO,2,0.00,0.0,0.0
WALDENOR PEREIRA,PT,AGUA FRIA,DENTRO,2,0.00,0.0,0.0
WALDENOR PEREIRA,PT,IBIRATAIA,DENTRO,2,0.00,0.0,0.0
WALDENOR PEREIRA,PT,SITIO DO MATO,DENTRO,2,0.00,0.0,0.0
WALDENOR PEREIRA,PT,COCOS,DENTRO,2,0.00,0.0,0.0
WALDENOR PEREIRA,PT,FATIMA,DENTRO,2,0.00,0.0,0.0
WALDENOR PEREIRA,PT,TAPEROA,DENTRO,2,0.00,0.0,0.0
WALDENOR PEREIRA,PT,UBAIRA,DENTRO,2,0.00,0.0,0.0
WALDENOR PEREIRA,PT,NOVA IBIA,DENTRO,2,0.00,0.0,0.0
WALDENOR PEREIRA,PT,LENCOIS,DENTRO,2,0.00,0.0,0.0
WALDENOR PEREIRA,PT,INHAMBUPE,DENTRO,2,0.00,0.0,0.0
WALDENOR PEREIRA,PT,EUCLIDES DA CUNHA,DENTRO,2,0.00,0.0,0.0
WALDENOR PEREIRA,PT,LAMARAO,DENTRO,2,0.00,0.0,0.0
WALDENOR PEREIRA,PT,IBITITA,DENTRO,2,0.00,0.0,0.0
WALDENOR PEREIRA,PT,IACU,DENTRO,2,0.00,0.0,0.0
WALDENOR PEREIRA,PT,UMBURANAS,DENTRO,2,0.00,0.0,0.0
WALDENOR PEREIRA,PT,CAMPO FORMOSO,DENTRO,2,0.00,0.0,0.0
WALDENOR PEREIRA,PT,SANTA RITA DE CASSIA,DENTRO,2,0.00,0.0,0.0
WALDENOR PEREIRA,PT,CRISOPOLIS,DENTRO,2,0.00,0.0,0.0
WALDENOR PEREIRA,PT,ALMADINA,DENTRO,2,0.00,0.0,0.0
WALDENOR PEREIRA,PT,CICERO DANTAS,DENTRO,2,0.00,0.0,0.0
WALDENOR PEREIRA,PT,UBAITABA,DENTRO,2,0.00,0.0,0.0
WALDENOR PEREIRA,PT,TERRA NOVA,DENTRO,2,0.00,0.0,0.0
WALDENOR PEREIRA,PT,NOVO HORIZONTE,DENTRO,2,0.00,0.0,0.0
WALDENOR PEREIRA,PT,ACAJUTIBA,DENTRO,2,0.00,0.0,0.0
WALDENOR PEREIRA,PT,ITANHEM,DENTRO,2,0.00,0.0,0.0
WALDENOR PEREIRA,PT,CANARANA,DENTRO,2,0.00,0.0,0.0
WALDENOR PEREIRA,PT,MIGUEL CALMON,DENTRO,2,0.00,0.0,0.0
WALDENOR PEREIRA,PT,IBIRAPITANGA,DENTRO,2,0.00,0.0,0.0
WALDENOR PEREIRA,PT,PONTO NOVO,DENTRO,2,0.00,0.0,0.0
WALDENOR PEREIRA,PT,JITAUNA,DENTRO,2,0.00,0.0,0.0
WALDENOR PEREIRA,PT,BARRA,DENTRO,2,0.00,0.0,0.0
WALDENOR PEREIRA,PT,GANDU,DENTRO,2,0.00,0.0,0.0
WALDENOR PEREIRA,PT,ITAGI,DENTRO,2,0.00,0.0,0.0
WALDENOR PEREIRA,PT,PIRITIBA,DENTRO,2,0.00,0.0,0.0
WALDENOR PEREIRA,PT,ITAJU DO COLONIA,DENTRO,2,0.00,0.0,0.0
WALDENOR PEREIRA,PT,SAO GABRIEL,DENTRO,2,0.00,0.0,0.0
WALDENOR PEREIRA,PT,OUROLANDIA,DENTRO,2,0.00,0.0,0.0
WALDENOR PEREIRA,PT,SAO FELIX,DENTRO,2,0.00,0.0,0.0
WALDENOR PEREIRA,PT,RETIROLANDIA,DENTRO,2,0.00,0.0,0.0
WALDENOR PEREIRA,PT,CORONEL JOAO SA,DENTRO,2,0.00,0.0,0.0
WALDENOR PEREIRA,PT,OLINDINA,DENTRO,2,0.00,0.0,0.0
WALDENOR PEREIRA,PT,COARACI,DENTRO,2,0.00,0.0,0.0
WALDENOR PEREIRA,PT,ADUSTINA,DENTRO,2,0.00,0.0,0.0
WALDENOR PEREIRA,PT,PEDRAO,DENTRO,2,0.00,0.0,0.0
WALDENOR PEREIRA,PT,BARRA DO MENDES,DENTRO,1,0.00,0.0,0.0
WALDENOR PEREIRA,PT,ANTONIO GONCALVES,DENTRO,1,0.00,0.0,0.0
WALDENOR PEREIRA,PT,SENTO SE,DENTRO,1,0.00,0.0,0.0
WALDENOR PEREIRA,PT,PLANALTINO,DENTRO,1,0.00,0.0,0.0
WALDENOR PEREIRA,PT,CONCEICAO DO ALMEIDA,DENTRO,1,0.00,0.0,0.0
WALDENOR PEREIRA,PT,LAJEDO DO TABOCAL,DENTRO,1,0.00,0.0,0.0
WALDENOR PEREIRA,PT,COTEGIPE,DENTRO,1,0.00,0.0,0.0
WALDENOR PEREIRA,PT,GONGOGI,DENTRO,1,0.00,0.0,0.0
WALDENOR PEREIRA,PT,IPUPIARA,DENTRO,1,0.00,0.0,0.0
WALDENOR PEREIRA,PT,CENTRAL,DENTRO,1,0.00,0.0,0.0
WALDENOR PEREIRA,PT,CARDEAL DA SILVA,DENTRO,1,0.00,0.0,0.0
WALDENOR PEREIRA,PT,ITAPICURU,DENTRO,1,0.00,0.0,0.0
WALDENOR PEREIRA,PT,TEOFILANDIA,DENTRO,1,0.00,0.0,0.0
WALDENOR PEREIRA,PT,VARZEA DA ROCA,DENTRO,1,0.00,0.0,0.0
WALDENOR PEREIRA,PT,NORDESTINA,DENTRO,1,0.00,0.0,0.0
WALDENOR PEREIRA,PT,OURICANGAS,DENTRO,1,0.00,0.0,0.0
WALDENOR PEREIRA,PT,TUCANO,DENTRO,1,0.00,0.0,0.0
WALDENOR PEREIRA,PT,FLORESTA AZUL,DENTRO,1,0.00,0.0,0.0
WALDENOR PEREIRA,PT,BUERAREMA,DENTRO,1,0.00,0.0,0.0
WALDENOR PEREIRA,PT,CABACEIRAS DO PARAGUACU,DENTRO,1,0.00,0.0,0.0
WALDENOR PEREIRA,PT,BOA VISTA DO TUPIM,DENTRO,1,0.00,0.0,0.0
WALDENOR PEREIRA,PT,BARROCAS,DENTRO,1,0.00,0.0,0.0
WALDENOR PEREIRA,PT,IBIQUERA,DENTRO,1,0.00,0.0,0.0
WALDENOR PEREIRA,PT,MADRE DE DEUS,DENTRO,1,0.00,0.0,0.0
WALDENOR PEREIRA,PT,JUCURUCU,DENTRO,1,0.00,0.0,0.0
WALDENOR PEREIRA,PT,IBIRAPUA,DENTRO,1,0.00,0.0,0.0
WALDENOR PEREIRA,PT,SAUDE,DENTRO,1,0.00,0.0,0.0
WALDENOR PEREIRA,PT,ITAPITANGA,DENTRO,1,0.00,0.0,0.0
WALDENOR PEREIRA,PT,RIBEIRA DO AMPARO,DENTRO,1,0.00,0.0,0.0
WALDENOR PEREIRA,PT,JABORANDI,DENTRO,1,0.00,0.0,0.0
WALDENOR PEREIRA,PT,SOUTO SOARES,DENTRO,1,0.00,0.0,0.0
WALDENOR PEREIRA,PT,BAIXA GRANDE,DENTRO,1,0.00,0.0,0.0
WALDENOR PEREIRA,PT,RIBEIRA DO POMBAL,DENTRO,1,0.00,0.0,0.0
WALDENOR PEREIRA,PT,IRAJUBA,DENTRO,1,0.00,0.0,0.0
WALDENOR PEREIRA,PT,CALDEIRAO GRANDE,DENTRO,1,0.00,0.0,0.0
WALDENOR PEREIRA,PT,TEOLANDIA,DENTRO,1,0.00,0.0,0.0
WALDENOR PEREIRA,PT,SANTA LUZIA,DENTRO,1,0.00,0.0,0.0
WALDENOR PEREIRA,PT,ANTAS,DENTRO,1,0.00,0.0,0.0
WALDENOR PEREIRA,PT,JUSSARA,DENTRO,1,0.00,0.0,0.0
WALDENOR PEREIRA,PT,WENCESLAU GUIMARAES,DENTRO,1,0.00,0.0,0.0
WALDENOR PEREIRA,PT,PAU BRASIL,DENTRO,1,0.00,0.0,0.0
WALDENOR PEREIRA,PT,ARACAS,DENTRO,1,0.00,0.0,0.0
WALDENOR PEREIRA,PT,GENTIO DO OURO,DENTRO,1,0.00,0.0,0.0
WALDENOR PEREIRA,PT,ARATACA,DENTRO,1,0.00,0.0,0.0
WALDENOR PEREIRA,PT,AMERICA DOURADA,DENTRO,1,0.00,0.0,0.0
WALDENOR PEREIRA,PT,ITAPE,DENTRO,1,0.00,0.0,0.0
WALDENOR PEREIRA,PT,ICHU,DENTRO,1,0.00,0.0,0.0
WALDENOR PEREIRA,PT,ITAQUARA,DENTRO,1,0.00,0.0,0.0
WALDENOR PEREIRA,PT,BREJOLANDIA,DENTRO,1,0.00,0.0,0.0
WALDENOR PEREIRA,PT,BONINAL,DENTRO,1,0.00,0.0,0.0
WALDENOR PEREIRA,PT,BARRA DO ROCHA,DENTRO,0,0.00,0.0,0.0
WALDENOR PEREIRA,PT,MUQUEM DO SAO FRANCISCO,DENTRO,0,0.00,0.0,0.0
WALDENOR PEREIRA,PT,PINTADAS,DENTRO,0,0.00,0.0,0.0
WALDENOR PEREIRA,PT,BAIANOPOLIS,DENTRO,0,0.00,0.0,0.0
WALDENOR PEREIRA,PT,ITIRUCU,DENTRO,0,0.00,0.0,0.0
WALDENOR PEREIRA,PT,RIO REAL,DENTRO,0,0.00,0.0,0.0
WALDENOR PEREIRA,PT,VARZEA NOVA,DENTRO,0,0.00,0.0,0.0
WALDENOR PEREIRA,PT,BARRO ALTO,DENTRO,0,0.00,0.0,0.0
WALDENOR PEREIRA,PT,CANAPOLIS,DENTRO,0,0.00,0.0,0.0
WALDENOR PEREIRA,PT,LAJEDINHO,DENTRO,0,0.00,0.0,0.0
WALDENOR PEREIRA,PT,UTINGA,DENTRO,0,0.00,0.0,0.0
WALDENOR PEREIRA,PT,MAIRI,DENTRO,0,0.00,0.0,0.0
WALDENOR PEREIRA,PT,SANTA INES,DENTRO,0,0.00,0.0,0.0
WALDENOR PEREIRA,PT,MACURURE,DENTRO,0,0.00,0.0,0.0
WALDENOR PEREIRA,PT,ELISIO MEDRADO,DENTRO,0,0.00,0.0,0.0
WALDENOR PEREIRA,PT,MILAGRES,DENTRO,0,0.00,0.0,0.0
WALDENOR PEREIRA,PT,REMANSO,DENTRO,0,0.00,0.0,0.0
WALDENOR PEREIRA,PT,LAPAO,DENTRO,0,0.00,0.0,0.0
WALDENOR PEREIRA,PT,CHORROCHO,DENTRO,0,0.00,0.0,0.0
WALDENOR PEREIRA,PT,SANTA TEREZINHA,DENTRO,0,0.00,0.0,0.0
WALDENOR PEREIRA,PT,SAUBARA,DENTRO,0,0.00,0.0,0.0
WALDENOR PEREIRA,PT,CANUDOS,DENTRO,0,0.00,0.0,0.0
WALDENOR PEREIRA,PT,CRISTOPOLIS,DENTRO,0,0.00,0.0,0.0
WALDENOR PEREIRA,PT,MUNDO NOVO,DENTRO,0,0.00,0.0,0.0
WALDENOR PEREIRA,PT,AIQUARA,DENTRO,0,0.00,0.0,0.0
WALDENOR PEREIRA,PT,SAO DOMINGOS,DENTRO,0,0.00,0.0,0.0
WALDENOR PEREIRA,PT,IBIPEBA,DENTRO,0,0.00,0.0,0.0
WALDENOR PEREIRA,PT,SITIO DO QUINTO,DENTRO,0,0.00,0.0,0.0
WALDENOR PEREIRA,PT,CAPELA DO ALTO ALEGRE,DENTRO,0,0.00,0.0,0.0
WALDENOR PEREIRA,PT,SAO FELIPE,DENTRO,0,0.00,0.0,0.0
WALDENOR PEREIRA,PT,BARRO PRETO,DENTRO,0,0.00,0.0,0.0
WALDENOR PEREIRA,PT,HELIOPOLIS,DENTRO,0,0.00,0.0,0.0
WALDENOR PEREIRA,PT,CAEM,DENTRO,0,0.00,0.0,0.0
WALDENOR PEREIRA,PT,BURITIRAMA,DENTRO,0,0.00,0.0,0.0
WALDENOR PEREIRA,PT,NOVO TRIUNFO,DENTRO,0,0.00,0.0,0.0
WALDENOR PEREIRA,PT,LAFAIETE COUTINHO,DENTRO,0,0.00,0.0,0.0
WALDENOR PEREIRA,PT,FORMOSA DO RIO PRETO,DENTRO,0,0.00,0.0,0.0
WALDENOR PEREIRA,PT,VALENTE,DENTRO,0,0.00,0.0,0.0
WALDENOR PEREIRA,PT,SANTANOPOLIS,DENTRO,0,0.00,0.0,0.0
WALDENOR PEREIRA,PT,SALINAS DA MARGARIDA,DENTRO,0,0.00,0.0,0.0
WALDENOR PEREIRA,PT,TABOCAS DO BREJO VELHO,DENTRO,0,0.00,0.0,0.0
WALDENOR PEREIRA,PT,APORA,DENTRO,0,0.00,0.0,0.0
WALDENOR PEREIRA,PT,GOVERNADOR MANGABEIRA,DENTRO,0,0.00,0.0,0.0
WALDENOR PEREIRA,PT,BREJOES,DENTRO,0,0.00,0.0,0.0
WALDENOR PEREIRA,PT,MANSIDAO,DENTRO,0,0.00,0.0,0.0
WALDENOR PEREIRA,PT,NOVA REDENCAO,DENTRO,0,0.00,0.0,0.0
WALDENOR PEREIRA,PT,PE DE SERRA,DENTRO,0,0.00,0.0,0.0
WALDENOR PEREIRA,PT,ITANAGRA,DENTRO,0,0.00,0.0,0.0
WALDENOR PEREIRA,PT,PIRAI DO NORTE,DENTRO,0,0.00,0.0,0.0
WALDENOR PEREIRA,PT,PRESIDENTE TANCREDO NEVES,DENTRO,0,0.00,0.0,0.0
WALDENOR PEREIRA,PT,ITAMARI,DENTRO,0,0.00,0.0,0.0
WALDENOR PEREIRA,PT,CAMPO ALEGRE DE LOURDES,DENTRO,0,0.00,0.0,0.0
WALDENOR PEREIRA,PT,VARZEDO,DENTRO,0,0.00,0.0,0.0
WALDENOR PEREIRA,PT,AURELINO LEAL,DENTRO,0,0.00,0.0,0.0
WALDENOR PEREIRA,PT,CURACA,DENTRO,0,0.00,0.0,0.0
WALDENOR PEREIRA,PT,ABARE,DENTRO,0,0.00,0.0,0.0
WALDENOR PEREIRA,PT,CATOLANDIA,DENTRO,0,0.00,0.0,0.0
WALDENOR PEREIRA,PT,MORPARA,DENTRO,0,0.00,0.0,0.0
WALDENOR PEREIRA,PT,DOM MACEDO COSTA,DENTRO,0,0.00,0.0,0.0
WALDENOR PEREIRA,PT,SAO JOSE DA VITORIA,DENTRO,0,0.00,0.0,0.0
WALDENOR PEREIRA,PT,SOBRADINHO,DENTRO,0,0.00,0.0,0.0
WALDENOR PEREIRA,PT,SAO MIGUEL DAS MATAS,DENTRO,0,0.00,0.0,0.0
WALDENOR PEREIRA,PT,IPECAETA,DENTRO,0,0.00,0.0,0.0
WALDENOR PEREIRA,PT,NILO PECANHA,DENTRO,0,0.00,0.0,0.0
WALDENOR PEREIRA,PT,BROTAS DE MACAUBAS,DENTRO,0,0.00,0.0,0.0
WALDENOR PEREIRA,PT,CRAVOLANDIA,DENTRO,0,0.00,0.0,0.0
WALDENOR PEREIRA,PT,CONCEICAO DA FEIRA,DENTRO,0,0.00,0.0,0.0
WALDENOR PEREIRA,PT,RODELAS,DENTRO,0,0.00,0.0,0.0
WALDENOR PEREIRA,PT,WANDERLEY,DENTRO,0,0.00,0.0,0.0
WALDENOR PEREIRA,PT,NOVA ITARANA,DENTRO,0,0.00,0.0,0.0
WALDENOR PEREIRA,PT,BANZAE,DENTRO,0,0.00,0.0,0.0
WALDENOR PEREIRA,PT,MACAJUBA,DENTRO,0,0.00,0.0,0.0
WALDENOR PEREIRA,PT,NOVA SOURE,DENTRO,0,0.00,0.0,0.0
WALDENOR PEREIRA,PT,SANTANA,DENTRO,0,0.00,0.0,0.0
WALDENOR PEREIRA,PT,FILADELFIA,DENTRO,0,0.00,0.0,0.0
WALDENOR PEREIRA,PT,CONDE,DENTRO,0,0.00,0.0,0.0
WALDENOR PEREIRA,PT,IGRAPIUNA,DENTRO,0,0.00,0.0,0.0
WALDENOR PEREIRA,PT,NOVA FATIMA,DENTRO,0,0.00,0.0,0.0
WALDENOR PEREIRA,PT,ALCOBACA,DENTRO,0,0.00,0.0,0.0
WALDENOR PEREIRA,PT,BIRITINGA,DENTRO,0,0.00,0.0,0.0
WALDENOR PEREIRA,PT,GAVIAO,DENTRO,0,0.00,0.0,0.0
WALDENOR PEREIRA,PT,MULTIPLO,AMPLO,0,0,140530165.06,89.87
WALDENOR PEREIRA,PT,SEM INFORMACAO,AMPLO,0,0,11834892.71,7.57
WALDENOR PEREIRA,PT,PLANALTO (BAHIA),FORA,0,0,4000000.0,2.56
LIDICE DA MATA,PSB,SALVADOR,DENTRO,51105,45.47,0.0,0.0
LIDICE DA MATA,PSB,IRECE,DENTRO,6404,5.70,0.0,0.0
LIDICE DA MATA,PSB,CRISOPOLIS,DENTRO,5344,4.76,0.0,0.0
LIDICE DA MATA,PSB,FEIRA DE SANTANA,DENTRO,4037,3.59,0.0,0.0
LIDICE DA MATA,PSB,ANDARAI,DENTRO,2674,2.38,0.0,0.0
LIDICE DA MATA,PSB,LAURO DE FREITAS,DENTRO,2465,2.19,0.0,0.0
LIDICE DA MATA,PSB,MADRE DE DEUS,DENTRO,1942,1.73,0.0,0.0
LIDICE DA MATA,PSB,CAEM,DENTRO,1918,1.71,0.0,0.0
LIDICE DA MATA,PSB,ILHEUS,DENTRO,1863,1.66,0.0,0.0
LIDICE DA MATA,PSB,ITABUNA,DENTRO,1070,0.95,0.0,0.0
LIDICE DA MATA,PSB,CACHOEIRA,DENTRO,991,0.88,0.0,0.0
LIDICE DA MATA,PSB,CAMACARI,DENTRO,910,0.81,0.0,0.0
LIDICE DA MATA,PSB,ITAPETINGA,DENTRO,871,0.78,0.0,0.0
LIDICE DA MATA,PSB,PALMAS DE MONTE ALTO,DENTRO,839,0.75,0.0,0.0
LIDICE DA MATA,PSB,IBITITA,DENTRO,804,0.72,0.0,0.0
LIDICE DA MATA,PSB,SEABRA,DENTRO,720,0.64,0.0,0.0
LIDICE DA MATA,PSB,URUCUCA,DENTRO,704,0.63,0.0,0.0
LIDICE DA MATA,PSB,ABAIRA,DENTRO,684,0.61,0.0,0.0
LIDICE DA MATA,PSB,POCOES,DENTRO,658,0.59,0.0,0.0
LIDICE DA MATA,PSB,MACAUBAS,DENTRO,634,0.56,0.0,0.0
LIDICE DA MATA,PSB,SAO FRANCISCO DO CONDE,DENTRO,605,0.54,0.0,0.0
LIDICE DA MATA,PSB,XIQUE-XIQUE,DENTRO,593,0.53,0.0,0.0
LIDICE DA MATA,PSB,BRUMADO,DENTRO,590,0.52,0.0,0.0
LIDICE DA MATA,PSB,DIAS D AVILA,DENTRO,571,0.51,0.0,0.0
LIDICE DA MATA,PSB,OLIVEIRA DOS BREJINHOS,DENTRO,571,0.51,0.0,0.0
LIDICE DA MATA,PSB,ALAGOINHAS,DENTRO,566,0.50,0.0,0.0
LIDICE DA MATA,PSB,UIBAI,DENTRO,560,0.50,0.0,0.0
LIDICE DA MATA,PSB,SENHOR DO BONFIM,DENTRO,554,0.49,0.0,0.0
LIDICE DA MATA,PSB,CANDEIAS,DENTRO,538,0.48,0.0,0.0
LIDICE DA MATA,PSB,CATU,DENTRO,518,0.46,0.0,0.0
LIDICE DA MATA,PSB,SIMOES FILHO,DENTRO,508,0.45,0.0,0.0
LIDICE DA MATA,PSB,SAO GABRIEL,DENTRO,385,0.34,0.0,0.0
LIDICE DA MATA,PSB,CAMACA,DENTRO,383,0.34,0.0,0.0
LIDICE DA MATA,PSB,AMELIA RODRIGUES,DENTRO,381,0.34,0.0,0.0
LIDICE DA MATA,PSB,ITABELA,DENTRO,369,0.33,0.0,0.0
LIDICE DA MATA,PSB,VITORIA DA CONQUISTA,DENTRO,360,0.32,0.0,0.0
LIDICE DA MATA,PSB,VERA CRUZ,DENTRO,354,0.31,0.0,0.0
LIDICE DA MATA,PSB,IBIRATAIA,DENTRO,331,0.29,0.0,0.0
LIDICE DA MATA,PSB,CANUDOS,DENTRO,329,0.29,0.0,0.0
LIDICE DA MATA,PSB,RIACHO DE SANTANA,DENTRO,324,0.29,0.0,0.0
LIDICE DA MATA,PSB,SANTO ANTONIO DE JESUS,DENTRO,304,0.27,0.0,0.0
LIDICE DA MATA,PSB,BARRO PRETO,DENTRO,284,0.25,0.0,0.0
LIDICE DA MATA,PSB,JUAZEIRO,DENTRO,280,0.25,0.0,0.0
LIDICE DA MATA,PSB,CANARANA,DENTRO,279,0.25,0.0,0.0
LIDICE DA MATA,PSB,MARAGOGIPE,DENTRO,275,0.24,0.0,0.0
LIDICE DA MATA,PSB,IPIAU,DENTRO,261,0.23,0.0,0.0
LIDICE DA MATA,PSB,SANTO AMARO,DENTRO,260,0.23,0.0,0.0
LIDICE DA MATA,PSB,CANDIBA,DENTRO,251,0.22,0.0,0.0
LIDICE DA MATA,PSB,BARREIRAS,DENTRO,244,0.22,0.0,0.0
LIDICE DA MATA,PSB,CARINHANHA,DENTRO,243,0.22,0.0,0.0
LIDICE DA MATA,PSB,PORTO SEGURO,DENTRO,242,0.22,0.0,0.0
LIDICE DA MATA,PSB,POJUCA,DENTRO,235,0.21,0.0,0.0
LIDICE DA MATA,PSB,PAULO AFONSO,DENTRO,229,0.20,0.0,0.0
LIDICE DA MATA,PSB,MEDEIROS NETO,DENTRO,224,0.20,0.0,0.0
LIDICE DA MATA,PSB,BARRA DO ROCHA,DENTRO,197,0.18,0.0,0.0
LIDICE DA MATA,PSB,CRUZ DAS ALMAS,DENTRO,197,0.18,0.0,0.0
LIDICE DA MATA,PSB,GUANAMBI,DENTRO,185,0.16,0.0,0.0
LIDICE DA MATA,PSB,MUTUIPE,DENTRO,184,0.16,0.0,0.0
LIDICE DA MATA,PSB,MATA DE SAO JOAO,DENTRO,183,0.16,0.0,0.0
LIDICE DA MATA,PSB,SALINAS DA MARGARIDA,DENTRO,181,0.16,0.0,0.0
LIDICE DA MATA,PSB,GUARATINGA,DENTRO,177,0.16,0.0,0.0
LIDICE DA MATA,PSB,VALENCA,DENTRO,173,0.15,0.0,0.0
LIDICE DA MATA,PSB,REMANSO,DENTRO,164,0.15,0.0,0.0
LIDICE DA MATA,PSB,ARATACA,DENTRO,159,0.14,0.0,0.0
LIDICE DA MATA,PSB,ITABERABA,DENTRO,159,0.14,0.0,0.0
LIDICE DA MATA,PSB,TEIXEIRA DE FREITAS,DENTRO,156,0.14,0.0,0.0
LIDICE DA MATA,PSB,EUNAPOLIS,DENTRO,155,0.14,0.0,0.0
LIDICE DA MATA,PSB,PRESIDENTE DUTRA,DENTRO,149,0.13,0.0,0.0
LIDICE DA MATA,PSB,VARZEA DA ROCA,DENTRO,148,0.13,0.0,0.0
LIDICE DA MATA,PSB,LAPAO,DENTRO,146,0.13,0.0,0.0
LIDICE DA MATA,PSB,OLINDINA,DENTRO,146,0.13,0.0,0.0
LIDICE DA MATA,PSB,ITORORO,DENTRO,144,0.13,0.0,0.0
LIDICE DA MATA,PSB,SAO SEBASTIAO DO PASSE,DENTRO,140,0.12,0.0,0.0
LIDICE DA MATA,PSB,SAO GONCALO DOS CAMPOS,DENTRO,138,0.12,0.0,0.0
LIDICE DA MATA,PSB,MURITIBA,DENTRO,137,0.12,0.0,0.0
LIDICE DA MATA,PSB,ITAPARICA,DENTRO,135,0.12,0.0,0.0
LIDICE DA MATA,PSB,CANSANCAO,DENTRO,134,0.12,0.0,0.0
LIDICE DA MATA,PSB,JUSSARA,DENTRO,131,0.12,0.0,0.0
LIDICE DA MATA,PSB,CASTRO ALVES,DENTRO,127,0.11,0.0,0.0
LIDICE DA MATA,PSB,AMARGOSA,DENTRO,127,0.11,0.0,0.0
LIDICE DA MATA,PSB,COARACI,DENTRO,124,0.11,0.0,0.0
LIDICE DA MATA,PSB,CONCEICAO DO JACUIPE,DENTRO,121,0.11,0.0,0.0
LIDICE DA MATA,PSB,SERRINHA,DENTRO,120,0.11,0.0,0.0
LIDICE DA MATA,PSB,JIQUIRICA,DENTRO,115,0.10,0.0,0.0
LIDICE DA MATA,PSB,LIVRAMENTO DE NOSSA SENHORA,DENTRO,113,0.10,0.0,0.0
LIDICE DA MATA,PSB,NAZARE,DENTRO,112,0.10,0.0,0.0
LIDICE DA MATA,PSB,JEQUIE,DENTRO,106,0.09,0.0,0.0
LIDICE DA MATA,PSB,PINDAI,DENTRO,104,0.09,0.0,0.0
LIDICE DA MATA,PSB,BARRA DO MENDES,DENTRO,101,0.09,0.0,0.0
LIDICE DA MATA,PSB,LAJE,DENTRO,100,0.09,0.0,0.0
LIDICE DA MATA,PSB,IBOTIRAMA,DENTRO,100,0.09,0.0,0.0
LIDICE DA MATA,PSB,JOAO DOURADO,DENTRO,98,0.09,0.0,0.0
LIDICE DA MATA,PSB,CENTRAL,DENTRO,97,0.09,0.0,0.0
LIDICE DA MATA,PSB,CAETITE,DENTRO,97,0.09,0.0,0.0
LIDICE DA MATA,PSB,IRARA,DENTRO,90,0.08,0.0,0.0
LIDICE DA MATA,PSB,CORACAO DE MARIA,DENTRO,88,0.08,0.0,0.0
LIDICE DA MATA,PSB,JACOBINA,DENTRO,88,0.08,0.0,0.0
LIDICE DA MATA,PSB,ITAGUACU DA BAHIA,DENTRO,87,0.08,0.0,0.0
LIDICE DA MATA,PSB,SANTO ESTEVAO,DENTRO,87,0.08,0.0,0.0
LIDICE DA MATA,PSB,RIACHAO DO JACUIPE,DENTRO,84,0.07,0.0,0.0
LIDICE DA MATA,PSB,IACU,DENTRO,83,0.07,0.0,0.0
LIDICE DA MATA,PSB,CONCEICAO DO COITE,DENTRO,82,0.07,0.0,0.0
LIDICE DA MATA,PSB,SAUBARA,DENTRO,81,0.07,0.0,0.0
LIDICE DA MATA,PSB,LUIS EDUARDO MAGALHAES,DENTRO,80,0.07,0.0,0.0
LIDICE DA MATA,PSB,RIO DE CONTAS,DENTRO,79,0.07,0.0,0.0
LIDICE DA MATA,PSB,UAUA,DENTRO,75,0.07,0.0,0.0
LIDICE DA MATA,PSB,ITAJUIPE,DENTRO,72,0.06,0.0,0.0
LIDICE DA MATA,PSB,PIATA,DENTRO,71,0.06,0.0,0.0
LIDICE DA MATA,PSB,GANDU,DENTRO,70,0.06,0.0,0.0
LIDICE DA MATA,PSB,CURACA,DENTRO,70,0.06,0.0,0.0
LIDICE DA MATA,PSB,SAO FELIX,DENTRO,70,0.06,0.0,0.0
LIDICE DA MATA,PSB,ITAQUARA,DENTRO,70,0.06,0.0,0.0
LIDICE DA MATA,PSB,SANTA CRUZ CABRALIA,DENTRO,69,0.06,0.0,0.0
LIDICE DA MATA,PSB,RIO REAL,DENTRO,69,0.06,0.0,0.0
LIDICE DA MATA,PSB,CAMPO FORMOSO,DENTRO,69,0.06,0.0,0.0
LIDICE DA MATA,PSB,ITAMBE,DENTRO,68,0.06,0.0,0.0
LIDICE DA MATA,PSB,FLORESTA AZUL,DENTRO,68,0.06,0.0,0.0
LIDICE DA MATA,PSB,ESPLANADA,DENTRO,68,0.06,0.0,0.0
LIDICE DA MATA,PSB,INHAMBUPE,DENTRO,67,0.06,0.0,0.0
LIDICE DA MATA,PSB,PIRITIBA,DENTRO,67,0.06,0.0,0.0
LIDICE DA MATA,PSB,BROTAS DE MACAUBAS,DENTRO,67,0.06,0.0,0.0
LIDICE DA MATA,PSB,MACARANI,DENTRO,66,0.06,0.0,0.0
LIDICE DA MATA,PSB,JAGUAQUARA,DENTRO,66,0.06,0.0,0.0
LIDICE DA MATA,PSB,FATIMA,DENTRO,65,0.06,0.0,0.0
LIDICE DA MATA,PSB,ENTRE RIOS,DENTRO,64,0.06,0.0,0.0
LIDICE DA MATA,PSB,BOM JESUS DA LAPA,DENTRO,63,0.06,0.0,0.0
LIDICE DA MATA,PSB,MONTE SANTO,DENTRO,62,0.06,0.0,0.0
LIDICE DA MATA,PSB,CALDEIRAO GRANDE,DENTRO,62,0.06,0.0,0.0
LIDICE DA MATA,PSB,MORRO DO CHAPEU,DENTRO,60,0.05,0.0,0.0
LIDICE DA MATA,PSB,IPIRA,DENTRO,59,0.05,0.0,0.0
LIDICE DA MATA,PSB,VALENTE,DENTRO,58,0.05,0.0,0.0
LIDICE DA MATA,PSB,ITAMARAJU,DENTRO,57,0.05,0.0,0.0
LIDICE DA MATA,PSB,IGUAI,DENTRO,57,0.05,0.0,0.0
LIDICE DA MATA,PSB,CAIRU,DENTRO,55,0.05,0.0,0.0
LIDICE DA MATA,PSB,JAGUARIPE,DENTRO,54,0.05,0.0,0.0
LIDICE DA MATA,PSB,SAO FELIPE,DENTRO,54,0.05,0.0,0.0
LIDICE DA MATA,PSB,TERRA NOVA,DENTRO,52,0.05,0.0,0.0
LIDICE DA MATA,PSB,VEREDA,DENTRO,51,0.05,0.0,0.0
LIDICE DA MATA,PSB,PALMEIRAS,DENTRO,51,0.05,0.0,0.0
LIDICE DA MATA,PSB,SANTALUZ,DENTRO,50,0.04,0.0,0.0
LIDICE DA MATA,PSB,RAFAEL JAMBEIRO,DENTRO,49,0.04,0.0,0.0
LIDICE DA MATA,PSB,GENTIO DO OURO,DENTRO,49,0.04,0.0,0.0
LIDICE DA MATA,PSB,SANTA BARBARA,DENTRO,48,0.04,0.0,0.0
LIDICE DA MATA,PSB,MASCOTE,DENTRO,48,0.04,0.0,0.0
LIDICE DA MATA,PSB,CONCEICAO DO ALMEIDA,DENTRO,46,0.04,0.0,0.0
LIDICE DA MATA,PSB,CANAVIEIRAS,DENTRO,46,0.04,0.0,0.0
LIDICE DA MATA,PSB,LENCOIS,DENTRO,45,0.04,0.0,0.0
LIDICE DA MATA,PSB,EUCLIDES DA CUNHA,DENTRO,45,0.04,0.0,0.0
LIDICE DA MATA,PSB,ITUBERA,DENTRO,45,0.04,0.0,0.0
LIDICE DA MATA,PSB,PRESIDENTE TANCREDO NEVES,DENTRO,45,0.04,0.0,0.0
LIDICE DA MATA,PSB,MUCUGE,DENTRO,45,0.04,0.0,0.0
LIDICE DA MATA,PSB,IBIPEBA,DENTRO,44,0.04,0.0,0.0
LIDICE DA MATA,PSB,AMERICA DOURADA,DENTRO,44,0.04,0.0,0.0
LIDICE DA MATA,PSB,MUCURI,DENTRO,43,0.04,0.0,0.0
LIDICE DA MATA,PSB,IBICARAI,DENTRO,43,0.04,0.0,0.0
LIDICE DA MATA,PSB,BARRA,DENTRO,42,0.04,0.0,0.0
LIDICE DA MATA,PSB,CAPIM GROSSO,DENTRO,42,0.04,0.0,0.0
LIDICE DA MATA,PSB,CONCEICAO DA FEIRA,DENTRO,41,0.04,0.0,0.0
LIDICE DA MATA,PSB,BARRO ALTO,DENTRO,40,0.04,0.0,0.0
LIDICE DA MATA,PSB,MUNDO NOVO,DENTRO,39,0.03,0.0,0.0
LIDICE DA MATA,PSB,MAIQUINIQUE,DENTRO,39,0.03,0.0,0.0
LIDICE DA MATA,PSB,TEODORO SAMPAIO,DENTRO,39,0.03,0.0,0.0
LIDICE DA MATA,PSB,MIGUEL CALMON,DENTRO,39,0.03,0.0,0.0
LIDICE DA MATA,PSB,RUY BARBOSA,DENTRO,39,0.03,0.0,0.0
LIDICE DA MATA,PSB,ANTONIO CARDOSO,DENTRO,38,0.03,0.0,0.0
LIDICE DA MATA,PSB,MARAU,DENTRO,37,0.03,0.0,0.0
LIDICE DA MATA,PSB,GOVERNADOR MANGABEIRA,DENTRO,37,0.03,0.0,0.0
LIDICE DA MATA,PSB,BUERAREMA,DENTRO,34,0.03,0.0,0.0
LIDICE DA MATA,PSB,ITAPITANGA,DENTRO,33,0.03,0.0,0.0
LIDICE DA MATA,PSB,POTIRAGUA,DENTRO,33,0.03,0.0,0.0
LIDICE DA MATA,PSB,NOVA SOURE,DENTRO,33,0.03,0.0,0.0
LIDICE DA MATA,PSB,CONDE,DENTRO,32,0.03,0.0,0.0
LIDICE DA MATA,PSB,ITAPICURU,DENTRO,31,0.03,0.0,0.0
LIDICE DA MATA,PSB,SAUDE,DENTRO,31,0.03,0.0,0.0
LIDICE DA MATA,PSB,IRAQUARA,DENTRO,31,0.03,0.0,0.0
LIDICE DA MATA,PSB,CAFARNAUM,DENTRO,31,0.03,0.0,0.0
LIDICE DA MATA,PSB,ITIUBA,DENTRO,30,0.03,0.0,0.0
LIDICE DA MATA,PSB,CICERO DANTAS,DENTRO,30,0.03,0.0,0.0
LIDICE DA MATA,PSB,SAPEACU,DENTRO,30,0.03,0.0,0.0
LIDICE DA MATA,PSB,CABACEIRAS DO PARAGUACU,DENTRO,29,0.03,0.0,0.0
LIDICE DA MATA,PSB,ANGUERA,DENTRO,29,0.03,0.0,0.0
LIDICE DA MATA,PSB,JEREMOABO,DENTRO,29,0.03,0.0,0.0
LIDICE DA MATA,PSB,WANDERLEY,DENTRO,28,0.02,0.0,0.0
LIDICE DA MATA,PSB,UMBURANAS,DENTRO,27,0.02,0.0,0.0
LIDICE DA MATA,PSB,TUCANO,DENTRO,27,0.02,0.0,0.0
LIDICE DA MATA,PSB,RIBEIRAO DO LARGO,DENTRO,27,0.02,0.0,0.0
LIDICE DA MATA,PSB,MARACAS,DENTRO,27,0.02,0.0,0.0
LIDICE DA MATA,PSB,ACAJUTIBA,DENTRO,26,0.02,0.0,0.0
LIDICE DA MATA,PSB,ANDORINHA,DENTRO,26,0.02,0.0,0.0
LIDICE DA MATA,PSB,BOQUIRA,DENTRO,25,0.02,0.0,0.0
LIDICE DA MATA,PSB,APORA,DENTRO,25,0.02,0.0,0.0
LIDICE DA MATA,PSB,PARAMIRIM,DENTRO,25,0.02,0.0,0.0
LIDICE DA MATA,PSB,ANTONIO GONCALVES,DENTRO,24,0.02,0.0,0.0
LIDICE DA MATA,PSB,UTINGA,DENTRO,24,0.02,0.0,0.0
LIDICE DA MATA,PSB,CHORROCHO,DENTRO,24,0.02,0.0,0.0
LIDICE DA MATA,PSB,TANHACU,DENTRO,24,0.02,0.0,0.0
LIDICE DA MATA,PSB,SOBRADINHO,DENTRO,24,0.02,0.0,0.0
LIDICE DA MATA,PSB,ITACARE,DENTRO,24,0.02,0.0,0.0
LIDICE DA MATA,PSB,CAMAMU,DENTRO,23,0.02,0.0,0.0
LIDICE DA MATA,PSB,ARAMARI,DENTRO,23,0.02,0.0,0.0
LIDICE DA MATA,PSB,AGUA FRIA,DENTRO,22,0.02,0.0,0.0
LIDICE DA MATA,PSB,UBAIRA,DENTRO,22,0.02,0.0,0.0
LIDICE DA MATA,PSB,CASA NOVA,DENTRO,22,0.02,0.0,0.0
LIDICE DA MATA,PSB,MULUNGU DO MORRO,DENTRO,22,0.02,0.0,0.0
LIDICE DA MATA,PSB,BOM JESUS DA SERRA,DENTRO,22,0.02,0.0,0.0
LIDICE DA MATA,PSB,ITANAGRA,DENTRO,21,0.02,0.0,0.0
LIDICE DA MATA,PSB,PAU BRASIL,DENTRO,21,0.02,0.0,0.0
LIDICE DA MATA,PSB,SERRA DO RAMALHO,DENTRO,21,0.02,0.0,0.0
LIDICE DA MATA,PSB,MUNIZ FERREIRA,DENTRO,21,0.02,0.0,0.0
LIDICE DA MATA,PSB,ELISIO MEDRADO,DENTRO,20,0.02,0.0,0.0
LIDICE DA MATA,PSB,PIRAI DO NORTE,DENTRO,20,0.02,0.0,0.0
LIDICE DA MATA,PSB,SAO MIGUEL DAS MATAS,DENTRO,20,0.02,0.0,0.0
LIDICE DA MATA,PSB,BIRITINGA,DENTRO,20,0.02,0.0,0.0
LIDICE DA MATA,PSB,IBITIARA,DENTRO,19,0.02,0.0,0.0
LIDICE DA MATA,PSB,TAPEROA,DENTRO,19,0.02,0.0,0.0
LIDICE DA MATA,PSB,MAIRI,DENTRO,19,0.02,0.0,0.0
LIDICE DA MATA,PSB,PINDOBACU,DENTRO,19,0.02,0.0,0.0
LIDICE DA MATA,PSB,LAMARAO,DENTRO,19,0.02,0.0,0.0
LIDICE DA MATA,PSB,NOVA CANAA,DENTRO,19,0.02,0.0,0.0
LIDICE DA MATA,PSB,SOUTO SOARES,DENTRO,19,0.02,0.0,0.0
LIDICE DA MATA,PSB,NOVA REDENCAO,DENTRO,19,0.02,0.0,0.0
LIDICE DA MATA,PSB,SANTA INES,DENTRO,18,0.02,0.0,0.0
LIDICE DA MATA,PSB,ITAGIBA,DENTRO,18,0.02,0.0,0.0
LIDICE DA MATA,PSB,BARROCAS,DENTRO,18,0.02,0.0,0.0
LIDICE DA MATA,PSB,PARIPIRANGA,DENTRO,18,0.02,0.0,0.0
LIDICE DA MATA,PSB,SERRA PRETA,DENTRO,18,0.02,0.0,0.0
LIDICE DA MATA,PSB,SANTA LUZIA,DENTRO,18,0.02,0.0,0.0
LIDICE DA MATA,PSB,IBICOARA,DENTRO,18,0.02,0.0,0.0
LIDICE DA MATA,PSB,SATIRO DIAS,DENTRO,18,0.02,0.0,0.0
LIDICE DA MATA,PSB,PRADO,DENTRO,18,0.02,0.0,0.0
LIDICE DA MATA,PSB,ITAPE,DENTRO,18,0.02,0.0,0.0
LIDICE DA MATA,PSB,BARRA DA ESTIVA,DENTRO,17,0.02,0.0,0.0
LIDICE DA MATA,PSB,SANTANOPOLIS,DENTRO,17,0.02,0.0,0.0
LIDICE DA MATA,PSB,PLANALTO,DENTRO,17,0.02,0.0,0.0
LIDICE DA MATA,PSB,IGRAPIUNA,DENTRO,17,0.02,0.0,0.0
LIDICE DA MATA,PSB,TEOFILANDIA,DENTRO,16,0.01,0.0,0.0
LIDICE DA MATA,PSB,IGAPORA,DENTRO,16,0.01,0.0,0.0
LIDICE DA MATA,PSB,JANDAIRA,DENTRO,16,0.01,0.0,0.0
LIDICE DA MATA,PSB,SAO JOSE DO JACUIPE,DENTRO,16,0.01,0.0,0.0
LIDICE DA MATA,PSB,IBIQUERA,DENTRO,16,0.01,0.0,0.0
LIDICE DA MATA,PSB,UBAITABA,DENTRO,16,0.01,0.0,0.0
LIDICE DA MATA,PSB,NILO PECANHA,DENTRO,16,0.01,0.0,0.0
LIDICE DA MATA,PSB,SAO DESIDERIO,DENTRO,15,0.01,0.0,0.0
LIDICE DA MATA,PSB,BOTUPORA,DENTRO,15,0.01,0.0,0.0
LIDICE DA MATA,PSB,UNA,DENTRO,15,0.01,0.0,0.0
LIDICE DA MATA,PSB,NORDESTINA,DENTRO,15,0.01,0.0,0.0
LIDICE DA MATA,PSB,OURICANGAS,DENTRO,15,0.01,0.0,0.0
LIDICE DA MATA,PSB,NOVA VICOSA,DENTRO,15,0.01,0.0,0.0
LIDICE DA MATA,PSB,TEOLANDIA,DENTRO,15,0.01,0.0,0.0
LIDICE DA MATA,PSB,VARZEDO,DENTRO,15,0.01,0.0,0.0
LIDICE DA MATA,PSB,RETIROLANDIA,DENTRO,15,0.01,0.0,0.0
LIDICE DA MATA,PSB,IRAMAIA,DENTRO,14,0.01,0.0,0.0
LIDICE DA MATA,PSB,NOVA IBIA,DENTRO,14,0.01,0.0,0.0
LIDICE DA MATA,PSB,ITAETE,DENTRO,14,0.01,0.0,0.0
LIDICE DA MATA,PSB,ARACATU,DENTRO,14,0.01,0.0,0.0
LIDICE DA MATA,PSB,JAGUARARI,DENTRO,14,0.01,0.0,0.0
LIDICE DA MATA,PSB,WENCESLAU GUIMARAES,DENTRO,14,0.01,0.0,0.0
LIDICE DA MATA,PSB,CORRENTINA,DENTRO,14,0.01,0.0,0.0
LIDICE DA MATA,PSB,IPECAETA,DENTRO,14,0.01,0.0,0.0
LIDICE DA MATA,PSB,BELMONTE,DENTRO,14,0.01,0.0,0.0
LIDICE DA MATA,PSB,PEDRAO,DENTRO,14,0.01,0.0,0.0
LIDICE DA MATA,PSB,SENTO SE,DENTRO,13,0.01,0.0,0.0
LIDICE DA MATA,PSB,SANTA CRUZ DA VITORIA,DENTRO,13,0.01,0.0,0.0
LIDICE DA MATA,PSB,CACULE,DENTRO,13,0.01,0.0,0.0
LIDICE DA MATA,PSB,LAGOA REAL,DENTRO,13,0.01,0.0,0.0
LIDICE DA MATA,PSB,ALMADINA,DENTRO,13,0.01,0.0,0.0
LIDICE DA MATA,PSB,QUEIMADAS,DENTRO,13,0.01,0.0,0.0
LIDICE DA MATA,PSB,ARACI,DENTRO,13,0.01,0.0,0.0
LIDICE DA MATA,PSB,RIBEIRA DO POMBAL,DENTRO,13,0.01,0.0,0.0
LIDICE DA MATA,PSB,ARACAS,DENTRO,13,0.01,0.0,0.0
LIDICE DA MATA,PSB,ADUSTINA,DENTRO,13,0.01,0.0,0.0
LIDICE DA MATA,PSB,FILADELFIA,DENTRO,13,0.01,0.0,0.0
LIDICE DA MATA,PSB,GAVIAO,DENTRO,13,0.01,0.0,0.0
LIDICE DA MATA,PSB,BARRA DO CHOCA,DENTRO,12,0.01,0.0,0.0
LIDICE DA MATA,PSB,IPUPIARA,DENTRO,12,0.01,0.0,0.0
LIDICE DA MATA,PSB,MILAGRES,DENTRO,12,0.01,0.0,0.0
LIDICE DA MATA,PSB,CARAVELAS,DENTRO,12,0.01,0.0,0.0
LIDICE DA MATA,PSB,UBATA,DENTRO,12,0.01,0.0,0.0
LIDICE DA MATA,PSB,QUIJINGUE,DENTRO,12,0.01,0.0,0.0
LIDICE DA MATA,PSB,RIACHAO DAS NEVES,DENTRO,11,0.01,0.0,0.0
LIDICE DA MATA,PSB,ITAPEBI,DENTRO,11,0.01,0.0,0.0
LIDICE DA MATA,PSB,ARATUIPE,DENTRO,11,0.01,0.0,0.0
LIDICE DA MATA,PSB,BOA NOVA,DENTRO,11,0.01,0.0,0.0
LIDICE DA MATA,PSB,IBIRAPITANGA,DENTRO,11,0.01,0.0,0.0
LIDICE DA MATA,PSB,ITUACU,DENTRO,11,0.01,0.0,0.0
LIDICE DA MATA,PSB,WAGNER,DENTRO,11,0.01,0.0,0.0
LIDICE DA MATA,PSB,OUROLANDIA,DENTRO,11,0.01,0.0,0.0
LIDICE DA MATA,PSB,ICHU,DENTRO,11,0.01,0.0,0.0
LIDICE DA MATA,PSB,MACAJUBA,DENTRO,11,0.01,0.0,0.0
LIDICE DA MATA,PSB,CIPO,DENTRO,11,0.01,0.0,0.0
LIDICE DA MATA,PSB,ITATIM,DENTRO,10,0.01,0.0,0.0
LIDICE DA MATA,PSB,BELO CAMPO,DENTRO,10,0.01,0.0,0.0
LIDICE DA MATA,PSB,VARZEA NOVA,DENTRO,10,0.01,0.0,0.0
LIDICE DA MATA,PSB,GONGOGI,DENTRO,10,0.01,0.0,0.0
LIDICE DA MATA,PSB,SANTA TEREZINHA,DENTRO,10,0.01,0.0,0.0
LIDICE DA MATA,PSB,CANDEAL,DENTRO,10,0.01,0.0,0.0
LIDICE DA MATA,PSB,MALHADA,DENTRO,10,0.01,0.0,0.0
LIDICE DA MATA,PSB,BONINAL,DENTRO,10,0.01,0.0,0.0
LIDICE DA MATA,PSB,COTEGIPE,DENTRO,9,0.01,0.0,0.0
LIDICE DA MATA,PSB,MATINA,DENTRO,9,0.01,0.0,0.0
LIDICE DA MATA,PSB,CONDEUBA,DENTRO,9,0.01,0.0,0.0
LIDICE DA MATA,PSB,CARDEAL DA SILVA,DENTRO,9,0.01,0.0,0.0
LIDICE DA MATA,PSB,RIBEIRA DO AMPARO,DENTRO,9,0.01,0.0,0.0
LIDICE DA MATA,PSB,BREJOES,DENTRO,9,0.01,0.0,0.0
LIDICE DA MATA,PSB,PE DE SERRA,DENTRO,9,0.01,0.0,0.0
LIDICE DA MATA,PSB,IUIU,DENTRO,9,0.01,0.0,0.0
LIDICE DA MATA,PSB,ALCOBACA,DENTRO,9,0.01,0.0,0.0
LIDICE DA MATA,PSB,TANQUINHO,DENTRO,8,0.01,0.0,0.0
LIDICE DA MATA,PSB,CRISTOPOLIS,DENTRO,8,0.01,0.0,0.0
LIDICE DA MATA,PSB,SANTA RITA DE CASSIA,DENTRO,8,0.01,0.0,0.0
LIDICE DA MATA,PSB,BAIXA GRANDE,DENTRO,8,0.01,0.0,0.0
LIDICE DA MATA,PSB,SAO FELIX DO CORIBE,DENTRO,8,0.01,0.0,0.0
LIDICE DA MATA,PSB,ITANHEM,DENTRO,8,0.01,0.0,0.0
LIDICE DA MATA,PSB,AURELINO LEAL,DENTRO,8,0.01,0.0,0.0
LIDICE DA MATA,PSB,SAO JOSE DA VITORIA,DENTRO,8,0.01,0.0,0.0
LIDICE DA MATA,PSB,CAETANOS,DENTRO,8,0.01,0.0,0.0
LIDICE DA MATA,PSB,NOVA FATIMA,DENTRO,8,0.01,0.0,0.0
LIDICE DA MATA,PSB,TANQUE NOVO,DENTRO,7,0.01,0.0,0.0
LIDICE DA MATA,PSB,APUAREMA,DENTRO,7,0.01,0.0,0.0
LIDICE DA MATA,PSB,JITAUNA,DENTRO,7,0.01,0.0,0.0
LIDICE DA MATA,PSB,SANTA MARIA DA VITORIA,DENTRO,7,0.01,0.0,0.0
LIDICE DA MATA,PSB,ITAJU DO COLONIA,DENTRO,7,0.01,0.0,0.0
LIDICE DA MATA,PSB,GLORIA,DENTRO,7,0.01,0.0,0.0
LIDICE DA MATA,PSB,CRAVOLANDIA,DENTRO,7,0.01,0.0,0.0
LIDICE DA MATA,PSB,IBICUI,DENTRO,7,0.01,0.0,0.0
LIDICE DA MATA,PSB,MUQUEM DO SAO FRANCISCO,DENTRO,6,0.01,0.0,0.0
LIDICE DA MATA,PSB,CAPELA DO ALTO ALEGRE,DENTRO,6,0.01,0.0,0.0
LIDICE DA MATA,PSB,DOM MACEDO COSTA,DENTRO,6,0.01,0.0,0.0
LIDICE DA MATA,PSB,MANOEL VITORINO,DENTRO,6,0.01,0.0,0.0
LIDICE DA MATA,PSB,JUSSIAPE,DENTRO,6,0.01,0.0,0.0
LIDICE DA MATA,PSB,BANZAE,DENTRO,6,0.01,0.0,0.0
LIDICE DA MATA,PSB,CORONEL JOAO SA,DENTRO,6,0.01,0.0,0.0
LIDICE DA MATA,PSB,CATURAMA,DENTRO,6,0.01,0.0,0.0
LIDICE DA MATA,PSB,BONITO,DENTRO,6,0.01,0.0,0.0
LIDICE DA MATA,PSB,SITIO DO MATO,DENTRO,5,0.00,0.0,0.0
LIDICE DA MATA,PSB,MACURURE,DENTRO,5,0.00,0.0,0.0
LIDICE DA MATA,PSB,ENCRUZILHADA,DENTRO,5,0.00,0.0,0.0
LIDICE DA MATA,PSB,RIO DO ANTONIO,DENTRO,5,0.00,0.0,0.0
LIDICE DA MATA,PSB,PARATINGA,DENTRO,5,0.00,0.0,0.0
LIDICE DA MATA,PSB,ANAGE,DENTRO,5,0.00,0.0,0.0
LIDICE DA MATA,PSB,VARZEA DO POCO,DENTRO,5,0.00,0.0,0.0
LIDICE DA MATA,PSB,MARCIONILIO SOUZA,DENTRO,5,0.00,0.0,0.0
LIDICE DA MATA,PSB,TAPIRAMUTA,DENTRO,5,0.00,0.0,0.0
LIDICE DA MATA,PSB,JACARACI,DENTRO,5,0.00,0.0,0.0
LIDICE DA MATA,PSB,IBIASSUCE,DENTRO,5,0.00,0.0,0.0
LIDICE DA MATA,PSB,LAJEDO DO TABOCAL,DENTRO,4,0.00,0.0,0.0
LIDICE DA MATA,PSB,SEBASTIAO LARANJEIRAS,DENTRO,4,0.00,0.0,0.0
LIDICE DA MATA,PSB,BOA VISTA DO TUPIM,DENTRO,4,0.00,0.0,0.0
LIDICE DA MATA,PSB,HELIOPOLIS,DENTRO,4,0.00,0.0,0.0
LIDICE DA MATA,PSB,TABOCAS DO BREJO VELHO,DENTRO,4,0.00,0.0,0.0
LIDICE DA MATA,PSB,ITARANTIM,DENTRO,4,0.00,0.0,0.0
LIDICE DA MATA,PSB,ITAGI,DENTRO,4,0.00,0.0,0.0
LIDICE DA MATA,PSB,ANGICAL,DENTRO,4,0.00,0.0,0.0
LIDICE DA MATA,PSB,ERICO CARDOSO,DENTRO,4,0.00,0.0,0.0
LIDICE DA MATA,PSB,MALHADA DE PEDRAS,DENTRO,4,0.00,0.0,0.0
LIDICE DA MATA,PSB,PILAO ARCADO,DENTRO,4,0.00,0.0,0.0
LIDICE DA MATA,PSB,ITIRUCU,DENTRO,3,0.00,0.0,0.0
LIDICE DA MATA,PSB,IBIPITANGA,DENTRO,3,0.00,0.0,0.0
LIDICE DA MATA,PSB,BURITIRAMA,DENTRO,3,0.00,0.0,0.0
LIDICE DA MATA,PSB,CONTENDAS DO SINCORA,DENTRO,3,0.00,0.0,0.0
LIDICE DA MATA,PSB,PONTO NOVO,DENTRO,3,0.00,0.0,0.0
LIDICE DA MATA,PSB,RIO DO PIRES,DENTRO,3,0.00,0.0,0.0
LIDICE DA MATA,PSB,ITAMARI,DENTRO,3,0.00,0.0,0.0
LIDICE DA MATA,PSB,MIRANTE,DENTRO,3,0.00,0.0,0.0
LIDICE DA MATA,PSB,MIRANGABA,DENTRO,3,0.00,0.0,0.0
LIDICE DA MATA,PSB,MORPARA,DENTRO,3,0.00,0.0,0.0
LIDICE DA MATA,PSB,NOVA ITARANA,DENTRO,3,0.00,0.0,0.0
LIDICE DA MATA,PSB,CANDIDO SALES,DENTRO,3,0.00,0.0,0.0
LIDICE DA MATA,PSB,DARIO MEIRA,DENTRO,3,0.00,0.0,0.0
LIDICE DA MATA,PSB,SANTANA,DENTRO,3,0.00,0.0,0.0
LIDICE DA MATA,PSB,BREJOLANDIA,DENTRO,3,0.00,0.0,0.0
LIDICE DA MATA,PSB,PINTADAS,DENTRO,2,0.00,0.0,0.0
LIDICE DA MATA,PSB,LAJEDINHO,DENTRO,2,0.00,0.0,0.0
LIDICE DA MATA,PSB,URANDI,DENTRO,2,0.00,0.0,0.0
LIDICE DA MATA,PSB,SANTA BRIGIDA,DENTRO,2,0.00,0.0,0.0
LIDICE DA MATA,PSB,SITIO DO QUINTO,DENTRO,2,0.00,0.0,0.0
LIDICE DA MATA,PSB,NOVO TRIUNFO,DENTRO,2,0.00,0.0,0.0
LIDICE DA MATA,PSB,IRAJUBA,DENTRO,2,0.00,0.0,0.0
LIDICE DA MATA,PSB,DOM BASILIO,DENTRO,2,0.00,0.0,0.0
LIDICE DA MATA,PSB,ANTAS,DENTRO,2,0.00,0.0,0.0
LIDICE DA MATA,PSB,TREMEDAL,DENTRO,2,0.00,0.0,0.0
LIDICE DA MATA,PSB,CAATIBA,DENTRO,2,0.00,0.0,0.0
LIDICE DA MATA,PSB,PRESIDENTE JANIO QUADROS,DENTRO,2,0.00,0.0,0.0
LIDICE DA MATA,PSB,CANAPOLIS,DENTRO,1,0.00,0.0,0.0
LIDICE DA MATA,PSB,CORIBE,DENTRO,1,0.00,0.0,0.0
LIDICE DA MATA,PSB,GUAJERU,DENTRO,1,0.00,0.0,0.0
LIDICE DA MATA,PSB,SAO DOMINGOS,DENTRO,1,0.00,0.0,0.0
LIDICE DA MATA,PSB,AIQUARA,DENTRO,1,0.00,0.0,0.0
LIDICE DA MATA,PSB,QUIXABEIRA,DENTRO,1,0.00,0.0,0.0
LIDICE DA MATA,PSB,JUCURUCU,DENTRO,1,0.00,0.0,0.0
LIDICE DA MATA,PSB,LAFAIETE COUTINHO,DENTRO,1,0.00,0.0,0.0
LIDICE DA MATA,PSB,FORMOSA DO RIO PRETO,DENTRO,1,0.00,0.0,0.0
LIDICE DA MATA,PSB,MORTUGABA,DENTRO,1,0.00,0.0,0.0
LIDICE DA MATA,PSB,MANSIDAO,DENTRO,1,0.00,0.0,0.0
LIDICE DA MATA,PSB,CARAIBAS,DENTRO,1,0.00,0.0,0.0
LIDICE DA MATA,PSB,JUSSARI,DENTRO,1,0.00,0.0,0.0
LIDICE DA MATA,PSB,ABARE,DENTRO,1,0.00,0.0,0.0
LIDICE DA MATA,PSB,SERROLANDIA,DENTRO,1,0.00,0.0,0.0
LIDICE DA MATA,PSB,FIRMINO ALVES,DENTRO,1,0.00,0.0,0.0
LIDICE DA MATA,PSB,ITAGIMIRIM,DENTRO,1,0.00,0.0,0.0
LIDICE DA MATA,PSB,MAETINGA,DENTRO,0,0.00,0.0,0.0
LIDICE DA MATA,PSB,PLANALTINO,DENTRO,0,0.00,0.0,0.0
LIDICE DA MATA,PSB,BAIANOPOLIS,DENTRO,0,0.00,0.0,0.0
LIDICE DA MATA,PSB,COCOS,DENTRO,0,0.00,0.0,0.0
LIDICE DA MATA,PSB,LICINIO DE ALMEIDA,DENTRO,0,0.00,0.0,0.0
LIDICE DA MATA,PSB,PEDRO ALEXANDRE,DENTRO,0,0.00,0.0,0.0
LIDICE DA MATA,PSB,IBIRAPUA,DENTRO,0,0.00,0.0,0.0
LIDICE DA MATA,PSB,JABORANDI,DENTRO,0,0.00,0.0,0.0
LIDICE DA MATA,PSB,NOVO HORIZONTE,DENTRO,0,0.00,0.0,0.0
LIDICE DA MATA,PSB,SERRA DOURADA,DENTRO,0,0.00,0.0,0.0
LIDICE DA MATA,PSB,FEIRA DA MATA,DENTRO,0,0.00,0.0,0.0
LIDICE DA MATA,PSB,LAJEDAO,DENTRO,0,0.00,0.0,0.0
LIDICE DA MATA,PSB,CAMPO ALEGRE DE LOURDES,DENTRO,0,0.00,0.0,0.0
LIDICE DA MATA,PSB,PIRIPA,DENTRO,0,0.00,0.0,0.0
LIDICE DA MATA,PSB,CATOLANDIA,DENTRO,0,0.00,0.0,0.0
LIDICE DA MATA,PSB,RODELAS,DENTRO,0,0.00,0.0,0.0
LIDICE DA MATA,PSB,CORDEIROS,DENTRO,0,0.00,0.0,0.0
LIDICE DA MATA,PSB,MULTIPLO,AMPLO,0,0,116854837.95,84.96
LIDICE DA MATA,PSB,SEM INFORMACAO,AMPLO,0,0,20689932.42,15.04
BACELAR,PV,SALVADOR,DENTRO,36496,32.94,0.0,0
BACELAR,PV,PAULO AFONSO,DENTRO,8327,7.52,0.0,0
BACELAR,PV,LIVRAMENTO DE NOSSA SENHORA,DENTRO,2911,2.63,0.0,0
BACELAR,PV,INHAMBUPE,DENTRO,2364,2.13,0.0,0
BACELAR,PV,PE DE SERRA,DENTRO,2125,1.92,0.0,0
BACELAR,PV,SANTA BRIGIDA,DENTRO,2026,1.83,0.0,0
BACELAR,PV,ALMADINA,DENTRO,1916,1.73,0.0,0
BACELAR,PV,LAJE,DENTRO,1768,1.60,0.0,0
BACELAR,PV,ALAGOINHAS,DENTRO,1693,1.53,0.0,0
BACELAR,PV,LAURO DE FREITAS,DENTRO,1639,1.48,0.0,0
BACELAR,PV,ITAGIMIRIM,DENTRO,1635,1.48,0.0,0
BACELAR,PV,CANDEIAS,DENTRO,1607,1.45,0.0,0
BACELAR,PV,ILHEUS,DENTRO,1306,1.18,0.0,0
BACELAR,PV,JEQUIE,DENTRO,1297,1.17,0.0,0
BACELAR,PV,MAIQUINIQUE,DENTRO,1228,1.11,0.0,0
BACELAR,PV,ITABUNA,DENTRO,1159,1.05,0.0,0
BACELAR,PV,BRUMADO,DENTRO,1112,1.00,0.0,0
BACELAR,PV,PRESIDENTE TANCREDO NEVES,DENTRO,1077,0.97,0.0,0
BACELAR,PV,CAMACARI,DENTRO,1072,0.97,0.0,0
BACELAR,PV,ESPLANADA,DENTRO,1072,0.97,0.0,0
BACELAR,PV,PORTO SEGURO,DENTRO,1016,0.92,0.0,0
BACELAR,PV,JACOBINA,DENTRO,1014,0.92,0.0,0
BACELAR,PV,ENTRE RIOS,DENTRO,961,0.87,0.0,0
BACELAR,PV,BUERAREMA,DENTRO,902,0.81,0.0,0
BACELAR,PV,CATU,DENTRO,884,0.80,0.0,0
BACELAR,PV,IPIRA,DENTRO,871,0.79,0.0,0
BACELAR,PV,SERRA PRETA,DENTRO,812,0.73,0.0,0
BACELAR,PV,UMBURANAS,DENTRO,792,0.71,0.0,0
BACELAR,PV,VALENTE,DENTRO,772,0.70,0.0,0
BACELAR,PV,REMANSO,DENTRO,758,0.68,0.0,0
BACELAR,PV,JANDAIRA,DENTRO,754,0.68,0.0,0
BACELAR,PV,GLORIA,DENTRO,746,0.67,0.0,0
BACELAR,PV,SANTA CRUZ DA VITORIA,DENTRO,735,0.66,0.0,0
BACELAR,PV,CONCEICAO DO JACUIPE,DENTRO,723,0.65,0.0,0
BACELAR,PV,MARAGOGIPE,DENTRO,714,0.64,0.0,0
BACELAR,PV,SAO JOSE DA VITORIA,DENTRO,707,0.64,0.0,0
BACELAR,PV,FEIRA DE SANTANA,DENTRO,681,0.61,0.0,0
BACELAR,PV,OUROLANDIA,DENTRO,666,0.60,0.0,0
BACELAR,PV,PIRAI DO NORTE,DENTRO,663,0.60,0.0,0
BACELAR,PV,ITUBERA,DENTRO,661,0.60,0.0,0
BACELAR,PV,CONDE,DENTRO,657,0.59,0.0,0
BACELAR,PV,BOQUIRA,DENTRO,607,0.55,0.0,0
BACELAR,PV,MORTUGABA,DENTRO,602,0.54,0.0,0
BACELAR,PV,CRUZ DAS ALMAS,DENTRO,598,0.54,0.0,0
BACELAR,PV,SAUBARA,DENTRO,588,0.53,0.0,0
BACELAR,PV,ACAJUTIBA,DENTRO,555,0.50,0.0,0
BACELAR,PV,MASCOTE,DENTRO,533,0.48,0.0,0
BACELAR,PV,JAGUARIPE,DENTRO,515,0.46,0.0,0
BACELAR,PV,CARDEAL DA SILVA,DENTRO,481,0.43,0.0,0
BACELAR,PV,SIMOES FILHO,DENTRO,462,0.42,0.0,0
BACELAR,PV,IRAMAIA,DENTRO,456,0.41,0.0,0
BACELAR,PV,JUAZEIRO,DENTRO,433,0.39,0.0,0
BACELAR,PV,MARACAS,DENTRO,424,0.38,0.0,0
BACELAR,PV,BIRITINGA,DENTRO,407,0.37,0.0,0
BACELAR,PV,CONCEICAO DO ALMEIDA,DENTRO,404,0.36,0.0,0
BACELAR,PV,CAMACA,DENTRO,397,0.36,0.0,0
BACELAR,PV,ARAMARI,DENTRO,375,0.34,0.0,0
BACELAR,PV,ITANAGRA,DENTRO,311,0.28,0.0,0
BACELAR,PV,SAO JOSE DO JACUIPE,DENTRO,308,0.28,0.0,0
BACELAR,PV,UBAITABA,DENTRO,300,0.27,0.0,0
BACELAR,PV,XIQUE-XIQUE,DENTRO,298,0.27,0.0,0
BACELAR,PV,PILAO ARCADO,DENTRO,287,0.26,0.0,0
BACELAR,PV,CORRENTINA,DENTRO,283,0.26,0.0,0
BACELAR,PV,IBIRATAIA,DENTRO,263,0.24,0.0,0
BACELAR,PV,CACHOEIRA,DENTRO,262,0.24,0.0,0
BACELAR,PV,MIRANGABA,DENTRO,258,0.23,0.0,0
BACELAR,PV,CAFARNAUM,DENTRO,256,0.23,0.0,0
BACELAR,PV,POJUCA,DENTRO,243,0.22,0.0,0
BACELAR,PV,TREMEDAL,DENTRO,240,0.22,0.0,0
BACELAR,PV,ARACI,DENTRO,224,0.20,0.0,0
BACELAR,PV,CONCEICAO DA FEIRA,DENTRO,218,0.20,0.0,0
BACELAR,PV,IBICARAI,DENTRO,216,0.19,0.0,0
BACELAR,PV,GANDU,DENTRO,213,0.19,0.0,0
BACELAR,PV,SANTO ANTONIO DE JESUS,DENTRO,209,0.19,0.0,0
BACELAR,PV,CAMAMU,DENTRO,195,0.18,0.0,0
BACELAR,PV,UNA,DENTRO,194,0.18,0.0,0
BACELAR,PV,MATA DE SAO JOAO,DENTRO,193,0.17,0.0,0
BACELAR,PV,VALENCA,DENTRO,189,0.17,0.0,0
BACELAR,PV,CABACEIRAS DO PARAGUACU,DENTRO,171,0.15,0.0,0
BACELAR,PV,SANTA RITA DE CASSIA,DENTRO,168,0.15,0.0,0
BACELAR,PV,VITORIA DA CONQUISTA,DENTRO,160,0.14,0.0,0
BACELAR,PV,ITAPARICA,DENTRO,155,0.14,0.0,0
BACELAR,PV,SAO SEBASTIAO DO PASSE,DENTRO,155,0.14,0.0,0
BACELAR,PV,GUARATINGA,DENTRO,150,0.14,0.0,0
BACELAR,PV,SALINAS DA MARGARIDA,DENTRO,145,0.13,0.0,0
BACELAR,PV,SENHOR DO BONFIM,DENTRO,145,0.13,0.0,0
BACELAR,PV,SATIRO DIAS,DENTRO,144,0.13,0.0,0
BACELAR,PV,VERA CRUZ,DENTRO,139,0.13,0.0,0
BACELAR,PV,SANTALUZ,DENTRO,130,0.12,0.0,0
BACELAR,PV,NAZARE,DENTRO,124,0.11,0.0,0
BACELAR,PV,ITORORO,DENTRO,123,0.11,0.0,0
BACELAR,PV,MACURURE,DENTRO,121,0.11,0.0,0
BACELAR,PV,EUNAPOLIS,DENTRO,118,0.11,0.0,0
BACELAR,PV,AMELIA RODRIGUES,DENTRO,110,0.10,0.0,0
BACELAR,PV,CASA NOVA,DENTRO,107,0.10,0.0,0
BACELAR,PV,NILO PECANHA,DENTRO,104,0.09,0.0,0
BACELAR,PV,ITUACU,DENTRO,103,0.09,0.0,0
BACELAR,PV,COARACI,DENTRO,102,0.09,0.0,0
BACELAR,PV,BARRO PRETO,DENTRO,99,0.09,0.0,0
BACELAR,PV,CAIRU,DENTRO,97,0.09,0.0,0
BACELAR,PV,CASTRO ALVES,DENTRO,91,0.08,0.0,0
BACELAR,PV,APORA,DENTRO,91,0.08,0.0,0
BACELAR,PV,MUTUIPE,DENTRO,89,0.08,0.0,0
BACELAR,PV,SAO FRANCISCO DO CONDE,DENTRO,86,0.08,0.0,0
BACELAR,PV,DIAS D AVILA,DENTRO,84,0.08,0.0,0
BACELAR,PV,CAETITE,DENTRO,83,0.07,0.0,0
BACELAR,PV,LAGOA REAL,DENTRO,82,0.07,0.0,0
BACELAR,PV,SERRA DOURADA,DENTRO,78,0.07,0.0,0
BACELAR,PV,UAUA,DENTRO,77,0.07,0.0,0
BACELAR,PV,SANTA BARBARA,DENTRO,77,0.07,0.0,0
BACELAR,PV,ANGUERA,DENTRO,76,0.07,0.0,0
BACELAR,PV,SAO MIGUEL DAS MATAS,DENTRO,76,0.07,0.0,0
BACELAR,PV,SENTO SE,DENTRO,74,0.07,0.0,0
BACELAR,PV,NOVA FATIMA,DENTRO,73,0.07,0.0,0
BACELAR,PV,ITAPEBI,DENTRO,71,0.06,0.0,0
BACELAR,PV,SERRINHA,DENTRO,71,0.06,0.0,0
BACELAR,PV,IBICUI,DENTRO,70,0.06,0.0,0
BACELAR,PV,CONCEICAO DO COITE,DENTRO,66,0.06,0.0,0
BACELAR,PV,ITAJU DO COLONIA,DENTRO,65,0.06,0.0,0
BACELAR,PV,ITAPETINGA,DENTRO,59,0.05,0.0,0
BACELAR,PV,SANTO AMARO,DENTRO,58,0.05,0.0,0
BACELAR,PV,ITACARE,DENTRO,58,0.05,0.0,0
BACELAR,PV,QUEIMADAS,DENTRO,55,0.05,0.0,0
BACELAR,PV,MURITIBA,DENTRO,52,0.05,0.0,0
BACELAR,PV,SAO GONCALO DOS CAMPOS,DENTRO,51,0.05,0.0,0
BACELAR,PV,RIACHAO DO JACUIPE,DENTRO,51,0.05,0.0,0
BACELAR,PV,CAMPO FORMOSO,DENTRO,48,0.04,0.0,0
BACELAR,PV,WENCESLAU GUIMARAES,DENTRO,48,0.04,0.0,0
BACELAR,PV,SOBRADINHO,DENTRO,48,0.04,0.0,0
BACELAR,PV,TEIXEIRA DE FREITAS,DENTRO,44,0.04,0.0,0
BACELAR,PV,CICERO DANTAS,DENTRO,44,0.04,0.0,0
BACELAR,PV,FATIMA,DENTRO,43,0.04,0.0,0
BACELAR,PV,DOM BASILIO,DENTRO,43,0.04,0.0,0
BACELAR,PV,UBAIRA,DENTRO,42,0.04,0.0,0
BACELAR,PV,TANQUINHO,DENTRO,42,0.04,0.0,0
BACELAR,PV,FLORESTA AZUL,DENTRO,42,0.04,0.0,0
BACELAR,PV,IACU,DENTRO,41,0.04,0.0,0
BACELAR,PV,IGUAI,DENTRO,41,0.04,0.0,0
BACELAR,PV,NORDESTINA,DENTRO,40,0.04,0.0,0
BACELAR,PV,IPIAU,DENTRO,39,0.04,0.0,0
BACELAR,PV,IGRAPIUNA,DENTRO,39,0.04,0.0,0
BACELAR,PV,ITAGI,DENTRO,37,0.03,0.0,0
BACELAR,PV,ITABERABA,DENTRO,37,0.03,0.0,0
BACELAR,PV,CAPIM GROSSO,DENTRO,36,0.03,0.0,0
BACELAR,PV,AIQUARA,DENTRO,34,0.03,0.0,0
BACELAR,PV,EUCLIDES DA CUNHA,DENTRO,33,0.03,0.0,0
BACELAR,PV,MADRE DE DEUS,DENTRO,33,0.03,0.0,0
BACELAR,PV,TEOLANDIA,DENTRO,33,0.03,0.0,0
BACELAR,PV,SAO FELIPE,DENTRO,32,0.03,0.0,0
BACELAR,PV,BONITO,DENTRO,32,0.03,0.0,0
BACELAR,PV,BOM JESUS DA LAPA,DENTRO,31,0.03,0.0,0
BACELAR,PV,CORACAO DE MARIA,DENTRO,31,0.03,0.0,0
BACELAR,PV,OLINDINA,DENTRO,31,0.03,0.0,0
BACELAR,PV,IRARA,DENTRO,31,0.03,0.0,0
BACELAR,PV,JAGUAQUARA,DENTRO,30,0.03,0.0,0
BACELAR,PV,RIO REAL,DENTRO,28,0.03,0.0,0
BACELAR,PV,SAO DOMINGOS,DENTRO,28,0.03,0.0,0
BACELAR,PV,JEREMOABO,DENTRO,28,0.03,0.0,0
BACELAR,PV,IBIRAPITANGA,DENTRO,27,0.02,0.0,0
BACELAR,PV,SANTA CRUZ CABRALIA,DENTRO,26,0.02,0.0,0
BACELAR,PV,ITAPITANGA,DENTRO,25,0.02,0.0,0
BACELAR,PV,ITAGUACU DA BAHIA,DENTRO,24,0.02,0.0,0
BACELAR,PV,GOVERNADOR MANGABEIRA,DENTRO,24,0.02,0.0,0
BACELAR,PV,IBICOARA,DENTRO,24,0.02,0.0,0
BACELAR,PV,ITAJUIPE,DENTRO,24,0.02,0.0,0
BACELAR,PV,ARACATU,DENTRO,23,0.02,0.0,0
BACELAR,PV,MIGUEL CALMON,DENTRO,23,0.02,0.0,0
BACELAR,PV,SANTO ESTEVAO,DENTRO,23,0.02,0.0,0
BACELAR,PV,PARAMIRIM,DENTRO,23,0.02,0.0,0
BACELAR,PV,FIRMINO ALVES,DENTRO,21,0.02,0.0,0
BACELAR,PV,SAPEACU,DENTRO,20,0.02,0.0,0
BACELAR,PV,IRECE,DENTRO,20,0.02,0.0,0
BACELAR,PV,PEDRAO,DENTRO,20,0.02,0.0,0
BACELAR,PV,TEODORO SAMPAIO,DENTRO,19,0.02,0.0,0
BACELAR,PV,AURELINO LEAL,DENTRO,19,0.02,0.0,0
BACELAR,PV,ITAPE,DENTRO,19,0.02,0.0,0
BACELAR,PV,GAVIAO,DENTRO,19,0.02,0.0,0
BACELAR,PV,PRADO,DENTRO,18,0.02,0.0,0
BACELAR,PV,LAPAO,DENTRO,17,0.02,0.0,0
BACELAR,PV,URUCUCA,DENTRO,17,0.02,0.0,0
BACELAR,PV,UBATA,DENTRO,17,0.02,0.0,0
BACELAR,PV,LUIS EDUARDO MAGALHAES,DENTRO,17,0.02,0.0,0
BACELAR,PV,JITAUNA,DENTRO,17,0.02,0.0,0
BACELAR,PV,GUANAMBI,DENTRO,17,0.02,0.0,0
BACELAR,PV,RIO DE CONTAS,DENTRO,17,0.02,0.0,0
BACELAR,PV,CANSANCAO,DENTRO,16,0.01,0.0,0
BACELAR,PV,ELISIO MEDRADO,DENTRO,16,0.01,0.0,0
BACELAR,PV,CAEM,DENTRO,16,0.01,0.0,0
BACELAR,PV,RUY BARBOSA,DENTRO,16,0.01,0.0,0
BACELAR,PV,BARREIRAS,DENTRO,15,0.01,0.0,0
BACELAR,PV,ANDARAI,DENTRO,15,0.01,0.0,0
BACELAR,PV,MARAU,DENTRO,15,0.01,0.0,0
BACELAR,PV,ARATUIPE,DENTRO,15,0.01,0.0,0
BACELAR,PV,PLANALTO,DENTRO,15,0.01,0.0,0
BACELAR,PV,POCOES,DENTRO,15,0.01,0.0,0
BACELAR,PV,SANTA MARIA DA VITORIA,DENTRO,15,0.01,0.0,0
BACELAR,PV,SAO FELIX,DENTRO,15,0.01,0.0,0
BACELAR,PV,NOVA CANAA,DENTRO,14,0.01,0.0,0
BACELAR,PV,ARACAS,DENTRO,14,0.01,0.0,0
BACELAR,PV,SERROLANDIA,DENTRO,14,0.01,0.0,0
BACELAR,PV,BARRA DA ESTIVA,DENTRO,13,0.01,0.0,0
BACELAR,PV,VARZEA NOVA,DENTRO,13,0.01,0.0,0
BACELAR,PV,CRISOPOLIS,DENTRO,13,0.01,0.0,0
BACELAR,PV,PEDRO ALEXANDRE,DENTRO,13,0.01,0.0,0
BACELAR,PV,SERRA DO RAMALHO,DENTRO,13,0.01,0.0,0
BACELAR,PV,TEOFILANDIA,DENTRO,12,0.01,0.0,0
BACELAR,PV,MARCIONILIO SOUZA,DENTRO,12,0.01,0.0,0
BACELAR,PV,VARZEDO,DENTRO,12,0.01,0.0,0
BACELAR,PV,BELMONTE,DENTRO,12,0.01,0.0,0
BACELAR,PV,MORRO DO CHAPEU,DENTRO,12,0.01,0.0,0
BACELAR,PV,OURICANGAS,DENTRO,11,0.01,0.0,0
BACELAR,PV,BARROCAS,DENTRO,11,0.01,0.0,0
BACELAR,PV,NOVO TRIUNFO,DENTRO,11,0.01,0.0,0
BACELAR,PV,BREJOES,DENTRO,11,0.01,0.0,0
BACELAR,PV,CAMPO ALEGRE DE LOURDES,DENTRO,11,0.01,0.0,0
BACELAR,PV,AGUA FRIA,DENTRO,10,0.01,0.0,0
BACELAR,PV,IBITIARA,DENTRO,10,0.01,0.0,0
BACELAR,PV,MACAUBAS,DENTRO,10,0.01,0.0,0
BACELAR,PV,ITIUBA,DENTRO,10,0.01,0.0,0
BACELAR,PV,RIBEIRA DO POMBAL,DENTRO,10,0.01,0.0,0
BACELAR,PV,CANAVIEIRAS,DENTRO,10,0.01,0.0,0
BACELAR,PV,MANOEL VITORINO,DENTRO,10,0.01,0.0,0
BACELAR,PV,ANDORINHA,DENTRO,10,0.01,0.0,0
BACELAR,PV,TANHACU,DENTRO,9,0.01,0.0,0
BACELAR,PV,BAIXA GRANDE,DENTRO,9,0.01,0.0,0
BACELAR,PV,RAFAEL JAMBEIRO,DENTRO,9,0.01,0.0,0
BACELAR,PV,RIO DO PIRES,DENTRO,9,0.01,0.0,0
BACELAR,PV,ANTONIO CARDOSO,DENTRO,9,0.01,0.0,0
BACELAR,PV,ITIRUCU,DENTRO,8,0.01,0.0,0
BACELAR,PV,TAPEROA,DENTRO,8,0.01,0.0,0
BACELAR,PV,ITAETE,DENTRO,8,0.01,0.0,0
BACELAR,PV,ITAGIBA,DENTRO,8,0.01,0.0,0
BACELAR,PV,HELIOPOLIS,DENTRO,8,0.01,0.0,0
BACELAR,PV,SOUTO SOARES,DENTRO,8,0.01,0.0,0
BACELAR,PV,SANTANOPOLIS,DENTRO,8,0.01,0.0,0
BACELAR,PV,MUCUGE,DENTRO,8,0.01,0.0,0
BACELAR,PV,SANTANA,DENTRO,8,0.01,0.0,0
BACELAR,PV,ITAPICURU,DENTRO,7,0.01,0.0,0
BACELAR,PV,VARZEA DA ROCA,DENTRO,7,0.01,0.0,0
BACELAR,PV,ANAGE,DENTRO,7,0.01,0.0,0
BACELAR,PV,QUIXABEIRA,DENTRO,7,0.01,0.0,0
BACELAR,PV,BURITIRAMA,DENTRO,7,0.01,0.0,0
BACELAR,PV,JABORANDI,DENTRO,7,0.01,0.0,0
BACELAR,PV,ANTAS,DENTRO,7,0.01,0.0,0
BACELAR,PV,MUCURI,DENTRO,6,0.01,0.0,0
BACELAR,PV,BARRA DO ROCHA,DENTRO,6,0.01,0.0,0
BACELAR,PV,ANTONIO GONCALVES,DENTRO,6,0.01,0.0,0
BACELAR,PV,MACARANI,DENTRO,6,0.01,0.0,0
BACELAR,PV,MONTE SANTO,DENTRO,6,0.01,0.0,0
BACELAR,PV,LAMARAO,DENTRO,6,0.01,0.0,0
BACELAR,PV,CAPELA DO ALTO ALEGRE,DENTRO,6,0.01,0.0,0
BACELAR,PV,CANDEAL,DENTRO,6,0.01,0.0,0
BACELAR,PV,SAUDE,DENTRO,6,0.01,0.0,0
BACELAR,PV,LAFAIETE COUTINHO,DENTRO,6,0.01,0.0,0
BACELAR,PV,PARIPIRANGA,DENTRO,6,0.01,0.0,0
BACELAR,PV,PIRITIBA,DENTRO,6,0.01,0.0,0
BACELAR,PV,ERICO CARDOSO,DENTRO,6,0.01,0.0,0
BACELAR,PV,AMARGOSA,DENTRO,6,0.01,0.0,0
BACELAR,PV,RETIROLANDIA,DENTRO,6,0.01,0.0,0
BACELAR,PV,ITAMARAJU,DENTRO,5,0.00,0.0,0
BACELAR,PV,PINDOBACU,DENTRO,5,0.00,0.0,0
BACELAR,PV,CANUDOS,DENTRO,5,0.00,0.0,0
BACELAR,PV,SANTA LUZIA,DENTRO,5,0.00,0.0,0
BACELAR,PV,JUSSARA,DENTRO,5,0.00,0.0,0
BACELAR,PV,PAU BRASIL,DENTRO,5,0.00,0.0,0
BACELAR,PV,DOM MACEDO COSTA,DENTRO,5,0.00,0.0,0
BACELAR,PV,PALMEIRAS,DENTRO,5,0.00,0.0,0
BACELAR,PV,IPECAETA,DENTRO,5,0.00,0.0,0
BACELAR,PV,POTIRAGUA,DENTRO,5,0.00,0.0,0
BACELAR,PV,NOVA SOURE,DENTRO,5,0.00,0.0,0
BACELAR,PV,FILADELFIA,DENTRO,5,0.00,0.0,0
BACELAR,PV,UIBAI,DENTRO,4,0.00,0.0,0
BACELAR,PV,BARRA DO CHOCA,DENTRO,4,0.00,0.0,0
BACELAR,PV,GONGOGI,DENTRO,4,0.00,0.0,0
BACELAR,PV,MAIRI,DENTRO,4,0.00,0.0,0
BACELAR,PV,MILAGRES,DENTRO,4,0.00,0.0,0
BACELAR,PV,SANTA TEREZINHA,DENTRO,4,0.00,0.0,0
BACELAR,PV,BOA VISTA DO TUPIM,DENTRO,4,0.00,0.0,0
BACELAR,PV,TERRA NOVA,DENTRO,4,0.00,0.0,0
BACELAR,PV,ITAMARI,DENTRO,4,0.00,0.0,0
BACELAR,PV,JUSSARI,DENTRO,4,0.00,0.0,0
BACELAR,PV,CURACA,DENTRO,4,0.00,0.0,0
BACELAR,PV,CRAVOLANDIA,DENTRO,4,0.00,0.0,0
BACELAR,PV,ITAQUARA,DENTRO,4,0.00,0.0,0
BACELAR,PV,ITAMBE,DENTRO,3,0.00,0.0,0
BACELAR,PV,PINTADAS,DENTRO,3,0.00,0.0,0
BACELAR,PV,SAO DESIDERIO,DENTRO,3,0.00,0.0,0
BACELAR,PV,LENCOIS,DENTRO,3,0.00,0.0,0
BACELAR,PV,ITABELA,DENTRO,3,0.00,0.0,0
BACELAR,PV,SANTA INES,DENTRO,3,0.00,0.0,0
BACELAR,PV,CHORROCHO,DENTRO,3,0.00,0.0,0
BACELAR,PV,TUCANO,DENTRO,3,0.00,0.0,0
BACELAR,PV,VARZEA DO POCO,DENTRO,3,0.00,0.0,0
BACELAR,PV,ARATACA,DENTRO,3,0.00,0.0,0
BACELAR,PV,AMERICA DOURADA,DENTRO,3,0.00,0.0,0
BACELAR,PV,JUSSIAPE,DENTRO,3,0.00,0.0,0
BACELAR,PV,NOVA ITARANA,DENTRO,3,0.00,0.0,0
BACELAR,PV,QUIJINGUE,DENTRO,3,0.00,0.0,0
BACELAR,PV,MUNIZ FERREIRA,DENTRO,3,0.00,0.0,0
BACELAR,PV,CIPO,DENTRO,3,0.00,0.0,0
BACELAR,PV,ITATIM,DENTRO,2,0.00,0.0,0
BACELAR,PV,BAIANOPOLIS,DENTRO,2,0.00,0.0,0
BACELAR,PV,LAJEDINHO,DENTRO,2,0.00,0.0,0
BACELAR,PV,CENTRAL,DENTRO,2,0.00,0.0,0
BACELAR,PV,URANDI,DENTRO,2,0.00,0.0,0
BACELAR,PV,IBITITA,DENTRO,2,0.00,0.0,0
BACELAR,PV,OLIVEIRA DOS BREJINHOS,DENTRO,2,0.00,0.0,0
BACELAR,PV,CACULE,DENTRO,2,0.00,0.0,0
BACELAR,PV,IGAPORA,DENTRO,2,0.00,0.0,0
BACELAR,PV,MUNDO NOVO,DENTRO,2,0.00,0.0,0
BACELAR,PV,APUAREMA,DENTRO,2,0.00,0.0,0
BACELAR,PV,JAGUARARI,DENTRO,2,0.00,0.0,0
BACELAR,PV,ABAIRA,DENTRO,2,0.00,0.0,0
BACELAR,PV,BOA NOVA,DENTRO,2,0.00,0.0,0
BACELAR,PV,SAO FELIX DO CORIBE,DENTRO,2,0.00,0.0,0
BACELAR,PV,PONTO NOVO,DENTRO,2,0.00,0.0,0
BACELAR,PV,ITARANTIM,DENTRO,2,0.00,0.0,0
BACELAR,PV,PIRIPA,DENTRO,2,0.00,0.0,0
BACELAR,PV,SEABRA,DENTRO,2,0.00,0.0,0
BACELAR,PV,IBOTIRAMA,DENTRO,2,0.00,0.0,0
BACELAR,PV,SAO GABRIEL,DENTRO,2,0.00,0.0,0
BACELAR,PV,PIATA,DENTRO,2,0.00,0.0,0
BACELAR,PV,PRESIDENTE DUTRA,DENTRO,2,0.00,0.0,0
BACELAR,PV,RODELAS,DENTRO,2,0.00,0.0,0
BACELAR,PV,ICHU,DENTRO,2,0.00,0.0,0
BACELAR,PV,MACAJUBA,DENTRO,2,0.00,0.0,0
BACELAR,PV,IBIASSUCE,DENTRO,2,0.00,0.0,0
BACELAR,PV,BARRA DO MENDES,DENTRO,1,0.00,0.0,0
BACELAR,PV,MAETINGA,DENTRO,1,0.00,0.0,0
BACELAR,PV,RIACHAO DAS NEVES,DENTRO,1,0.00,0.0,0
BACELAR,PV,PLANALTINO,DENTRO,1,0.00,0.0,0
BACELAR,PV,LAJEDO DO TABOCAL,DENTRO,1,0.00,0.0,0
BACELAR,PV,SEBASTIAO LARANJEIRAS,DENTRO,1,0.00,0.0,0
BACELAR,PV,NOVA IBIA,DENTRO,1,0.00,0.0,0
BACELAR,PV,COTEGIPE,DENTRO,1,0.00,0.0,0
BACELAR,PV,CONDEUBA,DENTRO,1,0.00,0.0,0
BACELAR,PV,UTINGA,DENTRO,1,0.00,0.0,0
BACELAR,PV,CARAVELAS,DENTRO,1,0.00,0.0,0
BACELAR,PV,CORIBE,DENTRO,1,0.00,0.0,0
BACELAR,PV,RIO DO ANTONIO,DENTRO,1,0.00,0.0,0
BACELAR,PV,MULUNGU DO MORRO,DENTRO,1,0.00,0.0,0
BACELAR,PV,SITIO DO QUINTO,DENTRO,1,0.00,0.0,0
BACELAR,PV,PINDAI,DENTRO,1,0.00,0.0,0
BACELAR,PV,IBIPITANGA,DENTRO,1,0.00,0.0,0
BACELAR,PV,NOVA VICOSA,DENTRO,1,0.00,0.0,0
BACELAR,PV,IRAJUBA,DENTRO,1,0.00,0.0,0
BACELAR,PV,MANSIDAO,DENTRO,1,0.00,0.0,0
BACELAR,PV,CALDEIRAO GRANDE,DENTRO,1,0.00,0.0,0
BACELAR,PV,CARAIBAS,DENTRO,1,0.00,0.0,0
BACELAR,PV,MALHADA,DENTRO,1,0.00,0.0,0
BACELAR,PV,ANGICAL,DENTRO,1,0.00,0.0,0
BACELAR,PV,IUIU,DENTRO,1,0.00,0.0,0
BACELAR,PV,MALHADA DE PEDRAS,DENTRO,1,0.00,0.0,0
BACELAR,PV,CAATIBA,DENTRO,1,0.00,0.0,0
BACELAR,PV,WANDERLEY,DENTRO,1,0.00,0.0,0
BACELAR,PV,JACARACI,DENTRO,1,0.00,0.0,0
BACELAR,PV,BOM JESUS DA SERRA,DENTRO,1,0.00,0.0,0
BACELAR,PV,CANDIDO SALES,DENTRO,1,0.00,0.0,0
BACELAR,PV,JOAO DOURADO,DENTRO,1,0.00,0.0,0
BACELAR,PV,JIQUIRICA,DENTRO,0,0.00,0.0,0
BACELAR,PV,MUQUEM DO SAO FRANCISCO,DENTRO,0,0.00,0.0,0
BACELAR,PV,BELO CAMPO,DENTRO,0,0.00,0.0,0
BACELAR,PV,SITIO DO MATO,DENTRO,0,0.00,0.0,0
BACELAR,PV,VEREDA,DENTRO,0,0.00,0.0,0
BACELAR,PV,COCOS,DENTRO,0,0.00,0.0,0
BACELAR,PV,BOTUPORA,DENTRO,0,0.00,0.0,0
BACELAR,PV,BARRO ALTO,DENTRO,0,0.00,0.0,0
BACELAR,PV,MATINA,DENTRO,0,0.00,0.0,0
BACELAR,PV,CANAPOLIS,DENTRO,0,0.00,0.0,0
BACELAR,PV,TANQUE NOVO,DENTRO,0,0.00,0.0,0
BACELAR,PV,IPUPIARA,DENTRO,0,0.00,0.0,0
BACELAR,PV,CARINHANHA,DENTRO,0,0.00,0.0,0
BACELAR,PV,ENCRUZILHADA,DENTRO,0,0.00,0.0,0
BACELAR,PV,RIACHO DE SANTANA,DENTRO,0,0.00,0.0,0
BACELAR,PV,LICINIO DE ALMEIDA,DENTRO,0,0.00,0.0,0
BACELAR,PV,GUAJERU,DENTRO,0,0.00,0.0,0
BACELAR,PV,CRISTOPOLIS,DENTRO,0,0.00,0.0,0
BACELAR,PV,PARATINGA,DENTRO,0,0.00,0.0,0
BACELAR,PV,IBIPEBA,DENTRO,0,0.00,0.0,0
BACELAR,PV,IBIQUERA,DENTRO,0,0.00,0.0,0
BACELAR,PV,JUCURUCU,DENTRO,0,0.00,0.0,0
BACELAR,PV,IBIRAPUA,DENTRO,0,0.00,0.0,0
BACELAR,PV,RIBEIRA DO AMPARO,DENTRO,0,0.00,0.0,0
BACELAR,PV,NOVO HORIZONTE,DENTRO,0,0.00,0.0,0
BACELAR,PV,FORMOSA DO RIO PRETO,DENTRO,0,0.00,0.0,0
BACELAR,PV,CONTENDAS DO SINCORA,DENTRO,0,0.00,0.0,0
BACELAR,PV,ITANHEM,DENTRO,0,0.00,0.0,0
BACELAR,PV,CANARANA,DENTRO,0,0.00,0.0,0
BACELAR,PV,FEIRA DA MATA,DENTRO,0,0.00,0.0,0
BACELAR,PV,TABOCAS DO BREJO VELHO,DENTRO,0,0.00,0.0,0
BACELAR,PV,RIBEIRAO DO LARGO,DENTRO,0,0.00,0.0,0
BACELAR,PV,NOVA REDENCAO,DENTRO,0,0.00,0.0,0
BACELAR,PV,LAJEDAO,DENTRO,0,0.00,0.0,0
BACELAR,PV,BARRA,DENTRO,0,0.00,0.0,0
BACELAR,PV,IRAQUARA,DENTRO,0,0.00,0.0,0
BACELAR,PV,MIRANTE,DENTRO,0,0.00,0.0,0
BACELAR,PV,CATOLANDIA,DENTRO,0,0.00,0.0,0
BACELAR,PV,ABARE,DENTRO,0,0.00,0.0,0
BACELAR,PV,MORPARA,DENTRO,0,0.00,0.0,0
BACELAR,PV,TAPIRAMUTA,DENTRO,0,0.00,0.0,0
BACELAR,PV,WAGNER,DENTRO,0,0.00,0.0,0
BACELAR,PV,GENTIO DO OURO,DENTRO,0,0.00,0.0,0
BACELAR,PV,CANDIBA,DENTRO,0,0.00,0.0,0
BACELAR,PV,BROTAS DE MACAUBAS,DENTRO,0,0.00,0.0,0
BACELAR,PV,CAETANOS,DENTRO,0,0.00,0.0,0
BACELAR,PV,PALMAS DE MONTE ALTO,DENTRO,0,0.00,0.0,0
BACELAR,PV,BANZAE,DENTRO,0,0.00,0.0,0
BACELAR,PV,MEDEIROS NETO,DENTRO,0,0.00,0.0,0
BACELAR,PV,PRESIDENTE JANIO QUADROS,DENTRO,0,0.00,0.0,0
BACELAR,PV,CORONEL JOAO SA,DENTRO,0,0.00,0.0,0
BACELAR,PV,CATURAMA,DENTRO,0,0.00,0.0,0
BACELAR,PV,CORDEIROS,DENTRO,0,0.00,0.0,0
BACELAR,PV,DARIO MEIRA,DENTRO,0,0.00,0.0,0
BACELAR,PV,ADUSTINA,DENTRO,0,0.00,0.0,0
BACELAR,PV,BREJOLANDIA,DENTRO,0,0.00,0.0,0
BACELAR,PV,BONINAL,DENTRO,0,0.00,0.0,0
BACELAR,PV,ALCOBACA,DENTRO,0,0.00,0.0,0
ARTHUR MAIA,UNIÃO,GUANAMBI,DENTRO,10527,9.69,0.0,0
ARTHUR MAIA,UNIÃO,BOM JESUS DA LAPA,DENTRO,4469,4.11,0.0,0
ARTHUR MAIA,UNIÃO,PARAMIRIM,DENTRO,3527,3.25,0.0,0
ARTHUR MAIA,UNIÃO,WANDERLEY,DENTRO,3522,3.24,0.0,0
ARTHUR MAIA,UNIÃO,ITAPETINGA,DENTRO,2690,2.48,0.0,0
ARTHUR MAIA,UNIÃO,RIACHO DE SANTANA,DENTRO,2655,2.44,0.0,0
ARTHUR MAIA,UNIÃO,BRUMADO,DENTRO,2536,2.33,0.0,0
ARTHUR MAIA,UNIÃO,BURITIRAMA,DENTRO,2352,2.16,0.0,0
ARTHUR MAIA,UNIÃO,VITORIA DA CONQUISTA,DENTRO,2306,2.12,0.0,0
ARTHUR MAIA,UNIÃO,BAIANOPOLIS,DENTRO,2301,2.12,0.0,0
ARTHUR MAIA,UNIÃO,CARINHANHA,DENTRO,2301,2.12,0.0,0
ARTHUR MAIA,UNIÃO,SALVADOR,DENTRO,2000,1.84,0.0,0
ARTHUR MAIA,UNIÃO,PARATINGA,DENTRO,1958,1.80,0.0,0
ARTHUR MAIA,UNIÃO,JUCURUCU,DENTRO,1913,1.76,0.0,0
ARTHUR MAIA,UNIÃO,FEIRA DE SANTANA,DENTRO,1856,1.71,0.0,0
ARTHUR MAIA,UNIÃO,BARRO ALTO,DENTRO,1852,1.70,0.0,0
ARTHUR MAIA,UNIÃO,MONTE SANTO,DENTRO,1748,1.61,0.0,0
ARTHUR MAIA,UNIÃO,ITAGI,DENTRO,1708,1.57,0.0,0
ARTHUR MAIA,UNIÃO,MARACAS,DENTRO,1669,1.54,0.0,0
ARTHUR MAIA,UNIÃO,ANAGE,DENTRO,1508,1.39,0.0,0
ARTHUR MAIA,UNIÃO,MUCUGE,DENTRO,1453,1.34,0.0,0
ARTHUR MAIA,UNIÃO,CAMACARI,DENTRO,1392,1.28,0.0,0
ARTHUR MAIA,UNIÃO,CRISTOPOLIS,DENTRO,1347,1.24,0.0,0
ARTHUR MAIA,UNIÃO,SANTA MARIA DA VITORIA,DENTRO,1342,1.23,0.0,0
ARTHUR MAIA,UNIÃO,SERRA DO RAMALHO,DENTRO,1319,1.21,0.0,0
ARTHUR MAIA,UNIÃO,ILHEUS,DENTRO,1307,1.20,0.0,0
ARTHUR MAIA,UNIÃO,SERRA DOURADA,DENTRO,1262,1.16,0.0,0
ARTHUR MAIA,UNIÃO,MATINA,DENTRO,1252,1.15,0.0,0
ARTHUR MAIA,UNIÃO,COCOS,DENTRO,1224,1.13,0.0,0
ARTHUR MAIA,UNIÃO,LIVRAMENTO DE NOSSA SENHORA,DENTRO,1188,1.09,0.0,0
ARTHUR MAIA,UNIÃO,CATURAMA,DENTRO,1186,1.09,0.0,0
ARTHUR MAIA,UNIÃO,MACAUBAS,DENTRO,1175,1.08,0.0,0
ARTHUR MAIA,UNIÃO,LAGOA REAL,DENTRO,1146,1.05,0.0,0
ARTHUR MAIA,UNIÃO,BAIXA GRANDE,DENTRO,1064,0.98,0.0,0
ARTHUR MAIA,UNIÃO,BELO CAMPO,DENTRO,1006,0.93,0.0,0
ARTHUR MAIA,UNIÃO,BARRA DA ESTIVA,DENTRO,970,0.89,0.0,0
ARTHUR MAIA,UNIÃO,CAETITE,DENTRO,946,0.87,0.0,0
ARTHUR MAIA,UNIÃO,LICINIO DE ALMEIDA,DENTRO,932,0.86,0.0,0
ARTHUR MAIA,UNIÃO,TANQUE NOVO,DENTRO,927,0.85,0.0,0
ARTHUR MAIA,UNIÃO,MUQUEM DO SAO FRANCISCO,DENTRO,902,0.83,0.0,0
ARTHUR MAIA,UNIÃO,MALHADA,DENTRO,888,0.82,0.0,0
ARTHUR MAIA,UNIÃO,IBOTIRAMA,DENTRO,885,0.81,0.0,0
ARTHUR MAIA,UNIÃO,IBIPITANGA,DENTRO,867,0.80,0.0,0
ARTHUR MAIA,UNIÃO,MANSIDAO,DENTRO,858,0.79,0.0,0
ARTHUR MAIA,UNIÃO,PALMAS DE MONTE ALTO,DENTRO,836,0.77,0.0,0
ARTHUR MAIA,UNIÃO,URANDI,DENTRO,786,0.72,0.0,0
ARTHUR MAIA,UNIÃO,IBIRAPITANGA,DENTRO,782,0.72,0.0,0
ARTHUR MAIA,UNIÃO,JACARACI,DENTRO,778,0.72,0.0,0
ARTHUR MAIA,UNIÃO,TABOCAS DO BREJO VELHO,DENTRO,736,0.68,0.0,0
ARTHUR MAIA,UNIÃO,BOA NOVA,DENTRO,707,0.65,0.0,0
ARTHUR MAIA,UNIÃO,TREMEDAL,DENTRO,683,0.63,0.0,0
ARTHUR MAIA,UNIÃO,SANTA RITA DE CASSIA,DENTRO,671,0.62,0.0,0
ARTHUR MAIA,UNIÃO,TANHACU,DENTRO,666,0.61,0.0,0
ARTHUR MAIA,UNIÃO,BOQUIRA,DENTRO,641,0.59,0.0,0
ARTHUR MAIA,UNIÃO,GANDU,DENTRO,604,0.56,0.0,0
ARTHUR MAIA,UNIÃO,BONINAL,DENTRO,574,0.53,0.0,0
ARTHUR MAIA,UNIÃO,OUROLANDIA,DENTRO,560,0.52,0.0,0
ARTHUR MAIA,UNIÃO,CORDEIROS,DENTRO,551,0.51,0.0,0
ARTHUR MAIA,UNIÃO,ITUACU,DENTRO,546,0.50,0.0,0
ARTHUR MAIA,UNIÃO,SAO GABRIEL,DENTRO,541,0.50,0.0,0
ARTHUR MAIA,UNIÃO,CANAPOLIS,DENTRO,529,0.49,0.0,0
ARTHUR MAIA,UNIÃO,OLIVEIRA DOS BREJINHOS,DENTRO,521,0.48,0.0,0
ARTHUR MAIA,UNIÃO,SENHOR DO BONFIM,DENTRO,502,0.46,0.0,0
ARTHUR MAIA,UNIÃO,SEBASTIAO LARANJEIRAS,DENTRO,446,0.41,0.0,0
ARTHUR MAIA,UNIÃO,SOUTO SOARES,DENTRO,446,0.41,0.0,0
ARTHUR MAIA,UNIÃO,REMANSO,DENTRO,438,0.40,0.0,0
ARTHUR MAIA,UNIÃO,JEQUIE,DENTRO,433,0.40,0.0,0
ARTHUR MAIA,UNIÃO,CANDIBA,DENTRO,431,0.40,0.0,0
ARTHUR MAIA,UNIÃO,CENTRAL,DENTRO,422,0.39,0.0,0
ARTHUR MAIA,UNIÃO,IRECE,DENTRO,414,0.38,0.0,0
ARTHUR MAIA,UNIÃO,JAGUARARI,DENTRO,388,0.36,0.0,0
ARTHUR MAIA,UNIÃO,ITANHEM,DENTRO,372,0.34,0.0,0
ARTHUR MAIA,UNIÃO,ANGICAL,DENTRO,370,0.34,0.0,0
ARTHUR MAIA,UNIÃO,MIRANTE,DENTRO,341,0.31,0.0,0
ARTHUR MAIA,UNIÃO,GENTIO DO OURO,DENTRO,336,0.31,0.0,0
ARTHUR MAIA,UNIÃO,XIQUE-XIQUE,DENTRO,334,0.31,0.0,0
ARTHUR MAIA,UNIÃO,SANTANA,DENTRO,323,0.30,0.0,0
ARTHUR MAIA,UNIÃO,AMERICA DOURADA,DENTRO,290,0.27,0.0,0
ARTHUR MAIA,UNIÃO,MAIRI,DENTRO,268,0.25,0.0,0
ARTHUR MAIA,UNIÃO,IBIRATAIA,DENTRO,260,0.24,0.0,0
ARTHUR MAIA,UNIÃO,FORMOSA DO RIO PRETO,DENTRO,235,0.22,0.0,0
ARTHUR MAIA,UNIÃO,IGAPORA,DENTRO,234,0.22,0.0,0
ARTHUR MAIA,UNIÃO,CANARANA,DENTRO,214,0.20,0.0,0
ARTHUR MAIA,UNIÃO,ALAGOINHAS,DENTRO,203,0.19,0.0,0
ARTHUR MAIA,UNIÃO,VEREDA,DENTRO,201,0.18,0.0,0
ARTHUR MAIA,UNIÃO,ITABUNA,DENTRO,194,0.18,0.0,0
ARTHUR MAIA,UNIÃO,LUIS EDUARDO MAGALHAES,DENTRO,174,0.16,0.0,0
ARTHUR MAIA,UNIÃO,TEIXEIRA DE FREITAS,DENTRO,171,0.16,0.0,0
ARTHUR MAIA,UNIÃO,COTEGIPE,DENTRO,170,0.16,0.0,0
ARTHUR MAIA,UNIÃO,CONDEUBA,DENTRO,158,0.15,0.0,0
ARTHUR MAIA,UNIÃO,VERA CRUZ,DENTRO,156,0.14,0.0,0
ARTHUR MAIA,UNIÃO,IBIPEBA,DENTRO,146,0.13,0.0,0
ARTHUR MAIA,UNIÃO,BOTUPORA,DENTRO,139,0.13,0.0,0
ARTHUR MAIA,UNIÃO,PLANALTO,DENTRO,139,0.13,0.0,0
ARTHUR MAIA,UNIÃO,BARREIRAS,DENTRO,133,0.12,0.0,0
ARTHUR MAIA,UNIÃO,PINDAI,DENTRO,132,0.12,0.0,0
ARTHUR MAIA,UNIÃO,ITIUBA,DENTRO,126,0.12,0.0,0
ARTHUR MAIA,UNIÃO,IPIRA,DENTRO,114,0.10,0.0,0
ARTHUR MAIA,UNIÃO,ITORORO,DENTRO,113,0.10,0.0,0
ARTHUR MAIA,UNIÃO,LAURO DE FREITAS,DENTRO,110,0.10,0.0,0
ARTHUR MAIA,UNIÃO,PILAO ARCADO,DENTRO,105,0.10,0.0,0
ARTHUR MAIA,UNIÃO,RIO DO ANTONIO,DENTRO,101,0.09,0.0,0
ARTHUR MAIA,UNIÃO,BREJOLANDIA,DENTRO,95,0.09,0.0,0
ARTHUR MAIA,UNIÃO,NOVA VICOSA,DENTRO,86,0.08,0.0,0
ARTHUR MAIA,UNIÃO,TUCANO,DENTRO,83,0.08,0.0,0
ARTHUR MAIA,UNIÃO,SERRINHA,DENTRO,80,0.07,0.0,0
ARTHUR MAIA,UNIÃO,JUAZEIRO,DENTRO,79,0.07,0.0,0
ARTHUR MAIA,UNIÃO,POTIRAGUA,DENTRO,77,0.07,0.0,0
ARTHUR MAIA,UNIÃO,COARACI,DENTRO,76,0.07,0.0,0
ARTHUR MAIA,UNIÃO,ITAPARICA,DENTRO,75,0.07,0.0,0
ARTHUR MAIA,UNIÃO,MEDEIROS NETO,DENTRO,75,0.07,0.0,0
ARTHUR MAIA,UNIÃO,SAO DESIDERIO,DENTRO,73,0.07,0.0,0
ARTHUR MAIA,UNIÃO,CASTRO ALVES,DENTRO,67,0.06,0.0,0
ARTHUR MAIA,UNIÃO,QUEIMADAS,DENTRO,62,0.06,0.0,0
ARTHUR MAIA,UNIÃO,QUIJINGUE,DENTRO,62,0.06,0.0,0
ARTHUR MAIA,UNIÃO,CATU,DENTRO,62,0.06,0.0,0
ARTHUR MAIA,UNIÃO,SALINAS DA MARGARIDA,DENTRO,58,0.05,0.0,0
ARTHUR MAIA,UNIÃO,SITIO DO MATO,DENTRO,57,0.05,0.0,0
ARTHUR MAIA,UNIÃO,ENTRE RIOS,DENTRO,56,0.05,0.0,0
ARTHUR MAIA,UNIÃO,SAO GONCALO DOS CAMPOS,DENTRO,55,0.05,0.0,0
ARTHUR MAIA,UNIÃO,SIMOES FILHO,DENTRO,53,0.05,0.0,0
ARTHUR MAIA,UNIÃO,SAO FELIX DO CORIBE,DENTRO,52,0.05,0.0,0
ARTHUR MAIA,UNIÃO,NAZARE,DENTRO,51,0.05,0.0,0
ARTHUR MAIA,UNIÃO,PRESIDENTE DUTRA,DENTRO,51,0.05,0.0,0
ARTHUR MAIA,UNIÃO,QUIXABEIRA,DENTRO,50,0.05,0.0,0
ARTHUR MAIA,UNIÃO,RIBEIRA DO POMBAL,DENTRO,48,0.04,0.0,0
ARTHUR MAIA,UNIÃO,ITAMARAJU,DENTRO,46,0.04,0.0,0
ARTHUR MAIA,UNIÃO,CATOLANDIA,DENTRO,44,0.04,0.0,0
ARTHUR MAIA,UNIÃO,PORTO SEGURO,DENTRO,43,0.04,0.0,0
ARTHUR MAIA,UNIÃO,ERICO CARDOSO,DENTRO,42,0.04,0.0,0
ARTHUR MAIA,UNIÃO,TEOFILANDIA,DENTRO,38,0.03,0.0,0
ARTHUR MAIA,UNIÃO,CORRENTINA,DENTRO,38,0.03,0.0,0
ARTHUR MAIA,UNIÃO,ANDORINHA,DENTRO,37,0.03,0.0,0
ARTHUR MAIA,UNIÃO,RIO DE CONTAS,DENTRO,36,0.03,0.0,0
ARTHUR MAIA,UNIÃO,DIAS D AVILA,DENTRO,35,0.03,0.0,0
ARTHUR MAIA,UNIÃO,CONCEICAO DO ALMEIDA,DENTRO,34,0.03,0.0,0
ARTHUR MAIA,UNIÃO,CACULE,DENTRO,34,0.03,0.0,0
ARTHUR MAIA,UNIÃO,RIO DO PIRES,DENTRO,34,0.03,0.0,0
ARTHUR MAIA,UNIÃO,UAUA,DENTRO,33,0.03,0.0,0
ARTHUR MAIA,UNIÃO,MARAGOGIPE,DENTRO,33,0.03,0.0,0
ARTHUR MAIA,UNIÃO,CANSANCAO,DENTRO,32,0.03,0.0,0
ARTHUR MAIA,UNIÃO,BARRA,DENTRO,32,0.03,0.0,0
ARTHUR MAIA,UNIÃO,UBATA,DENTRO,30,0.03,0.0,0
ARTHUR MAIA,UNIÃO,IBICOARA,DENTRO,29,0.03,0.0,0
ARTHUR MAIA,UNIÃO,ITAJUIPE,DENTRO,29,0.03,0.0,0
ARTHUR MAIA,UNIÃO,JACOBINA,DENTRO,29,0.03,0.0,0
ARTHUR MAIA,UNIÃO,PINTADAS,DENTRO,28,0.03,0.0,0
ARTHUR MAIA,UNIÃO,BARRA DO CHOCA,DENTRO,28,0.03,0.0,0
ARTHUR MAIA,UNIÃO,RAFAEL JAMBEIRO,DENTRO,28,0.03,0.0,0
ARTHUR MAIA,UNIÃO,MATA DE SAO JOAO,DENTRO,28,0.03,0.0,0
ARTHUR MAIA,UNIÃO,UIBAI,DENTRO,27,0.02,0.0,0
ARTHUR MAIA,UNIÃO,MURITIBA,DENTRO,27,0.02,0.0,0
ARTHUR MAIA,UNIÃO,LAPAO,DENTRO,27,0.02,0.0,0
ARTHUR MAIA,UNIÃO,JUSSARA,DENTRO,27,0.02,0.0,0
ARTHUR MAIA,UNIÃO,ARACAS,DENTRO,27,0.02,0.0,0
ARTHUR MAIA,UNIÃO,MALHADA DE PEDRAS,DENTRO,27,0.02,0.0,0
ARTHUR MAIA,UNIÃO,SANTO AMARO,DENTRO,26,0.02,0.0,0
ARTHUR MAIA,UNIÃO,JITAUNA,DENTRO,26,0.02,0.0,0
ARTHUR MAIA,UNIÃO,CONTENDAS DO SINCORA,DENTRO,25,0.02,0.0,0
ARTHUR MAIA,UNIÃO,POJUCA,DENTRO,25,0.02,0.0,0
ARTHUR MAIA,UNIÃO,PIATA,DENTRO,25,0.02,0.0,0
ARTHUR MAIA,UNIÃO,AMELIA RODRIGUES,DENTRO,24,0.02,0.0,0
ARTHUR MAIA,UNIÃO,IBITITA,DENTRO,24,0.02,0.0,0
ARTHUR MAIA,UNIÃO,ITUBERA,DENTRO,24,0.02,0.0,0
ARTHUR MAIA,UNIÃO,ANTAS,DENTRO,24,0.02,0.0,0
ARTHUR MAIA,UNIÃO,EUCLIDES DA CUNHA,DENTRO,23,0.02,0.0,0
ARTHUR MAIA,UNIÃO,CACHOEIRA,DENTRO,23,0.02,0.0,0
ARTHUR MAIA,UNIÃO,IUIU,DENTRO,23,0.02,0.0,0
ARTHUR MAIA,UNIÃO,SEABRA,DENTRO,23,0.02,0.0,0
ARTHUR MAIA,UNIÃO,PIRITIBA,DENTRO,23,0.02,0.0,0
ARTHUR MAIA,UNIÃO,SANTO ANTONIO DE JESUS,DENTRO,22,0.02,0.0,0
ARTHUR MAIA,UNIÃO,URUCUCA,DENTRO,22,0.02,0.0,0
ARTHUR MAIA,UNIÃO,CONCEICAO DO JACUIPE,DENTRO,22,0.02,0.0,0
ARTHUR MAIA,UNIÃO,WENCESLAU GUIMARAES,DENTRO,22,0.02,0.0,0
ARTHUR MAIA,UNIÃO,MORPARA,DENTRO,22,0.02,0.0,0
ARTHUR MAIA,UNIÃO,MORRO DO CHAPEU,DENTRO,22,0.02,0.0,0
ARTHUR MAIA,UNIÃO,IACU,DENTRO,21,0.02,0.0,0
ARTHUR MAIA,UNIÃO,IBIASSUCE,DENTRO,21,0.02,0.0,0
ARTHUR MAIA,UNIÃO,PRESIDENTE JANIO QUADROS,DENTRO,21,0.02,0.0,0
ARTHUR MAIA,UNIÃO,ITAGUACU DA BAHIA,DENTRO,20,0.02,0.0,0
ARTHUR MAIA,UNIÃO,CASA NOVA,DENTRO,20,0.02,0.0,0
ARTHUR MAIA,UNIÃO,DARIO MEIRA,DENTRO,20,0.02,0.0,0
ARTHUR MAIA,UNIÃO,ITAMBE,DENTRO,19,0.02,0.0,0
ARTHUR MAIA,UNIÃO,CORIBE,DENTRO,19,0.02,0.0,0
ARTHUR MAIA,UNIÃO,SANTO ESTEVAO,DENTRO,19,0.02,0.0,0
ARTHUR MAIA,UNIÃO,IGRAPIUNA,DENTRO,19,0.02,0.0,0
ARTHUR MAIA,UNIÃO,JAGUARIPE,DENTRO,18,0.02,0.0,0
ARTHUR MAIA,UNIÃO,VARZEA DA ROCA,DENTRO,18,0.02,0.0,0
ARTHUR MAIA,UNIÃO,FEIRA DA MATA,DENTRO,18,0.02,0.0,0
ARTHUR MAIA,UNIÃO,CONCEICAO DA FEIRA,DENTRO,18,0.02,0.0,0
ARTHUR MAIA,UNIÃO,CRUZ DAS ALMAS,DENTRO,18,0.02,0.0,0
ARTHUR MAIA,UNIÃO,SANTA BARBARA,DENTRO,17,0.02,0.0,0
ARTHUR MAIA,UNIÃO,CANDEAL,DENTRO,17,0.02,0.0,0
ARTHUR MAIA,UNIÃO,NOVO HORIZONTE,DENTRO,17,0.02,0.0,0
ARTHUR MAIA,UNIÃO,EUNAPOLIS,DENTRO,17,0.02,0.0,0
ARTHUR MAIA,UNIÃO,BARRA DO MENDES,DENTRO,16,0.01,0.0,0
ARTHUR MAIA,UNIÃO,MAETINGA,DENTRO,16,0.01,0.0,0
ARTHUR MAIA,UNIÃO,MACARANI,DENTRO,16,0.01,0.0,0
ARTHUR MAIA,UNIÃO,JOAO DOURADO,DENTRO,16,0.01,0.0,0
ARTHUR MAIA,UNIÃO,MUCURI,DENTRO,15,0.01,0.0,0
ARTHUR MAIA,UNIÃO,IPIAU,DENTRO,15,0.01,0.0,0
ARTHUR MAIA,UNIÃO,VALENTE,DENTRO,15,0.01,0.0,0
ARTHUR MAIA,UNIÃO,ITARANTIM,DENTRO,15,0.01,0.0,0
ARTHUR MAIA,UNIÃO,RETIROLANDIA,DENTRO,15,0.01,0.0,0
ARTHUR MAIA,UNIÃO,NOVA ITARANA,DENTRO,15,0.01,0.0,0
ARTHUR MAIA,UNIÃO,IBITIARA,DENTRO,13,0.01,0.0,0
ARTHUR MAIA,UNIÃO,MARAU,DENTRO,13,0.01,0.0,0
ARTHUR MAIA,UNIÃO,SAO FELIPE,DENTRO,13,0.01,0.0,0
ARTHUR MAIA,UNIÃO,DOM BASILIO,DENTRO,13,0.01,0.0,0
ARTHUR MAIA,UNIÃO,GUARATINGA,DENTRO,12,0.01,0.0,0
ARTHUR MAIA,UNIÃO,RIO REAL,DENTRO,12,0.01,0.0,0
ARTHUR MAIA,UNIÃO,ARACI,DENTRO,12,0.01,0.0,0
ARTHUR MAIA,UNIÃO,POCOES,DENTRO,12,0.01,0.0,0
ARTHUR MAIA,UNIÃO,TAPIRAMUTA,DENTRO,12,0.01,0.0,0
ARTHUR MAIA,UNIÃO,VALENCA,DENTRO,12,0.01,0.0,0
ARTHUR MAIA,UNIÃO,ARACATU,DENTRO,11,0.01,0.0,0
ARTHUR MAIA,UNIÃO,ITAGIBA,DENTRO,11,0.01,0.0,0
ARTHUR MAIA,UNIÃO,MULUNGU DO MORRO,DENTRO,11,0.01,0.0,0
ARTHUR MAIA,UNIÃO,ABAIRA,DENTRO,11,0.01,0.0,0
ARTHUR MAIA,UNIÃO,CANDEIAS,DENTRO,11,0.01,0.0,0
ARTHUR MAIA,UNIÃO,JUSSIAPE,DENTRO,11,0.01,0.0,0
ARTHUR MAIA,UNIÃO,CAETANOS,DENTRO,11,0.01,0.0,0
ARTHUR MAIA,UNIÃO,MACAJUBA,DENTRO,11,0.01,0.0,0
ARTHUR MAIA,UNIÃO,PLANALTINO,DENTRO,10,0.01,0.0,0
ARTHUR MAIA,UNIÃO,IRAMAIA,DENTRO,10,0.01,0.0,0
ARTHUR MAIA,UNIÃO,LAJEDO DO TABOCAL,DENTRO,10,0.01,0.0,0
ARTHUR MAIA,UNIÃO,ITANAGRA,DENTRO,10,0.01,0.0,0
ARTHUR MAIA,UNIÃO,ANDARAI,DENTRO,9,0.01,0.0,0
ARTHUR MAIA,UNIÃO,UNA,DENTRO,9,0.01,0.0,0
ARTHUR MAIA,UNIÃO,SAO FRANCISCO DO CONDE,DENTRO,9,0.01,0.0,0
ARTHUR MAIA,UNIÃO,CAMPO FORMOSO,DENTRO,9,0.01,0.0,0
ARTHUR MAIA,UNIÃO,PONTO NOVO,DENTRO,9,0.01,0.0,0
ARTHUR MAIA,UNIÃO,PRESIDENTE TANCREDO NEVES,DENTRO,9,0.01,0.0,0
ARTHUR MAIA,UNIÃO,CAMPO ALEGRE DE LOURDES,DENTRO,9,0.01,0.0,0
ARTHUR MAIA,UNIÃO,JIQUIRICA,DENTRO,8,0.01,0.0,0
ARTHUR MAIA,UNIÃO,RIACHAO DO JACUIPE,DENTRO,8,0.01,0.0,0
ARTHUR MAIA,UNIÃO,UMBURANAS,DENTRO,8,0.01,0.0,0
ARTHUR MAIA,UNIÃO,CANUDOS,DENTRO,8,0.01,0.0,0
ARTHUR MAIA,UNIÃO,JABORANDI,DENTRO,8,0.01,0.0,0
ARTHUR MAIA,UNIÃO,CARAIBAS,DENTRO,8,0.01,0.0,0
ARTHUR MAIA,UNIÃO,AMARGOSA,DENTRO,8,0.01,0.0,0
ARTHUR MAIA,UNIÃO,CAATIBA,DENTRO,8,0.01,0.0,0
ARTHUR MAIA,UNIÃO,CAMAMU,DENTRO,8,0.01,0.0,0
ARTHUR MAIA,UNIÃO,ESPLANADA,DENTRO,8,0.01,0.0,0
ARTHUR MAIA,UNIÃO,CICERO DANTAS,DENTRO,7,0.01,0.0,0
ARTHUR MAIA,UNIÃO,BOA VISTA DO TUPIM,DENTRO,7,0.01,0.0,0
ARTHUR MAIA,UNIÃO,TERRA NOVA,DENTRO,7,0.01,0.0,0
ARTHUR MAIA,UNIÃO,SERRA PRETA,DENTRO,7,0.01,0.0,0
ARTHUR MAIA,UNIÃO,CAIRU,DENTRO,7,0.01,0.0,0
ARTHUR MAIA,UNIÃO,IGUAI,DENTRO,7,0.01,0.0,0
ARTHUR MAIA,UNIÃO,SANTALUZ,DENTRO,7,0.01,0.0,0
ARTHUR MAIA,UNIÃO,MANOEL VITORINO,DENTRO,7,0.01,0.0,0
ARTHUR MAIA,UNIÃO,CORACAO DE MARIA,DENTRO,7,0.01,0.0,0
ARTHUR MAIA,UNIÃO,SERROLANDIA,DENTRO,7,0.01,0.0,0
ARTHUR MAIA,UNIÃO,IBICARAI,DENTRO,7,0.01,0.0,0
ARTHUR MAIA,UNIÃO,CANDIDO SALES,DENTRO,7,0.01,0.0,0
ARTHUR MAIA,UNIÃO,PEDRAO,DENTRO,7,0.01,0.0,0
ARTHUR MAIA,UNIÃO,CAFARNAUM,DENTRO,7,0.01,0.0,0
ARTHUR MAIA,UNIÃO,ITIRUCU,DENTRO,6,0.01,0.0,0
ARTHUR MAIA,UNIÃO,NOVA IBIA,DENTRO,6,0.01,0.0,0
ARTHUR MAIA,UNIÃO,ITAETE,DENTRO,6,0.01,0.0,0
ARTHUR MAIA,UNIÃO,ITABELA,DENTRO,6,0.01,0.0,0
ARTHUR MAIA,UNIÃO,CONCEICAO DO COITE,DENTRO,6,0.01,0.0,0
ARTHUR MAIA,UNIÃO,APUAREMA,DENTRO,6,0.01,0.0,0
ARTHUR MAIA,UNIÃO,TEODORO SAMPAIO,DENTRO,6,0.01,0.0,0
ARTHUR MAIA,UNIÃO,SANTANOPOLIS,DENTRO,6,0.01,0.0,0
ARTHUR MAIA,UNIÃO,MIGUEL CALMON,DENTRO,6,0.01,0.0,0
ARTHUR MAIA,UNIÃO,CANAVIEIRAS,DENTRO,6,0.01,0.0,0
ARTHUR MAIA,UNIÃO,MIRANGABA,DENTRO,6,0.01,0.0,0
ARTHUR MAIA,UNIÃO,ITACARE,DENTRO,6,0.01,0.0,0
ARTHUR MAIA,UNIÃO,SAO SEBASTIAO DO PASSE,DENTRO,6,0.01,0.0,0
ARTHUR MAIA,UNIÃO,MUNIZ FERREIRA,DENTRO,6,0.01,0.0,0
ARTHUR MAIA,UNIÃO,ALCOBACA,DENTRO,6,0.01,0.0,0
ARTHUR MAIA,UNIÃO,SANTA CRUZ CABRALIA,DENTRO,5,0.00,0.0,0
ARTHUR MAIA,UNIÃO,IPUPIARA,DENTRO,5,0.00,0.0,0
ARTHUR MAIA,UNIÃO,CHORROCHO,DENTRO,5,0.00,0.0,0
ARTHUR MAIA,UNIÃO,SAUBARA,DENTRO,5,0.00,0.0,0
ARTHUR MAIA,UNIÃO,CRISOPOLIS,DENTRO,5,0.00,0.0,0
ARTHUR MAIA,UNIÃO,SAO JOSE DO JACUIPE,DENTRO,5,0.00,0.0,0
ARTHUR MAIA,UNIÃO,CABACEIRAS DO PARAGUACU,DENTRO,5,0.00,0.0,0
ARTHUR MAIA,UNIÃO,SITIO DO QUINTO,DENTRO,5,0.00,0.0,0
ARTHUR MAIA,UNIÃO,JAGUAQUARA,DENTRO,5,0.00,0.0,0
ARTHUR MAIA,UNIÃO,ITAPEBI,DENTRO,5,0.00,0.0,0
ARTHUR MAIA,UNIÃO,LAJE,DENTRO,5,0.00,0.0,0
ARTHUR MAIA,UNIÃO,MORTUGABA,DENTRO,5,0.00,0.0,0
ARTHUR MAIA,UNIÃO,IRAQUARA,DENTRO,5,0.00,0.0,0
ARTHUR MAIA,UNIÃO,AURELINO LEAL,DENTRO,5,0.00,0.0,0
ARTHUR MAIA,UNIÃO,NILO PECANHA,DENTRO,5,0.00,0.0,0
ARTHUR MAIA,UNIÃO,BROTAS DE MACAUBAS,DENTRO,5,0.00,0.0,0
ARTHUR MAIA,UNIÃO,BOM JESUS DA SERRA,DENTRO,5,0.00,0.0,0
ARTHUR MAIA,UNIÃO,CONDE,DENTRO,5,0.00,0.0,0
ARTHUR MAIA,UNIÃO,IRARA,DENTRO,5,0.00,0.0,0
ARTHUR MAIA,UNIÃO,RIACHAO DAS NEVES,DENTRO,4,0.00,0.0,0
ARTHUR MAIA,UNIÃO,PAULO AFONSO,DENTRO,4,0.00,0.0,0
ARTHUR MAIA,UNIÃO,VARZEA NOVA,DENTRO,4,0.00,0.0,0
ARTHUR MAIA,UNIÃO,LAJEDINHO,DENTRO,4,0.00,0.0,0
ARTHUR MAIA,UNIÃO,ENCRUZILHADA,DENTRO,4,0.00,0.0,0
ARTHUR MAIA,UNIÃO,CARAVELAS,DENTRO,4,0.00,0.0,0
ARTHUR MAIA,UNIÃO,SAPEACU,DENTRO,4,0.00,0.0,0
ARTHUR MAIA,UNIÃO,MADRE DE DEUS,DENTRO,4,0.00,0.0,0
ARTHUR MAIA,UNIÃO,UBAITABA,DENTRO,4,0.00,0.0,0
ARTHUR MAIA,UNIÃO,GOVERNADOR MANGABEIRA,DENTRO,4,0.00,0.0,0
ARTHUR MAIA,UNIÃO,PIRAI DO NORTE,DENTRO,4,0.00,0.0,0
ARTHUR MAIA,UNIÃO,ITAMARI,DENTRO,4,0.00,0.0,0
ARTHUR MAIA,UNIÃO,VARZEDO,DENTRO,4,0.00,0.0,0
ARTHUR MAIA,UNIÃO,PRADO,DENTRO,4,0.00,0.0,0
ARTHUR MAIA,UNIÃO,PIRIPA,DENTRO,4,0.00,0.0,0
ARTHUR MAIA,UNIÃO,CAMACA,DENTRO,4,0.00,0.0,0
ARTHUR MAIA,UNIÃO,BELMONTE,DENTRO,4,0.00,0.0,0
ARTHUR MAIA,UNIÃO,ITABERABA,DENTRO,4,0.00,0.0,0
ARTHUR MAIA,UNIÃO,OLINDINA,DENTRO,4,0.00,0.0,0
ARTHUR MAIA,UNIÃO,NOVA SOURE,DENTRO,4,0.00,0.0,0
ARTHUR MAIA,UNIÃO,BIRITINGA,DENTRO,4,0.00,0.0,0
ARTHUR MAIA,UNIÃO,BARRA DO ROCHA,DENTRO,3,0.00,0.0,0
ARTHUR MAIA,UNIÃO,SENTO SE,DENTRO,3,0.00,0.0,0
ARTHUR MAIA,UNIÃO,LENCOIS,DENTRO,3,0.00,0.0,0
ARTHUR MAIA,UNIÃO,INHAMBUPE,DENTRO,3,0.00,0.0,0
ARTHUR MAIA,UNIÃO,PINDOBACU,DENTRO,3,0.00,0.0,0
ARTHUR MAIA,UNIÃO,AIQUARA,DENTRO,3,0.00,0.0,0
ARTHUR MAIA,UNIÃO,FLORESTA AZUL,DENTRO,3,0.00,0.0,0
ARTHUR MAIA,UNIÃO,MARCIONILIO SOUZA,DENTRO,3,0.00,0.0,0
ARTHUR MAIA,UNIÃO,NOVA CANAA,DENTRO,3,0.00,0.0,0
ARTHUR MAIA,UNIÃO,RIBEIRAO DO LARGO,DENTRO,3,0.00,0.0,0
ARTHUR MAIA,UNIÃO,PE DE SERRA,DENTRO,3,0.00,0.0,0
ARTHUR MAIA,UNIÃO,JUSSARI,DENTRO,3,0.00,0.0,0
ARTHUR MAIA,UNIÃO,DOM MACEDO COSTA,DENTRO,3,0.00,0.0,0
ARTHUR MAIA,UNIÃO,ICHU,DENTRO,3,0.00,0.0,0
ARTHUR MAIA,UNIÃO,ITAGIMIRIM,DENTRO,3,0.00,0.0,0
ARTHUR MAIA,UNIÃO,BONITO,DENTRO,3,0.00,0.0,0
ARTHUR MAIA,UNIÃO,NOVA FATIMA,DENTRO,3,0.00,0.0,0
ARTHUR MAIA,UNIÃO,FATIMA,DENTRO,2,0.00,0.0,0
ARTHUR MAIA,UNIÃO,TAPEROA,DENTRO,2,0.00,0.0,0
ARTHUR MAIA,UNIÃO,UBAIRA,DENTRO,2,0.00,0.0,0
ARTHUR MAIA,UNIÃO,UTINGA,DENTRO,2,0.00,0.0,0
ARTHUR MAIA,UNIÃO,ELISIO MEDRADO,DENTRO,2,0.00,0.0,0
ARTHUR MAIA,UNIÃO,ITAPICURU,DENTRO,2,0.00,0.0,0
ARTHUR MAIA,UNIÃO,LAMARAO,DENTRO,2,0.00,0.0,0
ARTHUR MAIA,UNIÃO,NORDESTINA,DENTRO,2,0.00,0.0,0
ARTHUR MAIA,UNIÃO,SANTA TEREZINHA,DENTRO,2,0.00,0.0,0
ARTHUR MAIA,UNIÃO,MUNDO NOVO,DENTRO,2,0.00,0.0,0
ARTHUR MAIA,UNIÃO,BUERAREMA,DENTRO,2,0.00,0.0,0
ARTHUR MAIA,UNIÃO,BARRO PRETO,DENTRO,2,0.00,0.0,0
ARTHUR MAIA,UNIÃO,VARZEA DO POCO,DENTRO,2,0.00,0.0,0
ARTHUR MAIA,UNIÃO,ITAPITANGA,DENTRO,2,0.00,0.0,0
ARTHUR MAIA,UNIÃO,IRAJUBA,DENTRO,2,0.00,0.0,0
ARTHUR MAIA,UNIÃO,NOVA REDENCAO,DENTRO,2,0.00,0.0,0
ARTHUR MAIA,UNIÃO,TEOLANDIA,DENTRO,2,0.00,0.0,0
ARTHUR MAIA,UNIÃO,ANGUERA,DENTRO,2,0.00,0.0,0
ARTHUR MAIA,UNIÃO,SATIRO DIAS,DENTRO,2,0.00,0.0,0
ARTHUR MAIA,UNIÃO,MUTUIPE,DENTRO,2,0.00,0.0,0
ARTHUR MAIA,UNIÃO,PALMEIRAS,DENTRO,2,0.00,0.0,0
ARTHUR MAIA,UNIÃO,IPECAETA,DENTRO,2,0.00,0.0,0
ARTHUR MAIA,UNIÃO,ITAPE,DENTRO,2,0.00,0.0,0
ARTHUR MAIA,UNIÃO,CRAVOLANDIA,DENTRO,2,0.00,0.0,0
ARTHUR MAIA,UNIÃO,CAPIM GROSSO,DENTRO,2,0.00,0.0,0
ARTHUR MAIA,UNIÃO,IBICUI,DENTRO,2,0.00,0.0,0
ARTHUR MAIA,UNIÃO,ARAMARI,DENTRO,2,0.00,0.0,0
ARTHUR MAIA,UNIÃO,CIPO,DENTRO,2,0.00,0.0,0
ARTHUR MAIA,UNIÃO,ITATIM,DENTRO,1,0.00,0.0,0
ARTHUR MAIA,UNIÃO,AGUA FRIA,DENTRO,1,0.00,0.0,0
ARTHUR MAIA,UNIÃO,SANTA INES,DENTRO,1,0.00,0.0,0
ARTHUR MAIA,UNIÃO,CARDEAL DA SILVA,DENTRO,1,0.00,0.0,0
ARTHUR MAIA,UNIÃO,SANTA BRIGIDA,DENTRO,1,0.00,0.0,0
ARTHUR MAIA,UNIÃO,JANDAIRA,DENTRO,1,0.00,0.0,0
ARTHUR MAIA,UNIÃO,ALMADINA,DENTRO,1,0.00,0.0,0
ARTHUR MAIA,UNIÃO,CAPELA DO ALTO ALEGRE,DENTRO,1,0.00,0.0,0
ARTHUR MAIA,UNIÃO,NOVO TRIUNFO,DENTRO,1,0.00,0.0,0
ARTHUR MAIA,UNIÃO,IBIRAPUA,DENTRO,1,0.00,0.0,0
ARTHUR MAIA,UNIÃO,LAFAIETE COUTINHO,DENTRO,1,0.00,0.0,0
ARTHUR MAIA,UNIÃO,ARATUIPE,DENTRO,1,0.00,0.0,0
ARTHUR MAIA,UNIÃO,ACAJUTIBA,DENTRO,1,0.00,0.0,0
ARTHUR MAIA,UNIÃO,APORA,DENTRO,1,0.00,0.0,0
ARTHUR MAIA,UNIÃO,MAIQUINIQUE,DENTRO,1,0.00,0.0,0
ARTHUR MAIA,UNIÃO,BREJOES,DENTRO,1,0.00,0.0,0
ARTHUR MAIA,UNIÃO,RUY BARBOSA,DENTRO,1,0.00,0.0,0
ARTHUR MAIA,UNIÃO,SANTA LUZIA,DENTRO,1,0.00,0.0,0
ARTHUR MAIA,UNIÃO,PAU BRASIL,DENTRO,1,0.00,0.0,0
ARTHUR MAIA,UNIÃO,ABARE,DENTRO,1,0.00,0.0,0
ARTHUR MAIA,UNIÃO,ITAJU DO COLONIA,DENTRO,1,0.00,0.0,0
ARTHUR MAIA,UNIÃO,SAO JOSE DA VITORIA,DENTRO,1,0.00,0.0,0
ARTHUR MAIA,UNIÃO,SAO MIGUEL DAS MATAS,DENTRO,1,0.00,0.0,0
ARTHUR MAIA,UNIÃO,FIRMINO ALVES,DENTRO,1,0.00,0.0,0
ARTHUR MAIA,UNIÃO,ADUSTINA,DENTRO,1,0.00,0.0,0
ARTHUR MAIA,UNIÃO,FILADELFIA,DENTRO,1,0.00,0.0,0
ARTHUR MAIA,UNIÃO,GAVIAO,DENTRO,1,0.00,0.0,0
ARTHUR MAIA,UNIÃO,ANTONIO GONCALVES,DENTRO,0,0.00,0.0,0
ARTHUR MAIA,UNIÃO,SANTA CRUZ DA VITORIA,DENTRO,0,0.00,0.0,0
ARTHUR MAIA,UNIÃO,GONGOGI,DENTRO,0,0.00,0.0,0
ARTHUR MAIA,UNIÃO,MACURURE,DENTRO,0,0.00,0.0,0
ARTHUR MAIA,UNIÃO,MILAGRES,DENTRO,0,0.00,0.0,0
ARTHUR MAIA,UNIÃO,TANQUINHO,DENTRO,0,0.00,0.0,0
ARTHUR MAIA,UNIÃO,OURICANGAS,DENTRO,0,0.00,0.0,0
ARTHUR MAIA,UNIÃO,GUAJERU,DENTRO,0,0.00,0.0,0
ARTHUR MAIA,UNIÃO,SAO DOMINGOS,DENTRO,0,0.00,0.0,0
ARTHUR MAIA,UNIÃO,BARROCAS,DENTRO,0,0.00,0.0,0
ARTHUR MAIA,UNIÃO,HELIOPOLIS,DENTRO,0,0.00,0.0,0
ARTHUR MAIA,UNIÃO,IBIQUERA,DENTRO,0,0.00,0.0,0
ARTHUR MAIA,UNIÃO,CAEM,DENTRO,0,0.00,0.0,0
ARTHUR MAIA,UNIÃO,PEDRO ALEXANDRE,DENTRO,0,0.00,0.0,0
ARTHUR MAIA,UNIÃO,SAUDE,DENTRO,0,0.00,0.0,0
ARTHUR MAIA,UNIÃO,RIBEIRA DO AMPARO,DENTRO,0,0.00,0.0,0
ARTHUR MAIA,UNIÃO,PARIPIRANGA,DENTRO,0,0.00,0.0,0
ARTHUR MAIA,UNIÃO,MASCOTE,DENTRO,0,0.00,0.0,0
ARTHUR MAIA,UNIÃO,CALDEIRAO GRANDE,DENTRO,0,0.00,0.0,0
ARTHUR MAIA,UNIÃO,LAJEDAO,DENTRO,0,0.00,0.0,0
ARTHUR MAIA,UNIÃO,CURACA,DENTRO,0,0.00,0.0,0
ARTHUR MAIA,UNIÃO,WAGNER,DENTRO,0,0.00,0.0,0
ARTHUR MAIA,UNIÃO,SOBRADINHO,DENTRO,0,0.00,0.0,0
ARTHUR MAIA,UNIÃO,ARATACA,DENTRO,0,0.00,0.0,0
ARTHUR MAIA,UNIÃO,SAO FELIX,DENTRO,0,0.00,0.0,0
ARTHUR MAIA,UNIÃO,GLORIA,DENTRO,0,0.00,0.0,0
ARTHUR MAIA,UNIÃO,RODELAS,DENTRO,0,0.00,0.0,0
ARTHUR MAIA,UNIÃO,ANTONIO CARDOSO,DENTRO,0,0.00,0.0,0
ARTHUR MAIA,UNIÃO,BANZAE,DENTRO,0,0.00,0.0,0
ARTHUR MAIA,UNIÃO,CORONEL JOAO SA,DENTRO,0,0.00,0.0,0
ARTHUR MAIA,UNIÃO,JEREMOABO,DENTRO,0,0.00,0.0,0
ARTHUR MAIA,UNIÃO,ITAQUARA,DENTRO,0,0.00,0.0,0
PAULO MAGALHAES,PSD,SALVADOR,DENTRO,9653,9.01,0.0,0.0
PAULO MAGALHAES,PSD,ITABUNA,DENTRO,5375,5.02,0.0,0.0
PAULO MAGALHAES,PSD,ITUACU,DENTRO,5163,4.82,0.0,0.0
PAULO MAGALHAES,PSD,BELO CAMPO,DENTRO,5023,4.69,0.0,0.0
PAULO MAGALHAES,PSD,SANTO AMARO,DENTRO,4951,4.62,0.0,0.0
PAULO MAGALHAES,PSD,CONCEICAO DO JACUIPE,DENTRO,4890,4.57,0.0,0.0
PAULO MAGALHAES,PSD,ITAJUIPE,DENTRO,4208,3.93,0.0,0.0
PAULO MAGALHAES,PSD,VALENCA,DENTRO,4195,3.92,0.0,0.0
PAULO MAGALHAES,PSD,MARAGOGIPE,DENTRO,3780,3.53,0.0,0.0
PAULO MAGALHAES,PSD,ILHEUS,DENTRO,3608,3.37,0.0,0.0
PAULO MAGALHAES,PSD,JEQUIE,DENTRO,3511,3.28,0.0,0.0
PAULO MAGALHAES,PSD,PRESIDENTE JANIO QUADROS,DENTRO,3222,3.01,0.0,0.0
PAULO MAGALHAES,PSD,ANAGE,DENTRO,3085,2.88,0.0,0.0
PAULO MAGALHAES,PSD,ITANHEM,DENTRO,2916,2.72,0.0,0.0
PAULO MAGALHAES,PSD,TEIXEIRA DE FREITAS,DENTRO,2435,2.27,0.0,0.0
PAULO MAGALHAES,PSD,ENCRUZILHADA,DENTRO,2200,2.05,0.0,0.0
PAULO MAGALHAES,PSD,TANHACU,DENTRO,2042,1.91,0.0,0.0
PAULO MAGALHAES,PSD,CORONEL JOAO SA,DENTRO,1949,1.82,0.0,0.0
PAULO MAGALHAES,PSD,CACHOEIRA,DENTRO,1933,1.80,0.0,0.0
PAULO MAGALHAES,PSD,BARRA DO CHOCA,DENTRO,1844,1.72,0.0,0.0
PAULO MAGALHAES,PSD,VITORIA DA CONQUISTA,DENTRO,1701,1.59,0.0,0.0
PAULO MAGALHAES,PSD,POCOES,DENTRO,1489,1.39,0.0,0.0
PAULO MAGALHAES,PSD,ITAJU DO COLONIA,DENTRO,1473,1.38,0.0,0.0
PAULO MAGALHAES,PSD,CAIRU,DENTRO,1350,1.26,0.0,0.0
PAULO MAGALHAES,PSD,SANTO ESTEVAO,DENTRO,1315,1.23,0.0,0.0
PAULO MAGALHAES,PSD,AMELIA RODRIGUES,DENTRO,1262,1.18,0.0,0.0
PAULO MAGALHAES,PSD,ITACARE,DENTRO,1259,1.18,0.0,0.0
PAULO MAGALHAES,PSD,JAGUAQUARA,DENTRO,1022,0.95,0.0,0.0
PAULO MAGALHAES,PSD,NORDESTINA,DENTRO,988,0.92,0.0,0.0
PAULO MAGALHAES,PSD,CANAVIEIRAS,DENTRO,956,0.89,0.0,0.0
PAULO MAGALHAES,PSD,PIRIPA,DENTRO,922,0.86,0.0,0.0
PAULO MAGALHAES,PSD,TREMEDAL,DENTRO,732,0.68,0.0,0.0
PAULO MAGALHAES,PSD,IPIAU,DENTRO,704,0.66,0.0,0.0
PAULO MAGALHAES,PSD,FEIRA DE SANTANA,DENTRO,661,0.62,0.0,0.0
PAULO MAGALHAES,PSD,ITAPE,DENTRO,596,0.56,0.0,0.0
PAULO MAGALHAES,PSD,PARIPIRANGA,DENTRO,592,0.55,0.0,0.0
PAULO MAGALHAES,PSD,IBICOARA,DENTRO,553,0.52,0.0,0.0
PAULO MAGALHAES,PSD,LAURO DE FREITAS,DENTRO,552,0.52,0.0,0.0
PAULO MAGALHAES,PSD,RIO DE CONTAS,DENTRO,492,0.46,0.0,0.0
PAULO MAGALHAES,PSD,CANDEIAS,DENTRO,454,0.42,0.0,0.0
PAULO MAGALHAES,PSD,ACAJUTIBA,DENTRO,434,0.41,0.0,0.0
PAULO MAGALHAES,PSD,CATU,DENTRO,430,0.40,0.0,0.0
PAULO MAGALHAES,PSD,IPIRA,DENTRO,391,0.37,0.0,0.0
PAULO MAGALHAES,PSD,CAMACA,DENTRO,369,0.34,0.0,0.0
PAULO MAGALHAES,PSD,TEODORO SAMPAIO,DENTRO,295,0.28,0.0,0.0
PAULO MAGALHAES,PSD,CAMAMU,DENTRO,277,0.26,0.0,0.0
PAULO MAGALHAES,PSD,UBAITABA,DENTRO,257,0.24,0.0,0.0
PAULO MAGALHAES,PSD,JITAUNA,DENTRO,256,0.24,0.0,0.0
PAULO MAGALHAES,PSD,FLORESTA AZUL,DENTRO,254,0.24,0.0,0.0
PAULO MAGALHAES,PSD,NOVA CANAA,DENTRO,251,0.23,0.0,0.0
PAULO MAGALHAES,PSD,CONDEUBA,DENTRO,236,0.22,0.0,0.0
PAULO MAGALHAES,PSD,ITAQUARA,DENTRO,234,0.22,0.0,0.0
PAULO MAGALHAES,PSD,AIQUARA,DENTRO,227,0.21,0.0,0.0
PAULO MAGALHAES,PSD,JANDAIRA,DENTRO,225,0.21,0.0,0.0
PAULO MAGALHAES,PSD,IBIRAPITANGA,DENTRO,210,0.20,0.0,0.0
PAULO MAGALHAES,PSD,EUNAPOLIS,DENTRO,197,0.18,0.0,0.0
PAULO MAGALHAES,PSD,SANTA BARBARA,DENTRO,196,0.18,0.0,0.0
PAULO MAGALHAES,PSD,SAO FRANCISCO DO CONDE,DENTRO,178,0.17,0.0,0.0
PAULO MAGALHAES,PSD,SIMOES FILHO,DENTRO,176,0.16,0.0,0.0
PAULO MAGALHAES,PSD,MANOEL VITORINO,DENTRO,171,0.16,0.0,0.0
PAULO MAGALHAES,PSD,TAPEROA,DENTRO,158,0.15,0.0,0.0
PAULO MAGALHAES,PSD,WENCESLAU GUIMARAES,DENTRO,158,0.15,0.0,0.0
PAULO MAGALHAES,PSD,SANTO ANTONIO DE JESUS,DENTRO,151,0.14,0.0,0.0
PAULO MAGALHAES,PSD,SAO SEBASTIAO DO PASSE,DENTRO,151,0.14,0.0,0.0
PAULO MAGALHAES,PSD,IBIRATAIA,DENTRO,146,0.14,0.0,0.0
PAULO MAGALHAES,PSD,CONCEICAO DA FEIRA,DENTRO,137,0.13,0.0,0.0
PAULO MAGALHAES,PSD,ITUBERA,DENTRO,133,0.12,0.0,0.0
PAULO MAGALHAES,PSD,CAMACARI,DENTRO,130,0.12,0.0,0.0
PAULO MAGALHAES,PSD,DOM MACEDO COSTA,DENTRO,124,0.12,0.0,0.0
PAULO MAGALHAES,PSD,BARRA DA ESTIVA,DENTRO,110,0.10,0.0,0.0
PAULO MAGALHAES,PSD,PRESIDENTE TANCREDO NEVES,DENTRO,108,0.10,0.0,0.0
PAULO MAGALHAES,PSD,BRUMADO,DENTRO,107,0.10,0.0,0.0
PAULO MAGALHAES,PSD,URUCUCA,DENTRO,98,0.09,0.0,0.0
PAULO MAGALHAES,PSD,ITAPETINGA,DENTRO,98,0.09,0.0,0.0
PAULO MAGALHAES,PSD,PORTO SEGURO,DENTRO,97,0.09,0.0,0.0
PAULO MAGALHAES,PSD,CARAIBAS,DENTRO,97,0.09,0.0,0.0
PAULO MAGALHAES,PSD,BOA NOVA,DENTRO,91,0.08,0.0,0.0
PAULO MAGALHAES,PSD,CANDIDO SALES,DENTRO,91,0.08,0.0,0.0
PAULO MAGALHAES,PSD,BUERAREMA,DENTRO,89,0.08,0.0,0.0
PAULO MAGALHAES,PSD,PAU BRASIL,DENTRO,87,0.08,0.0,0.0
PAULO MAGALHAES,PSD,SAO FELIX,DENTRO,85,0.08,0.0,0.0
PAULO MAGALHAES,PSD,CORACAO DE MARIA,DENTRO,84,0.08,0.0,0.0
PAULO MAGALHAES,PSD,BARREIRAS,DENTRO,81,0.08,0.0,0.0
PAULO MAGALHAES,PSD,ITIRUCU,DENTRO,81,0.08,0.0,0.0
PAULO MAGALHAES,PSD,IBICARAI,DENTRO,81,0.08,0.0,0.0
PAULO MAGALHAES,PSD,CARAVELAS,DENTRO,80,0.07,0.0,0.0
PAULO MAGALHAES,PSD,NAZARE,DENTRO,78,0.07,0.0,0.0
PAULO MAGALHAES,PSD,COARACI,DENTRO,75,0.07,0.0,0.0
PAULO MAGALHAES,PSD,MARACAS,DENTRO,71,0.07,0.0,0.0
PAULO MAGALHAES,PSD,VERA CRUZ,DENTRO,70,0.07,0.0,0.0
PAULO MAGALHAES,PSD,GUANAMBI,DENTRO,68,0.06,0.0,0.0
PAULO MAGALHAES,PSD,DIAS D AVILA,DENTRO,65,0.06,0.0,0.0
PAULO MAGALHAES,PSD,APUAREMA,DENTRO,64,0.06,0.0,0.0
PAULO MAGALHAES,PSD,AURELINO LEAL,DENTRO,64,0.06,0.0,0.0
PAULO MAGALHAES,PSD,NOVA VICOSA,DENTRO,63,0.06,0.0,0.0
PAULO MAGALHAES,PSD,NOVA IBIA,DENTRO,62,0.06,0.0,0.0
PAULO MAGALHAES,PSD,RIO REAL,DENTRO,60,0.06,0.0,0.0
PAULO MAGALHAES,PSD,UBATA,DENTRO,58,0.05,0.0,0.0
PAULO MAGALHAES,PSD,GANDU,DENTRO,58,0.05,0.0,0.0
PAULO MAGALHAES,PSD,JACOBINA,DENTRO,56,0.05,0.0,0.0
PAULO MAGALHAES,PSD,ITAMARAJU,DENTRO,53,0.05,0.0,0.0
PAULO MAGALHAES,PSD,RIBEIRAO DO LARGO,DENTRO,53,0.05,0.0,0.0
PAULO MAGALHAES,PSD,MUCURI,DENTRO,50,0.05,0.0,0.0
PAULO MAGALHAES,PSD,SITIO DO QUINTO,DENTRO,49,0.05,0.0,0.0
PAULO MAGALHAES,PSD,CONTENDAS DO SINCORA,DENTRO,49,0.05,0.0,0.0
PAULO MAGALHAES,PSD,PRADO,DENTRO,49,0.05,0.0,0.0
PAULO MAGALHAES,PSD,ALAGOINHAS,DENTRO,48,0.04,0.0,0.0
PAULO MAGALHAES,PSD,ALCOBACA,DENTRO,48,0.04,0.0,0.0
PAULO MAGALHAES,PSD,SAO GONCALO DOS CAMPOS,DENTRO,47,0.04,0.0,0.0
PAULO MAGALHAES,PSD,SAO FELIPE,DENTRO,46,0.04,0.0,0.0
PAULO MAGALHAES,PSD,MEDEIROS NETO,DENTRO,46,0.04,0.0,0.0
PAULO MAGALHAES,PSD,CAETANOS,DENTRO,44,0.04,0.0,0.0
PAULO MAGALHAES,PSD,UNA,DENTRO,42,0.04,0.0,0.0
PAULO MAGALHAES,PSD,MURITIBA,DENTRO,40,0.04,0.0,0.0
PAULO MAGALHAES,PSD,TANQUINHO,DENTRO,40,0.04,0.0,0.0
PAULO MAGALHAES,PSD,ARACATU,DENTRO,40,0.04,0.0,0.0
PAULO MAGALHAES,PSD,ITORORO,DENTRO,39,0.04,0.0,0.0
PAULO MAGALHAES,PSD,PAULO AFONSO,DENTRO,38,0.04,0.0,0.0
PAULO MAGALHAES,PSD,MARAU,DENTRO,37,0.03,0.0,0.0
PAULO MAGALHAES,PSD,POJUCA,DENTRO,37,0.03,0.0,0.0
PAULO MAGALHAES,PSD,TEOLANDIA,DENTRO,36,0.03,0.0,0.0
PAULO MAGALHAES,PSD,BARRO PRETO,DENTRO,35,0.03,0.0,0.0
PAULO MAGALHAES,PSD,AMARGOSA,DENTRO,35,0.03,0.0,0.0
PAULO MAGALHAES,PSD,MUTUIPE,DENTRO,35,0.03,0.0,0.0
PAULO MAGALHAES,PSD,DARIO MEIRA,DENTRO,34,0.03,0.0,0.0
PAULO MAGALHAES,PSD,ITAPICURU,DENTRO,32,0.03,0.0,0.0
PAULO MAGALHAES,PSD,CRUZ DAS ALMAS,DENTRO,32,0.03,0.0,0.0
PAULO MAGALHAES,PSD,MORTUGABA,DENTRO,31,0.03,0.0,0.0
PAULO MAGALHAES,PSD,DOM BASILIO,DENTRO,29,0.03,0.0,0.0
PAULO MAGALHAES,PSD,BOM JESUS DA SERRA,DENTRO,29,0.03,0.0,0.0
PAULO MAGALHAES,PSD,CAMPO FORMOSO,DENTRO,28,0.03,0.0,0.0
PAULO MAGALHAES,PSD,IGUAI,DENTRO,28,0.03,0.0,0.0
PAULO MAGALHAES,PSD,JAGUARIPE,DENTRO,26,0.02,0.0,0.0
PAULO MAGALHAES,PSD,SANTA LUZIA,DENTRO,26,0.02,0.0,0.0
PAULO MAGALHAES,PSD,JEREMOABO,DENTRO,26,0.02,0.0,0.0
PAULO MAGALHAES,PSD,ITABELA,DENTRO,25,0.02,0.0,0.0
PAULO MAGALHAES,PSD,SAUBARA,DENTRO,25,0.02,0.0,0.0
PAULO MAGALHAES,PSD,NILO PECANHA,DENTRO,25,0.02,0.0,0.0
PAULO MAGALHAES,PSD,LAJEDO DO TABOCAL,DENTRO,24,0.02,0.0,0.0
PAULO MAGALHAES,PSD,MASCOTE,DENTRO,24,0.02,0.0,0.0
PAULO MAGALHAES,PSD,MAETINGA,DENTRO,23,0.02,0.0,0.0
PAULO MAGALHAES,PSD,TERRA NOVA,DENTRO,23,0.02,0.0,0.0
PAULO MAGALHAES,PSD,SAO JOSE DA VITORIA,DENTRO,22,0.02,0.0,0.0
PAULO MAGALHAES,PSD,VEREDA,DENTRO,21,0.02,0.0,0.0
PAULO MAGALHAES,PSD,INHAMBUPE,DENTRO,21,0.02,0.0,0.0
PAULO MAGALHAES,PSD,ITAGI,DENTRO,21,0.02,0.0,0.0
PAULO MAGALHAES,PSD,CONDE,DENTRO,21,0.02,0.0,0.0
PAULO MAGALHAES,PSD,IBITIARA,DENTRO,20,0.02,0.0,0.0
PAULO MAGALHAES,PSD,SERRINHA,DENTRO,20,0.02,0.0,0.0
PAULO MAGALHAES,PSD,UBAIRA,DENTRO,19,0.02,0.0,0.0
PAULO MAGALHAES,PSD,IPECAETA,DENTRO,19,0.02,0.0,0.0
PAULO MAGALHAES,PSD,JIQUIRICA,DENTRO,18,0.02,0.0,0.0
PAULO MAGALHAES,PSD,RIACHO DE SANTANA,DENTRO,18,0.02,0.0,0.0
PAULO MAGALHAES,PSD,ITAGIBA,DENTRO,18,0.02,0.0,0.0
PAULO MAGALHAES,PSD,LAJE,DENTRO,18,0.02,0.0,0.0
PAULO MAGALHAES,PSD,PLANALTO,DENTRO,18,0.02,0.0,0.0
PAULO MAGALHAES,PSD,JUSSIAPE,DENTRO,18,0.02,0.0,0.0
PAULO MAGALHAES,PSD,SANTA CRUZ CABRALIA,DENTRO,17,0.02,0.0,0.0
PAULO MAGALHAES,PSD,SANTA CRUZ DA VITORIA,DENTRO,17,0.02,0.0,0.0
PAULO MAGALHAES,PSD,SALINAS DA MARGARIDA,DENTRO,17,0.02,0.0,0.0
PAULO MAGALHAES,PSD,IBICUI,DENTRO,17,0.02,0.0,0.0
PAULO MAGALHAES,PSD,ITAMBE,DENTRO,16,0.01,0.0,0.0
PAULO MAGALHAES,PSD,CARINHANHA,DENTRO,16,0.01,0.0,0.0
PAULO MAGALHAES,PSD,MADRE DE DEUS,DENTRO,16,0.01,0.0,0.0
PAULO MAGALHAES,PSD,BOM JESUS DA LAPA,DENTRO,16,0.01,0.0,0.0
PAULO MAGALHAES,PSD,MATA DE SAO JOAO,DENTRO,16,0.01,0.0,0.0
PAULO MAGALHAES,PSD,MIGUEL CALMON,DENTRO,16,0.01,0.0,0.0
PAULO MAGALHAES,PSD,CAETITE,DENTRO,16,0.01,0.0,0.0
PAULO MAGALHAES,PSD,MIRANTE,DENTRO,16,0.01,0.0,0.0
PAULO MAGALHAES,PSD,ARATACA,DENTRO,16,0.01,0.0,0.0
PAULO MAGALHAES,PSD,BELMONTE,DENTRO,16,0.01,0.0,0.0
PAULO MAGALHAES,PSD,GOVERNADOR MANGABEIRA,DENTRO,15,0.01,0.0,0.0
PAULO MAGALHAES,PSD,JUAZEIRO,DENTRO,15,0.01,0.0,0.0
PAULO MAGALHAES,PSD,SEABRA,DENTRO,15,0.01,0.0,0.0
PAULO MAGALHAES,PSD,POTIRAGUA,DENTRO,15,0.01,0.0,0.0
PAULO MAGALHAES,PSD,ITABERABA,DENTRO,15,0.01,0.0,0.0
PAULO MAGALHAES,PSD,CORDEIROS,DENTRO,15,0.01,0.0,0.0
PAULO MAGALHAES,PSD,BONITO,DENTRO,15,0.01,0.0,0.0
PAULO MAGALHAES,PSD,CANSANCAO,DENTRO,14,0.01,0.0,0.0
PAULO MAGALHAES,PSD,ITAGUACU DA BAHIA,DENTRO,14,0.01,0.0,0.0
PAULO MAGALHAES,PSD,IRAMAIA,DENTRO,14,0.01,0.0,0.0
PAULO MAGALHAES,PSD,CASTRO ALVES,DENTRO,14,0.01,0.0,0.0
PAULO MAGALHAES,PSD,ITAPARICA,DENTRO,14,0.01,0.0,0.0
PAULO MAGALHAES,PSD,JUSSARI,DENTRO,14,0.01,0.0,0.0
PAULO MAGALHAES,PSD,ANGICAL,DENTRO,14,0.01,0.0,0.0
PAULO MAGALHAES,PSD,SAO MIGUEL DAS MATAS,DENTRO,14,0.01,0.0,0.0
PAULO MAGALHAES,PSD,CRAVOLANDIA,DENTRO,14,0.01,0.0,0.0
PAULO MAGALHAES,PSD,IGRAPIUNA,DENTRO,13,0.01,0.0,0.0
PAULO MAGALHAES,PSD,MUQUEM DO SAO FRANCISCO,DENTRO,12,0.01,0.0,0.0
PAULO MAGALHAES,PSD,TANQUE NOVO,DENTRO,12,0.01,0.0,0.0
PAULO MAGALHAES,PSD,LIVRAMENTO DE NOSSA SENHORA,DENTRO,12,0.01,0.0,0.0
PAULO MAGALHAES,PSD,LUIS EDUARDO MAGALHAES,DENTRO,12,0.01,0.0,0.0
PAULO MAGALHAES,PSD,ANGUERA,DENTRO,12,0.01,0.0,0.0
PAULO MAGALHAES,PSD,ITAMARI,DENTRO,12,0.01,0.0,0.0
PAULO MAGALHAES,PSD,ENTRE RIOS,DENTRO,12,0.01,0.0,0.0
PAULO MAGALHAES,PSD,CURACA,DENTRO,12,0.01,0.0,0.0
PAULO MAGALHAES,PSD,CAATIBA,DENTRO,12,0.01,0.0,0.0
PAULO MAGALHAES,PSD,GUARATINGA,DENTRO,11,0.01,0.0,0.0
PAULO MAGALHAES,PSD,BARRA DO MENDES,DENTRO,11,0.01,0.0,0.0
PAULO MAGALHAES,PSD,PINTADAS,DENTRO,11,0.01,0.0,0.0
PAULO MAGALHAES,PSD,CONCEICAO DO COITE,DENTRO,11,0.01,0.0,0.0
PAULO MAGALHAES,PSD,CABACEIRAS DO PARAGUACU,DENTRO,11,0.01,0.0,0.0
PAULO MAGALHAES,PSD,BARRA,DENTRO,11,0.01,0.0,0.0
PAULO MAGALHAES,PSD,CONCEICAO DO ALMEIDA,DENTRO,10,0.01,0.0,0.0
PAULO MAGALHAES,PSD,LAMARAO,DENTRO,10,0.01,0.0,0.0
PAULO MAGALHAES,PSD,CACULE,DENTRO,10,0.01,0.0,0.0
PAULO MAGALHAES,PSD,CANDEAL,DENTRO,10,0.01,0.0,0.0
PAULO MAGALHAES,PSD,VALENTE,DENTRO,10,0.01,0.0,0.0
PAULO MAGALHAES,PSD,CAPIM GROSSO,DENTRO,10,0.01,0.0,0.0
PAULO MAGALHAES,PSD,GONGOGI,DENTRO,9,0.01,0.0,0.0
PAULO MAGALHAES,PSD,TUCANO,DENTRO,9,0.01,0.0,0.0
PAULO MAGALHAES,PSD,SENHOR DO BONFIM,DENTRO,9,0.01,0.0,0.0
PAULO MAGALHAES,PSD,ITARANTIM,DENTRO,9,0.01,0.0,0.0
PAULO MAGALHAES,PSD,ANTONIO CARDOSO,DENTRO,9,0.01,0.0,0.0
PAULO MAGALHAES,PSD,ESPLANADA,DENTRO,9,0.01,0.0,0.0
PAULO MAGALHAES,PSD,EUCLIDES DA CUNHA,DENTRO,8,0.01,0.0,0.0
PAULO MAGALHAES,PSD,ELISIO MEDRADO,DENTRO,8,0.01,0.0,0.0
PAULO MAGALHAES,PSD,ITAPITANGA,DENTRO,8,0.01,0.0,0.0
PAULO MAGALHAES,PSD,RAFAEL JAMBEIRO,DENTRO,8,0.01,0.0,0.0
PAULO MAGALHAES,PSD,VARZEDO,DENTRO,8,0.01,0.0,0.0
PAULO MAGALHAES,PSD,MUCUGE,DENTRO,8,0.01,0.0,0.0
PAULO MAGALHAES,PSD,SERRA DO RAMALHO,DENTRO,8,0.01,0.0,0.0
PAULO MAGALHAES,PSD,NOVA ITARANA,DENTRO,8,0.01,0.0,0.0
PAULO MAGALHAES,PSD,IRARA,DENTRO,8,0.01,0.0,0.0
PAULO MAGALHAES,PSD,MILAGRES,DENTRO,7,0.01,0.0,0.0
PAULO MAGALHAES,PSD,PIATA,DENTRO,7,0.01,0.0,0.0
PAULO MAGALHAES,PSD,JACARACI,DENTRO,7,0.01,0.0,0.0
PAULO MAGALHAES,PSD,ADUSTINA,DENTRO,7,0.01,0.0,0.0
PAULO MAGALHAES,PSD,ITATIM,DENTRO,6,0.01,0.0,0.0
PAULO MAGALHAES,PSD,PLANALTINO,DENTRO,6,0.01,0.0,0.0
PAULO MAGALHAES,PSD,MACARANI,DENTRO,6,0.01,0.0,0.0
PAULO MAGALHAES,PSD,CARDEAL DA SILVA,DENTRO,6,0.01,0.0,0.0
PAULO MAGALHAES,PSD,MUNDO NOVO,DENTRO,6,0.01,0.0,0.0
PAULO MAGALHAES,PSD,ALMADINA,DENTRO,6,0.01,0.0,0.0
PAULO MAGALHAES,PSD,SAPEACU,DENTRO,6,0.01,0.0,0.0
PAULO MAGALHAES,PSD,IBIPITANGA,DENTRO,6,0.01,0.0,0.0
PAULO MAGALHAES,PSD,CAEM,DENTRO,6,0.01,0.0,0.0
PAULO MAGALHAES,PSD,JUCURUCU,DENTRO,6,0.01,0.0,0.0
PAULO MAGALHAES,PSD,QUEIMADAS,DENTRO,6,0.01,0.0,0.0
PAULO MAGALHAES,PSD,APORA,DENTRO,6,0.01,0.0,0.0
PAULO MAGALHAES,PSD,MIRANGABA,DENTRO,6,0.01,0.0,0.0
PAULO MAGALHAES,PSD,ARACAS,DENTRO,6,0.01,0.0,0.0
PAULO MAGALHAES,PSD,FIRMINO ALVES,DENTRO,6,0.01,0.0,0.0
PAULO MAGALHAES,PSD,BONINAL,DENTRO,6,0.01,0.0,0.0
PAULO MAGALHAES,PSD,BARRA DO ROCHA,DENTRO,5,0.00,0.0,0.0
PAULO MAGALHAES,PSD,ANDARAI,DENTRO,5,0.00,0.0,0.0
PAULO MAGALHAES,PSD,LAPAO,DENTRO,5,0.00,0.0,0.0
PAULO MAGALHAES,PSD,BOA VISTA DO TUPIM,DENTRO,5,0.00,0.0,0.0
PAULO MAGALHAES,PSD,MARCIONILIO SOUZA,DENTRO,5,0.00,0.0,0.0
PAULO MAGALHAES,PSD,ITAPEBI,DENTRO,5,0.00,0.0,0.0
PAULO MAGALHAES,PSD,BAIXA GRANDE,DENTRO,5,0.00,0.0,0.0
PAULO MAGALHAES,PSD,ANTAS,DENTRO,5,0.00,0.0,0.0
PAULO MAGALHAES,PSD,SANTALUZ,DENTRO,5,0.00,0.0,0.0
PAULO MAGALHAES,PSD,BROTAS DE MACAUBAS,DENTRO,5,0.00,0.0,0.0
PAULO MAGALHAES,PSD,CATURAMA,DENTRO,5,0.00,0.0,0.0
PAULO MAGALHAES,PSD,RIACHAO DO JACUIPE,DENTRO,4,0.00,0.0,0.0
PAULO MAGALHAES,PSD,MAIRI,DENTRO,4,0.00,0.0,0.0
PAULO MAGALHAES,PSD,VARZEA DA ROCA,DENTRO,4,0.00,0.0,0.0
PAULO MAGALHAES,PSD,GUAJERU,DENTRO,4,0.00,0.0,0.0
PAULO MAGALHAES,PSD,IBIRAPUA,DENTRO,4,0.00,0.0,0.0
PAULO MAGALHAES,PSD,LAFAIETE COUTINHO,DENTRO,4,0.00,0.0,0.0
PAULO MAGALHAES,PSD,ARATUIPE,DENTRO,4,0.00,0.0,0.0
PAULO MAGALHAES,PSD,ARACI,DENTRO,4,0.00,0.0,0.0
PAULO MAGALHAES,PSD,IRAJUBA,DENTRO,4,0.00,0.0,0.0
PAULO MAGALHAES,PSD,SERRA PRETA,DENTRO,4,0.00,0.0,0.0
PAULO MAGALHAES,PSD,PE DE SERRA,DENTRO,4,0.00,0.0,0.0
PAULO MAGALHAES,PSD,PIRAI DO NORTE,DENTRO,4,0.00,0.0,0.0
PAULO MAGALHAES,PSD,IRECE,DENTRO,4,0.00,0.0,0.0
PAULO MAGALHAES,PSD,PARAMIRIM,DENTRO,4,0.00,0.0,0.0
PAULO MAGALHAES,PSD,MORPARA,DENTRO,4,0.00,0.0,0.0
PAULO MAGALHAES,PSD,NOVA FATIMA,DENTRO,4,0.00,0.0,0.0
PAULO MAGALHAES,PSD,BOTUPORA,DENTRO,3,0.00,0.0,0.0
PAULO MAGALHAES,PSD,SANTA TEREZINHA,DENTRO,3,0.00,0.0,0.0
PAULO MAGALHAES,PSD,SANTA RITA DE CASSIA,DENTRO,3,0.00,0.0,0.0
PAULO MAGALHAES,PSD,UAUA,DENTRO,3,0.00,0.0,0.0
PAULO MAGALHAES,PSD,SAUDE,DENTRO,3,0.00,0.0,0.0
PAULO MAGALHAES,PSD,SOUTO SOARES,DENTRO,3,0.00,0.0,0.0
PAULO MAGALHAES,PSD,BREJOES,DENTRO,3,0.00,0.0,0.0
PAULO MAGALHAES,PSD,RUY BARBOSA,DENTRO,3,0.00,0.0,0.0
PAULO MAGALHAES,PSD,LAJEDAO,DENTRO,3,0.00,0.0,0.0
PAULO MAGALHAES,PSD,MALHADA DE PEDRAS,DENTRO,3,0.00,0.0,0.0
PAULO MAGALHAES,PSD,OLINDINA,DENTRO,3,0.00,0.0,0.0
PAULO MAGALHAES,PSD,MUNIZ FERREIRA,DENTRO,3,0.00,0.0,0.0
PAULO MAGALHAES,PSD,CAFARNAUM,DENTRO,3,0.00,0.0,0.0
PAULO MAGALHAES,PSD,RIACHAO DAS NEVES,DENTRO,2,0.00,0.0,0.0
PAULO MAGALHAES,PSD,SITIO DO MATO,DENTRO,2,0.00,0.0,0.0
PAULO MAGALHAES,PSD,VARZEA NOVA,DENTRO,2,0.00,0.0,0.0
PAULO MAGALHAES,PSD,UTINGA,DENTRO,2,0.00,0.0,0.0
PAULO MAGALHAES,PSD,LICINIO DE ALMEIDA,DENTRO,2,0.00,0.0,0.0
PAULO MAGALHAES,PSD,TEOFILANDIA,DENTRO,2,0.00,0.0,0.0
PAULO MAGALHAES,PSD,OURICANGAS,DENTRO,2,0.00,0.0,0.0
PAULO MAGALHAES,PSD,CANUDOS,DENTRO,2,0.00,0.0,0.0
PAULO MAGALHAES,PSD,CRISOPOLIS,DENTRO,2,0.00,0.0,0.0
PAULO MAGALHAES,PSD,CICERO DANTAS,DENTRO,2,0.00,0.0,0.0
PAULO MAGALHAES,PSD,JAGUARARI,DENTRO,2,0.00,0.0,0.0
PAULO MAGALHAES,PSD,PEDRO ALEXANDRE,DENTRO,2,0.00,0.0,0.0
PAULO MAGALHAES,PSD,NOVO HORIZONTE,DENTRO,2,0.00,0.0,0.0
PAULO MAGALHAES,PSD,RIO DO PIRES,DENTRO,2,0.00,0.0,0.0
PAULO MAGALHAES,PSD,SATIRO DIAS,DENTRO,2,0.00,0.0,0.0
PAULO MAGALHAES,PSD,PIRITIBA,DENTRO,2,0.00,0.0,0.0
PAULO MAGALHAES,PSD,CATOLANDIA,DENTRO,2,0.00,0.0,0.0
PAULO MAGALHAES,PSD,ABARE,DENTRO,2,0.00,0.0,0.0
PAULO MAGALHAES,PSD,SANTA MARIA DA VITORIA,DENTRO,2,0.00,0.0,0.0
PAULO MAGALHAES,PSD,PALMEIRAS,DENTRO,2,0.00,0.0,0.0
PAULO MAGALHAES,PSD,NOVA SOURE,DENTRO,2,0.00,0.0,0.0
PAULO MAGALHAES,PSD,ARAMARI,DENTRO,2,0.00,0.0,0.0
PAULO MAGALHAES,PSD,PEDRAO,DENTRO,2,0.00,0.0,0.0
PAULO MAGALHAES,PSD,CIPO,DENTRO,2,0.00,0.0,0.0
PAULO MAGALHAES,PSD,SENTO SE,DENTRO,1,0.00,0.0,0.0
PAULO MAGALHAES,PSD,AGUA FRIA,DENTRO,1,0.00,0.0,0.0
PAULO MAGALHAES,PSD,LENCOIS,DENTRO,1,0.00,0.0,0.0
PAULO MAGALHAES,PSD,MATINA,DENTRO,1,0.00,0.0,0.0
PAULO MAGALHAES,PSD,ITAETE,DENTRO,1,0.00,0.0,0.0
PAULO MAGALHAES,PSD,SANTA INES,DENTRO,1,0.00,0.0,0.0
PAULO MAGALHAES,PSD,MACURURE,DENTRO,1,0.00,0.0,0.0
PAULO MAGALHAES,PSD,CENTRAL,DENTRO,1,0.00,0.0,0.0
PAULO MAGALHAES,PSD,URANDI,DENTRO,1,0.00,0.0,0.0
PAULO MAGALHAES,PSD,SANTA BRIGIDA,DENTRO,1,0.00,0.0,0.0
PAULO MAGALHAES,PSD,LAGOA REAL,DENTRO,1,0.00,0.0,0.0
PAULO MAGALHAES,PSD,IBIPEBA,DENTRO,1,0.00,0.0,0.0
PAULO MAGALHAES,PSD,MAIQUINIQUE,DENTRO,1,0.00,0.0,0.0
PAULO MAGALHAES,PSD,MULUNGU DO MORRO,DENTRO,1,0.00,0.0,0.0
PAULO MAGALHAES,PSD,BURITIRAMA,DENTRO,1,0.00,0.0,0.0
PAULO MAGALHAES,PSD,ABAIRA,DENTRO,1,0.00,0.0,0.0
PAULO MAGALHAES,PSD,SANTANOPOLIS,DENTRO,1,0.00,0.0,0.0
PAULO MAGALHAES,PSD,RIBEIRA DO POMBAL,DENTRO,1,0.00,0.0,0.0
PAULO MAGALHAES,PSD,ITANAGRA,DENTRO,1,0.00,0.0,0.0
PAULO MAGALHAES,PSD,JUSSARA,DENTRO,1,0.00,0.0,0.0
PAULO MAGALHAES,PSD,ERICO CARDOSO,DENTRO,1,0.00,0.0,0.0
PAULO MAGALHAES,PSD,WAGNER,DENTRO,1,0.00,0.0,0.0
PAULO MAGALHAES,PSD,GENTIO DO OURO,DENTRO,1,0.00,0.0,0.0
PAULO MAGALHAES,PSD,IBOTIRAMA,DENTRO,1,0.00,0.0,0.0
PAULO MAGALHAES,PSD,OUROLANDIA,DENTRO,1,0.00,0.0,0.0
PAULO MAGALHAES,PSD,PALMAS DE MONTE ALTO,DENTRO,1,0.00,0.0,0.0
PAULO MAGALHAES,PSD,ITAGIMIRIM,DENTRO,1,0.00,0.0,0.0
PAULO MAGALHAES,PSD,MORRO DO CHAPEU,DENTRO,1,0.00,0.0,0.0
PAULO MAGALHAES,PSD,UIBAI,DENTRO,0,0.00,0.0,0.0
PAULO MAGALHAES,PSD,ANTONIO GONCALVES,DENTRO,0,0.00,0.0,0.0
PAULO MAGALHAES,PSD,BAIANOPOLIS,DENTRO,0,0.00,0.0,0.0
PAULO MAGALHAES,PSD,COCOS,DENTRO,0,0.00,0.0,0.0
PAULO MAGALHAES,PSD,FATIMA,DENTRO,0,0.00,0.0,0.0
PAULO MAGALHAES,PSD,SEBASTIAO LARANJEIRAS,DENTRO,0,0.00,0.0,0.0
PAULO MAGALHAES,PSD,SAO DESIDERIO,DENTRO,0,0.00,0.0,0.0
PAULO MAGALHAES,PSD,BARRO ALTO,DENTRO,0,0.00,0.0,0.0
PAULO MAGALHAES,PSD,COTEGIPE,DENTRO,0,0.00,0.0,0.0
PAULO MAGALHAES,PSD,MACAUBAS,DENTRO,0,0.00,0.0,0.0
PAULO MAGALHAES,PSD,CANAPOLIS,DENTRO,0,0.00,0.0,0.0
PAULO MAGALHAES,PSD,LAJEDINHO,DENTRO,0,0.00,0.0,0.0
PAULO MAGALHAES,PSD,XIQUE-XIQUE,DENTRO,0,0.00,0.0,0.0
PAULO MAGALHAES,PSD,IPUPIARA,DENTRO,0,0.00,0.0,0.0
PAULO MAGALHAES,PSD,PINDOBACU,DENTRO,0,0.00,0.0,0.0
PAULO MAGALHAES,PSD,REMANSO,DENTRO,0,0.00,0.0,0.0
PAULO MAGALHAES,PSD,MONTE SANTO,DENTRO,0,0.00,0.0,0.0
PAULO MAGALHAES,PSD,CORIBE,DENTRO,0,0.00,0.0,0.0
PAULO MAGALHAES,PSD,CASA NOVA,DENTRO,0,0.00,0.0,0.0
PAULO MAGALHAES,PSD,ITIUBA,DENTRO,0,0.00,0.0,0.0
PAULO MAGALHAES,PSD,CHORROCHO,DENTRO,0,0.00,0.0,0.0
PAULO MAGALHAES,PSD,IBITITA,DENTRO,0,0.00,0.0,0.0
PAULO MAGALHAES,PSD,OLIVEIRA DOS BREJINHOS,DENTRO,0,0.00,0.0,0.0
PAULO MAGALHAES,PSD,IACU,DENTRO,0,0.00,0.0,0.0
PAULO MAGALHAES,PSD,IGAPORA,DENTRO,0,0.00,0.0,0.0
PAULO MAGALHAES,PSD,RIO DO ANTONIO,DENTRO,0,0.00,0.0,0.0
PAULO MAGALHAES,PSD,UMBURANAS,DENTRO,0,0.00,0.0,0.0
PAULO MAGALHAES,PSD,CRISTOPOLIS,DENTRO,0,0.00,0.0,0.0
PAULO MAGALHAES,PSD,PARATINGA,DENTRO,0,0.00,0.0,0.0
PAULO MAGALHAES,PSD,SAO DOMINGOS,DENTRO,0,0.00,0.0,0.0
PAULO MAGALHAES,PSD,SAO JOSE DO JACUIPE,DENTRO,0,0.00,0.0,0.0
PAULO MAGALHAES,PSD,CAPELA DO ALTO ALEGRE,DENTRO,0,0.00,0.0,0.0
PAULO MAGALHAES,PSD,QUIXABEIRA,DENTRO,0,0.00,0.0,0.0
PAULO MAGALHAES,PSD,VARZEA DO POCO,DENTRO,0,0.00,0.0,0.0
PAULO MAGALHAES,PSD,BARROCAS,DENTRO,0,0.00,0.0,0.0
PAULO MAGALHAES,PSD,HELIOPOLIS,DENTRO,0,0.00,0.0,0.0
PAULO MAGALHAES,PSD,IBIQUERA,DENTRO,0,0.00,0.0,0.0
PAULO MAGALHAES,PSD,PINDAI,DENTRO,0,0.00,0.0,0.0
PAULO MAGALHAES,PSD,NOVO TRIUNFO,DENTRO,0,0.00,0.0,0.0
PAULO MAGALHAES,PSD,RIBEIRA DO AMPARO,DENTRO,0,0.00,0.0,0.0
PAULO MAGALHAES,PSD,JABORANDI,DENTRO,0,0.00,0.0,0.0
PAULO MAGALHAES,PSD,FORMOSA DO RIO PRETO,DENTRO,0,0.00,0.0,0.0
PAULO MAGALHAES,PSD,SERRA DOURADA,DENTRO,0,0.00,0.0,0.0
PAULO MAGALHAES,PSD,SAO FELIX DO CORIBE,DENTRO,0,0.00,0.0,0.0
PAULO MAGALHAES,PSD,CANARANA,DENTRO,0,0.00,0.0,0.0
PAULO MAGALHAES,PSD,FEIRA DA MATA,DENTRO,0,0.00,0.0,0.0
PAULO MAGALHAES,PSD,BOQUIRA,DENTRO,0,0.00,0.0,0.0
PAULO MAGALHAES,PSD,TABOCAS DO BREJO VELHO,DENTRO,0,0.00,0.0,0.0
PAULO MAGALHAES,PSD,MANSIDAO,DENTRO,0,0.00,0.0,0.0
PAULO MAGALHAES,PSD,CALDEIRAO GRANDE,DENTRO,0,0.00,0.0,0.0
PAULO MAGALHAES,PSD,NOVA REDENCAO,DENTRO,0,0.00,0.0,0.0
PAULO MAGALHAES,PSD,PONTO NOVO,DENTRO,0,0.00,0.0,0.0
PAULO MAGALHAES,PSD,CAMPO ALEGRE DE LOURDES,DENTRO,0,0.00,0.0,0.0
PAULO MAGALHAES,PSD,IRAQUARA,DENTRO,0,0.00,0.0,0.0
PAULO MAGALHAES,PSD,MALHADA,DENTRO,0,0.00,0.0,0.0
PAULO MAGALHAES,PSD,IUIU,DENTRO,0,0.00,0.0,0.0
PAULO MAGALHAES,PSD,TAPIRAMUTA,DENTRO,0,0.00,0.0,0.0
PAULO MAGALHAES,PSD,CORRENTINA,DENTRO,0,0.00,0.0,0.0
PAULO MAGALHAES,PSD,SOBRADINHO,DENTRO,0,0.00,0.0,0.0
PAULO MAGALHAES,PSD,SAO GABRIEL,DENTRO,0,0.00,0.0,0.0
PAULO MAGALHAES,PSD,PRESIDENTE DUTRA,DENTRO,0,0.00,0.0,0.0
PAULO MAGALHAES,PSD,AMERICA DOURADA,DENTRO,0,0.00,0.0,0.0
PAULO MAGALHAES,PSD,SERROLANDIA,DENTRO,0,0.00,0.0,0.0
PAULO MAGALHAES,PSD,CANDIBA,DENTRO,0,0.00,0.0,0.0
PAULO MAGALHAES,PSD,GLORIA,DENTRO,0,0.00,0.0,0.0
PAULO MAGALHAES,PSD,RODELAS,DENTRO,0,0.00,0.0,0.0
PAULO MAGALHAES,PSD,WANDERLEY,DENTRO,0,0.00,0.0,0.0
PAULO MAGALHAES,PSD,ANDORINHA,DENTRO,0,0.00,0.0,0.0
PAULO MAGALHAES,PSD,QUIJINGUE,DENTRO,0,0.00,0.0,0.0
PAULO MAGALHAES,PSD,RETIROLANDIA,DENTRO,0,0.00,0.0,0.0
PAULO MAGALHAES,PSD,BANZAE,DENTRO,0,0.00,0.0,0.0
PAULO MAGALHAES,PSD,MACAJUBA,DENTRO,0,0.00,0.0,0.0
PAULO MAGALHAES,PSD,ICHU,DENTRO,0,0.00,0.0,0.0
PAULO MAGALHAES,PSD,PILAO ARCADO,DENTRO,0,0.00,0.0,0.0
PAULO MAGALHAES,PSD,SANTANA,DENTRO,0,0.00,0.0,0.0
PAULO MAGALHAES,PSD,FILADELFIA,DENTRO,0,0.00,0.0,0.0
PAULO MAGALHAES,PSD,BREJOLANDIA,DENTRO,0,0.00,0.0,0.0
PAULO MAGALHAES,PSD,JOAO DOURADO,DENTRO,0,0.00,0.0,0.0
PAULO MAGALHAES,PSD,BIRITINGA,DENTRO,0,0.00,0.0,0.0
PAULO MAGALHAES,PSD,IBIASSUCE,DENTRO,0,0.00,0.0,0.0
PAULO MAGALHAES,PSD,GAVIAO,DENTRO,0,0.00,0.0,0.0
PAULO MAGALHAES,PSD,MULTIPLO,AMPLO,0,0,118117613.09,98.58
PAULO MAGALHAES,PSD,SEM INFORMACAO,AMPLO,0,0,1499971.0,1.25
PAULO MAGALHAES,PSD,IBICOARA (BAHIA),FORA,0,0,200000.0,0.17
ALEX SANTANA,REPUBLICANOS,SALVADOR,DENTRO,16273,15.22,0.0,0
ALEX SANTANA,REPUBLICANOS,CAMACARI,DENTRO,4123,3.86,0.0,0
ALEX SANTANA,REPUBLICANOS,VITORIA DA CONQUISTA,DENTRO,3065,2.87,0.0,0
ALEX SANTANA,REPUBLICANOS,FEIRA DE SANTANA,DENTRO,2861,2.68,0.0,0
ALEX SANTANA,REPUBLICANOS,PORTO SEGURO,DENTRO,2718,2.54,0.0,0
ALEX SANTANA,REPUBLICANOS,JUAZEIRO,DENTRO,2035,1.90,0.0,0
ALEX SANTANA,REPUBLICANOS,EUNAPOLIS,DENTRO,1773,1.66,0.0,0
ALEX SANTANA,REPUBLICANOS,WENCESLAU GUIMARAES,DENTRO,1685,1.58,0.0,0
ALEX SANTANA,REPUBLICANOS,TEIXEIRA DE FREITAS,DENTRO,1640,1.53,0.0,0
ALEX SANTANA,REPUBLICANOS,LAURO DE FREITAS,DENTRO,1539,1.44,0.0,0
ALEX SANTANA,REPUBLICANOS,DIAS D AVILA,DENTRO,1346,1.26,0.0,0
ALEX SANTANA,REPUBLICANOS,ILHEUS,DENTRO,1310,1.22,0.0,0
ALEX SANTANA,REPUBLICANOS,BRUMADO,DENTRO,1263,1.18,0.0,0
ALEX SANTANA,REPUBLICANOS,VALENCA,DENTRO,1249,1.17,0.0,0
ALEX SANTANA,REPUBLICANOS,MUCURI,DENTRO,1218,1.14,0.0,0
ALEX SANTANA,REPUBLICANOS,CAMAMU,DENTRO,1180,1.10,0.0,0
ALEX SANTANA,REPUBLICANOS,ITABUNA,DENTRO,1138,1.06,0.0,0
ALEX SANTANA,REPUBLICANOS,IRECE,DENTRO,1023,0.96,0.0,0
ALEX SANTANA,REPUBLICANOS,ITUBERA,DENTRO,981,0.92,0.0,0
ALEX SANTANA,REPUBLICANOS,IBICARAI,DENTRO,941,0.88,0.0,0
ALEX SANTANA,REPUBLICANOS,JACOBINA,DENTRO,941,0.88,0.0,0
ALEX SANTANA,REPUBLICANOS,CAFARNAUM,DENTRO,875,0.82,0.0,0
ALEX SANTANA,REPUBLICANOS,GANDU,DENTRO,777,0.73,0.0,0
ALEX SANTANA,REPUBLICANOS,CAMACA,DENTRO,752,0.70,0.0,0
ALEX SANTANA,REPUBLICANOS,ESPLANADA,DENTRO,722,0.68,0.0,0
ALEX SANTANA,REPUBLICANOS,SIMOES FILHO,DENTRO,715,0.67,0.0,0
ALEX SANTANA,REPUBLICANOS,CAMPO FORMOSO,DENTRO,702,0.66,0.0,0
ALEX SANTANA,REPUBLICANOS,GUARATINGA,DENTRO,664,0.62,0.0,0
ALEX SANTANA,REPUBLICANOS,SERRINHA,DENTRO,647,0.61,0.0,0
ALEX SANTANA,REPUBLICANOS,CANDIDO SALES,DENTRO,642,0.60,0.0,0
ALEX SANTANA,REPUBLICANOS,CONCEICAO DO COITE,DENTRO,638,0.60,0.0,0
ALEX SANTANA,REPUBLICANOS,SANTO ANTONIO DE JESUS,DENTRO,628,0.59,0.0,0
ALEX SANTANA,REPUBLICANOS,ITABERABA,DENTRO,588,0.55,0.0,0
ALEX SANTANA,REPUBLICANOS,IPIRA,DENTRO,584,0.55,0.0,0
ALEX SANTANA,REPUBLICANOS,MORRO DO CHAPEU,DENTRO,577,0.54,0.0,0
ALEX SANTANA,REPUBLICANOS,EUCLIDES DA CUNHA,DENTRO,573,0.54,0.0,0
ALEX SANTANA,REPUBLICANOS,URUCUCA,DENTRO,538,0.50,0.0,0
ALEX SANTANA,REPUBLICANOS,CRUZ DAS ALMAS,DENTRO,537,0.50,0.0,0
ALEX SANTANA,REPUBLICANOS,SANTO ESTEVAO,DENTRO,521,0.49,0.0,0
ALEX SANTANA,REPUBLICANOS,JEQUIE,DENTRO,514,0.48,0.0,0
ALEX SANTANA,REPUBLICANOS,PRESIDENTE TANCREDO NEVES,DENTRO,497,0.46,0.0,0
ALEX SANTANA,REPUBLICANOS,ITAMARAJU,DENTRO,488,0.46,0.0,0
ALEX SANTANA,REPUBLICANOS,ENTRE RIOS,DENTRO,475,0.44,0.0,0
ALEX SANTANA,REPUBLICANOS,IBICOARA,DENTRO,472,0.44,0.0,0
ALEX SANTANA,REPUBLICANOS,MATA DE SAO JOAO,DENTRO,455,0.43,0.0,0
ALEX SANTANA,REPUBLICANOS,ALAGOINHAS,DENTRO,454,0.42,0.0,0
ALEX SANTANA,REPUBLICANOS,LUIS EDUARDO MAGALHAES,DENTRO,441,0.41,0.0,0
ALEX SANTANA,REPUBLICANOS,SANTALUZ,DENTRO,437,0.41,0.0,0
ALEX SANTANA,REPUBLICANOS,OUROLANDIA,DENTRO,423,0.40,0.0,0
ALEX SANTANA,REPUBLICANOS,POJUCA,DENTRO,412,0.39,0.0,0
ALEX SANTANA,REPUBLICANOS,POCOES,DENTRO,394,0.37,0.0,0
ALEX SANTANA,REPUBLICANOS,IPIAU,DENTRO,391,0.37,0.0,0
ALEX SANTANA,REPUBLICANOS,UMBURANAS,DENTRO,385,0.36,0.0,0
ALEX SANTANA,REPUBLICANOS,IBIRAPITANGA,DENTRO,382,0.36,0.0,0
ALEX SANTANA,REPUBLICANOS,BARREIRAS,DENTRO,381,0.36,0.0,0
ALEX SANTANA,REPUBLICANOS,VALENTE,DENTRO,370,0.35,0.0,0
ALEX SANTANA,REPUBLICANOS,CANSANCAO,DENTRO,365,0.34,0.0,0
ALEX SANTANA,REPUBLICANOS,SOBRADINHO,DENTRO,352,0.33,0.0,0
ALEX SANTANA,REPUBLICANOS,NOVA VICOSA,DENTRO,339,0.32,0.0,0
ALEX SANTANA,REPUBLICANOS,SENHOR DO BONFIM,DENTRO,339,0.32,0.0,0
ALEX SANTANA,REPUBLICANOS,CANARANA,DENTRO,338,0.32,0.0,0
ALEX SANTANA,REPUBLICANOS,ITAPETINGA,DENTRO,337,0.32,0.0,0
ALEX SANTANA,REPUBLICANOS,ITABELA,DENTRO,331,0.31,0.0,0
ALEX SANTANA,REPUBLICANOS,SENTO SE,DENTRO,328,0.31,0.0,0
ALEX SANTANA,REPUBLICANOS,TEOLANDIA,DENTRO,326,0.30,0.0,0
ALEX SANTANA,REPUBLICANOS,BAIXA GRANDE,DENTRO,323,0.30,0.0,0
ALEX SANTANA,REPUBLICANOS,JAGUAQUARA,DENTRO,313,0.29,0.0,0
ALEX SANTANA,REPUBLICANOS,ITACARE,DENTRO,312,0.29,0.0,0
ALEX SANTANA,REPUBLICANOS,CANAVIEIRAS,DENTRO,303,0.28,0.0,0
ALEX SANTANA,REPUBLICANOS,MUTUIPE,DENTRO,299,0.28,0.0,0
ALEX SANTANA,REPUBLICANOS,CASA NOVA,DENTRO,296,0.28,0.0,0
ALEX SANTANA,REPUBLICANOS,MIGUEL CALMON,DENTRO,287,0.27,0.0,0
ALEX SANTANA,REPUBLICANOS,PRADO,DENTRO,282,0.26,0.0,0
ALEX SANTANA,REPUBLICANOS,LIVRAMENTO DE NOSSA SENHORA,DENTRO,279,0.26,0.0,0
ALEX SANTANA,REPUBLICANOS,MEDEIROS NETO,DENTRO,279,0.26,0.0,0
ALEX SANTANA,REPUBLICANOS,CAETITE,DENTRO,278,0.26,0.0,0
ALEX SANTANA,REPUBLICANOS,BARRO ALTO,DENTRO,271,0.25,0.0,0
ALEX SANTANA,REPUBLICANOS,CIPO,DENTRO,271,0.25,0.0,0
ALEX SANTANA,REPUBLICANOS,CARAVELAS,DENTRO,268,0.25,0.0,0
ALEX SANTANA,REPUBLICANOS,ARACATU,DENTRO,261,0.24,0.0,0
ALEX SANTANA,REPUBLICANOS,IGRAPIUNA,DENTRO,256,0.24,0.0,0
ALEX SANTANA,REPUBLICANOS,FORMOSA DO RIO PRETO,DENTRO,255,0.24,0.0,0
ALEX SANTANA,REPUBLICANOS,SAO SEBASTIAO DO PASSE,DENTRO,252,0.24,0.0,0
ALEX SANTANA,REPUBLICANOS,UBAIRA,DENTRO,248,0.23,0.0,0
ALEX SANTANA,REPUBLICANOS,VERA CRUZ,DENTRO,244,0.23,0.0,0
ALEX SANTANA,REPUBLICANOS,BELMONTE,DENTRO,243,0.23,0.0,0
ALEX SANTANA,REPUBLICANOS,JIQUIRICA,DENTRO,242,0.23,0.0,0
ALEX SANTANA,REPUBLICANOS,MALHADA DE PEDRAS,DENTRO,240,0.22,0.0,0
ALEX SANTANA,REPUBLICANOS,MARAU,DENTRO,238,0.22,0.0,0
ALEX SANTANA,REPUBLICANOS,CARINHANHA,DENTRO,237,0.22,0.0,0
ALEX SANTANA,REPUBLICANOS,QUIJINGUE,DENTRO,237,0.22,0.0,0
ALEX SANTANA,REPUBLICANOS,PAULO AFONSO,DENTRO,233,0.22,0.0,0
ALEX SANTANA,REPUBLICANOS,NORDESTINA,DENTRO,232,0.22,0.0,0
ALEX SANTANA,REPUBLICANOS,SAO GONCALO DOS CAMPOS,DENTRO,231,0.22,0.0,0
ALEX SANTANA,REPUBLICANOS,ITANHEM,DENTRO,230,0.22,0.0,0
ALEX SANTANA,REPUBLICANOS,ARACI,DENTRO,227,0.21,0.0,0
ALEX SANTANA,REPUBLICANOS,SANTA CRUZ CABRALIA,DENTRO,224,0.21,0.0,0
ALEX SANTANA,REPUBLICANOS,GUANAMBI,DENTRO,219,0.20,0.0,0
ALEX SANTANA,REPUBLICANOS,IRARA,DENTRO,219,0.20,0.0,0
ALEX SANTANA,REPUBLICANOS,CATU,DENTRO,218,0.20,0.0,0
ALEX SANTANA,REPUBLICANOS,ITAPICURU,DENTRO,216,0.20,0.0,0
ALEX SANTANA,REPUBLICANOS,CAIRU,DENTRO,216,0.20,0.0,0
ALEX SANTANA,REPUBLICANOS,INHAMBUPE,DENTRO,215,0.20,0.0,0
ALEX SANTANA,REPUBLICANOS,BOM JESUS DA LAPA,DENTRO,215,0.20,0.0,0
ALEX SANTANA,REPUBLICANOS,IBITITA,DENTRO,213,0.20,0.0,0
ALEX SANTANA,REPUBLICANOS,VARZEA NOVA,DENTRO,211,0.20,0.0,0
ALEX SANTANA,REPUBLICANOS,AMELIA RODRIGUES,DENTRO,209,0.20,0.0,0
ALEX SANTANA,REPUBLICANOS,MULUNGU DO MORRO,DENTRO,208,0.19,0.0,0
ALEX SANTANA,REPUBLICANOS,LAJE,DENTRO,206,0.19,0.0,0
ALEX SANTANA,REPUBLICANOS,IBIRATAIA,DENTRO,204,0.19,0.0,0
ALEX SANTANA,REPUBLICANOS,NILO PECANHA,DENTRO,202,0.19,0.0,0
ALEX SANTANA,REPUBLICANOS,SANTA MARIA DA VITORIA,DENTRO,200,0.19,0.0,0
ALEX SANTANA,REPUBLICANOS,SAO DESIDERIO,DENTRO,198,0.19,0.0,0
ALEX SANTANA,REPUBLICANOS,CANDEIAS,DENTRO,192,0.18,0.0,0
ALEX SANTANA,REPUBLICANOS,POTIRAGUA,DENTRO,192,0.18,0.0,0
ALEX SANTANA,REPUBLICANOS,LAPAO,DENTRO,187,0.17,0.0,0
ALEX SANTANA,REPUBLICANOS,JOAO DOURADO,DENTRO,187,0.17,0.0,0
ALEX SANTANA,REPUBLICANOS,SEABRA,DENTRO,186,0.17,0.0,0
ALEX SANTANA,REPUBLICANOS,CONCEICAO DA FEIRA,DENTRO,186,0.17,0.0,0
ALEX SANTANA,REPUBLICANOS,UBAITABA,DENTRO,181,0.17,0.0,0
ALEX SANTANA,REPUBLICANOS,JAGUARARI,DENTRO,179,0.17,0.0,0
ALEX SANTANA,REPUBLICANOS,ALCOBACA,DENTRO,179,0.17,0.0,0
ALEX SANTANA,REPUBLICANOS,BARRA DO CHOCA,DENTRO,177,0.17,0.0,0
ALEX SANTANA,REPUBLICANOS,BUERAREMA,DENTRO,176,0.16,0.0,0
ALEX SANTANA,REPUBLICANOS,CONDE,DENTRO,176,0.16,0.0,0
ALEX SANTANA,REPUBLICANOS,ITAGIBA,DENTRO,174,0.16,0.0,0
ALEX SANTANA,REPUBLICANOS,PIATA,DENTRO,173,0.16,0.0,0
ALEX SANTANA,REPUBLICANOS,PINDOBACU,DENTRO,169,0.16,0.0,0
ALEX SANTANA,REPUBLICANOS,ITIUBA,DENTRO,167,0.16,0.0,0
ALEX SANTANA,REPUBLICANOS,RIACHAO DAS NEVES,DENTRO,166,0.16,0.0,0
ALEX SANTANA,REPUBLICANOS,UNA,DENTRO,166,0.16,0.0,0
ALEX SANTANA,REPUBLICANOS,FILADELFIA,DENTRO,165,0.15,0.0,0
ALEX SANTANA,REPUBLICANOS,TEOFILANDIA,DENTRO,164,0.15,0.0,0
ALEX SANTANA,REPUBLICANOS,NOVA IBIA,DENTRO,163,0.15,0.0,0
ALEX SANTANA,REPUBLICANOS,MARACAS,DENTRO,162,0.15,0.0,0
ALEX SANTANA,REPUBLICANOS,TUCANO,DENTRO,159,0.15,0.0,0
ALEX SANTANA,REPUBLICANOS,SANTA CRUZ DA VITORIA,DENTRO,155,0.14,0.0,0
ALEX SANTANA,REPUBLICANOS,SERRA DO RAMALHO,DENTRO,155,0.14,0.0,0
ALEX SANTANA,REPUBLICANOS,IBIRAPUA,DENTRO,152,0.14,0.0,0
ALEX SANTANA,REPUBLICANOS,JEREMOABO,DENTRO,152,0.14,0.0,0
ALEX SANTANA,REPUBLICANOS,SANTO AMARO,DENTRO,151,0.14,0.0,0
ALEX SANTANA,REPUBLICANOS,BOA VISTA DO TUPIM,DENTRO,150,0.14,0.0,0
ALEX SANTANA,REPUBLICANOS,NOVA FATIMA,DENTRO,150,0.14,0.0,0
ALEX SANTANA,REPUBLICANOS,PIRITIBA,DENTRO,149,0.14,0.0,0
ALEX SANTANA,REPUBLICANOS,MONTE SANTO,DENTRO,148,0.14,0.0,0
ALEX SANTANA,REPUBLICANOS,QUEIMADAS,DENTRO,147,0.14,0.0,0
ALEX SANTANA,REPUBLICANOS,ANDARAI,DENTRO,145,0.14,0.0,0
ALEX SANTANA,REPUBLICANOS,MASCOTE,DENTRO,144,0.13,0.0,0
ALEX SANTANA,REPUBLICANOS,IRAQUARA,DENTRO,144,0.13,0.0,0
ALEX SANTANA,REPUBLICANOS,CAPIM GROSSO,DENTRO,143,0.13,0.0,0
ALEX SANTANA,REPUBLICANOS,BREJOES,DENTRO,142,0.13,0.0,0
ALEX SANTANA,REPUBLICANOS,PEDRO ALEXANDRE,DENTRO,139,0.13,0.0,0
ALEX SANTANA,REPUBLICANOS,SERROLANDIA,DENTRO,138,0.13,0.0,0
ALEX SANTANA,REPUBLICANOS,MUQUEM DO SAO FRANCISCO,DENTRO,137,0.13,0.0,0
ALEX SANTANA,REPUBLICANOS,SANTA LUZIA,DENTRO,137,0.13,0.0,0
ALEX SANTANA,REPUBLICANOS,CASTRO ALVES,DENTRO,136,0.13,0.0,0
ALEX SANTANA,REPUBLICANOS,OLIVEIRA DOS BREJINHOS,DENTRO,136,0.13,0.0,0
ALEX SANTANA,REPUBLICANOS,RETIROLANDIA,DENTRO,135,0.13,0.0,0
ALEX SANTANA,REPUBLICANOS,CURACA,DENTRO,133,0.12,0.0,0
ALEX SANTANA,REPUBLICANOS,CICERO DANTAS,DENTRO,132,0.12,0.0,0
ALEX SANTANA,REPUBLICANOS,COARACI,DENTRO,130,0.12,0.0,0
ALEX SANTANA,REPUBLICANOS,PINDAI,DENTRO,128,0.12,0.0,0
ALEX SANTANA,REPUBLICANOS,IBIPEBA,DENTRO,127,0.12,0.0,0
ALEX SANTANA,REPUBLICANOS,SANTANOPOLIS,DENTRO,126,0.12,0.0,0
ALEX SANTANA,REPUBLICANOS,BARRA DA ESTIVA,DENTRO,125,0.12,0.0,0
ALEX SANTANA,REPUBLICANOS,ANTONIO GONCALVES,DENTRO,125,0.12,0.0,0
ALEX SANTANA,REPUBLICANOS,AMARGOSA,DENTRO,125,0.12,0.0,0
ALEX SANTANA,REPUBLICANOS,ARATACA,DENTRO,125,0.12,0.0,0
ALEX SANTANA,REPUBLICANOS,CONDEUBA,DENTRO,124,0.12,0.0,0
ALEX SANTANA,REPUBLICANOS,IPECAETA,DENTRO,124,0.12,0.0,0
ALEX SANTANA,REPUBLICANOS,BARRA,DENTRO,122,0.11,0.0,0
ALEX SANTANA,REPUBLICANOS,MACARANI,DENTRO,120,0.11,0.0,0
ALEX SANTANA,REPUBLICANOS,TABOCAS DO BREJO VELHO,DENTRO,119,0.11,0.0,0
ALEX SANTANA,REPUBLICANOS,JAGUARIPE,DENTRO,118,0.11,0.0,0
ALEX SANTANA,REPUBLICANOS,SANTA BARBARA,DENTRO,116,0.11,0.0,0
ALEX SANTANA,REPUBLICANOS,RUY BARBOSA,DENTRO,116,0.11,0.0,0
ALEX SANTANA,REPUBLICANOS,CONCEICAO DO ALMEIDA,DENTRO,115,0.11,0.0,0
ALEX SANTANA,REPUBLICANOS,BAIANOPOLIS,DENTRO,114,0.11,0.0,0
ALEX SANTANA,REPUBLICANOS,IACU,DENTRO,114,0.11,0.0,0
ALEX SANTANA,REPUBLICANOS,RIO DE CONTAS,DENTRO,114,0.11,0.0,0
ALEX SANTANA,REPUBLICANOS,AGUA FRIA,DENTRO,113,0.11,0.0,0
ALEX SANTANA,REPUBLICANOS,NOVA SOURE,DENTRO,112,0.10,0.0,0
ALEX SANTANA,REPUBLICANOS,MAIRI,DENTRO,111,0.10,0.0,0
ALEX SANTANA,REPUBLICANOS,ITAPEBI,DENTRO,111,0.10,0.0,0
ALEX SANTANA,REPUBLICANOS,NAZARE,DENTRO,109,0.10,0.0,0
ALEX SANTANA,REPUBLICANOS,CRISTOPOLIS,DENTRO,107,0.10,0.0,0
ALEX SANTANA,REPUBLICANOS,MUNDO NOVO,DENTRO,107,0.10,0.0,0
ALEX SANTANA,REPUBLICANOS,XIQUE-XIQUE,DENTRO,105,0.10,0.0,0
ALEX SANTANA,REPUBLICANOS,ITAJUIPE,DENTRO,105,0.10,0.0,0
ALEX SANTANA,REPUBLICANOS,TAPEROA,DENTRO,104,0.10,0.0,0
ALEX SANTANA,REPUBLICANOS,UTINGA,DENTRO,104,0.10,0.0,0
ALEX SANTANA,REPUBLICANOS,FIRMINO ALVES,DENTRO,104,0.10,0.0,0
ALEX SANTANA,REPUBLICANOS,CABACEIRAS DO PARAGUACU,DENTRO,103,0.10,0.0,0
ALEX SANTANA,REPUBLICANOS,BELO CAMPO,DENTRO,102,0.10,0.0,0
ALEX SANTANA,REPUBLICANOS,PIRAI DO NORTE,DENTRO,102,0.10,0.0,0
ALEX SANTANA,REPUBLICANOS,PILAO ARCADO,DENTRO,101,0.09,0.0,0
ALEX SANTANA,REPUBLICANOS,GOVERNADOR MANGABEIRA,DENTRO,100,0.09,0.0,0
ALEX SANTANA,REPUBLICANOS,SAO JOSE DO JACUIPE,DENTRO,99,0.09,0.0,0
ALEX SANTANA,REPUBLICANOS,MAIQUINIQUE,DENTRO,98,0.09,0.0,0
ALEX SANTANA,REPUBLICANOS,VARZEA DO POCO,DENTRO,98,0.09,0.0,0
ALEX SANTANA,REPUBLICANOS,PINTADAS,DENTRO,97,0.09,0.0,0
ALEX SANTANA,REPUBLICANOS,MACAJUBA,DENTRO,97,0.09,0.0,0
ALEX SANTANA,REPUBLICANOS,ITAJU DO COLONIA,DENTRO,96,0.09,0.0,0
ALEX SANTANA,REPUBLICANOS,IBOTIRAMA,DENTRO,93,0.09,0.0,0
ALEX SANTANA,REPUBLICANOS,MUNIZ FERREIRA,DENTRO,93,0.09,0.0,0
ALEX SANTANA,REPUBLICANOS,SITIO DO MATO,DENTRO,91,0.09,0.0,0
ALEX SANTANA,REPUBLICANOS,TANQUINHO,DENTRO,91,0.09,0.0,0
ALEX SANTANA,REPUBLICANOS,IGUAI,DENTRO,90,0.08,0.0,0
ALEX SANTANA,REPUBLICANOS,PARAMIRIM,DENTRO,89,0.08,0.0,0
ALEX SANTANA,REPUBLICANOS,CANDEAL,DENTRO,88,0.08,0.0,0
ALEX SANTANA,REPUBLICANOS,CORACAO DE MARIA,DENTRO,88,0.08,0.0,0
ALEX SANTANA,REPUBLICANOS,CONCEICAO DO JACUIPE,DENTRO,87,0.08,0.0,0
ALEX SANTANA,REPUBLICANOS,VEREDA,DENTRO,86,0.08,0.0,0
ALEX SANTANA,REPUBLICANOS,BOA NOVA,DENTRO,86,0.08,0.0,0
ALEX SANTANA,REPUBLICANOS,ITARANTIM,DENTRO,86,0.08,0.0,0
ALEX SANTANA,REPUBLICANOS,SANTA RITA DE CASSIA,DENTRO,85,0.08,0.0,0
ALEX SANTANA,REPUBLICANOS,LICINIO DE ALMEIDA,DENTRO,84,0.08,0.0,0
ALEX SANTANA,REPUBLICANOS,PRESIDENTE DUTRA,DENTRO,83,0.08,0.0,0
ALEX SANTANA,REPUBLICANOS,SEBASTIAO LARANJEIRAS,DENTRO,82,0.08,0.0,0
ALEX SANTANA,REPUBLICANOS,SANTA TEREZINHA,DENTRO,82,0.08,0.0,0
ALEX SANTANA,REPUBLICANOS,CAPELA DO ALTO ALEGRE,DENTRO,82,0.08,0.0,0
ALEX SANTANA,REPUBLICANOS,FATIMA,DENTRO,81,0.08,0.0,0
ALEX SANTANA,REPUBLICANOS,ANAGE,DENTRO,80,0.07,0.0,0
ALEX SANTANA,REPUBLICANOS,AMERICA DOURADA,DENTRO,80,0.07,0.0,0
ALEX SANTANA,REPUBLICANOS,ANDORINHA,DENTRO,80,0.07,0.0,0
ALEX SANTANA,REPUBLICANOS,CORIBE,DENTRO,79,0.07,0.0,0
ALEX SANTANA,REPUBLICANOS,PAU BRASIL,DENTRO,79,0.07,0.0,0
ALEX SANTANA,REPUBLICANOS,CORRENTINA,DENTRO,79,0.07,0.0,0
ALEX SANTANA,REPUBLICANOS,MURITIBA,DENTRO,78,0.07,0.0,0
ALEX SANTANA,REPUBLICANOS,CACHOEIRA,DENTRO,77,0.07,0.0,0
ALEX SANTANA,REPUBLICANOS,CRISOPOLIS,DENTRO,77,0.07,0.0,0
ALEX SANTANA,REPUBLICANOS,SANTANA,DENTRO,77,0.07,0.0,0
ALEX SANTANA,REPUBLICANOS,SAUBARA,DENTRO,76,0.07,0.0,0
ALEX SANTANA,REPUBLICANOS,PLANALTO,DENTRO,76,0.07,0.0,0
ALEX SANTANA,REPUBLICANOS,BOQUIRA,DENTRO,76,0.07,0.0,0
ALEX SANTANA,REPUBLICANOS,MILAGRES,DENTRO,74,0.07,0.0,0
ALEX SANTANA,REPUBLICANOS,SAO GABRIEL,DENTRO,74,0.07,0.0,0
ALEX SANTANA,REPUBLICANOS,BONITO,DENTRO,74,0.07,0.0,0
ALEX SANTANA,REPUBLICANOS,ITAETE,DENTRO,73,0.07,0.0,0
ALEX SANTANA,REPUBLICANOS,MACAUBAS,DENTRO,73,0.07,0.0,0
ALEX SANTANA,REPUBLICANOS,CACULE,DENTRO,73,0.07,0.0,0
ALEX SANTANA,REPUBLICANOS,BURITIRAMA,DENTRO,73,0.07,0.0,0
ALEX SANTANA,REPUBLICANOS,ANGUERA,DENTRO,73,0.07,0.0,0
ALEX SANTANA,REPUBLICANOS,AURELINO LEAL,DENTRO,73,0.07,0.0,0
ALEX SANTANA,REPUBLICANOS,IPUPIARA,DENTRO,72,0.07,0.0,0
ALEX SANTANA,REPUBLICANOS,PE DE SERRA,DENTRO,72,0.07,0.0,0
ALEX SANTANA,REPUBLICANOS,PRESIDENTE JANIO QUADROS,DENTRO,72,0.07,0.0,0
ALEX SANTANA,REPUBLICANOS,ADUSTINA,DENTRO,72,0.07,0.0,0
ALEX SANTANA,REPUBLICANOS,MARCIONILIO SOUZA,DENTRO,71,0.07,0.0,0
ALEX SANTANA,REPUBLICANOS,SERRA PRETA,DENTRO,71,0.07,0.0,0
ALEX SANTANA,REPUBLICANOS,LAGOA REAL,DENTRO,70,0.07,0.0,0
ALEX SANTANA,REPUBLICANOS,NOVA CANAA,DENTRO,70,0.07,0.0,0
ALEX SANTANA,REPUBLICANOS,ARATUIPE,DENTRO,70,0.07,0.0,0
ALEX SANTANA,REPUBLICANOS,MIRANGABA,DENTRO,70,0.07,0.0,0
ALEX SANTANA,REPUBLICANOS,IBITIARA,DENTRO,69,0.06,0.0,0
ALEX SANTANA,REPUBLICANOS,BARRA DO ROCHA,DENTRO,68,0.06,0.0,0
ALEX SANTANA,REPUBLICANOS,VARZEA DA ROCA,DENTRO,68,0.06,0.0,0
ALEX SANTANA,REPUBLICANOS,RIBEIRA DO POMBAL,DENTRO,68,0.06,0.0,0
ALEX SANTANA,REPUBLICANOS,SATIRO DIAS,DENTRO,68,0.06,0.0,0
ALEX SANTANA,REPUBLICANOS,URANDI,DENTRO,67,0.06,0.0,0
ALEX SANTANA,REPUBLICANOS,IBIASSUCE,DENTRO,67,0.06,0.0,0
ALEX SANTANA,REPUBLICANOS,PARIPIRANGA,DENTRO,67,0.06,0.0,0
ALEX SANTANA,REPUBLICANOS,UBATA,DENTRO,66,0.06,0.0,0
ALEX SANTANA,REPUBLICANOS,SALINAS DA MARGARIDA,DENTRO,66,0.06,0.0,0
ALEX SANTANA,REPUBLICANOS,BREJOLANDIA,DENTRO,65,0.06,0.0,0
ALEX SANTANA,REPUBLICANOS,MUCUGE,DENTRO,62,0.06,0.0,0
ALEX SANTANA,REPUBLICANOS,BARRA DO MENDES,DENTRO,61,0.06,0.0,0
ALEX SANTANA,REPUBLICANOS,SERRA DOURADA,DENTRO,61,0.06,0.0,0
ALEX SANTANA,REPUBLICANOS,RAFAEL JAMBEIRO,DENTRO,60,0.06,0.0,0
ALEX SANTANA,REPUBLICANOS,SANTA BRIGIDA,DENTRO,59,0.06,0.0,0
ALEX SANTANA,REPUBLICANOS,RIO DO ANTONIO,DENTRO,59,0.06,0.0,0
ALEX SANTANA,REPUBLICANOS,HELIOPOLIS,DENTRO,59,0.06,0.0,0
ALEX SANTANA,REPUBLICANOS,ITAMARI,DENTRO,59,0.06,0.0,0
ALEX SANTANA,REPUBLICANOS,WANDERLEY,DENTRO,59,0.06,0.0,0
ALEX SANTANA,REPUBLICANOS,ARAMARI,DENTRO,59,0.06,0.0,0
ALEX SANTANA,REPUBLICANOS,PONTO NOVO,DENTRO,58,0.05,0.0,0
ALEX SANTANA,REPUBLICANOS,JUSSARA,DENTRO,58,0.05,0.0,0
ALEX SANTANA,REPUBLICANOS,PALMEIRAS,DENTRO,58,0.05,0.0,0
ALEX SANTANA,REPUBLICANOS,ENCRUZILHADA,DENTRO,57,0.05,0.0,0
ALEX SANTANA,REPUBLICANOS,GUAJERU,DENTRO,57,0.05,0.0,0
ALEX SANTANA,REPUBLICANOS,ANTONIO CARDOSO,DENTRO,57,0.05,0.0,0
ALEX SANTANA,REPUBLICANOS,JACARACI,DENTRO,57,0.05,0.0,0
ALEX SANTANA,REPUBLICANOS,VARZEDO,DENTRO,56,0.05,0.0,0
ALEX SANTANA,REPUBLICANOS,ITUACU,DENTRO,56,0.05,0.0,0
ALEX SANTANA,REPUBLICANOS,ABARE,DENTRO,56,0.05,0.0,0
ALEX SANTANA,REPUBLICANOS,CAETANOS,DENTRO,56,0.05,0.0,0
ALEX SANTANA,REPUBLICANOS,ITAMBE,DENTRO,55,0.05,0.0,0
ALEX SANTANA,REPUBLICANOS,RIACHO DE SANTANA,DENTRO,55,0.05,0.0,0
ALEX SANTANA,REPUBLICANOS,JANDAIRA,DENTRO,55,0.05,0.0,0
ALEX SANTANA,REPUBLICANOS,BARROCAS,DENTRO,55,0.05,0.0,0
ALEX SANTANA,REPUBLICANOS,TERRA NOVA,DENTRO,55,0.05,0.0,0
ALEX SANTANA,REPUBLICANOS,SOUTO SOARES,DENTRO,55,0.05,0.0,0
ALEX SANTANA,REPUBLICANOS,JITAUNA,DENTRO,55,0.05,0.0,0
ALEX SANTANA,REPUBLICANOS,NOVA ITARANA,DENTRO,55,0.05,0.0,0
ALEX SANTANA,REPUBLICANOS,PEDRAO,DENTRO,55,0.05,0.0,0
ALEX SANTANA,REPUBLICANOS,ITATIM,DENTRO,54,0.05,0.0,0
ALEX SANTANA,REPUBLICANOS,SAO FELIPE,DENTRO,54,0.05,0.0,0
ALEX SANTANA,REPUBLICANOS,IGAPORA,DENTRO,53,0.05,0.0,0
ALEX SANTANA,REPUBLICANOS,SAO DOMINGOS,DENTRO,53,0.05,0.0,0
ALEX SANTANA,REPUBLICANOS,CAMPO ALEGRE DE LOURDES,DENTRO,53,0.05,0.0,0
ALEX SANTANA,REPUBLICANOS,GENTIO DO OURO,DENTRO,53,0.05,0.0,0
ALEX SANTANA,REPUBLICANOS,ITIRUCU,DENTRO,52,0.05,0.0,0
ALEX SANTANA,REPUBLICANOS,PARATINGA,DENTRO,52,0.05,0.0,0
ALEX SANTANA,REPUBLICANOS,ALMADINA,DENTRO,52,0.05,0.0,0
ALEX SANTANA,REPUBLICANOS,ITAPITANGA,DENTRO,51,0.05,0.0,0
ALEX SANTANA,REPUBLICANOS,RIO REAL,DENTRO,50,0.05,0.0,0
ALEX SANTANA,REPUBLICANOS,IRAJUBA,DENTRO,50,0.05,0.0,0
ALEX SANTANA,REPUBLICANOS,NOVA REDENCAO,DENTRO,50,0.05,0.0,0
ALEX SANTANA,REPUBLICANOS,MARAGOGIPE,DENTRO,50,0.05,0.0,0
ALEX SANTANA,REPUBLICANOS,MANOEL VITORINO,DENTRO,50,0.05,0.0,0
ALEX SANTANA,REPUBLICANOS,BONINAL,DENTRO,50,0.05,0.0,0
ALEX SANTANA,REPUBLICANOS,FEIRA DA MATA,DENTRO,49,0.05,0.0,0
ALEX SANTANA,REPUBLICANOS,JUSSIAPE,DENTRO,49,0.05,0.0,0
ALEX SANTANA,REPUBLICANOS,CONTENDAS DO SINCORA,DENTRO,48,0.04,0.0,0
ALEX SANTANA,REPUBLICANOS,RIBEIRAO DO LARGO,DENTRO,47,0.04,0.0,0
ALEX SANTANA,REPUBLICANOS,ITANAGRA,DENTRO,47,0.04,0.0,0
ALEX SANTANA,REPUBLICANOS,TREMEDAL,DENTRO,47,0.04,0.0,0
ALEX SANTANA,REPUBLICANOS,CRAVOLANDIA,DENTRO,47,0.04,0.0,0
ALEX SANTANA,REPUBLICANOS,SAO FRANCISCO DO CONDE,DENTRO,46,0.04,0.0,0
ALEX SANTANA,REPUBLICANOS,SAO FELIX DO CORIBE,DENTRO,46,0.04,0.0,0
ALEX SANTANA,REPUBLICANOS,ACAJUTIBA,DENTRO,46,0.04,0.0,0
ALEX SANTANA,REPUBLICANOS,JUSSARI,DENTRO,46,0.04,0.0,0
ALEX SANTANA,REPUBLICANOS,ANGICAL,DENTRO,46,0.04,0.0,0
ALEX SANTANA,REPUBLICANOS,ARACAS,DENTRO,46,0.04,0.0,0
ALEX SANTANA,REPUBLICANOS,SAO FELIX,DENTRO,46,0.04,0.0,0
ALEX SANTANA,REPUBLICANOS,FLORESTA AZUL,DENTRO,45,0.04,0.0,0
ALEX SANTANA,REPUBLICANOS,OURICANGAS,DENTRO,44,0.04,0.0,0
ALEX SANTANA,REPUBLICANOS,JABORANDI,DENTRO,44,0.04,0.0,0
ALEX SANTANA,REPUBLICANOS,ITAGIMIRIM,DENTRO,44,0.04,0.0,0
ALEX SANTANA,REPUBLICANOS,ITAQUARA,DENTRO,44,0.04,0.0,0
ALEX SANTANA,REPUBLICANOS,UIBAI,DENTRO,43,0.04,0.0,0
ALEX SANTANA,REPUBLICANOS,REMANSO,DENTRO,43,0.04,0.0,0
ALEX SANTANA,REPUBLICANOS,SANTA INES,DENTRO,41,0.04,0.0,0
ALEX SANTANA,REPUBLICANOS,ITAGI,DENTRO,41,0.04,0.0,0
ALEX SANTANA,REPUBLICANOS,BROTAS DE MACAUBAS,DENTRO,41,0.04,0.0,0
ALEX SANTANA,REPUBLICANOS,COCOS,DENTRO,40,0.04,0.0,0
ALEX SANTANA,REPUBLICANOS,SAUDE,DENTRO,40,0.04,0.0,0
ALEX SANTANA,REPUBLICANOS,TANQUE NOVO,DENTRO,39,0.04,0.0,0
ALEX SANTANA,REPUBLICANOS,GLORIA,DENTRO,39,0.04,0.0,0
ALEX SANTANA,REPUBLICANOS,CANDIBA,DENTRO,39,0.04,0.0,0
ALEX SANTANA,REPUBLICANOS,BIRITINGA,DENTRO,39,0.04,0.0,0
ALEX SANTANA,REPUBLICANOS,ITAGUACU DA BAHIA,DENTRO,37,0.03,0.0,0
ALEX SANTANA,REPUBLICANOS,ITAPARICA,DENTRO,37,0.03,0.0,0
ALEX SANTANA,REPUBLICANOS,DOM BASILIO,DENTRO,37,0.03,0.0,0
ALEX SANTANA,REPUBLICANOS,IRAMAIA,DENTRO,36,0.03,0.0,0
ALEX SANTANA,REPUBLICANOS,CAEM,DENTRO,36,0.03,0.0,0
ALEX SANTANA,REPUBLICANOS,RIBEIRA DO AMPARO,DENTRO,36,0.03,0.0,0
ALEX SANTANA,REPUBLICANOS,PIRIPA,DENTRO,36,0.03,0.0,0
ALEX SANTANA,REPUBLICANOS,IBICUI,DENTRO,36,0.03,0.0,0
ALEX SANTANA,REPUBLICANOS,PLANALTINO,DENTRO,35,0.03,0.0,0
ALEX SANTANA,REPUBLICANOS,CALDEIRAO GRANDE,DENTRO,35,0.03,0.0,0
ALEX SANTANA,REPUBLICANOS,LAJEDAO,DENTRO,35,0.03,0.0,0
ALEX SANTANA,REPUBLICANOS,WAGNER,DENTRO,35,0.03,0.0,0
ALEX SANTANA,REPUBLICANOS,CENTRAL,DENTRO,34,0.03,0.0,0
ALEX SANTANA,REPUBLICANOS,CARDEAL DA SILVA,DENTRO,34,0.03,0.0,0
ALEX SANTANA,REPUBLICANOS,ITORORO,DENTRO,34,0.03,0.0,0
ALEX SANTANA,REPUBLICANOS,CHORROCHO,DENTRO,34,0.03,0.0,0
ALEX SANTANA,REPUBLICANOS,JUCURUCU,DENTRO,34,0.03,0.0,0
ALEX SANTANA,REPUBLICANOS,LENCOIS,DENTRO,33,0.03,0.0,0
ALEX SANTANA,REPUBLICANOS,UAUA,DENTRO,33,0.03,0.0,0
ALEX SANTANA,REPUBLICANOS,SAO JOSE DA VITORIA,DENTRO,33,0.03,0.0,0
ALEX SANTANA,REPUBLICANOS,CAATIBA,DENTRO,33,0.03,0.0,0
ALEX SANTANA,REPUBLICANOS,ANTAS,DENTRO,32,0.03,0.0,0
ALEX SANTANA,REPUBLICANOS,CARAIBAS,DENTRO,31,0.03,0.0,0
ALEX SANTANA,REPUBLICANOS,MALHADA,DENTRO,31,0.03,0.0,0
ALEX SANTANA,REPUBLICANOS,GONGOGI,DENTRO,30,0.03,0.0,0
ALEX SANTANA,REPUBLICANOS,DOM MACEDO COSTA,DENTRO,30,0.03,0.0,0
ALEX SANTANA,REPUBLICANOS,CATURAMA,DENTRO,30,0.03,0.0,0
ALEX SANTANA,REPUBLICANOS,TAPIRAMUTA,DENTRO,29,0.03,0.0,0
ALEX SANTANA,REPUBLICANOS,ITAPE,DENTRO,29,0.03,0.0,0
ALEX SANTANA,REPUBLICANOS,BANZAE,DENTRO,29,0.03,0.0,0
ALEX SANTANA,REPUBLICANOS,RODELAS,DENTRO,28,0.03,0.0,0
ALEX SANTANA,REPUBLICANOS,MAETINGA,DENTRO,27,0.03,0.0,0
ALEX SANTANA,REPUBLICANOS,LAMARAO,DENTRO,27,0.03,0.0,0
ALEX SANTANA,REPUBLICANOS,SITIO DO QUINTO,DENTRO,27,0.03,0.0,0
ALEX SANTANA,REPUBLICANOS,NOVO HORIZONTE,DENTRO,27,0.03,0.0,0
ALEX SANTANA,REPUBLICANOS,ICHU,DENTRO,27,0.03,0.0,0
ALEX SANTANA,REPUBLICANOS,ABAIRA,DENTRO,26,0.02,0.0,0
ALEX SANTANA,REPUBLICANOS,CORONEL JOAO SA,DENTRO,26,0.02,0.0,0
ALEX SANTANA,REPUBLICANOS,NOVO TRIUNFO,DENTRO,25,0.02,0.0,0
ALEX SANTANA,REPUBLICANOS,LAFAIETE COUTINHO,DENTRO,25,0.02,0.0,0
ALEX SANTANA,REPUBLICANOS,DARIO MEIRA,DENTRO,25,0.02,0.0,0
ALEX SANTANA,REPUBLICANOS,MACURURE,DENTRO,23,0.02,0.0,0
ALEX SANTANA,REPUBLICANOS,SAPEACU,DENTRO,23,0.02,0.0,0
ALEX SANTANA,REPUBLICANOS,MORTUGABA,DENTRO,23,0.02,0.0,0
ALEX SANTANA,REPUBLICANOS,RIACHAO DO JACUIPE,DENTRO,22,0.02,0.0,0
ALEX SANTANA,REPUBLICANOS,TANHACU,DENTRO,22,0.02,0.0,0
ALEX SANTANA,REPUBLICANOS,BOTUPORA,DENTRO,21,0.02,0.0,0
ALEX SANTANA,REPUBLICANOS,IBIPITANGA,DENTRO,21,0.02,0.0,0
ALEX SANTANA,REPUBLICANOS,LAJEDO DO TABOCAL,DENTRO,20,0.02,0.0,0
ALEX SANTANA,REPUBLICANOS,MADRE DE DEUS,DENTRO,20,0.02,0.0,0
ALEX SANTANA,REPUBLICANOS,MIRANTE,DENTRO,20,0.02,0.0,0
ALEX SANTANA,REPUBLICANOS,IUIU,DENTRO,20,0.02,0.0,0
ALEX SANTANA,REPUBLICANOS,BOM JESUS DA SERRA,DENTRO,19,0.02,0.0,0
ALEX SANTANA,REPUBLICANOS,CANAPOLIS,DENTRO,18,0.02,0.0,0
ALEX SANTANA,REPUBLICANOS,AIQUARA,DENTRO,18,0.02,0.0,0
ALEX SANTANA,REPUBLICANOS,APUAREMA,DENTRO,18,0.02,0.0,0
ALEX SANTANA,REPUBLICANOS,BARRO PRETO,DENTRO,18,0.02,0.0,0
ALEX SANTANA,REPUBLICANOS,APORA,DENTRO,18,0.02,0.0,0
ALEX SANTANA,REPUBLICANOS,SAO MIGUEL DAS MATAS,DENTRO,18,0.02,0.0,0
ALEX SANTANA,REPUBLICANOS,PALMAS DE MONTE ALTO,DENTRO,18,0.02,0.0,0
ALEX SANTANA,REPUBLICANOS,CORDEIROS,DENTRO,17,0.02,0.0,0
ALEX SANTANA,REPUBLICANOS,LAJEDINHO,DENTRO,16,0.01,0.0,0
ALEX SANTANA,REPUBLICANOS,OLINDINA,DENTRO,15,0.01,0.0,0
ALEX SANTANA,REPUBLICANOS,CANUDOS,DENTRO,14,0.01,0.0,0
ALEX SANTANA,REPUBLICANOS,TEODORO SAMPAIO,DENTRO,14,0.01,0.0,0
ALEX SANTANA,REPUBLICANOS,MORPARA,DENTRO,14,0.01,0.0,0
ALEX SANTANA,REPUBLICANOS,IBIQUERA,DENTRO,12,0.01,0.0,0
ALEX SANTANA,REPUBLICANOS,ERICO CARDOSO,DENTRO,12,0.01,0.0,0
ALEX SANTANA,REPUBLICANOS,COTEGIPE,DENTRO,10,0.01,0.0,0
ALEX SANTANA,REPUBLICANOS,RIO DO PIRES,DENTRO,9,0.01,0.0,0
ALEX SANTANA,REPUBLICANOS,CATOLANDIA,DENTRO,9,0.01,0.0,0
ALEX SANTANA,REPUBLICANOS,MATINA,DENTRO,8,0.01,0.0,0
ALEX SANTANA,REPUBLICANOS,ELISIO MEDRADO,DENTRO,6,0.01,0.0,0
ALEX SANTANA,REPUBLICANOS,QUIXABEIRA,DENTRO,6,0.01,0.0,0
ALEX SANTANA,REPUBLICANOS,MANSIDAO,DENTRO,5,0.00,0.0,0
ALEX SANTANA,REPUBLICANOS,GAVIAO,DENTRO,5,0.00,0.0,0
IVONEIDE CAETANO,PT,CAMACARI,DENTRO,38894,36.73,0.0,0.0
IVONEIDE CAETANO,PT,SALVADOR,DENTRO,6929,6.54,0.0,0.0
IVONEIDE CAETANO,PT,SANTO ESTEVAO,DENTRO,6377,6.02,0.0,0.0
IVONEIDE CAETANO,PT,DIAS D AVILA,DENTRO,4069,3.84,0.0,0.0
IVONEIDE CAETANO,PT,LAURO DE FREITAS,DENTRO,3088,2.92,0.0,0.0
IVONEIDE CAETANO,PT,SIMOES FILHO,DENTRO,2609,2.46,0.0,0.0
IVONEIDE CAETANO,PT,CANDEIAS,DENTRO,2529,2.39,0.0,0.0
IVONEIDE CAETANO,PT,JUSSARA,DENTRO,2335,2.21,0.0,0.0
IVONEIDE CAETANO,PT,BOM JESUS DA LAPA,DENTRO,2294,2.17,0.0,0.0
IVONEIDE CAETANO,PT,XIQUE-XIQUE,DENTRO,2169,2.05,0.0,0.0
IVONEIDE CAETANO,PT,SAO GABRIEL,DENTRO,2132,2.01,0.0,0.0
IVONEIDE CAETANO,PT,MARACAS,DENTRO,2085,1.97,0.0,0.0
IVONEIDE CAETANO,PT,CENTRAL,DENTRO,1422,1.34,0.0,0.0
IVONEIDE CAETANO,PT,TEIXEIRA DE FREITAS,DENTRO,1242,1.17,0.0,0.0
IVONEIDE CAETANO,PT,OLIVEIRA DOS BREJINHOS,DENTRO,1134,1.07,0.0,0.0
IVONEIDE CAETANO,PT,LAFAIETE COUTINHO,DENTRO,1031,0.97,0.0,0.0
IVONEIDE CAETANO,PT,SERRINHA,DENTRO,935,0.88,0.0,0.0
IVONEIDE CAETANO,PT,NOVA SOURE,DENTRO,829,0.78,0.0,0.0
IVONEIDE CAETANO,PT,MATA DE SAO JOAO,DENTRO,801,0.76,0.0,0.0
IVONEIDE CAETANO,PT,TABOCAS DO BREJO VELHO,DENTRO,789,0.75,0.0,0.0
IVONEIDE CAETANO,PT,SAO SEBASTIAO DO PASSE,DENTRO,766,0.72,0.0,0.0
IVONEIDE CAETANO,PT,VERA CRUZ,DENTRO,675,0.64,0.0,0.0
IVONEIDE CAETANO,PT,FEIRA DE SANTANA,DENTRO,645,0.61,0.0,0.0
IVONEIDE CAETANO,PT,BURITIRAMA,DENTRO,620,0.59,0.0,0.0
IVONEIDE CAETANO,PT,BARRA,DENTRO,601,0.57,0.0,0.0
IVONEIDE CAETANO,PT,SANTA MARIA DA VITORIA,DENTRO,601,0.57,0.0,0.0
IVONEIDE CAETANO,PT,SEABRA,DENTRO,594,0.56,0.0,0.0
IVONEIDE CAETANO,PT,SITIO DO MATO,DENTRO,557,0.53,0.0,0.0
IVONEIDE CAETANO,PT,ITANAGRA,DENTRO,531,0.50,0.0,0.0
IVONEIDE CAETANO,PT,IRECE,DENTRO,505,0.48,0.0,0.0
IVONEIDE CAETANO,PT,BIRITINGA,DENTRO,501,0.47,0.0,0.0
IVONEIDE CAETANO,PT,BREJOLANDIA,DENTRO,472,0.45,0.0,0.0
IVONEIDE CAETANO,PT,EUNAPOLIS,DENTRO,467,0.44,0.0,0.0
IVONEIDE CAETANO,PT,UMBURANAS,DENTRO,452,0.43,0.0,0.0
IVONEIDE CAETANO,PT,PORTO SEGURO,DENTRO,447,0.42,0.0,0.0
IVONEIDE CAETANO,PT,CALDEIRAO GRANDE,DENTRO,440,0.42,0.0,0.0
IVONEIDE CAETANO,PT,IBOTIRAMA,DENTRO,426,0.40,0.0,0.0
IVONEIDE CAETANO,PT,APORA,DENTRO,403,0.38,0.0,0.0
IVONEIDE CAETANO,PT,WANDERLEY,DENTRO,382,0.36,0.0,0.0
IVONEIDE CAETANO,PT,SANTA RITA DE CASSIA,DENTRO,362,0.34,0.0,0.0
IVONEIDE CAETANO,PT,ALCOBACA,DENTRO,347,0.33,0.0,0.0
IVONEIDE CAETANO,PT,SAO FRANCISCO DO CONDE,DENTRO,345,0.33,0.0,0.0
IVONEIDE CAETANO,PT,AMERICA DOURADA,DENTRO,296,0.28,0.0,0.0
IVONEIDE CAETANO,PT,SERRA DO RAMALHO,DENTRO,293,0.28,0.0,0.0
IVONEIDE CAETANO,PT,MUQUEM DO SAO FRANCISCO,DENTRO,263,0.25,0.0,0.0
IVONEIDE CAETANO,PT,COCOS,DENTRO,257,0.24,0.0,0.0
IVONEIDE CAETANO,PT,PRESIDENTE DUTRA,DENTRO,220,0.21,0.0,0.0
IVONEIDE CAETANO,PT,ITAGUACU DA BAHIA,DENTRO,207,0.20,0.0,0.0
IVONEIDE CAETANO,PT,ICHU,DENTRO,199,0.19,0.0,0.0
IVONEIDE CAETANO,PT,TERRA NOVA,DENTRO,191,0.18,0.0,0.0
IVONEIDE CAETANO,PT,CARDEAL DA SILVA,DENTRO,186,0.18,0.0,0.0
IVONEIDE CAETANO,PT,MADRE DE DEUS,DENTRO,186,0.18,0.0,0.0
IVONEIDE CAETANO,PT,ALAGOINHAS,DENTRO,175,0.17,0.0,0.0
IVONEIDE CAETANO,PT,BARREIRAS,DENTRO,173,0.16,0.0,0.0
IVONEIDE CAETANO,PT,JUCURUCU,DENTRO,172,0.16,0.0,0.0
IVONEIDE CAETANO,PT,VITORIA DA CONQUISTA,DENTRO,168,0.16,0.0,0.0
IVONEIDE CAETANO,PT,JAGUAQUARA,DENTRO,168,0.16,0.0,0.0
IVONEIDE CAETANO,PT,ITAGI,DENTRO,166,0.16,0.0,0.0
IVONEIDE CAETANO,PT,MUCURI,DENTRO,164,0.15,0.0,0.0
IVONEIDE CAETANO,PT,SENTO SE,DENTRO,159,0.15,0.0,0.0
IVONEIDE CAETANO,PT,CANAPOLIS,DENTRO,157,0.15,0.0,0.0
IVONEIDE CAETANO,PT,IPECAETA,DENTRO,145,0.14,0.0,0.0
IVONEIDE CAETANO,PT,CRUZ DAS ALMAS,DENTRO,145,0.14,0.0,0.0
IVONEIDE CAETANO,PT,INHAMBUPE,DENTRO,143,0.14,0.0,0.0
IVONEIDE CAETANO,PT,RIBEIRA DO AMPARO,DENTRO,134,0.13,0.0,0.0
IVONEIDE CAETANO,PT,ESPLANADA,DENTRO,131,0.12,0.0,0.0
IVONEIDE CAETANO,PT,CARAVELAS,DENTRO,127,0.12,0.0,0.0
IVONEIDE CAETANO,PT,ACAJUTIBA,DENTRO,124,0.12,0.0,0.0
IVONEIDE CAETANO,PT,JACOBINA,DENTRO,124,0.12,0.0,0.0
IVONEIDE CAETANO,PT,CASTRO ALVES,DENTRO,122,0.12,0.0,0.0
IVONEIDE CAETANO,PT,POJUCA,DENTRO,122,0.12,0.0,0.0
IVONEIDE CAETANO,PT,CATU,DENTRO,118,0.11,0.0,0.0
IVONEIDE CAETANO,PT,ENTRE RIOS,DENTRO,115,0.11,0.0,0.0
IVONEIDE CAETANO,PT,ITABERABA,DENTRO,108,0.10,0.0,0.0
IVONEIDE CAETANO,PT,SANTO AMARO,DENTRO,104,0.10,0.0,0.0
IVONEIDE CAETANO,PT,SAO GONCALO DOS CAMPOS,DENTRO,102,0.10,0.0,0.0
IVONEIDE CAETANO,PT,PARATINGA,DENTRO,102,0.10,0.0,0.0
IVONEIDE CAETANO,PT,JEQUIE,DENTRO,100,0.09,0.0,0.0
IVONEIDE CAETANO,PT,NOVA IBIA,DENTRO,97,0.09,0.0,0.0
IVONEIDE CAETANO,PT,BARROCAS,DENTRO,96,0.09,0.0,0.0
IVONEIDE CAETANO,PT,LUIS EDUARDO MAGALHAES,DENTRO,93,0.09,0.0,0.0
IVONEIDE CAETANO,PT,ITAMARAJU,DENTRO,91,0.09,0.0,0.0
IVONEIDE CAETANO,PT,RIACHO DE SANTANA,DENTRO,91,0.09,0.0,0.0
IVONEIDE CAETANO,PT,PILAO ARCADO,DENTRO,91,0.09,0.0,0.0
IVONEIDE CAETANO,PT,PARAMIRIM,DENTRO,90,0.08,0.0,0.0
IVONEIDE CAETANO,PT,SAO DESIDERIO,DENTRO,74,0.07,0.0,0.0
IVONEIDE CAETANO,PT,CORACAO DE MARIA,DENTRO,74,0.07,0.0,0.0
IVONEIDE CAETANO,PT,IPIRA,DENTRO,70,0.07,0.0,0.0
IVONEIDE CAETANO,PT,RAFAEL JAMBEIRO,DENTRO,68,0.06,0.0,0.0
IVONEIDE CAETANO,PT,RIACHAO DO JACUIPE,DENTRO,66,0.06,0.0,0.0
IVONEIDE CAETANO,PT,QUEIMADAS,DENTRO,65,0.06,0.0,0.0
IVONEIDE CAETANO,PT,ARAMARI,DENTRO,65,0.06,0.0,0.0
IVONEIDE CAETANO,PT,SANTO ANTONIO DE JESUS,DENTRO,63,0.06,0.0,0.0
IVONEIDE CAETANO,PT,IRARA,DENTRO,63,0.06,0.0,0.0
IVONEIDE CAETANO,PT,OLINDINA,DENTRO,58,0.05,0.0,0.0
IVONEIDE CAETANO,PT,LAPAO,DENTRO,57,0.05,0.0,0.0
IVONEIDE CAETANO,PT,ILHEUS,DENTRO,56,0.05,0.0,0.0
IVONEIDE CAETANO,PT,JUAZEIRO,DENTRO,55,0.05,0.0,0.0
IVONEIDE CAETANO,PT,ANTONIO CARDOSO,DENTRO,54,0.05,0.0,0.0
IVONEIDE CAETANO,PT,SAUBARA,DENTRO,53,0.05,0.0,0.0
IVONEIDE CAETANO,PT,NOVA VICOSA,DENTRO,52,0.05,0.0,0.0
IVONEIDE CAETANO,PT,ITABUNA,DENTRO,51,0.05,0.0,0.0
IVONEIDE CAETANO,PT,BOA VISTA DO TUPIM,DENTRO,51,0.05,0.0,0.0
IVONEIDE CAETANO,PT,VALENCA,DENTRO,50,0.05,0.0,0.0
IVONEIDE CAETANO,PT,CONCEICAO DO COITE,DENTRO,49,0.05,0.0,0.0
IVONEIDE CAETANO,PT,SAO FELIX DO CORIBE,DENTRO,49,0.05,0.0,0.0
IVONEIDE CAETANO,PT,MORRO DO CHAPEU,DENTRO,49,0.05,0.0,0.0
IVONEIDE CAETANO,PT,COTEGIPE,DENTRO,46,0.04,0.0,0.0
IVONEIDE CAETANO,PT,ITABELA,DENTRO,46,0.04,0.0,0.0
IVONEIDE CAETANO,PT,ARACI,DENTRO,46,0.04,0.0,0.0
IVONEIDE CAETANO,PT,ITAPARICA,DENTRO,45,0.04,0.0,0.0
IVONEIDE CAETANO,PT,SANTA BARBARA,DENTRO,44,0.04,0.0,0.0
IVONEIDE CAETANO,PT,CAIRU,DENTRO,44,0.04,0.0,0.0
IVONEIDE CAETANO,PT,PAULO AFONSO,DENTRO,42,0.04,0.0,0.0
IVONEIDE CAETANO,PT,SANTA CRUZ CABRALIA,DENTRO,41,0.04,0.0,0.0
IVONEIDE CAETANO,PT,SANTALUZ,DENTRO,41,0.04,0.0,0.0
IVONEIDE CAETANO,PT,JABORANDI,DENTRO,40,0.04,0.0,0.0
IVONEIDE CAETANO,PT,AMELIA RODRIGUES,DENTRO,38,0.04,0.0,0.0
IVONEIDE CAETANO,PT,ARACAS,DENTRO,37,0.03,0.0,0.0
IVONEIDE CAETANO,PT,SERRA DOURADA,DENTRO,36,0.03,0.0,0.0
IVONEIDE CAETANO,PT,GANDU,DENTRO,36,0.03,0.0,0.0
IVONEIDE CAETANO,PT,SANTA TEREZINHA,DENTRO,35,0.03,0.0,0.0
IVONEIDE CAETANO,PT,CRISTOPOLIS,DENTRO,35,0.03,0.0,0.0
IVONEIDE CAETANO,PT,MARAGOGIPE,DENTRO,35,0.03,0.0,0.0
IVONEIDE CAETANO,PT,TAPIRAMUTA,DENTRO,35,0.03,0.0,0.0
IVONEIDE CAETANO,PT,GUARATINGA,DENTRO,33,0.03,0.0,0.0
IVONEIDE CAETANO,PT,MURITIBA,DENTRO,33,0.03,0.0,0.0
IVONEIDE CAETANO,PT,PRADO,DENTRO,33,0.03,0.0,0.0
IVONEIDE CAETANO,PT,LAJEDO DO TABOCAL,DENTRO,32,0.03,0.0,0.0
IVONEIDE CAETANO,PT,CAPIM GROSSO,DENTRO,32,0.03,0.0,0.0
IVONEIDE CAETANO,PT,GUANAMBI,DENTRO,32,0.03,0.0,0.0
IVONEIDE CAETANO,PT,SAO FELIX,DENTRO,31,0.03,0.0,0.0
IVONEIDE CAETANO,PT,CACHOEIRA,DENTRO,30,0.03,0.0,0.0
IVONEIDE CAETANO,PT,UIBAI,DENTRO,29,0.03,0.0,0.0
IVONEIDE CAETANO,PT,ANDARAI,DENTRO,29,0.03,0.0,0.0
IVONEIDE CAETANO,PT,CORIBE,DENTRO,29,0.03,0.0,0.0
IVONEIDE CAETANO,PT,GENTIO DO OURO,DENTRO,29,0.03,0.0,0.0
IVONEIDE CAETANO,PT,JOAO DOURADO,DENTRO,29,0.03,0.0,0.0
IVONEIDE CAETANO,PT,PINDOBACU,DENTRO,28,0.03,0.0,0.0
IVONEIDE CAETANO,PT,MEDEIROS NETO,DENTRO,28,0.03,0.0,0.0
IVONEIDE CAETANO,PT,IBITITA,DENTRO,27,0.03,0.0,0.0
IVONEIDE CAETANO,PT,IRAQUARA,DENTRO,27,0.03,0.0,0.0
IVONEIDE CAETANO,PT,OUROLANDIA,DENTRO,27,0.03,0.0,0.0
IVONEIDE CAETANO,PT,VEREDA,DENTRO,26,0.02,0.0,0.0
IVONEIDE CAETANO,PT,BELMONTE,DENTRO,26,0.02,0.0,0.0
IVONEIDE CAETANO,PT,PARIPIRANGA,DENTRO,25,0.02,0.0,0.0
IVONEIDE CAETANO,PT,ITIRUCU,DENTRO,24,0.02,0.0,0.0
IVONEIDE CAETANO,PT,RIO REAL,DENTRO,24,0.02,0.0,0.0
IVONEIDE CAETANO,PT,OURICANGAS,DENTRO,24,0.02,0.0,0.0
IVONEIDE CAETANO,PT,CABACEIRAS DO PARAGUACU,DENTRO,24,0.02,0.0,0.0
IVONEIDE CAETANO,PT,SATIRO DIAS,DENTRO,24,0.02,0.0,0.0
IVONEIDE CAETANO,PT,PEDRAO,DENTRO,24,0.02,0.0,0.0
IVONEIDE CAETANO,PT,IRAMAIA,DENTRO,23,0.02,0.0,0.0
IVONEIDE CAETANO,PT,NAZARE,DENTRO,23,0.02,0.0,0.0
IVONEIDE CAETANO,PT,SAO FELIPE,DENTRO,23,0.02,0.0,0.0
IVONEIDE CAETANO,PT,SENHOR DO BONFIM,DENTRO,23,0.02,0.0,0.0
IVONEIDE CAETANO,PT,MORPARA,DENTRO,23,0.02,0.0,0.0
IVONEIDE CAETANO,PT,CORRENTINA,DENTRO,23,0.02,0.0,0.0
IVONEIDE CAETANO,PT,BROTAS DE MACAUBAS,DENTRO,23,0.02,0.0,0.0
IVONEIDE CAETANO,PT,VALENTE,DENTRO,22,0.02,0.0,0.0
IVONEIDE CAETANO,PT,RUY BARBOSA,DENTRO,22,0.02,0.0,0.0
IVONEIDE CAETANO,PT,SERRA PRETA,DENTRO,22,0.02,0.0,0.0
IVONEIDE CAETANO,PT,CONCEICAO DA FEIRA,DENTRO,22,0.02,0.0,0.0
IVONEIDE CAETANO,PT,TEOFILANDIA,DENTRO,21,0.02,0.0,0.0
IVONEIDE CAETANO,PT,PIRITIBA,DENTRO,21,0.02,0.0,0.0
IVONEIDE CAETANO,PT,CAMPO FORMOSO,DENTRO,20,0.02,0.0,0.0
IVONEIDE CAETANO,PT,LIVRAMENTO DE NOSSA SENHORA,DENTRO,20,0.02,0.0,0.0
IVONEIDE CAETANO,PT,CONCEICAO DO JACUIPE,DENTRO,20,0.02,0.0,0.0
IVONEIDE CAETANO,PT,CICERO DANTAS,DENTRO,20,0.02,0.0,0.0
IVONEIDE CAETANO,PT,WENCESLAU GUIMARAES,DENTRO,20,0.02,0.0,0.0
IVONEIDE CAETANO,PT,NOVA FATIMA,DENTRO,20,0.02,0.0,0.0
IVONEIDE CAETANO,PT,BRUMADO,DENTRO,19,0.02,0.0,0.0
IVONEIDE CAETANO,PT,JEREMOABO,DENTRO,19,0.02,0.0,0.0
IVONEIDE CAETANO,PT,FILADELFIA,DENTRO,19,0.02,0.0,0.0
IVONEIDE CAETANO,PT,ITATIM,DENTRO,18,0.02,0.0,0.0
IVONEIDE CAETANO,PT,LAMARAO,DENTRO,18,0.02,0.0,0.0
IVONEIDE CAETANO,PT,CONDE,DENTRO,18,0.02,0.0,0.0
IVONEIDE CAETANO,PT,FATIMA,DENTRO,17,0.02,0.0,0.0
IVONEIDE CAETANO,PT,JAGUARIPE,DENTRO,17,0.02,0.0,0.0
IVONEIDE CAETANO,PT,NORDESTINA,DENTRO,17,0.02,0.0,0.0
IVONEIDE CAETANO,PT,AMARGOSA,DENTRO,17,0.02,0.0,0.0
IVONEIDE CAETANO,PT,TUCANO,DENTRO,16,0.02,0.0,0.0
IVONEIDE CAETANO,PT,BAIXA GRANDE,DENTRO,16,0.02,0.0,0.0
IVONEIDE CAETANO,PT,CURACA,DENTRO,16,0.02,0.0,0.0
IVONEIDE CAETANO,PT,MUNIZ FERREIRA,DENTRO,16,0.02,0.0,0.0
IVONEIDE CAETANO,PT,IBITIARA,DENTRO,15,0.01,0.0,0.0
IVONEIDE CAETANO,PT,TAPEROA,DENTRO,15,0.01,0.0,0.0
IVONEIDE CAETANO,PT,POCOES,DENTRO,15,0.01,0.0,0.0
IVONEIDE CAETANO,PT,ITAGIMIRIM,DENTRO,15,0.01,0.0,0.0
IVONEIDE CAETANO,PT,ADUSTINA,DENTRO,15,0.01,0.0,0.0
IVONEIDE CAETANO,PT,ITAMBE,DENTRO,14,0.01,0.0,0.0
IVONEIDE CAETANO,PT,CONCEICAO DO ALMEIDA,DENTRO,14,0.01,0.0,0.0
IVONEIDE CAETANO,PT,IGAPORA,DENTRO,14,0.01,0.0,0.0
IVONEIDE CAETANO,PT,CANDEAL,DENTRO,14,0.01,0.0,0.0
IVONEIDE CAETANO,PT,ITANHEM,DENTRO,14,0.01,0.0,0.0
IVONEIDE CAETANO,PT,PE DE SERRA,DENTRO,14,0.01,0.0,0.0
IVONEIDE CAETANO,PT,MONTE SANTO,DENTRO,13,0.01,0.0,0.0
IVONEIDE CAETANO,PT,ITAPETINGA,DENTRO,13,0.01,0.0,0.0
IVONEIDE CAETANO,PT,SAUDE,DENTRO,13,0.01,0.0,0.0
IVONEIDE CAETANO,PT,CAETITE,DENTRO,13,0.01,0.0,0.0
IVONEIDE CAETANO,PT,PIATA,DENTRO,13,0.01,0.0,0.0
IVONEIDE CAETANO,PT,RIACHAO DAS NEVES,DENTRO,12,0.01,0.0,0.0
IVONEIDE CAETANO,PT,AGUA FRIA,DENTRO,12,0.01,0.0,0.0
IVONEIDE CAETANO,PT,IACU,DENTRO,12,0.01,0.0,0.0
IVONEIDE CAETANO,PT,BARRA DO MENDES,DENTRO,11,0.01,0.0,0.0
IVONEIDE CAETANO,PT,BARRO ALTO,DENTRO,11,0.01,0.0,0.0
IVONEIDE CAETANO,PT,UTINGA,DENTRO,11,0.01,0.0,0.0
IVONEIDE CAETANO,PT,CRISOPOLIS,DENTRO,11,0.01,0.0,0.0
IVONEIDE CAETANO,PT,CANARANA,DENTRO,11,0.01,0.0,0.0
IVONEIDE CAETANO,PT,GOVERNADOR MANGABEIRA,DENTRO,11,0.01,0.0,0.0
IVONEIDE CAETANO,PT,CAMACA,DENTRO,11,0.01,0.0,0.0
IVONEIDE CAETANO,PT,CAFARNAUM,DENTRO,11,0.01,0.0,0.0
IVONEIDE CAETANO,PT,JIQUIRICA,DENTRO,10,0.01,0.0,0.0
IVONEIDE CAETANO,PT,MAIRI,DENTRO,10,0.01,0.0,0.0
IVONEIDE CAETANO,PT,TEODORO SAMPAIO,DENTRO,10,0.01,0.0,0.0
IVONEIDE CAETANO,PT,MARCIONILIO SOUZA,DENTRO,10,0.01,0.0,0.0
IVONEIDE CAETANO,PT,SANTANOPOLIS,DENTRO,10,0.01,0.0,0.0
IVONEIDE CAETANO,PT,CANAVIEIRAS,DENTRO,10,0.01,0.0,0.0
IVONEIDE CAETANO,PT,ANGUERA,DENTRO,10,0.01,0.0,0.0
IVONEIDE CAETANO,PT,ANGICAL,DENTRO,10,0.01,0.0,0.0
IVONEIDE CAETANO,PT,ARATACA,DENTRO,10,0.01,0.0,0.0
IVONEIDE CAETANO,PT,ANTONIO GONCALVES,DENTRO,9,0.01,0.0,0.0
IVONEIDE CAETANO,PT,CANSANCAO,DENTRO,9,0.01,0.0,0.0
IVONEIDE CAETANO,PT,PINTADAS,DENTRO,9,0.01,0.0,0.0
IVONEIDE CAETANO,PT,PLANALTINO,DENTRO,9,0.01,0.0,0.0
IVONEIDE CAETANO,PT,VARZEA NOVA,DENTRO,9,0.01,0.0,0.0
IVONEIDE CAETANO,PT,ITAPICURU,DENTRO,9,0.01,0.0,0.0
IVONEIDE CAETANO,PT,SAPEACU,DENTRO,9,0.01,0.0,0.0
IVONEIDE CAETANO,PT,ITUBERA,DENTRO,9,0.01,0.0,0.0
IVONEIDE CAETANO,PT,NOVA CANAA,DENTRO,9,0.01,0.0,0.0
IVONEIDE CAETANO,PT,PONTO NOVO,DENTRO,9,0.01,0.0,0.0
IVONEIDE CAETANO,PT,CIPO,DENTRO,9,0.01,0.0,0.0
IVONEIDE CAETANO,PT,BARRA DO CHOCA,DENTRO,8,0.01,0.0,0.0
IVONEIDE CAETANO,PT,VARZEA DA ROCA,DENTRO,8,0.01,0.0,0.0
IVONEIDE CAETANO,PT,URUCUCA,DENTRO,8,0.01,0.0,0.0
IVONEIDE CAETANO,PT,UAUA,DENTRO,8,0.01,0.0,0.0
IVONEIDE CAETANO,PT,JANDAIRA,DENTRO,8,0.01,0.0,0.0
IVONEIDE CAETANO,PT,CAEM,DENTRO,8,0.01,0.0,0.0
IVONEIDE CAETANO,PT,RIBEIRA DO POMBAL,DENTRO,8,0.01,0.0,0.0
IVONEIDE CAETANO,PT,MIGUEL CALMON,DENTRO,8,0.01,0.0,0.0
IVONEIDE CAETANO,PT,MUCUGE,DENTRO,8,0.01,0.0,0.0
IVONEIDE CAETANO,PT,MUTUIPE,DENTRO,8,0.01,0.0,0.0
IVONEIDE CAETANO,PT,SAO MIGUEL DAS MATAS,DENTRO,8,0.01,0.0,0.0
IVONEIDE CAETANO,PT,ITACARE,DENTRO,8,0.01,0.0,0.0
IVONEIDE CAETANO,PT,QUIJINGUE,DENTRO,8,0.01,0.0,0.0
IVONEIDE CAETANO,PT,EUCLIDES DA CUNHA,DENTRO,7,0.01,0.0,0.0
IVONEIDE CAETANO,PT,CARINHANHA,DENTRO,7,0.01,0.0,0.0
IVONEIDE CAETANO,PT,CACULE,DENTRO,7,0.01,0.0,0.0
IVONEIDE CAETANO,PT,HELIOPOLIS,DENTRO,7,0.01,0.0,0.0
IVONEIDE CAETANO,PT,IPIAU,DENTRO,7,0.01,0.0,0.0
IVONEIDE CAETANO,PT,ANTAS,DENTRO,7,0.01,0.0,0.0
IVONEIDE CAETANO,PT,PRESIDENTE TANCREDO NEVES,DENTRO,7,0.01,0.0,0.0
IVONEIDE CAETANO,PT,ABARE,DENTRO,7,0.01,0.0,0.0
IVONEIDE CAETANO,PT,RETIROLANDIA,DENTRO,7,0.01,0.0,0.0
IVONEIDE CAETANO,PT,CATURAMA,DENTRO,7,0.01,0.0,0.0
IVONEIDE CAETANO,PT,SANTANA,DENTRO,7,0.01,0.0,0.0
IVONEIDE CAETANO,PT,SANTA INES,DENTRO,6,0.01,0.0,0.0
IVONEIDE CAETANO,PT,REMANSO,DENTRO,6,0.01,0.0,0.0
IVONEIDE CAETANO,PT,CASA NOVA,DENTRO,6,0.01,0.0,0.0
IVONEIDE CAETANO,PT,ITIUBA,DENTRO,6,0.01,0.0,0.0
IVONEIDE CAETANO,PT,RIO DO ANTONIO,DENTRO,6,0.01,0.0,0.0
IVONEIDE CAETANO,PT,IBIPEBA,DENTRO,6,0.01,0.0,0.0
IVONEIDE CAETANO,PT,CAPELA DO ALTO ALEGRE,DENTRO,6,0.01,0.0,0.0
IVONEIDE CAETANO,PT,ITAPEBI,DENTRO,6,0.01,0.0,0.0
IVONEIDE CAETANO,PT,NOVA REDENCAO,DENTRO,6,0.01,0.0,0.0
IVONEIDE CAETANO,PT,IBICOARA,DENTRO,6,0.01,0.0,0.0
IVONEIDE CAETANO,PT,PIRAI DO NORTE,DENTRO,6,0.01,0.0,0.0
IVONEIDE CAETANO,PT,LAJEDAO,DENTRO,6,0.01,0.0,0.0
IVONEIDE CAETANO,PT,POTIRAGUA,DENTRO,6,0.01,0.0,0.0
IVONEIDE CAETANO,PT,CONDEUBA,DENTRO,5,0.00,0.0,0.0
IVONEIDE CAETANO,PT,ELISIO MEDRADO,DENTRO,5,0.00,0.0,0.0
IVONEIDE CAETANO,PT,CHORROCHO,DENTRO,5,0.00,0.0,0.0
IVONEIDE CAETANO,PT,MULUNGU DO MORRO,DENTRO,5,0.00,0.0,0.0
IVONEIDE CAETANO,PT,SAO JOSE DO JACUIPE,DENTRO,5,0.00,0.0,0.0
IVONEIDE CAETANO,PT,JAGUARARI,DENTRO,5,0.00,0.0,0.0
IVONEIDE CAETANO,PT,IBIPITANGA,DENTRO,5,0.00,0.0,0.0
IVONEIDE CAETANO,PT,LAJE,DENTRO,5,0.00,0.0,0.0
IVONEIDE CAETANO,PT,BOQUIRA,DENTRO,5,0.00,0.0,0.0
IVONEIDE CAETANO,PT,SALINAS DA MARGARIDA,DENTRO,5,0.00,0.0,0.0
IVONEIDE CAETANO,PT,MANSIDAO,DENTRO,5,0.00,0.0,0.0
IVONEIDE CAETANO,PT,RIO DO PIRES,DENTRO,5,0.00,0.0,0.0
IVONEIDE CAETANO,PT,CAMAMU,DENTRO,5,0.00,0.0,0.0
IVONEIDE CAETANO,PT,BONINAL,DENTRO,5,0.00,0.0,0.0
IVONEIDE CAETANO,PT,IBIRATAIA,DENTRO,4,0.00,0.0,0.0
IVONEIDE CAETANO,PT,MACAUBAS,DENTRO,4,0.00,0.0,0.0
IVONEIDE CAETANO,PT,ITAETE,DENTRO,4,0.00,0.0,0.0
IVONEIDE CAETANO,PT,MACURURE,DENTRO,4,0.00,0.0,0.0
IVONEIDE CAETANO,PT,MILAGRES,DENTRO,4,0.00,0.0,0.0
IVONEIDE CAETANO,PT,UNA,DENTRO,4,0.00,0.0,0.0
IVONEIDE CAETANO,PT,CANUDOS,DENTRO,4,0.00,0.0,0.0
IVONEIDE CAETANO,PT,MUNDO NOVO,DENTRO,4,0.00,0.0,0.0
IVONEIDE CAETANO,PT,APUAREMA,DENTRO,4,0.00,0.0,0.0
IVONEIDE CAETANO,PT,TANHACU,DENTRO,4,0.00,0.0,0.0
IVONEIDE CAETANO,PT,ANAGE,DENTRO,4,0.00,0.0,0.0
IVONEIDE CAETANO,PT,ARATUIPE,DENTRO,4,0.00,0.0,0.0
IVONEIDE CAETANO,PT,IBIRAPITANGA,DENTRO,4,0.00,0.0,0.0
IVONEIDE CAETANO,PT,ITAMARI,DENTRO,4,0.00,0.0,0.0
IVONEIDE CAETANO,PT,VARZEDO,DENTRO,4,0.00,0.0,0.0
IVONEIDE CAETANO,PT,MIRANGABA,DENTRO,4,0.00,0.0,0.0
IVONEIDE CAETANO,PT,WAGNER,DENTRO,4,0.00,0.0,0.0
IVONEIDE CAETANO,PT,PALMEIRAS,DENTRO,4,0.00,0.0,0.0
IVONEIDE CAETANO,PT,SOBRADINHO,DENTRO,4,0.00,0.0,0.0
IVONEIDE CAETANO,PT,FIRMINO ALVES,DENTRO,4,0.00,0.0,0.0
IVONEIDE CAETANO,PT,MACAJUBA,DENTRO,4,0.00,0.0,0.0
IVONEIDE CAETANO,PT,IGRAPIUNA,DENTRO,4,0.00,0.0,0.0
IVONEIDE CAETANO,PT,BAIANOPOLIS,DENTRO,3,0.00,0.0,0.0
IVONEIDE CAETANO,PT,MACARANI,DENTRO,3,0.00,0.0,0.0
IVONEIDE CAETANO,PT,BOTUPORA,DENTRO,3,0.00,0.0,0.0
IVONEIDE CAETANO,PT,UBAIRA,DENTRO,3,0.00,0.0,0.0
IVONEIDE CAETANO,PT,IPUPIARA,DENTRO,3,0.00,0.0,0.0
IVONEIDE CAETANO,PT,TANQUINHO,DENTRO,3,0.00,0.0,0.0
IVONEIDE CAETANO,PT,SANTA BRIGIDA,DENTRO,3,0.00,0.0,0.0
IVONEIDE CAETANO,PT,SAO DOMINGOS,DENTRO,3,0.00,0.0,0.0
IVONEIDE CAETANO,PT,IBIASSUCE,DENTRO,3,0.00,0.0,0.0
IVONEIDE CAETANO,PT,IBIQUERA,DENTRO,3,0.00,0.0,0.0
IVONEIDE CAETANO,PT,PLANALTO,DENTRO,3,0.00,0.0,0.0
IVONEIDE CAETANO,PT,BREJOES,DENTRO,3,0.00,0.0,0.0
IVONEIDE CAETANO,PT,CATOLANDIA,DENTRO,3,0.00,0.0,0.0
IVONEIDE CAETANO,PT,NILO PECANHA,DENTRO,3,0.00,0.0,0.0
IVONEIDE CAETANO,PT,ITAPE,DENTRO,3,0.00,0.0,0.0
IVONEIDE CAETANO,PT,CRAVOLANDIA,DENTRO,3,0.00,0.0,0.0
IVONEIDE CAETANO,PT,RODELAS,DENTRO,3,0.00,0.0,0.0
IVONEIDE CAETANO,PT,PALMAS DE MONTE ALTO,DENTRO,3,0.00,0.0,0.0
IVONEIDE CAETANO,PT,BARRA DA ESTIVA,DENTRO,2,0.00,0.0,0.0
IVONEIDE CAETANO,PT,BELO CAMPO,DENTRO,2,0.00,0.0,0.0
IVONEIDE CAETANO,PT,LAJEDINHO,DENTRO,2,0.00,0.0,0.0
IVONEIDE CAETANO,PT,ENCRUZILHADA,DENTRO,2,0.00,0.0,0.0
IVONEIDE CAETANO,PT,ITORORO,DENTRO,2,0.00,0.0,0.0
IVONEIDE CAETANO,PT,LICINIO DE ALMEIDA,DENTRO,2,0.00,0.0,0.0
IVONEIDE CAETANO,PT,LAGOA REAL,DENTRO,2,0.00,0.0,0.0
IVONEIDE CAETANO,PT,BUERAREMA,DENTRO,2,0.00,0.0,0.0
IVONEIDE CAETANO,PT,ITAGIBA,DENTRO,2,0.00,0.0,0.0
IVONEIDE CAETANO,PT,SITIO DO QUINTO,DENTRO,2,0.00,0.0,0.0
IVONEIDE CAETANO,PT,BARRO PRETO,DENTRO,2,0.00,0.0,0.0
IVONEIDE CAETANO,PT,VARZEA DO POCO,DENTRO,2,0.00,0.0,0.0
IVONEIDE CAETANO,PT,IBIRAPUA,DENTRO,2,0.00,0.0,0.0
IVONEIDE CAETANO,PT,ABAIRA,DENTRO,2,0.00,0.0,0.0
IVONEIDE CAETANO,PT,SOUTO SOARES,DENTRO,2,0.00,0.0,0.0
IVONEIDE CAETANO,PT,BOA NOVA,DENTRO,2,0.00,0.0,0.0
IVONEIDE CAETANO,PT,FEIRA DA MATA,DENTRO,2,0.00,0.0,0.0
IVONEIDE CAETANO,PT,RIBEIRAO DO LARGO,DENTRO,2,0.00,0.0,0.0
IVONEIDE CAETANO,PT,IRAJUBA,DENTRO,2,0.00,0.0,0.0
IVONEIDE CAETANO,PT,TEOLANDIA,DENTRO,2,0.00,0.0,0.0
IVONEIDE CAETANO,PT,SANTA LUZIA,DENTRO,2,0.00,0.0,0.0
IVONEIDE CAETANO,PT,DOM BASILIO,DENTRO,2,0.00,0.0,0.0
IVONEIDE CAETANO,PT,CAMPO ALEGRE DE LOURDES,DENTRO,2,0.00,0.0,0.0
IVONEIDE CAETANO,PT,PIRIPA,DENTRO,2,0.00,0.0,0.0
IVONEIDE CAETANO,PT,ITUACU,DENTRO,2,0.00,0.0,0.0
IVONEIDE CAETANO,PT,ITAJU DO COLONIA,DENTRO,2,0.00,0.0,0.0
IVONEIDE CAETANO,PT,DOM MACEDO COSTA,DENTRO,2,0.00,0.0,0.0
IVONEIDE CAETANO,PT,CAATIBA,DENTRO,2,0.00,0.0,0.0
IVONEIDE CAETANO,PT,SERROLANDIA,DENTRO,2,0.00,0.0,0.0
IVONEIDE CAETANO,PT,IBICARAI,DENTRO,2,0.00,0.0,0.0
IVONEIDE CAETANO,PT,IBICUI,DENTRO,2,0.00,0.0,0.0
IVONEIDE CAETANO,PT,DARIO MEIRA,DENTRO,2,0.00,0.0,0.0
IVONEIDE CAETANO,PT,ITAQUARA,DENTRO,2,0.00,0.0,0.0
IVONEIDE CAETANO,PT,BONITO,DENTRO,2,0.00,0.0,0.0
IVONEIDE CAETANO,PT,RIO DE CONTAS,DENTRO,2,0.00,0.0,0.0
IVONEIDE CAETANO,PT,LENCOIS,DENTRO,1,0.00,0.0,0.0
IVONEIDE CAETANO,PT,MATINA,DENTRO,1,0.00,0.0,0.0
IVONEIDE CAETANO,PT,GONGOGI,DENTRO,1,0.00,0.0,0.0
IVONEIDE CAETANO,PT,TANQUE NOVO,DENTRO,1,0.00,0.0,0.0
IVONEIDE CAETANO,PT,ARACATU,DENTRO,1,0.00,0.0,0.0
IVONEIDE CAETANO,PT,AIQUARA,DENTRO,1,0.00,0.0,0.0
IVONEIDE CAETANO,PT,MARAU,DENTRO,1,0.00,0.0,0.0
IVONEIDE CAETANO,PT,QUIXABEIRA,DENTRO,1,0.00,0.0,0.0
IVONEIDE CAETANO,PT,PINDAI,DENTRO,1,0.00,0.0,0.0
IVONEIDE CAETANO,PT,UBAITABA,DENTRO,1,0.00,0.0,0.0
IVONEIDE CAETANO,PT,ITAPITANGA,DENTRO,1,0.00,0.0,0.0
IVONEIDE CAETANO,PT,NOVO HORIZONTE,DENTRO,1,0.00,0.0,0.0
IVONEIDE CAETANO,PT,MASCOTE,DENTRO,1,0.00,0.0,0.0
IVONEIDE CAETANO,PT,MAIQUINIQUE,DENTRO,1,0.00,0.0,0.0
IVONEIDE CAETANO,PT,CARAIBAS,DENTRO,1,0.00,0.0,0.0
IVONEIDE CAETANO,PT,PAU BRASIL,DENTRO,1,0.00,0.0,0.0
IVONEIDE CAETANO,PT,MALHADA,DENTRO,1,0.00,0.0,0.0
IVONEIDE CAETANO,PT,ERICO CARDOSO,DENTRO,1,0.00,0.0,0.0
IVONEIDE CAETANO,PT,IGUAI,DENTRO,1,0.00,0.0,0.0
IVONEIDE CAETANO,PT,MANOEL VITORINO,DENTRO,1,0.00,0.0,0.0
IVONEIDE CAETANO,PT,GLORIA,DENTRO,1,0.00,0.0,0.0
IVONEIDE CAETANO,PT,ITAJUIPE,DENTRO,1,0.00,0.0,0.0
IVONEIDE CAETANO,PT,ANDORINHA,DENTRO,1,0.00,0.0,0.0
IVONEIDE CAETANO,PT,JUSSIAPE,DENTRO,1,0.00,0.0,0.0
IVONEIDE CAETANO,PT,NOVA ITARANA,DENTRO,1,0.00,0.0,0.0
IVONEIDE CAETANO,PT,BANZAE,DENTRO,1,0.00,0.0,0.0
IVONEIDE CAETANO,PT,PRESIDENTE JANIO QUADROS,DENTRO,1,0.00,0.0,0.0
IVONEIDE CAETANO,PT,CORONEL JOAO SA,DENTRO,1,0.00,0.0,0.0
IVONEIDE CAETANO,PT,JACARACI,DENTRO,1,0.00,0.0,0.0
IVONEIDE CAETANO,PT,BOM JESUS DA SERRA,DENTRO,1,0.00,0.0,0.0
IVONEIDE CAETANO,PT,CORDEIROS,DENTRO,1,0.00,0.0,0.0
IVONEIDE CAETANO,PT,CANDIDO SALES,DENTRO,1,0.00,0.0,0.0
IVONEIDE CAETANO,PT,COARACI,DENTRO,1,0.00,0.0,0.0
IVONEIDE CAETANO,PT,BARRA DO ROCHA,DENTRO,0,0.00,0.0,0.0
IVONEIDE CAETANO,PT,MAETINGA,DENTRO,0,0.00,0.0,0.0
IVONEIDE CAETANO,PT,SEBASTIAO LARANJEIRAS,DENTRO,0,0.00,0.0,0.0
IVONEIDE CAETANO,PT,SANTA CRUZ DA VITORIA,DENTRO,0,0.00,0.0,0.0
IVONEIDE CAETANO,PT,URANDI,DENTRO,0,0.00,0.0,0.0
IVONEIDE CAETANO,PT,GUAJERU,DENTRO,0,0.00,0.0,0.0
IVONEIDE CAETANO,PT,UBATA,DENTRO,0,0.00,0.0,0.0
IVONEIDE CAETANO,PT,FLORESTA AZUL,DENTRO,0,0.00,0.0,0.0
IVONEIDE CAETANO,PT,ALMADINA,DENTRO,0,0.00,0.0,0.0
IVONEIDE CAETANO,PT,NOVO TRIUNFO,DENTRO,0,0.00,0.0,0.0
IVONEIDE CAETANO,PT,PEDRO ALEXANDRE,DENTRO,0,0.00,0.0,0.0
IVONEIDE CAETANO,PT,FORMOSA DO RIO PRETO,DENTRO,0,0.00,0.0,0.0
IVONEIDE CAETANO,PT,CONTENDAS DO SINCORA,DENTRO,0,0.00,0.0,0.0
IVONEIDE CAETANO,PT,MORTUGABA,DENTRO,0,0.00,0.0,0.0
IVONEIDE CAETANO,PT,JITAUNA,DENTRO,0,0.00,0.0,0.0
IVONEIDE CAETANO,PT,ITARANTIM,DENTRO,0,0.00,0.0,0.0
IVONEIDE CAETANO,PT,JUSSARI,DENTRO,0,0.00,0.0,0.0
IVONEIDE CAETANO,PT,MIRANTE,DENTRO,0,0.00,0.0,0.0
IVONEIDE CAETANO,PT,AURELINO LEAL,DENTRO,0,0.00,0.0,0.0
IVONEIDE CAETANO,PT,IUIU,DENTRO,0,0.00,0.0,0.0
IVONEIDE CAETANO,PT,TREMEDAL,DENTRO,0,0.00,0.0,0.0
IVONEIDE CAETANO,PT,SAO JOSE DA VITORIA,DENTRO,0,0.00,0.0,0.0
IVONEIDE CAETANO,PT,MALHADA DE PEDRAS,DENTRO,0,0.00,0.0,0.0
IVONEIDE CAETANO,PT,CANDIBA,DENTRO,0,0.00,0.0,0.0
IVONEIDE CAETANO,PT,CAETANOS,DENTRO,0,0.00,0.0,0.0
IVONEIDE CAETANO,PT,GAVIAO,DENTRO,0,0.00,0.0,0.0
IVONEIDE CAETANO,PT,MULTIPLO,AMPLO,0,0,93211443.07,77.18
IVONEIDE CAETANO,PT,SEM INFORMACAO,AMPLO,0,0,8653215.09,7.17
IVONEIDE CAETANO,PT,PRESIDENTE DUTRA (BAHIA),FORA,0,0,4000000.0,3.31
IVONEIDE CAETANO,PT,TAPIRAMUTA (BAHIA),FORA,0,0,3000000.0,2.48
IVONEIDE CAETANO,PT,VEREDA (BAHIA),FORA,0,0,2000000.0,1.66
IVONEIDE CAETANO,PT,MONTE SANTO (BAHIA),FORA,0,0,2000000.0,1.66
IVONEIDE CAETANO,PT,NOVA ITARANA (BAHIA),FORA,0,0,1400000.0,1.16
IVONEIDE CAETANO,PT,CANDIDO SALES (BAHIA),FORA,0,0,1000000.0,0.83
IVONEIDE CAETANO,PT,PINDOBACU (BAHIA),FORA,0,0,1000000.0,0.83
IVONEIDE CAETANO,PT,JITAUNA (BAHIA),FORA,0,0,1000000.0,0.83
IVONEIDE CAETANO,PT,QUEIMADAS (BAHIA),FORA,0,0,1000000.0,0.83
IVONEIDE CAETANO,PT,IRAJUBA (BAHIA),FORA,0,0,1000000.0,0.83
IVONEIDE CAETANO,PT,MARCIONILIO SOUZA (BAHIA),FORA,0,0,1000000.0,0.83
IVONEIDE CAETANO,PT,MARACAS (BAHIA),FORA,0,0,500000.0,0.41
JOSEILDO RAMOS,PT,ALAGOINHAS,DENTRO,18481,17.73,0.0,0.0
JOSEILDO RAMOS,PT,SALVADOR,DENTRO,5129,4.92,0.0,0.0
JOSEILDO RAMOS,PT,LAURO DE FREITAS,DENTRO,5105,4.90,0.0,0.0
JOSEILDO RAMOS,PT,IRARA,DENTRO,4445,4.26,0.0,0.0
JOSEILDO RAMOS,PT,TANHACU,DENTRO,3510,3.37,0.0,0.0
JOSEILDO RAMOS,PT,ITABUNA,DENTRO,3431,3.29,0.0,0.0
JOSEILDO RAMOS,PT,LAMARAO,DENTRO,3021,2.90,0.0,0.0
JOSEILDO RAMOS,PT,ENTRE RIOS,DENTRO,2745,2.63,0.0,0.0
JOSEILDO RAMOS,PT,CARINHANHA,DENTRO,2314,2.22,0.0,0.0
JOSEILDO RAMOS,PT,APORA,DENTRO,2180,2.09,0.0,0.0
JOSEILDO RAMOS,PT,CONDE,DENTRO,2150,2.06,0.0,0.0
JOSEILDO RAMOS,PT,SERRINHA,DENTRO,2121,2.03,0.0,0.0
JOSEILDO RAMOS,PT,TANQUINHO,DENTRO,1771,1.70,0.0,0.0
JOSEILDO RAMOS,PT,ARACAS,DENTRO,1572,1.51,0.0,0.0
JOSEILDO RAMOS,PT,ANAGE,DENTRO,1519,1.46,0.0,0.0
JOSEILDO RAMOS,PT,INHAMBUPE,DENTRO,1424,1.37,0.0,0.0
JOSEILDO RAMOS,PT,BRUMADO,DENTRO,1421,1.36,0.0,0.0
JOSEILDO RAMOS,PT,CAMACARI,DENTRO,1360,1.30,0.0,0.0
JOSEILDO RAMOS,PT,CATU,DENTRO,1277,1.23,0.0,0.0
JOSEILDO RAMOS,PT,FEIRA DE SANTANA,DENTRO,1258,1.21,0.0,0.0
JOSEILDO RAMOS,PT,POJUCA,DENTRO,1135,1.09,0.0,0.0
JOSEILDO RAMOS,PT,OUROLANDIA,DENTRO,1124,1.08,0.0,0.0
JOSEILDO RAMOS,PT,ESPLANADA,DENTRO,1093,1.05,0.0,0.0
JOSEILDO RAMOS,PT,IBIPEBA,DENTRO,1058,1.02,0.0,0.0
JOSEILDO RAMOS,PT,PARATINGA,DENTRO,1056,1.01,0.0,0.0
JOSEILDO RAMOS,PT,VALENTE,DENTRO,984,0.94,0.0,0.0
JOSEILDO RAMOS,PT,RIO REAL,DENTRO,935,0.90,0.0,0.0
JOSEILDO RAMOS,PT,QUEIMADAS,DENTRO,897,0.86,0.0,0.0
JOSEILDO RAMOS,PT,IPIRA,DENTRO,843,0.81,0.0,0.0
JOSEILDO RAMOS,PT,CANAVIEIRAS,DENTRO,800,0.77,0.0,0.0
JOSEILDO RAMOS,PT,JANDAIRA,DENTRO,726,0.70,0.0,0.0
JOSEILDO RAMOS,PT,UIBAI,DENTRO,710,0.68,0.0,0.0
JOSEILDO RAMOS,PT,BELMONTE,DENTRO,693,0.66,0.0,0.0
JOSEILDO RAMOS,PT,MIGUEL CALMON,DENTRO,642,0.62,0.0,0.0
JOSEILDO RAMOS,PT,ITAMARAJU,DENTRO,627,0.60,0.0,0.0
JOSEILDO RAMOS,PT,ITABELA,DENTRO,624,0.60,0.0,0.0
JOSEILDO RAMOS,PT,CICERO DANTAS,DENTRO,609,0.58,0.0,0.0
JOSEILDO RAMOS,PT,FEIRA DA MATA,DENTRO,596,0.57,0.0,0.0
JOSEILDO RAMOS,PT,ITIUBA,DENTRO,560,0.54,0.0,0.0
JOSEILDO RAMOS,PT,CANDEIAS,DENTRO,549,0.53,0.0,0.0
JOSEILDO RAMOS,PT,RIO DO PIRES,DENTRO,542,0.52,0.0,0.0
JOSEILDO RAMOS,PT,NOVA SOURE,DENTRO,529,0.51,0.0,0.0
JOSEILDO RAMOS,PT,JUAZEIRO,DENTRO,480,0.46,0.0,0.0
JOSEILDO RAMOS,PT,JUSSARI,DENTRO,471,0.45,0.0,0.0
JOSEILDO RAMOS,PT,BARRO PRETO,DENTRO,454,0.44,0.0,0.0
JOSEILDO RAMOS,PT,RETIROLANDIA,DENTRO,448,0.43,0.0,0.0
JOSEILDO RAMOS,PT,BURITIRAMA,DENTRO,445,0.43,0.0,0.0
JOSEILDO RAMOS,PT,SOBRADINHO,DENTRO,438,0.42,0.0,0.0
JOSEILDO RAMOS,PT,ARAMARI,DENTRO,432,0.41,0.0,0.0
JOSEILDO RAMOS,PT,GUARATINGA,DENTRO,426,0.41,0.0,0.0
JOSEILDO RAMOS,PT,OURICANGAS,DENTRO,413,0.40,0.0,0.0
JOSEILDO RAMOS,PT,CANSANCAO,DENTRO,410,0.39,0.0,0.0
JOSEILDO RAMOS,PT,SIMOES FILHO,DENTRO,408,0.39,0.0,0.0
JOSEILDO RAMOS,PT,PAU BRASIL,DENTRO,388,0.37,0.0,0.0
JOSEILDO RAMOS,PT,JOAO DOURADO,DENTRO,388,0.37,0.0,0.0
JOSEILDO RAMOS,PT,BARRA,DENTRO,377,0.36,0.0,0.0
JOSEILDO RAMOS,PT,PILAO ARCADO,DENTRO,373,0.36,0.0,0.0
JOSEILDO RAMOS,PT,CONCEICAO DO COITE,DENTRO,372,0.36,0.0,0.0
JOSEILDO RAMOS,PT,BIRITINGA,DENTRO,372,0.36,0.0,0.0
JOSEILDO RAMOS,PT,PORTO SEGURO,DENTRO,371,0.36,0.0,0.0
JOSEILDO RAMOS,PT,AGUA FRIA,DENTRO,363,0.35,0.0,0.0
JOSEILDO RAMOS,PT,TEODORO SAMPAIO,DENTRO,363,0.35,0.0,0.0
JOSEILDO RAMOS,PT,SATIRO DIAS,DENTRO,362,0.35,0.0,0.0
JOSEILDO RAMOS,PT,DIAS D AVILA,DENTRO,351,0.34,0.0,0.0
JOSEILDO RAMOS,PT,COARACI,DENTRO,336,0.32,0.0,0.0
JOSEILDO RAMOS,PT,CASA NOVA,DENTRO,330,0.32,0.0,0.0
JOSEILDO RAMOS,PT,MALHADA DE PEDRAS,DENTRO,321,0.31,0.0,0.0
JOSEILDO RAMOS,PT,ADUSTINA,DENTRO,303,0.29,0.0,0.0
JOSEILDO RAMOS,PT,CRISOPOLIS,DENTRO,302,0.29,0.0,0.0
JOSEILDO RAMOS,PT,TEOFILANDIA,DENTRO,299,0.29,0.0,0.0
JOSEILDO RAMOS,PT,TEOLANDIA,DENTRO,295,0.28,0.0,0.0
JOSEILDO RAMOS,PT,CARDEAL DA SILVA,DENTRO,291,0.28,0.0,0.0
JOSEILDO RAMOS,PT,RUY BARBOSA,DENTRO,288,0.28,0.0,0.0
JOSEILDO RAMOS,PT,SAO JOSE DO JACUIPE,DENTRO,255,0.24,0.0,0.0
JOSEILDO RAMOS,PT,SANTA BARBARA,DENTRO,252,0.24,0.0,0.0
JOSEILDO RAMOS,PT,TERRA NOVA,DENTRO,239,0.23,0.0,0.0
JOSEILDO RAMOS,PT,ITAPE,DENTRO,235,0.23,0.0,0.0
JOSEILDO RAMOS,PT,EUCLIDES DA CUNHA,DENTRO,225,0.22,0.0,0.0
JOSEILDO RAMOS,PT,CONCEICAO DA FEIRA,DENTRO,194,0.19,0.0,0.0
JOSEILDO RAMOS,PT,ITANAGRA,DENTRO,177,0.17,0.0,0.0
JOSEILDO RAMOS,PT,ANGICAL,DENTRO,174,0.17,0.0,0.0
JOSEILDO RAMOS,PT,SERROLANDIA,DENTRO,169,0.16,0.0,0.0
JOSEILDO RAMOS,PT,ABAIRA,DENTRO,158,0.15,0.0,0.0
JOSEILDO RAMOS,PT,WAGNER,DENTRO,155,0.15,0.0,0.0
JOSEILDO RAMOS,PT,ITAGIMIRIM,DENTRO,150,0.14,0.0,0.0
JOSEILDO RAMOS,PT,SAO FELIX DO CORIBE,DENTRO,142,0.14,0.0,0.0
JOSEILDO RAMOS,PT,ILHEUS,DENTRO,140,0.13,0.0,0.0
JOSEILDO RAMOS,PT,SANTA TEREZINHA,DENTRO,136,0.13,0.0,0.0
JOSEILDO RAMOS,PT,UAUA,DENTRO,135,0.13,0.0,0.0
JOSEILDO RAMOS,PT,SANTO AMARO,DENTRO,134,0.13,0.0,0.0
JOSEILDO RAMOS,PT,ACAJUTIBA,DENTRO,127,0.12,0.0,0.0
JOSEILDO RAMOS,PT,AURELINO LEAL,DENTRO,124,0.12,0.0,0.0
JOSEILDO RAMOS,PT,ITAJU DO COLONIA,DENTRO,120,0.12,0.0,0.0
JOSEILDO RAMOS,PT,CAMACA,DENTRO,117,0.11,0.0,0.0
JOSEILDO RAMOS,PT,RIACHAO DO JACUIPE,DENTRO,115,0.11,0.0,0.0
JOSEILDO RAMOS,PT,VARZEA DO POCO,DENTRO,113,0.11,0.0,0.0
JOSEILDO RAMOS,PT,BOM JESUS DA LAPA,DENTRO,111,0.11,0.0,0.0
JOSEILDO RAMOS,PT,ARACATU,DENTRO,105,0.10,0.0,0.0
JOSEILDO RAMOS,PT,SEABRA,DENTRO,104,0.10,0.0,0.0
JOSEILDO RAMOS,PT,CANDEAL,DENTRO,98,0.09,0.0,0.0
JOSEILDO RAMOS,PT,UBAITABA,DENTRO,98,0.09,0.0,0.0
JOSEILDO RAMOS,PT,CATURAMA,DENTRO,98,0.09,0.0,0.0
JOSEILDO RAMOS,PT,VITORIA DA CONQUISTA,DENTRO,95,0.09,0.0,0.0
JOSEILDO RAMOS,PT,ITAPICURU,DENTRO,94,0.09,0.0,0.0
JOSEILDO RAMOS,PT,MATA DE SAO JOAO,DENTRO,87,0.08,0.0,0.0
JOSEILDO RAMOS,PT,SANTALUZ,DENTRO,86,0.08,0.0,0.0
JOSEILDO RAMOS,PT,EUNAPOLIS,DENTRO,85,0.08,0.0,0.0
JOSEILDO RAMOS,PT,ARACI,DENTRO,79,0.08,0.0,0.0
JOSEILDO RAMOS,PT,BARREIRAS,DENTRO,75,0.07,0.0,0.0
JOSEILDO RAMOS,PT,ITABERABA,DENTRO,74,0.07,0.0,0.0
JOSEILDO RAMOS,PT,URUCUCA,DENTRO,72,0.07,0.0,0.0
JOSEILDO RAMOS,PT,CORACAO DE MARIA,DENTRO,71,0.07,0.0,0.0
JOSEILDO RAMOS,PT,SANTA RITA DE CASSIA,DENTRO,67,0.06,0.0,0.0
JOSEILDO RAMOS,PT,SANTO ESTEVAO,DENTRO,63,0.06,0.0,0.0
JOSEILDO RAMOS,PT,MASCOTE,DENTRO,59,0.06,0.0,0.0
JOSEILDO RAMOS,PT,NORDESTINA,DENTRO,58,0.06,0.0,0.0
JOSEILDO RAMOS,PT,CARAIBAS,DENTRO,58,0.06,0.0,0.0
JOSEILDO RAMOS,PT,CRUZ DAS ALMAS,DENTRO,58,0.06,0.0,0.0
JOSEILDO RAMOS,PT,IRECE,DENTRO,57,0.05,0.0,0.0
JOSEILDO RAMOS,PT,XIQUE-XIQUE,DENTRO,56,0.05,0.0,0.0
JOSEILDO RAMOS,PT,SERRA DOURADA,DENTRO,56,0.05,0.0,0.0
JOSEILDO RAMOS,PT,SANTO ANTONIO DE JESUS,DENTRO,55,0.05,0.0,0.0
JOSEILDO RAMOS,PT,PEDRAO,DENTRO,55,0.05,0.0,0.0
JOSEILDO RAMOS,PT,SANTA CRUZ CABRALIA,DENTRO,54,0.05,0.0,0.0
JOSEILDO RAMOS,PT,PRADO,DENTRO,52,0.05,0.0,0.0
JOSEILDO RAMOS,PT,SAO SEBASTIAO DO PASSE,DENTRO,51,0.05,0.0,0.0
JOSEILDO RAMOS,PT,JEQUIE,DENTRO,50,0.05,0.0,0.0
JOSEILDO RAMOS,PT,IPIAU,DENTRO,49,0.05,0.0,0.0
JOSEILDO RAMOS,PT,JACOBINA,DENTRO,46,0.04,0.0,0.0
JOSEILDO RAMOS,PT,SAO FRANCISCO DO CONDE,DENTRO,45,0.04,0.0,0.0
JOSEILDO RAMOS,PT,FLORESTA AZUL,DENTRO,44,0.04,0.0,0.0
JOSEILDO RAMOS,PT,MUQUEM DO SAO FRANCISCO,DENTRO,43,0.04,0.0,0.0
JOSEILDO RAMOS,PT,ITUACU,DENTRO,43,0.04,0.0,0.0
JOSEILDO RAMOS,PT,IBOTIRAMA,DENTRO,43,0.04,0.0,0.0
JOSEILDO RAMOS,PT,ARATACA,DENTRO,43,0.04,0.0,0.0
JOSEILDO RAMOS,PT,CORIBE,DENTRO,40,0.04,0.0,0.0
JOSEILDO RAMOS,PT,IBIRATAIA,DENTRO,39,0.04,0.0,0.0
JOSEILDO RAMOS,PT,ITAPEBI,DENTRO,38,0.04,0.0,0.0
JOSEILDO RAMOS,PT,AMARGOSA,DENTRO,38,0.04,0.0,0.0
JOSEILDO RAMOS,PT,MARAU,DENTRO,37,0.04,0.0,0.0
JOSEILDO RAMOS,PT,VERA CRUZ,DENTRO,37,0.04,0.0,0.0
JOSEILDO RAMOS,PT,CONCEICAO DO JACUIPE,DENTRO,36,0.03,0.0,0.0
JOSEILDO RAMOS,PT,SERRA DO RAMALHO,DENTRO,36,0.03,0.0,0.0
JOSEILDO RAMOS,PT,SAO GONCALO DOS CAMPOS,DENTRO,35,0.03,0.0,0.0
JOSEILDO RAMOS,PT,IBIPITANGA,DENTRO,35,0.03,0.0,0.0
JOSEILDO RAMOS,PT,CAMAMU,DENTRO,35,0.03,0.0,0.0
JOSEILDO RAMOS,PT,MARACAS,DENTRO,34,0.03,0.0,0.0
JOSEILDO RAMOS,PT,IBITITA,DENTRO,33,0.03,0.0,0.0
JOSEILDO RAMOS,PT,ICHU,DENTRO,33,0.03,0.0,0.0
JOSEILDO RAMOS,PT,SITIO DO MATO,DENTRO,32,0.03,0.0,0.0
JOSEILDO RAMOS,PT,LUIS EDUARDO MAGALHAES,DENTRO,32,0.03,0.0,0.0
JOSEILDO RAMOS,PT,BOA VISTA DO TUPIM,DENTRO,32,0.03,0.0,0.0
JOSEILDO RAMOS,PT,ITAJUIPE,DENTRO,32,0.03,0.0,0.0
JOSEILDO RAMOS,PT,PE DE SERRA,DENTRO,31,0.03,0.0,0.0
JOSEILDO RAMOS,PT,MALHADA,DENTRO,30,0.03,0.0,0.0
JOSEILDO RAMOS,PT,IBICARAI,DENTRO,30,0.03,0.0,0.0
JOSEILDO RAMOS,PT,ANGUERA,DENTRO,29,0.03,0.0,0.0
JOSEILDO RAMOS,PT,BARRA DO MENDES,DENTRO,28,0.03,0.0,0.0
JOSEILDO RAMOS,PT,MARAGOGIPE,DENTRO,28,0.03,0.0,0.0
JOSEILDO RAMOS,PT,BARROCAS,DENTRO,27,0.03,0.0,0.0
JOSEILDO RAMOS,PT,SANTANOPOLIS,DENTRO,27,0.03,0.0,0.0
JOSEILDO RAMOS,PT,SENHOR DO BONFIM,DENTRO,27,0.03,0.0,0.0
JOSEILDO RAMOS,PT,BARRO ALTO,DENTRO,26,0.02,0.0,0.0
JOSEILDO RAMOS,PT,CAMPO ALEGRE DE LOURDES,DENTRO,26,0.02,0.0,0.0
JOSEILDO RAMOS,PT,MONTE SANTO,DENTRO,25,0.02,0.0,0.0
JOSEILDO RAMOS,PT,NOVA VICOSA,DENTRO,25,0.02,0.0,0.0
JOSEILDO RAMOS,PT,CATOLANDIA,DENTRO,25,0.02,0.0,0.0
JOSEILDO RAMOS,PT,OLINDINA,DENTRO,25,0.02,0.0,0.0
JOSEILDO RAMOS,PT,MAIRI,DENTRO,23,0.02,0.0,0.0
JOSEILDO RAMOS,PT,NAZARE,DENTRO,23,0.02,0.0,0.0
JOSEILDO RAMOS,PT,SAO FELIPE,DENTRO,23,0.02,0.0,0.0
JOSEILDO RAMOS,PT,PIRITIBA,DENTRO,23,0.02,0.0,0.0
JOSEILDO RAMOS,PT,VALENCA,DENTRO,23,0.02,0.0,0.0
JOSEILDO RAMOS,PT,MUNIZ FERREIRA,DENTRO,23,0.02,0.0,0.0
JOSEILDO RAMOS,PT,CIPO,DENTRO,22,0.02,0.0,0.0
JOSEILDO RAMOS,PT,PAULO AFONSO,DENTRO,21,0.02,0.0,0.0
JOSEILDO RAMOS,PT,UNA,DENTRO,21,0.02,0.0,0.0
JOSEILDO RAMOS,PT,BUERAREMA,DENTRO,21,0.02,0.0,0.0
JOSEILDO RAMOS,PT,NILO PECANHA,DENTRO,21,0.02,0.0,0.0
JOSEILDO RAMOS,PT,MACAUBAS,DENTRO,20,0.02,0.0,0.0
JOSEILDO RAMOS,PT,RIACHO DE SANTANA,DENTRO,20,0.02,0.0,0.0
JOSEILDO RAMOS,PT,JAGUARIPE,DENTRO,20,0.02,0.0,0.0
JOSEILDO RAMOS,PT,RIBEIRA DO POMBAL,DENTRO,20,0.02,0.0,0.0
JOSEILDO RAMOS,PT,SANTA MARIA DA VITORIA,DENTRO,20,0.02,0.0,0.0
JOSEILDO RAMOS,PT,SANTANA,DENTRO,19,0.02,0.0,0.0
JOSEILDO RAMOS,PT,FATIMA,DENTRO,18,0.02,0.0,0.0
JOSEILDO RAMOS,PT,CONDEUBA,DENTRO,18,0.02,0.0,0.0
JOSEILDO RAMOS,PT,ELISIO MEDRADO,DENTRO,18,0.02,0.0,0.0
JOSEILDO RAMOS,PT,CACULE,DENTRO,18,0.02,0.0,0.0
JOSEILDO RAMOS,PT,MIRANTE,DENTRO,18,0.02,0.0,0.0
JOSEILDO RAMOS,PT,AMELIA RODRIGUES,DENTRO,17,0.02,0.0,0.0
JOSEILDO RAMOS,PT,TUCANO,DENTRO,17,0.02,0.0,0.0
JOSEILDO RAMOS,PT,TEIXEIRA DE FREITAS,DENTRO,16,0.02,0.0,0.0
JOSEILDO RAMOS,PT,REMANSO,DENTRO,16,0.02,0.0,0.0
JOSEILDO RAMOS,PT,LAPAO,DENTRO,16,0.02,0.0,0.0
JOSEILDO RAMOS,PT,SAUBARA,DENTRO,16,0.02,0.0,0.0
JOSEILDO RAMOS,PT,ITAPARICA,DENTRO,16,0.02,0.0,0.0
JOSEILDO RAMOS,PT,MADRE DE DEUS,DENTRO,16,0.02,0.0,0.0
JOSEILDO RAMOS,PT,PARIPIRANGA,DENTRO,16,0.02,0.0,0.0
JOSEILDO RAMOS,PT,SAO JOSE DA VITORIA,DENTRO,16,0.02,0.0,0.0
JOSEILDO RAMOS,PT,MURITIBA,DENTRO,15,0.01,0.0,0.0
JOSEILDO RAMOS,PT,RIO DO ANTONIO,DENTRO,15,0.01,0.0,0.0
JOSEILDO RAMOS,PT,PARAMIRIM,DENTRO,15,0.01,0.0,0.0
JOSEILDO RAMOS,PT,MUCUGE,DENTRO,15,0.01,0.0,0.0
JOSEILDO RAMOS,PT,GUANAMBI,DENTRO,15,0.01,0.0,0.0
JOSEILDO RAMOS,PT,CAFARNAUM,DENTRO,15,0.01,0.0,0.0
JOSEILDO RAMOS,PT,VARZEA NOVA,DENTRO,14,0.01,0.0,0.0
JOSEILDO RAMOS,PT,CAETITE,DENTRO,14,0.01,0.0,0.0
JOSEILDO RAMOS,PT,ANDORINHA,DENTRO,14,0.01,0.0,0.0
JOSEILDO RAMOS,PT,CAETANOS,DENTRO,14,0.01,0.0,0.0
JOSEILDO RAMOS,PT,SENTO SE,DENTRO,13,0.01,0.0,0.0
JOSEILDO RAMOS,PT,CENTRAL,DENTRO,13,0.01,0.0,0.0
JOSEILDO RAMOS,PT,SANTA LUZIA,DENTRO,13,0.01,0.0,0.0
JOSEILDO RAMOS,PT,PIATA,DENTRO,13,0.01,0.0,0.0
JOSEILDO RAMOS,PT,BROTAS DE MACAUBAS,DENTRO,13,0.01,0.0,0.0
JOSEILDO RAMOS,PT,QUIJINGUE,DENTRO,13,0.01,0.0,0.0
JOSEILDO RAMOS,PT,MACAJUBA,DENTRO,13,0.01,0.0,0.0
JOSEILDO RAMOS,PT,UTINGA,DENTRO,11,0.01,0.0,0.0
JOSEILDO RAMOS,PT,CACHOEIRA,DENTRO,11,0.01,0.0,0.0
JOSEILDO RAMOS,PT,UMBURANAS,DENTRO,11,0.01,0.0,0.0
JOSEILDO RAMOS,PT,SALINAS DA MARGARIDA,DENTRO,11,0.01,0.0,0.0
JOSEILDO RAMOS,PT,ITACARE,DENTRO,11,0.01,0.0,0.0
JOSEILDO RAMOS,PT,SAO FELIX,DENTRO,11,0.01,0.0,0.0
JOSEILDO RAMOS,PT,CAPIM GROSSO,DENTRO,11,0.01,0.0,0.0
JOSEILDO RAMOS,PT,JEREMOABO,DENTRO,11,0.01,0.0,0.0
JOSEILDO RAMOS,PT,MORRO DO CHAPEU,DENTRO,11,0.01,0.0,0.0
JOSEILDO RAMOS,PT,RIACHAO DAS NEVES,DENTRO,10,0.01,0.0,0.0
JOSEILDO RAMOS,PT,CANARANA,DENTRO,10,0.01,0.0,0.0
JOSEILDO RAMOS,PT,IBICOARA,DENTRO,10,0.01,0.0,0.0
JOSEILDO RAMOS,PT,ANTAS,DENTRO,10,0.01,0.0,0.0
JOSEILDO RAMOS,PT,IPECAETA,DENTRO,10,0.01,0.0,0.0
JOSEILDO RAMOS,PT,PRESIDENTE JANIO QUADROS,DENTRO,10,0.01,0.0,0.0
JOSEILDO RAMOS,PT,BARRA DA ESTIVA,DENTRO,9,0.01,0.0,0.0
JOSEILDO RAMOS,PT,ITATIM,DENTRO,9,0.01,0.0,0.0
JOSEILDO RAMOS,PT,TAPEROA,DENTRO,9,0.01,0.0,0.0
JOSEILDO RAMOS,PT,IACU,DENTRO,9,0.01,0.0,0.0
JOSEILDO RAMOS,PT,HELIOPOLIS,DENTRO,9,0.01,0.0,0.0
JOSEILDO RAMOS,PT,BAIXA GRANDE,DENTRO,9,0.01,0.0,0.0
JOSEILDO RAMOS,PT,SERRA PRETA,DENTRO,9,0.01,0.0,0.0
JOSEILDO RAMOS,PT,ITAQUARA,DENTRO,9,0.01,0.0,0.0
JOSEILDO RAMOS,PT,FILADELFIA,DENTRO,9,0.01,0.0,0.0
JOSEILDO RAMOS,PT,BONINAL,DENTRO,9,0.01,0.0,0.0
JOSEILDO RAMOS,PT,GAVIAO,DENTRO,9,0.01,0.0,0.0
JOSEILDO RAMOS,PT,MUCURI,DENTRO,8,0.01,0.0,0.0
JOSEILDO RAMOS,PT,ITAGUACU DA BAHIA,DENTRO,8,0.01,0.0,0.0
JOSEILDO RAMOS,PT,VARZEA DA ROCA,DENTRO,8,0.01,0.0,0.0
JOSEILDO RAMOS,PT,ITAPETINGA,DENTRO,8,0.01,0.0,0.0
JOSEILDO RAMOS,PT,WENCESLAU GUIMARAES,DENTRO,8,0.01,0.0,0.0
JOSEILDO RAMOS,PT,IRAQUARA,DENTRO,8,0.01,0.0,0.0
JOSEILDO RAMOS,PT,SANTA CRUZ DA VITORIA,DENTRO,7,0.01,0.0,0.0
JOSEILDO RAMOS,PT,MUNDO NOVO,DENTRO,7,0.01,0.0,0.0
JOSEILDO RAMOS,PT,RIBEIRA DO AMPARO,DENTRO,7,0.01,0.0,0.0
JOSEILDO RAMOS,PT,PRESIDENTE DUTRA,DENTRO,7,0.01,0.0,0.0
JOSEILDO RAMOS,PT,AMERICA DOURADA,DENTRO,7,0.01,0.0,0.0
JOSEILDO RAMOS,PT,IBICUI,DENTRO,7,0.01,0.0,0.0
JOSEILDO RAMOS,PT,PINTADAS,DENTRO,6,0.01,0.0,0.0
JOSEILDO RAMOS,PT,SAO DESIDERIO,DENTRO,6,0.01,0.0,0.0
JOSEILDO RAMOS,PT,BARRA DO CHOCA,DENTRO,6,0.01,0.0,0.0
JOSEILDO RAMOS,PT,UBAIRA,DENTRO,6,0.01,0.0,0.0
JOSEILDO RAMOS,PT,NOVA IBIA,DENTRO,6,0.01,0.0,0.0
JOSEILDO RAMOS,PT,CASTRO ALVES,DENTRO,6,0.01,0.0,0.0
JOSEILDO RAMOS,PT,QUIXABEIRA,DENTRO,6,0.01,0.0,0.0
JOSEILDO RAMOS,PT,ITUBERA,DENTRO,6,0.01,0.0,0.0
JOSEILDO RAMOS,PT,ITAPITANGA,DENTRO,6,0.01,0.0,0.0
JOSEILDO RAMOS,PT,RAFAEL JAMBEIRO,DENTRO,6,0.01,0.0,0.0
JOSEILDO RAMOS,PT,CONTENDAS DO SINCORA,DENTRO,6,0.01,0.0,0.0
JOSEILDO RAMOS,PT,IGUAI,DENTRO,6,0.01,0.0,0.0
JOSEILDO RAMOS,PT,GENTIO DO OURO,DENTRO,6,0.01,0.0,0.0
JOSEILDO RAMOS,PT,CONCEICAO DO ALMEIDA,DENTRO,5,0.00,0.0,0.0
JOSEILDO RAMOS,PT,GUAJERU,DENTRO,5,0.00,0.0,0.0
JOSEILDO RAMOS,PT,CANUDOS,DENTRO,5,0.00,0.0,0.0
JOSEILDO RAMOS,PT,JAGUARARI,DENTRO,5,0.00,0.0,0.0
JOSEILDO RAMOS,PT,BOQUIRA,DENTRO,5,0.00,0.0,0.0
JOSEILDO RAMOS,PT,PRESIDENTE TANCREDO NEVES,DENTRO,5,0.00,0.0,0.0
JOSEILDO RAMOS,PT,MIRANGABA,DENTRO,5,0.00,0.0,0.0
JOSEILDO RAMOS,PT,CURACA,DENTRO,5,0.00,0.0,0.0
JOSEILDO RAMOS,PT,PALMAS DE MONTE ALTO,DENTRO,5,0.00,0.0,0.0
JOSEILDO RAMOS,PT,BANZAE,DENTRO,5,0.00,0.0,0.0
JOSEILDO RAMOS,PT,JACARACI,DENTRO,5,0.00,0.0,0.0
JOSEILDO RAMOS,PT,DARIO MEIRA,DENTRO,5,0.00,0.0,0.0
JOSEILDO RAMOS,PT,ANTONIO GONCALVES,DENTRO,4,0.00,0.0,0.0
JOSEILDO RAMOS,PT,CARAVELAS,DENTRO,4,0.00,0.0,0.0
JOSEILDO RAMOS,PT,LAGOA REAL,DENTRO,4,0.00,0.0,0.0
JOSEILDO RAMOS,PT,LIVRAMENTO DE NOSSA SENHORA,DENTRO,4,0.00,0.0,0.0
JOSEILDO RAMOS,PT,ALMADINA,DENTRO,4,0.00,0.0,0.0
JOSEILDO RAMOS,PT,JAGUAQUARA,DENTRO,4,0.00,0.0,0.0
JOSEILDO RAMOS,PT,SAPEACU,DENTRO,4,0.00,0.0,0.0
JOSEILDO RAMOS,PT,FORMOSA DO RIO PRETO,DENTRO,4,0.00,0.0,0.0
JOSEILDO RAMOS,PT,IBIRAPITANGA,DENTRO,4,0.00,0.0,0.0
JOSEILDO RAMOS,PT,PONTO NOVO,DENTRO,4,0.00,0.0,0.0
JOSEILDO RAMOS,PT,TAPIRAMUTA,DENTRO,4,0.00,0.0,0.0
JOSEILDO RAMOS,PT,FIRMINO ALVES,DENTRO,4,0.00,0.0,0.0
JOSEILDO RAMOS,PT,MEDEIROS NETO,DENTRO,4,0.00,0.0,0.0
JOSEILDO RAMOS,PT,BONITO,DENTRO,4,0.00,0.0,0.0
JOSEILDO RAMOS,PT,MAETINGA,DENTRO,3,0.00,0.0,0.0
JOSEILDO RAMOS,PT,GONGOGI,DENTRO,3,0.00,0.0,0.0
JOSEILDO RAMOS,PT,LAJEDINHO,DENTRO,3,0.00,0.0,0.0
JOSEILDO RAMOS,PT,PINDOBACU,DENTRO,3,0.00,0.0,0.0
JOSEILDO RAMOS,PT,CHORROCHO,DENTRO,3,0.00,0.0,0.0
JOSEILDO RAMOS,PT,CABACEIRAS DO PARAGUACU,DENTRO,3,0.00,0.0,0.0
JOSEILDO RAMOS,PT,MARCIONILIO SOUZA,DENTRO,3,0.00,0.0,0.0
JOSEILDO RAMOS,PT,GOVERNADOR MANGABEIRA,DENTRO,3,0.00,0.0,0.0
JOSEILDO RAMOS,PT,NOVA REDENCAO,DENTRO,3,0.00,0.0,0.0
JOSEILDO RAMOS,PT,ITARANTIM,DENTRO,3,0.00,0.0,0.0
JOSEILDO RAMOS,PT,CORRENTINA,DENTRO,3,0.00,0.0,0.0
JOSEILDO RAMOS,PT,JUSSIAPE,DENTRO,3,0.00,0.0,0.0
JOSEILDO RAMOS,PT,ANTONIO CARDOSO,DENTRO,3,0.00,0.0,0.0
JOSEILDO RAMOS,PT,BREJOLANDIA,DENTRO,3,0.00,0.0,0.0
JOSEILDO RAMOS,PT,IGRAPIUNA,DENTRO,3,0.00,0.0,0.0
JOSEILDO RAMOS,PT,JIQUIRICA,DENTRO,2,0.00,0.0,0.0
JOSEILDO RAMOS,PT,BAIANOPOLIS,DENTRO,2,0.00,0.0,0.0
JOSEILDO RAMOS,PT,COCOS,DENTRO,2,0.00,0.0,0.0
JOSEILDO RAMOS,PT,COTEGIPE,DENTRO,2,0.00,0.0,0.0
JOSEILDO RAMOS,PT,CANAPOLIS,DENTRO,2,0.00,0.0,0.0
JOSEILDO RAMOS,PT,MILAGRES,DENTRO,2,0.00,0.0,0.0
JOSEILDO RAMOS,PT,LICINIO DE ALMEIDA,DENTRO,2,0.00,0.0,0.0
JOSEILDO RAMOS,PT,SAO DOMINGOS,DENTRO,2,0.00,0.0,0.0
JOSEILDO RAMOS,PT,IBIASSUCE,DENTRO,2,0.00,0.0,0.0
JOSEILDO RAMOS,PT,ITAGIBA,DENTRO,2,0.00,0.0,0.0
JOSEILDO RAMOS,PT,CAPELA DO ALTO ALEGRE,DENTRO,2,0.00,0.0,0.0
JOSEILDO RAMOS,PT,IBIQUERA,DENTRO,2,0.00,0.0,0.0
JOSEILDO RAMOS,PT,CAEM,DENTRO,2,0.00,0.0,0.0
JOSEILDO RAMOS,PT,JUCURUCU,DENTRO,2,0.00,0.0,0.0
JOSEILDO RAMOS,PT,LAJE,DENTRO,2,0.00,0.0,0.0
JOSEILDO RAMOS,PT,CALDEIRAO GRANDE,DENTRO,2,0.00,0.0,0.0
JOSEILDO RAMOS,PT,DOM BASILIO,DENTRO,2,0.00,0.0,0.0
JOSEILDO RAMOS,PT,JITAUNA,DENTRO,2,0.00,0.0,0.0
JOSEILDO RAMOS,PT,CAIRU,DENTRO,2,0.00,0.0,0.0
JOSEILDO RAMOS,PT,ITAMARI,DENTRO,2,0.00,0.0,0.0
JOSEILDO RAMOS,PT,GANDU,DENTRO,2,0.00,0.0,0.0
JOSEILDO RAMOS,PT,VARZEDO,DENTRO,2,0.00,0.0,0.0
JOSEILDO RAMOS,PT,ITAGI,DENTRO,2,0.00,0.0,0.0
JOSEILDO RAMOS,PT,IUIU,DENTRO,2,0.00,0.0,0.0
JOSEILDO RAMOS,PT,POCOES,DENTRO,2,0.00,0.0,0.0
JOSEILDO RAMOS,PT,MUTUIPE,DENTRO,2,0.00,0.0,0.0
JOSEILDO RAMOS,PT,SAO GABRIEL,DENTRO,2,0.00,0.0,0.0
JOSEILDO RAMOS,PT,GLORIA,DENTRO,2,0.00,0.0,0.0
JOSEILDO RAMOS,PT,ANDARAI,DENTRO,1,0.00,0.0,0.0
JOSEILDO RAMOS,PT,IBITIARA,DENTRO,1,0.00,0.0,0.0
JOSEILDO RAMOS,PT,ITIRUCU,DENTRO,1,0.00,0.0,0.0
JOSEILDO RAMOS,PT,LAJEDO DO TABOCAL,DENTRO,1,0.00,0.0,0.0
JOSEILDO RAMOS,PT,BOTUPORA,DENTRO,1,0.00,0.0,0.0
JOSEILDO RAMOS,PT,IPUPIARA,DENTRO,1,0.00,0.0,0.0
JOSEILDO RAMOS,PT,SANTA INES,DENTRO,1,0.00,0.0,0.0
JOSEILDO RAMOS,PT,OLIVEIRA DOS BREJINHOS,DENTRO,1,0.00,0.0,0.0
JOSEILDO RAMOS,PT,SANTA BRIGIDA,DENTRO,1,0.00,0.0,0.0
JOSEILDO RAMOS,PT,AIQUARA,DENTRO,1,0.00,0.0,0.0
JOSEILDO RAMOS,PT,NOVO TRIUNFO,DENTRO,1,0.00,0.0,0.0
JOSEILDO RAMOS,PT,SAUDE,DENTRO,1,0.00,0.0,0.0
JOSEILDO RAMOS,PT,JABORANDI,DENTRO,1,0.00,0.0,0.0
JOSEILDO RAMOS,PT,ARATUIPE,DENTRO,1,0.00,0.0,0.0
JOSEILDO RAMOS,PT,PLANALTO,DENTRO,1,0.00,0.0,0.0
JOSEILDO RAMOS,PT,MORTUGABA,DENTRO,1,0.00,0.0,0.0
JOSEILDO RAMOS,PT,TABOCAS DO BREJO VELHO,DENTRO,1,0.00,0.0,0.0
JOSEILDO RAMOS,PT,BREJOES,DENTRO,1,0.00,0.0,0.0
JOSEILDO RAMOS,PT,JUSSARA,DENTRO,1,0.00,0.0,0.0
JOSEILDO RAMOS,PT,ABARE,DENTRO,1,0.00,0.0,0.0
JOSEILDO RAMOS,PT,MORPARA,DENTRO,1,0.00,0.0,0.0
JOSEILDO RAMOS,PT,TREMEDAL,DENTRO,1,0.00,0.0,0.0
JOSEILDO RAMOS,PT,DOM MACEDO COSTA,DENTRO,1,0.00,0.0,0.0
JOSEILDO RAMOS,PT,MANOEL VITORINO,DENTRO,1,0.00,0.0,0.0
JOSEILDO RAMOS,PT,PALMEIRAS,DENTRO,1,0.00,0.0,0.0
JOSEILDO RAMOS,PT,POTIRAGUA,DENTRO,1,0.00,0.0,0.0
JOSEILDO RAMOS,PT,WANDERLEY,DENTRO,1,0.00,0.0,0.0
JOSEILDO RAMOS,PT,NOVA ITARANA,DENTRO,1,0.00,0.0,0.0
JOSEILDO RAMOS,PT,CANDIDO SALES,DENTRO,1,0.00,0.0,0.0
JOSEILDO RAMOS,PT,NOVA FATIMA,DENTRO,1,0.00,0.0,0.0
JOSEILDO RAMOS,PT,RIO DE CONTAS,DENTRO,1,0.00,0.0,0.0
JOSEILDO RAMOS,PT,BARRA DO ROCHA,DENTRO,0,0.00,0.0,0.0
JOSEILDO RAMOS,PT,ITAMBE,DENTRO,0,0.00,0.0,0.0
JOSEILDO RAMOS,PT,BELO CAMPO,DENTRO,0,0.00,0.0,0.0
JOSEILDO RAMOS,PT,PLANALTINO,DENTRO,0,0.00,0.0,0.0
JOSEILDO RAMOS,PT,VEREDA,DENTRO,0,0.00,0.0,0.0
JOSEILDO RAMOS,PT,MACARANI,DENTRO,0,0.00,0.0,0.0
JOSEILDO RAMOS,PT,IRAMAIA,DENTRO,0,0.00,0.0,0.0
JOSEILDO RAMOS,PT,SEBASTIAO LARANJEIRAS,DENTRO,0,0.00,0.0,0.0
JOSEILDO RAMOS,PT,LENCOIS,DENTRO,0,0.00,0.0,0.0
JOSEILDO RAMOS,PT,MATINA,DENTRO,0,0.00,0.0,0.0
JOSEILDO RAMOS,PT,ITAETE,DENTRO,0,0.00,0.0,0.0
JOSEILDO RAMOS,PT,TANQUE NOVO,DENTRO,0,0.00,0.0,0.0
JOSEILDO RAMOS,PT,MACURURE,DENTRO,0,0.00,0.0,0.0
JOSEILDO RAMOS,PT,ENCRUZILHADA,DENTRO,0,0.00,0.0,0.0
JOSEILDO RAMOS,PT,URANDI,DENTRO,0,0.00,0.0,0.0
JOSEILDO RAMOS,PT,ITORORO,DENTRO,0,0.00,0.0,0.0
JOSEILDO RAMOS,PT,IGAPORA,DENTRO,0,0.00,0.0,0.0
JOSEILDO RAMOS,PT,CAMPO FORMOSO,DENTRO,0,0.00,0.0,0.0
JOSEILDO RAMOS,PT,CRISTOPOLIS,DENTRO,0,0.00,0.0,0.0
JOSEILDO RAMOS,PT,UBATA,DENTRO,0,0.00,0.0,0.0
JOSEILDO RAMOS,PT,APUAREMA,DENTRO,0,0.00,0.0,0.0
JOSEILDO RAMOS,PT,MULUNGU DO MORRO,DENTRO,0,0.00,0.0,0.0
JOSEILDO RAMOS,PT,SITIO DO QUINTO,DENTRO,0,0.00,0.0,0.0
JOSEILDO RAMOS,PT,PINDAI,DENTRO,0,0.00,0.0,0.0
JOSEILDO RAMOS,PT,NOVA CANAA,DENTRO,0,0.00,0.0,0.0
JOSEILDO RAMOS,PT,PEDRO ALEXANDRE,DENTRO,0,0.00,0.0,0.0
JOSEILDO RAMOS,PT,IBIRAPUA,DENTRO,0,0.00,0.0,0.0
JOSEILDO RAMOS,PT,LAFAIETE COUTINHO,DENTRO,0,0.00,0.0,0.0
JOSEILDO RAMOS,PT,SOUTO SOARES,DENTRO,0,0.00,0.0,0.0
JOSEILDO RAMOS,PT,NOVO HORIZONTE,DENTRO,0,0.00,0.0,0.0
JOSEILDO RAMOS,PT,BOA NOVA,DENTRO,0,0.00,0.0,0.0
JOSEILDO RAMOS,PT,ITANHEM,DENTRO,0,0.00,0.0,0.0
JOSEILDO RAMOS,PT,MAIQUINIQUE,DENTRO,0,0.00,0.0,0.0
JOSEILDO RAMOS,PT,RIBEIRAO DO LARGO,DENTRO,0,0.00,0.0,0.0
JOSEILDO RAMOS,PT,IRAJUBA,DENTRO,0,0.00,0.0,0.0
JOSEILDO RAMOS,PT,MANSIDAO,DENTRO,0,0.00,0.0,0.0
JOSEILDO RAMOS,PT,PIRAI DO NORTE,DENTRO,0,0.00,0.0,0.0
JOSEILDO RAMOS,PT,LAJEDAO,DENTRO,0,0.00,0.0,0.0
JOSEILDO RAMOS,PT,PIRIPA,DENTRO,0,0.00,0.0,0.0
JOSEILDO RAMOS,PT,ERICO CARDOSO,DENTRO,0,0.00,0.0,0.0
JOSEILDO RAMOS,PT,SAO MIGUEL DAS MATAS,DENTRO,0,0.00,0.0,0.0
JOSEILDO RAMOS,PT,CAATIBA,DENTRO,0,0.00,0.0,0.0
JOSEILDO RAMOS,PT,CANDIBA,DENTRO,0,0.00,0.0,0.0
JOSEILDO RAMOS,PT,CRAVOLANDIA,DENTRO,0,0.00,0.0,0.0
JOSEILDO RAMOS,PT,RODELAS,DENTRO,0,0.00,0.0,0.0
JOSEILDO RAMOS,PT,CORONEL JOAO SA,DENTRO,0,0.00,0.0,0.0
JOSEILDO RAMOS,PT,BOM JESUS DA SERRA,DENTRO,0,0.00,0.0,0.0
JOSEILDO RAMOS,PT,CORDEIROS,DENTRO,0,0.00,0.0,0.0
JOSEILDO RAMOS,PT,ALCOBACA,DENTRO,0,0.00,0.0,0.0
JOSEILDO RAMOS,PT,MULTIPLO,AMPLO,0,0,146436831.15,94.04
JOSEILDO RAMOS,PT,SEM INFORMACAO,AMPLO,0,0,8031262.85,5.16
JOSEILDO RAMOS,PT,ALAGOINHAS (BAHIA),FORA,0,0,1252007.0,0.8
JOAO LEAO,PP,JAGUAQUARA,DENTRO,8674,8.47,0.0,0.0
JOAO LEAO,PP,BARRA,DENTRO,8417,8.22,0.0,0.0
JOAO LEAO,PP,ITABERABA,DENTRO,6992,6.83,0.0,0.0
JOAO LEAO,PP,RIO REAL,DENTRO,5681,5.55,0.0,0.0
JOAO LEAO,PP,LAURO DE FREITAS,DENTRO,5367,5.24,0.0,0.0
JOAO LEAO,PP,SAO DESIDERIO,DENTRO,4690,4.58,0.0,0.0
JOAO LEAO,PP,JEQUIE,DENTRO,4550,4.44,0.0,0.0
JOAO LEAO,PP,PILAO ARCADO,DENTRO,4288,4.19,0.0,0.0
JOAO LEAO,PP,SALVADOR,DENTRO,3974,3.88,0.0,0.0
JOAO LEAO,PP,LUIS EDUARDO MAGALHAES,DENTRO,3467,3.39,0.0,0.0
JOAO LEAO,PP,SAO FELIX DO CORIBE,DENTRO,2817,2.75,0.0,0.0
JOAO LEAO,PP,COTEGIPE,DENTRO,2707,2.64,0.0,0.0
JOAO LEAO,PP,AURELINO LEAL,DENTRO,2564,2.50,0.0,0.0
JOAO LEAO,PP,SANTA MARIA DA VITORIA,DENTRO,2275,2.22,0.0,0.0
JOAO LEAO,PP,DARIO MEIRA,DENTRO,2014,1.97,0.0,0.0
JOAO LEAO,PP,NOVA FATIMA,DENTRO,1920,1.88,0.0,0.0
JOAO LEAO,PP,SAO FRANCISCO DO CONDE,DENTRO,1791,1.75,0.0,0.0
JOAO LEAO,PP,CANDEIAS,DENTRO,1692,1.65,0.0,0.0
JOAO LEAO,PP,BARREIRAS,DENTRO,1548,1.51,0.0,0.0
JOAO LEAO,PP,ACAJUTIBA,DENTRO,1529,1.49,0.0,0.0
JOAO LEAO,PP,PRESIDENTE TANCREDO NEVES,DENTRO,1377,1.35,0.0,0.0
JOAO LEAO,PP,SAO SEBASTIAO DO PASSE,DENTRO,1349,1.32,0.0,0.0
JOAO LEAO,PP,BARRO PRETO,DENTRO,1294,1.26,0.0,0.0
JOAO LEAO,PP,ANGICAL,DENTRO,1188,1.16,0.0,0.0
JOAO LEAO,PP,TEIXEIRA DE FREITAS,DENTRO,1075,1.05,0.0,0.0
JOAO LEAO,PP,XIQUE-XIQUE,DENTRO,1008,0.98,0.0,0.0
JOAO LEAO,PP,BURITIRAMA,DENTRO,642,0.63,0.0,0.0
JOAO LEAO,PP,SERRINHA,DENTRO,590,0.58,0.0,0.0
JOAO LEAO,PP,JITAUNA,DENTRO,579,0.57,0.0,0.0
JOAO LEAO,PP,IRARA,DENTRO,559,0.55,0.0,0.0
JOAO LEAO,PP,PARATINGA,DENTRO,558,0.55,0.0,0.0
JOAO LEAO,PP,MUNIZ FERREIRA,DENTRO,544,0.53,0.0,0.0
JOAO LEAO,PP,TABOCAS DO BREJO VELHO,DENTRO,501,0.49,0.0,0.0
JOAO LEAO,PP,CATU,DENTRO,500,0.49,0.0,0.0
JOAO LEAO,PP,CONCEICAO DO JACUIPE,DENTRO,467,0.46,0.0,0.0
JOAO LEAO,PP,VITORIA DA CONQUISTA,DENTRO,407,0.40,0.0,0.0
JOAO LEAO,PP,LAFAIETE COUTINHO,DENTRO,406,0.40,0.0,0.0
JOAO LEAO,PP,SIMOES FILHO,DENTRO,384,0.38,0.0,0.0
JOAO LEAO,PP,IBICARAI,DENTRO,381,0.37,0.0,0.0
JOAO LEAO,PP,GUAJERU,DENTRO,373,0.36,0.0,0.0
JOAO LEAO,PP,FEIRA DE SANTANA,DENTRO,364,0.36,0.0,0.0
JOAO LEAO,PP,RIACHAO DO JACUIPE,DENTRO,360,0.35,0.0,0.0
JOAO LEAO,PP,SANTA RITA DE CASSIA,DENTRO,346,0.34,0.0,0.0
JOAO LEAO,PP,CRISTOPOLIS,DENTRO,324,0.32,0.0,0.0
JOAO LEAO,PP,ESPLANADA,DENTRO,306,0.30,0.0,0.0
JOAO LEAO,PP,JACARACI,DENTRO,304,0.30,0.0,0.0
JOAO LEAO,PP,SANTO AMARO,DENTRO,299,0.29,0.0,0.0
JOAO LEAO,PP,SERRA DOURADA,DENTRO,277,0.27,0.0,0.0
JOAO LEAO,PP,RIACHAO DAS NEVES,DENTRO,271,0.26,0.0,0.0
JOAO LEAO,PP,CAMACARI,DENTRO,258,0.25,0.0,0.0
JOAO LEAO,PP,BAIANOPOLIS,DENTRO,256,0.25,0.0,0.0
JOAO LEAO,PP,SANTO ANTONIO DE JESUS,DENTRO,241,0.24,0.0,0.0
JOAO LEAO,PP,CENTRAL,DENTRO,236,0.23,0.0,0.0
JOAO LEAO,PP,CAMAMU,DENTRO,233,0.23,0.0,0.0
JOAO LEAO,PP,BAIXA GRANDE,DENTRO,229,0.22,0.0,0.0
JOAO LEAO,PP,ITUBERA,DENTRO,221,0.22,0.0,0.0
JOAO LEAO,PP,ITABUNA,DENTRO,195,0.19,0.0,0.0
JOAO LEAO,PP,SANTANA,DENTRO,187,0.18,0.0,0.0
JOAO LEAO,PP,SANTA BARBARA,DENTRO,184,0.18,0.0,0.0
JOAO LEAO,PP,MANSIDAO,DENTRO,184,0.18,0.0,0.0
JOAO LEAO,PP,ITAQUARA,DENTRO,160,0.16,0.0,0.0
JOAO LEAO,PP,SANTALUZ,DENTRO,155,0.15,0.0,0.0
JOAO LEAO,PP,ARAMARI,DENTRO,151,0.15,0.0,0.0
JOAO LEAO,PP,CONCEICAO DO COITE,DENTRO,144,0.14,0.0,0.0
JOAO LEAO,PP,JAGUARARI,DENTRO,139,0.14,0.0,0.0
JOAO LEAO,PP,IBIRAPITANGA,DENTRO,137,0.13,0.0,0.0
JOAO LEAO,PP,VALENCA,DENTRO,134,0.13,0.0,0.0
JOAO LEAO,PP,SANTA INES,DENTRO,130,0.13,0.0,0.0
JOAO LEAO,PP,CORRENTINA,DENTRO,126,0.12,0.0,0.0
JOAO LEAO,PP,MUCUGE,DENTRO,122,0.12,0.0,0.0
JOAO LEAO,PP,APORA,DENTRO,119,0.12,0.0,0.0
JOAO LEAO,PP,JUAZEIRO,DENTRO,99,0.10,0.0,0.0
JOAO LEAO,PP,IPIRA,DENTRO,98,0.10,0.0,0.0
JOAO LEAO,PP,UBAITABA,DENTRO,97,0.09,0.0,0.0
JOAO LEAO,PP,SAO DOMINGOS,DENTRO,86,0.08,0.0,0.0
JOAO LEAO,PP,MUQUEM DO SAO FRANCISCO,DENTRO,81,0.08,0.0,0.0
JOAO LEAO,PP,ILHEUS,DENTRO,81,0.08,0.0,0.0
JOAO LEAO,PP,VALENTE,DENTRO,81,0.08,0.0,0.0
JOAO LEAO,PP,NAZARE,DENTRO,74,0.07,0.0,0.0
JOAO LEAO,PP,ALAGOINHAS,DENTRO,72,0.07,0.0,0.0
JOAO LEAO,PP,CONTENDAS DO SINCORA,DENTRO,71,0.07,0.0,0.0
JOAO LEAO,PP,SANTO ESTEVAO,DENTRO,70,0.07,0.0,0.0
JOAO LEAO,PP,IBOTIRAMA,DENTRO,68,0.07,0.0,0.0
JOAO LEAO,PP,CORIBE,DENTRO,66,0.06,0.0,0.0
JOAO LEAO,PP,ENTRE RIOS,DENTRO,61,0.06,0.0,0.0
JOAO LEAO,PP,IRAJUBA,DENTRO,56,0.05,0.0,0.0
JOAO LEAO,PP,IRECE,DENTRO,56,0.05,0.0,0.0
JOAO LEAO,PP,POCOES,DENTRO,56,0.05,0.0,0.0
JOAO LEAO,PP,SAO GONCALO DOS CAMPOS,DENTRO,53,0.05,0.0,0.0
JOAO LEAO,PP,ITIRUCU,DENTRO,53,0.05,0.0,0.0
JOAO LEAO,PP,SENTO SE,DENTRO,52,0.05,0.0,0.0
JOAO LEAO,PP,RUY BARBOSA,DENTRO,49,0.05,0.0,0.0
JOAO LEAO,PP,MARAGOGIPE,DENTRO,47,0.05,0.0,0.0
JOAO LEAO,PP,DIAS D AVILA,DENTRO,46,0.04,0.0,0.0
JOAO LEAO,PP,PORTO SEGURO,DENTRO,46,0.04,0.0,0.0
JOAO LEAO,PP,IACU,DENTRO,46,0.04,0.0,0.0
JOAO LEAO,PP,TEODORO SAMPAIO,DENTRO,46,0.04,0.0,0.0
JOAO LEAO,PP,CORACAO DE MARIA,DENTRO,43,0.04,0.0,0.0
JOAO LEAO,PP,BOA NOVA,DENTRO,42,0.04,0.0,0.0
JOAO LEAO,PP,BOA VISTA DO TUPIM,DENTRO,41,0.04,0.0,0.0
JOAO LEAO,PP,MUNDO NOVO,DENTRO,39,0.04,0.0,0.0
JOAO LEAO,PP,BOM JESUS DA LAPA,DENTRO,38,0.04,0.0,0.0
JOAO LEAO,PP,FORMOSA DO RIO PRETO,DENTRO,38,0.04,0.0,0.0
JOAO LEAO,PP,MARACAS,DENTRO,38,0.04,0.0,0.0
JOAO LEAO,PP,SATIRO DIAS,DENTRO,38,0.04,0.0,0.0
JOAO LEAO,PP,POJUCA,DENTRO,37,0.04,0.0,0.0
JOAO LEAO,PP,FATIMA,DENTRO,36,0.04,0.0,0.0
JOAO LEAO,PP,CACULE,DENTRO,35,0.03,0.0,0.0
JOAO LEAO,PP,APUAREMA,DENTRO,35,0.03,0.0,0.0
JOAO LEAO,PP,ITAGIBA,DENTRO,34,0.03,0.0,0.0
JOAO LEAO,PP,MADRE DE DEUS,DENTRO,34,0.03,0.0,0.0
JOAO LEAO,PP,CRUZ DAS ALMAS,DENTRO,34,0.03,0.0,0.0
JOAO LEAO,PP,MUCURI,DENTRO,33,0.03,0.0,0.0
JOAO LEAO,PP,CANAPOLIS,DENTRO,33,0.03,0.0,0.0
JOAO LEAO,PP,SENHOR DO BONFIM,DENTRO,33,0.03,0.0,0.0
JOAO LEAO,PP,SALINAS DA MARGARIDA,DENTRO,32,0.03,0.0,0.0
JOAO LEAO,PP,CRISOPOLIS,DENTRO,31,0.03,0.0,0.0
JOAO LEAO,PP,MARAU,DENTRO,31,0.03,0.0,0.0
JOAO LEAO,PP,ITAGUACU DA BAHIA,DENTRO,30,0.03,0.0,0.0
JOAO LEAO,PP,WENCESLAU GUIMARAES,DENTRO,30,0.03,0.0,0.0
JOAO LEAO,PP,WANDERLEY,DENTRO,30,0.03,0.0,0.0
JOAO LEAO,PP,TEOLANDIA,DENTRO,28,0.03,0.0,0.0
JOAO LEAO,PP,ITACARE,DENTRO,28,0.03,0.0,0.0
JOAO LEAO,PP,GENTIO DO OURO,DENTRO,27,0.03,0.0,0.0
JOAO LEAO,PP,IGRAPIUNA,DENTRO,27,0.03,0.0,0.0
JOAO LEAO,PP,MEDEIROS NETO,DENTRO,26,0.03,0.0,0.0
JOAO LEAO,PP,CONDE,DENTRO,26,0.03,0.0,0.0
JOAO LEAO,PP,ITAPARICA,DENTRO,25,0.02,0.0,0.0
JOAO LEAO,PP,CATOLANDIA,DENTRO,25,0.02,0.0,0.0
JOAO LEAO,PP,PRESIDENTE JANIO QUADROS,DENTRO,25,0.02,0.0,0.0
JOAO LEAO,PP,CAETITE,DENTRO,24,0.02,0.0,0.0
JOAO LEAO,PP,BREJOLANDIA,DENTRO,24,0.02,0.0,0.0
JOAO LEAO,PP,MATA DE SAO JOAO,DENTRO,23,0.02,0.0,0.0
JOAO LEAO,PP,MANOEL VITORINO,DENTRO,23,0.02,0.0,0.0
JOAO LEAO,PP,ITAJUIPE,DENTRO,23,0.02,0.0,0.0
JOAO LEAO,PP,JANDAIRA,DENTRO,22,0.02,0.0,0.0
JOAO LEAO,PP,SERRA PRETA,DENTRO,21,0.02,0.0,0.0
JOAO LEAO,PP,ITAGI,DENTRO,21,0.02,0.0,0.0
JOAO LEAO,PP,MONTE SANTO,DENTRO,20,0.02,0.0,0.0
JOAO LEAO,PP,JABORANDI,DENTRO,20,0.02,0.0,0.0
JOAO LEAO,PP,VERA CRUZ,DENTRO,20,0.02,0.0,0.0
JOAO LEAO,PP,ITAPE,DENTRO,20,0.02,0.0,0.0
JOAO LEAO,PP,CARINHANHA,DENTRO,19,0.02,0.0,0.0
JOAO LEAO,PP,REMANSO,DENTRO,19,0.02,0.0,0.0
JOAO LEAO,PP,SAO FELIPE,DENTRO,19,0.02,0.0,0.0
JOAO LEAO,PP,CAMPO ALEGRE DE LOURDES,DENTRO,19,0.02,0.0,0.0
JOAO LEAO,PP,MORPARA,DENTRO,19,0.02,0.0,0.0
JOAO LEAO,PP,MORRO DO CHAPEU,DENTRO,19,0.02,0.0,0.0
JOAO LEAO,PP,EUNAPOLIS,DENTRO,18,0.02,0.0,0.0
JOAO LEAO,PP,AIQUARA,DENTRO,17,0.02,0.0,0.0
JOAO LEAO,PP,SERRA DO RAMALHO,DENTRO,17,0.02,0.0,0.0
JOAO LEAO,PP,POTIRAGUA,DENTRO,17,0.02,0.0,0.0
JOAO LEAO,PP,OURICANGAS,DENTRO,16,0.02,0.0,0.0
JOAO LEAO,PP,ITANHEM,DENTRO,16,0.02,0.0,0.0
JOAO LEAO,PP,ITATIM,DENTRO,15,0.01,0.0,0.0
JOAO LEAO,PP,VEREDA,DENTRO,15,0.01,0.0,0.0
JOAO LEAO,PP,INHAMBUPE,DENTRO,15,0.01,0.0,0.0
JOAO LEAO,PP,TANQUINHO,DENTRO,15,0.01,0.0,0.0
JOAO LEAO,PP,UBATA,DENTRO,15,0.01,0.0,0.0
JOAO LEAO,PP,BREJOES,DENTRO,15,0.01,0.0,0.0
JOAO LEAO,PP,GUANAMBI,DENTRO,15,0.01,0.0,0.0
JOAO LEAO,PP,BRUMADO,DENTRO,14,0.01,0.0,0.0
JOAO LEAO,PP,ITAMARAJU,DENTRO,14,0.01,0.0,0.0
JOAO LEAO,PP,RETIROLANDIA,DENTRO,14,0.01,0.0,0.0
JOAO LEAO,PP,TAPEROA,DENTRO,13,0.01,0.0,0.0
JOAO LEAO,PP,CACHOEIRA,DENTRO,13,0.01,0.0,0.0
JOAO LEAO,PP,MURITIBA,DENTRO,13,0.01,0.0,0.0
JOAO LEAO,PP,URUCUCA,DENTRO,13,0.01,0.0,0.0
JOAO LEAO,PP,CAPELA DO ALTO ALEGRE,DENTRO,13,0.01,0.0,0.0
JOAO LEAO,PP,GANDU,DENTRO,13,0.01,0.0,0.0
JOAO LEAO,PP,SEABRA,DENTRO,13,0.01,0.0,0.0
JOAO LEAO,PP,PALMEIRAS,DENTRO,13,0.01,0.0,0.0
JOAO LEAO,PP,CONCEICAO DO ALMEIDA,DENTRO,12,0.01,0.0,0.0
JOAO LEAO,PP,ANDARAI,DENTRO,12,0.01,0.0,0.0
JOAO LEAO,PP,UBAIRA,DENTRO,12,0.01,0.0,0.0
JOAO LEAO,PP,LAMARAO,DENTRO,12,0.01,0.0,0.0
JOAO LEAO,PP,CHORROCHO,DENTRO,12,0.01,0.0,0.0
JOAO LEAO,PP,NOVA VICOSA,DENTRO,12,0.01,0.0,0.0
JOAO LEAO,PP,NILO PECANHA,DENTRO,12,0.01,0.0,0.0
JOAO LEAO,PP,JOAO DOURADO,DENTRO,12,0.01,0.0,0.0
JOAO LEAO,PP,IBIRATAIA,DENTRO,11,0.01,0.0,0.0
JOAO LEAO,PP,COCOS,DENTRO,11,0.01,0.0,0.0
JOAO LEAO,PP,ITAETE,DENTRO,11,0.01,0.0,0.0
JOAO LEAO,PP,UTINGA,DENTRO,11,0.01,0.0,0.0
JOAO LEAO,PP,AMELIA RODRIGUES,DENTRO,11,0.01,0.0,0.0
JOAO LEAO,PP,SAUBARA,DENTRO,11,0.01,0.0,0.0
JOAO LEAO,PP,ITAPETINGA,DENTRO,11,0.01,0.0,0.0
JOAO LEAO,PP,BARROCAS,DENTRO,11,0.01,0.0,0.0
JOAO LEAO,PP,RAFAEL JAMBEIRO,DENTRO,11,0.01,0.0,0.0
JOAO LEAO,PP,IBICOARA,DENTRO,11,0.01,0.0,0.0
JOAO LEAO,PP,CAATIBA,DENTRO,11,0.01,0.0,0.0
JOAO LEAO,PP,JACOBINA,DENTRO,11,0.01,0.0,0.0
JOAO LEAO,PP,CASTRO ALVES,DENTRO,10,0.01,0.0,0.0
JOAO LEAO,PP,MARCIONILIO SOUZA,DENTRO,10,0.01,0.0,0.0
JOAO LEAO,PP,IPIAU,DENTRO,10,0.01,0.0,0.0
JOAO LEAO,PP,RIBEIRA DO POMBAL,DENTRO,10,0.01,0.0,0.0
JOAO LEAO,PP,TREMEDAL,DENTRO,10,0.01,0.0,0.0
JOAO LEAO,PP,ALCOBACA,DENTRO,10,0.01,0.0,0.0
JOAO LEAO,PP,GAVIAO,DENTRO,10,0.01,0.0,0.0
JOAO LEAO,PP,PAULO AFONSO,DENTRO,9,0.01,0.0,0.0
JOAO LEAO,PP,LENCOIS,DENTRO,9,0.01,0.0,0.0
JOAO LEAO,PP,TUCANO,DENTRO,9,0.01,0.0,0.0
JOAO LEAO,PP,CAMPO FORMOSO,DENTRO,9,0.01,0.0,0.0
JOAO LEAO,PP,ITAPITANGA,DENTRO,9,0.01,0.0,0.0
JOAO LEAO,PP,PRADO,DENTRO,9,0.01,0.0,0.0
JOAO LEAO,PP,MUTUIPE,DENTRO,9,0.01,0.0,0.0
JOAO LEAO,PP,NOVA ITARANA,DENTRO,9,0.01,0.0,0.0
JOAO LEAO,PP,IBICUI,DENTRO,9,0.01,0.0,0.0
JOAO LEAO,PP,AGUA FRIA,DENTRO,8,0.01,0.0,0.0
JOAO LEAO,PP,BARRA DO CHOCA,DENTRO,8,0.01,0.0,0.0
JOAO LEAO,PP,MACAUBAS,DENTRO,8,0.01,0.0,0.0
JOAO LEAO,PP,MILAGRES,DENTRO,8,0.01,0.0,0.0
JOAO LEAO,PP,OLIVEIRA DOS BREJINHOS,DENTRO,8,0.01,0.0,0.0
JOAO LEAO,PP,IBIQUERA,DENTRO,8,0.01,0.0,0.0
JOAO LEAO,PP,BOQUIRA,DENTRO,8,0.01,0.0,0.0
JOAO LEAO,PP,IGUAI,DENTRO,8,0.01,0.0,0.0
JOAO LEAO,PP,ANDORINHA,DENTRO,8,0.01,0.0,0.0
JOAO LEAO,PP,ICHU,DENTRO,8,0.01,0.0,0.0
JOAO LEAO,PP,JIQUIRICA,DENTRO,7,0.01,0.0,0.0
JOAO LEAO,PP,BOTUPORA,DENTRO,7,0.01,0.0,0.0
JOAO LEAO,PP,ELISIO MEDRADO,DENTRO,7,0.01,0.0,0.0
JOAO LEAO,PP,ITAPICURU,DENTRO,7,0.01,0.0,0.0
JOAO LEAO,PP,SANTANOPOLIS,DENTRO,7,0.01,0.0,0.0
JOAO LEAO,PP,ITAMARI,DENTRO,7,0.01,0.0,0.0
JOAO LEAO,PP,AMARGOSA,DENTRO,7,0.01,0.0,0.0
JOAO LEAO,PP,CAPIM GROSSO,DENTRO,7,0.01,0.0,0.0
JOAO LEAO,PP,FIRMINO ALVES,DENTRO,7,0.01,0.0,0.0
JOAO LEAO,PP,CARAVELAS,DENTRO,6,0.01,0.0,0.0
JOAO LEAO,PP,CASA NOVA,DENTRO,6,0.01,0.0,0.0
JOAO LEAO,PP,SANTA TEREZINHA,DENTRO,6,0.01,0.0,0.0
JOAO LEAO,PP,IBIPEBA,DENTRO,6,0.01,0.0,0.0
JOAO LEAO,PP,CABACEIRAS DO PARAGUACU,DENTRO,6,0.01,0.0,0.0
JOAO LEAO,PP,HELIOPOLIS,DENTRO,6,0.01,0.0,0.0
JOAO LEAO,PP,SAPEACU,DENTRO,6,0.01,0.0,0.0
JOAO LEAO,PP,TERRA NOVA,DENTRO,6,0.01,0.0,0.0
JOAO LEAO,PP,IPECAETA,DENTRO,6,0.01,0.0,0.0
JOAO LEAO,PP,BARRA DO MENDES,DENTRO,5,0.00,0.0,0.0
JOAO LEAO,PP,BARRA DA ESTIVA,DENTRO,5,0.00,0.0,0.0
JOAO LEAO,PP,CANSANCAO,DENTRO,5,0.00,0.0,0.0
JOAO LEAO,PP,LAJEDO DO TABOCAL,DENTRO,5,0.00,0.0,0.0
JOAO LEAO,PP,ITABELA,DENTRO,5,0.00,0.0,0.0
JOAO LEAO,PP,LAJEDINHO,DENTRO,5,0.00,0.0,0.0
JOAO LEAO,PP,JAGUARIPE,DENTRO,5,0.00,0.0,0.0
JOAO LEAO,PP,TEOFILANDIA,DENTRO,5,0.00,0.0,0.0
JOAO LEAO,PP,ARACATU,DENTRO,5,0.00,0.0,0.0
JOAO LEAO,PP,LIVRAMENTO DE NOSSA SENHORA,DENTRO,5,0.00,0.0,0.0
JOAO LEAO,PP,PARIPIRANGA,DENTRO,5,0.00,0.0,0.0
JOAO LEAO,PP,ARACI,DENTRO,5,0.00,0.0,0.0
JOAO LEAO,PP,GOVERNADOR MANGABEIRA,DENTRO,5,0.00,0.0,0.0
JOAO LEAO,PP,PE DE SERRA,DENTRO,5,0.00,0.0,0.0
JOAO LEAO,PP,ITANAGRA,DENTRO,5,0.00,0.0,0.0
JOAO LEAO,PP,JUSSARA,DENTRO,5,0.00,0.0,0.0
JOAO LEAO,PP,IUIU,DENTRO,5,0.00,0.0,0.0
JOAO LEAO,PP,CAMACA,DENTRO,5,0.00,0.0,0.0
JOAO LEAO,PP,CAFARNAUM,DENTRO,5,0.00,0.0,0.0
JOAO LEAO,PP,BARRA DO ROCHA,DENTRO,4,0.00,0.0,0.0
JOAO LEAO,PP,MAETINGA,DENTRO,4,0.00,0.0,0.0
JOAO LEAO,PP,SANTA CRUZ CABRALIA,DENTRO,4,0.00,0.0,0.0
JOAO LEAO,PP,NOVA IBIA,DENTRO,4,0.00,0.0,0.0
JOAO LEAO,PP,GONGOGI,DENTRO,4,0.00,0.0,0.0
JOAO LEAO,PP,RIACHO DE SANTANA,DENTRO,4,0.00,0.0,0.0
JOAO LEAO,PP,LAPAO,DENTRO,4,0.00,0.0,0.0
JOAO LEAO,PP,IGAPORA,DENTRO,4,0.00,0.0,0.0
JOAO LEAO,PP,CICERO DANTAS,DENTRO,4,0.00,0.0,0.0
JOAO LEAO,PP,QUEIMADAS,DENTRO,4,0.00,0.0,0.0
JOAO LEAO,PP,NOVA REDENCAO,DENTRO,4,0.00,0.0,0.0
JOAO LEAO,PP,CAIRU,DENTRO,4,0.00,0.0,0.0
JOAO LEAO,PP,SAO GABRIEL,DENTRO,4,0.00,0.0,0.0
JOAO LEAO,PP,PRESIDENTE DUTRA,DENTRO,4,0.00,0.0,0.0
JOAO LEAO,PP,CRAVOLANDIA,DENTRO,4,0.00,0.0,0.0
JOAO LEAO,PP,CONCEICAO DA FEIRA,DENTRO,4,0.00,0.0,0.0
JOAO LEAO,PP,COARACI,DENTRO,4,0.00,0.0,0.0
JOAO LEAO,PP,BIRITINGA,DENTRO,4,0.00,0.0,0.0
JOAO LEAO,PP,UIBAI,DENTRO,3,0.00,0.0,0.0
JOAO LEAO,PP,BELO CAMPO,DENTRO,3,0.00,0.0,0.0
JOAO LEAO,PP,PINTADAS,DENTRO,3,0.00,0.0,0.0
JOAO LEAO,PP,SITIO DO MATO,DENTRO,3,0.00,0.0,0.0
JOAO LEAO,PP,MACARANI,DENTRO,3,0.00,0.0,0.0
JOAO LEAO,PP,ENCRUZILHADA,DENTRO,3,0.00,0.0,0.0
JOAO LEAO,PP,UNA,DENTRO,3,0.00,0.0,0.0
JOAO LEAO,PP,ITORORO,DENTRO,3,0.00,0.0,0.0
JOAO LEAO,PP,ITIUBA,DENTRO,3,0.00,0.0,0.0
JOAO LEAO,PP,FLORESTA AZUL,DENTRO,3,0.00,0.0,0.0
JOAO LEAO,PP,ANAGE,DENTRO,3,0.00,0.0,0.0
JOAO LEAO,PP,JUCURUCU,DENTRO,3,0.00,0.0,0.0
JOAO LEAO,PP,PEDRO ALEXANDRE,DENTRO,3,0.00,0.0,0.0
JOAO LEAO,PP,NOVO HORIZONTE,DENTRO,3,0.00,0.0,0.0
JOAO LEAO,PP,CANAVIEIRAS,DENTRO,3,0.00,0.0,0.0
JOAO LEAO,PP,ITARANTIM,DENTRO,3,0.00,0.0,0.0
JOAO LEAO,PP,DOM MACEDO COSTA,DENTRO,3,0.00,0.0,0.0
JOAO LEAO,PP,SOBRADINHO,DENTRO,3,0.00,0.0,0.0
JOAO LEAO,PP,PIATA,DENTRO,3,0.00,0.0,0.0
JOAO LEAO,PP,SERROLANDIA,DENTRO,3,0.00,0.0,0.0
JOAO LEAO,PP,OLINDINA,DENTRO,3,0.00,0.0,0.0
JOAO LEAO,PP,BOM JESUS DA SERRA,DENTRO,3,0.00,0.0,0.0
JOAO LEAO,PP,NOVA SOURE,DENTRO,3,0.00,0.0,0.0
JOAO LEAO,PP,CIPO,DENTRO,3,0.00,0.0,0.0
JOAO LEAO,PP,PLANALTINO,DENTRO,2,0.00,0.0,0.0
JOAO LEAO,PP,IRAMAIA,DENTRO,2,0.00,0.0,0.0
JOAO LEAO,PP,IPUPIARA,DENTRO,2,0.00,0.0,0.0
JOAO LEAO,PP,EUCLIDES DA CUNHA,DENTRO,2,0.00,0.0,0.0
JOAO LEAO,PP,PINDOBACU,DENTRO,2,0.00,0.0,0.0
JOAO LEAO,PP,CARDEAL DA SILVA,DENTRO,2,0.00,0.0,0.0
JOAO LEAO,PP,LICINIO DE ALMEIDA,DENTRO,2,0.00,0.0,0.0
JOAO LEAO,PP,VARZEA DA ROCA,DENTRO,2,0.00,0.0,0.0
JOAO LEAO,PP,RIO DO ANTONIO,DENTRO,2,0.00,0.0,0.0
JOAO LEAO,PP,UMBURANAS,DENTRO,2,0.00,0.0,0.0
JOAO LEAO,PP,UAUA,DENTRO,2,0.00,0.0,0.0
JOAO LEAO,PP,SITIO DO QUINTO,DENTRO,2,0.00,0.0,0.0
JOAO LEAO,PP,QUIXABEIRA,DENTRO,2,0.00,0.0,0.0
JOAO LEAO,PP,VARZEA DO POCO,DENTRO,2,0.00,0.0,0.0
JOAO LEAO,PP,PINDAI,DENTRO,2,0.00,0.0,0.0
JOAO LEAO,PP,CAEM,DENTRO,2,0.00,0.0,0.0
JOAO LEAO,PP,NOVA CANAA,DENTRO,2,0.00,0.0,0.0
JOAO LEAO,PP,NOVO TRIUNFO,DENTRO,2,0.00,0.0,0.0
JOAO LEAO,PP,ARATUIPE,DENTRO,2,0.00,0.0,0.0
JOAO LEAO,PP,CANARANA,DENTRO,2,0.00,0.0,0.0
JOAO LEAO,PP,MIGUEL CALMON,DENTRO,2,0.00,0.0,0.0
JOAO LEAO,PP,PONTO NOVO,DENTRO,2,0.00,0.0,0.0
JOAO LEAO,PP,RIO DO PIRES,DENTRO,2,0.00,0.0,0.0
JOAO LEAO,PP,MIRANGABA,DENTRO,2,0.00,0.0,0.0
JOAO LEAO,PP,PIRITIBA,DENTRO,2,0.00,0.0,0.0
JOAO LEAO,PP,CURACA,DENTRO,2,0.00,0.0,0.0
JOAO LEAO,PP,TAPIRAMUTA,DENTRO,2,0.00,0.0,0.0
JOAO LEAO,PP,WAGNER,DENTRO,2,0.00,0.0,0.0
JOAO LEAO,PP,MALHADA DE PEDRAS,DENTRO,2,0.00,0.0,0.0
JOAO LEAO,PP,SAO FELIX,DENTRO,2,0.00,0.0,0.0
JOAO LEAO,PP,BROTAS DE MACAUBAS,DENTRO,2,0.00,0.0,0.0
JOAO LEAO,PP,BELMONTE,DENTRO,2,0.00,0.0,0.0
JOAO LEAO,PP,PALMAS DE MONTE ALTO,DENTRO,2,0.00,0.0,0.0
JOAO LEAO,PP,ANTONIO CARDOSO,DENTRO,2,0.00,0.0,0.0
JOAO LEAO,PP,MACAJUBA,DENTRO,2,0.00,0.0,0.0
JOAO LEAO,PP,CORONEL JOAO SA,DENTRO,2,0.00,0.0,0.0
JOAO LEAO,PP,JEREMOABO,DENTRO,2,0.00,0.0,0.0
JOAO LEAO,PP,BONITO,DENTRO,2,0.00,0.0,0.0
JOAO LEAO,PP,BARRO ALTO,DENTRO,1,0.00,0.0,0.0
JOAO LEAO,PP,SANTA CRUZ DA VITORIA,DENTRO,1,0.00,0.0,0.0
JOAO LEAO,PP,CONDEUBA,DENTRO,1,0.00,0.0,0.0
JOAO LEAO,PP,TANQUE NOVO,DENTRO,1,0.00,0.0,0.0
JOAO LEAO,PP,MAIRI,DENTRO,1,0.00,0.0,0.0
JOAO LEAO,PP,MACURURE,DENTRO,1,0.00,0.0,0.0
JOAO LEAO,PP,URANDI,DENTRO,1,0.00,0.0,0.0
JOAO LEAO,PP,IBITITA,DENTRO,1,0.00,0.0,0.0
JOAO LEAO,PP,TANHACU,DENTRO,1,0.00,0.0,0.0
JOAO LEAO,PP,ITAPEBI,DENTRO,1,0.00,0.0,0.0
JOAO LEAO,PP,IBIRAPUA,DENTRO,1,0.00,0.0,0.0
JOAO LEAO,PP,SAUDE,DENTRO,1,0.00,0.0,0.0
JOAO LEAO,PP,LAJE,DENTRO,1,0.00,0.0,0.0
JOAO LEAO,PP,PLANALTO,DENTRO,1,0.00,0.0,0.0
JOAO LEAO,PP,MASCOTE,DENTRO,1,0.00,0.0,0.0
JOAO LEAO,PP,RIBEIRAO DO LARGO,DENTRO,1,0.00,0.0,0.0
JOAO LEAO,PP,SANTA LUZIA,DENTRO,1,0.00,0.0,0.0
JOAO LEAO,PP,ANGUERA,DENTRO,1,0.00,0.0,0.0
JOAO LEAO,PP,ANTAS,DENTRO,1,0.00,0.0,0.0
JOAO LEAO,PP,IRAQUARA,DENTRO,1,0.00,0.0,0.0
JOAO LEAO,PP,VARZEDO,DENTRO,1,0.00,0.0,0.0
JOAO LEAO,PP,PARAMIRIM,DENTRO,1,0.00,0.0,0.0
JOAO LEAO,PP,ITUACU,DENTRO,1,0.00,0.0,0.0
JOAO LEAO,PP,ABARE,DENTRO,1,0.00,0.0,0.0
JOAO LEAO,PP,ARACAS,DENTRO,1,0.00,0.0,0.0
JOAO LEAO,PP,SAO JOSE DA VITORIA,DENTRO,1,0.00,0.0,0.0
JOAO LEAO,PP,OUROLANDIA,DENTRO,1,0.00,0.0,0.0
JOAO LEAO,PP,AMERICA DOURADA,DENTRO,1,0.00,0.0,0.0
JOAO LEAO,PP,CANDIBA,DENTRO,1,0.00,0.0,0.0
JOAO LEAO,PP,BANZAE,DENTRO,1,0.00,0.0,0.0
JOAO LEAO,PP,CANDIDO SALES,DENTRO,1,0.00,0.0,0.0
JOAO LEAO,PP,FILADELFIA,DENTRO,1,0.00,0.0,0.0
JOAO LEAO,PP,PEDRAO,DENTRO,1,0.00,0.0,0.0
JOAO LEAO,PP,RIO DE CONTAS,DENTRO,1,0.00,0.0,0.0
JOAO LEAO,PP,GUARATINGA,DENTRO,0,0.00,0.0,0.0
JOAO LEAO,PP,ITAMBE,DENTRO,0,0.00,0.0,0.0
JOAO LEAO,PP,ANTONIO GONCALVES,DENTRO,0,0.00,0.0,0.0
JOAO LEAO,PP,IBITIARA,DENTRO,0,0.00,0.0,0.0
JOAO LEAO,PP,SEBASTIAO LARANJEIRAS,DENTRO,0,0.00,0.0,0.0
JOAO LEAO,PP,VARZEA NOVA,DENTRO,0,0.00,0.0,0.0
JOAO LEAO,PP,MATINA,DENTRO,0,0.00,0.0,0.0
JOAO LEAO,PP,NORDESTINA,DENTRO,0,0.00,0.0,0.0
JOAO LEAO,PP,SANTA BRIGIDA,DENTRO,0,0.00,0.0,0.0
JOAO LEAO,PP,LAGOA REAL,DENTRO,0,0.00,0.0,0.0
JOAO LEAO,PP,CANUDOS,DENTRO,0,0.00,0.0,0.0
JOAO LEAO,PP,MAIQUINIQUE,DENTRO,0,0.00,0.0,0.0
JOAO LEAO,PP,BUERAREMA,DENTRO,0,0.00,0.0,0.0
JOAO LEAO,PP,MULUNGU DO MORRO,DENTRO,0,0.00,0.0,0.0
JOAO LEAO,PP,SAO JOSE DO JACUIPE,DENTRO,0,0.00,0.0,0.0
JOAO LEAO,PP,ALMADINA,DENTRO,0,0.00,0.0,0.0
JOAO LEAO,PP,CANDEAL,DENTRO,0,0.00,0.0,0.0
JOAO LEAO,PP,IBIPITANGA,DENTRO,0,0.00,0.0,0.0
JOAO LEAO,PP,ABAIRA,DENTRO,0,0.00,0.0,0.0
JOAO LEAO,PP,RIBEIRA DO AMPARO,DENTRO,0,0.00,0.0,0.0
JOAO LEAO,PP,SOUTO SOARES,DENTRO,0,0.00,0.0,0.0
JOAO LEAO,PP,FEIRA DA MATA,DENTRO,0,0.00,0.0,0.0
JOAO LEAO,PP,MORTUGABA,DENTRO,0,0.00,0.0,0.0
JOAO LEAO,PP,CALDEIRAO GRANDE,DENTRO,0,0.00,0.0,0.0
JOAO LEAO,PP,PIRAI DO NORTE,DENTRO,0,0.00,0.0,0.0
JOAO LEAO,PP,DOM BASILIO,DENTRO,0,0.00,0.0,0.0
JOAO LEAO,PP,LAJEDAO,DENTRO,0,0.00,0.0,0.0
JOAO LEAO,PP,CARAIBAS,DENTRO,0,0.00,0.0,0.0
JOAO LEAO,PP,JUSSARI,DENTRO,0,0.00,0.0,0.0
JOAO LEAO,PP,MIRANTE,DENTRO,0,0.00,0.0,0.0
JOAO LEAO,PP,PAU BRASIL,DENTRO,0,0.00,0.0,0.0
JOAO LEAO,PP,MALHADA,DENTRO,0,0.00,0.0,0.0
JOAO LEAO,PP,PIRIPA,DENTRO,0,0.00,0.0,0.0
JOAO LEAO,PP,ERICO CARDOSO,DENTRO,0,0.00,0.0,0.0
JOAO LEAO,PP,ITAJU DO COLONIA,DENTRO,0,0.00,0.0,0.0
JOAO LEAO,PP,SAO MIGUEL DAS MATAS,DENTRO,0,0.00,0.0,0.0
JOAO LEAO,PP,ARATACA,DENTRO,0,0.00,0.0,0.0
JOAO LEAO,PP,GLORIA,DENTRO,0,0.00,0.0,0.0
JOAO LEAO,PP,RODELAS,DENTRO,0,0.00,0.0,0.0
JOAO LEAO,PP,JUSSIAPE,DENTRO,0,0.00,0.0,0.0
JOAO LEAO,PP,CAETANOS,DENTRO,0,0.00,0.0,0.0
JOAO LEAO,PP,QUIJINGUE,DENTRO,0,0.00,0.0,0.0
JOAO LEAO,PP,ITAGIMIRIM,DENTRO,0,0.00,0.0,0.0
JOAO LEAO,PP,CATURAMA,DENTRO,0,0.00,0.0,0.0
JOAO LEAO,PP,CORDEIROS,DENTRO,0,0.00,0.0,0.0
JOAO LEAO,PP,ADUSTINA,DENTRO,0,0.00,0.0,0.0
JOAO LEAO,PP,BONINAL,DENTRO,0,0.00,0.0,0.0
JOAO LEAO,PP,IBIASSUCE,DENTRO,0,0.00,0.0,0.0
JOAO LEAO,PP,MULTIPLO,AMPLO,0,0,93134545.32,81.68
JOAO LEAO,PP,SEM INFORMACAO,AMPLO,0,0,20892206.63,18.32
CAPITAO ALDEN,PL,SALVADOR,DENTRO,26316,27.66,0.0,0.0
CAPITAO ALDEN,PL,FEIRA DE SANTANA,DENTRO,8652,9.09,0.0,0.0
CAPITAO ALDEN,PL,LUIS EDUARDO MAGALHAES,DENTRO,2319,2.44,0.0,0.0
CAPITAO ALDEN,PL,VITORIA DA CONQUISTA,DENTRO,2281,2.40,0.0,0.0
CAPITAO ALDEN,PL,CAMACARI,DENTRO,2204,2.32,0.0,0.0
CAPITAO ALDEN,PL,JEQUIE,DENTRO,1976,2.08,0.0,0.0
CAPITAO ALDEN,PL,LAURO DE FREITAS,DENTRO,1821,1.91,0.0,0.0
CAPITAO ALDEN,PL,ILHEUS,DENTRO,1777,1.87,0.0,0.0
CAPITAO ALDEN,PL,EUNAPOLIS,DENTRO,1760,1.85,0.0,0.0
CAPITAO ALDEN,PL,ALAGOINHAS,DENTRO,1557,1.64,0.0,0.0
CAPITAO ALDEN,PL,JUAZEIRO,DENTRO,1475,1.55,0.0,0.0
CAPITAO ALDEN,PL,SANTO ANTONIO DE JESUS,DENTRO,1425,1.50,0.0,0.0
CAPITAO ALDEN,PL,ITABUNA,DENTRO,1389,1.46,0.0,0.0
CAPITAO ALDEN,PL,JACOBINA,DENTRO,1297,1.36,0.0,0.0
CAPITAO ALDEN,PL,TEIXEIRA DE FREITAS,DENTRO,1115,1.17,0.0,0.0
CAPITAO ALDEN,PL,PORTO SEGURO,DENTRO,1060,1.11,0.0,0.0
CAPITAO ALDEN,PL,BARREIRAS,DENTRO,1032,1.08,0.0,0.0
CAPITAO ALDEN,PL,PRADO,DENTRO,1016,1.07,0.0,0.0
CAPITAO ALDEN,PL,IRECE,DENTRO,977,1.03,0.0,0.0
CAPITAO ALDEN,PL,SIMOES FILHO,DENTRO,879,0.92,0.0,0.0
CAPITAO ALDEN,PL,ITAMARAJU,DENTRO,854,0.90,0.0,0.0
CAPITAO ALDEN,PL,VALENCA,DENTRO,809,0.85,0.0,0.0
CAPITAO ALDEN,PL,SERRINHA,DENTRO,753,0.79,0.0,0.0
CAPITAO ALDEN,PL,ITABERABA,DENTRO,726,0.76,0.0,0.0
CAPITAO ALDEN,PL,ITAPETINGA,DENTRO,716,0.75,0.0,0.0
CAPITAO ALDEN,PL,PAULO AFONSO,DENTRO,687,0.72,0.0,0.0
CAPITAO ALDEN,PL,SENHOR DO BONFIM,DENTRO,575,0.60,0.0,0.0
CAPITAO ALDEN,PL,MARACAS,DENTRO,409,0.43,0.0,0.0
CAPITAO ALDEN,PL,UTINGA,DENTRO,403,0.42,0.0,0.0
CAPITAO ALDEN,PL,JOAO DOURADO,DENTRO,401,0.42,0.0,0.0
CAPITAO ALDEN,PL,GUANAMBI,DENTRO,384,0.40,0.0,0.0
CAPITAO ALDEN,PL,DIAS D AVILA,DENTRO,356,0.37,0.0,0.0
CAPITAO ALDEN,PL,CONCEICAO DO JACUIPE,DENTRO,353,0.37,0.0,0.0
CAPITAO ALDEN,PL,BOM JESUS DA LAPA,DENTRO,349,0.37,0.0,0.0
CAPITAO ALDEN,PL,BRUMADO,DENTRO,336,0.35,0.0,0.0
CAPITAO ALDEN,PL,CANDEIAS,DENTRO,325,0.34,0.0,0.0
CAPITAO ALDEN,PL,CASA NOVA,DENTRO,310,0.33,0.0,0.0
CAPITAO ALDEN,PL,CAPIM GROSSO,DENTRO,299,0.31,0.0,0.0
CAPITAO ALDEN,PL,VERA CRUZ,DENTRO,297,0.31,0.0,0.0
CAPITAO ALDEN,PL,CRUZ DAS ALMAS,DENTRO,294,0.31,0.0,0.0
CAPITAO ALDEN,PL,MATA DE SAO JOAO,DENTRO,287,0.30,0.0,0.0
CAPITAO ALDEN,PL,NAZARE,DENTRO,283,0.30,0.0,0.0
CAPITAO ALDEN,PL,IPIRA,DENTRO,282,0.30,0.0,0.0
CAPITAO ALDEN,PL,BONITO,DENTRO,260,0.27,0.0,0.0
CAPITAO ALDEN,PL,CONCEICAO DO COITE,DENTRO,257,0.27,0.0,0.0
CAPITAO ALDEN,PL,SAO DESIDERIO,DENTRO,256,0.27,0.0,0.0
CAPITAO ALDEN,PL,ITARANTIM,DENTRO,245,0.26,0.0,0.0
CAPITAO ALDEN,PL,SAO GONCALO DOS CAMPOS,DENTRO,240,0.25,0.0,0.0
CAPITAO ALDEN,PL,MORRO DO CHAPEU,DENTRO,239,0.25,0.0,0.0
CAPITAO ALDEN,PL,ITAJUIPE,DENTRO,229,0.24,0.0,0.0
CAPITAO ALDEN,PL,SANTA CRUZ CABRALIA,DENTRO,223,0.23,0.0,0.0
CAPITAO ALDEN,PL,ITABELA,DENTRO,204,0.21,0.0,0.0
CAPITAO ALDEN,PL,OLINDINA,DENTRO,196,0.21,0.0,0.0
CAPITAO ALDEN,PL,CAETITE,DENTRO,193,0.20,0.0,0.0
CAPITAO ALDEN,PL,ITACARE,DENTRO,189,0.20,0.0,0.0
CAPITAO ALDEN,PL,MIGUEL CALMON,DENTRO,187,0.20,0.0,0.0
CAPITAO ALDEN,PL,IBITITA,DENTRO,179,0.19,0.0,0.0
CAPITAO ALDEN,PL,SANTO AMARO,DENTRO,179,0.19,0.0,0.0
CAPITAO ALDEN,PL,LAPAO,DENTRO,178,0.19,0.0,0.0
CAPITAO ALDEN,PL,IRARA,DENTRO,178,0.19,0.0,0.0
CAPITAO ALDEN,PL,SANTO ESTEVAO,DENTRO,176,0.18,0.0,0.0
CAPITAO ALDEN,PL,SANTALUZ,DENTRO,174,0.18,0.0,0.0
CAPITAO ALDEN,PL,CANAVIEIRAS,DENTRO,166,0.17,0.0,0.0
CAPITAO ALDEN,PL,AMARGOSA,DENTRO,166,0.17,0.0,0.0
CAPITAO ALDEN,PL,CIPO,DENTRO,162,0.17,0.0,0.0
CAPITAO ALDEN,PL,MURITIBA,DENTRO,161,0.17,0.0,0.0
CAPITAO ALDEN,PL,JAGUAQUARA,DENTRO,158,0.17,0.0,0.0
CAPITAO ALDEN,PL,MUCURI,DENTRO,153,0.16,0.0,0.0
CAPITAO ALDEN,PL,ENTRE RIOS,DENTRO,152,0.16,0.0,0.0
CAPITAO ALDEN,PL,POJUCA,DENTRO,151,0.16,0.0,0.0
CAPITAO ALDEN,PL,POCOES,DENTRO,151,0.16,0.0,0.0
CAPITAO ALDEN,PL,SANTA MARIA DA VITORIA,DENTRO,146,0.15,0.0,0.0
CAPITAO ALDEN,PL,IBIPEBA,DENTRO,145,0.15,0.0,0.0
CAPITAO ALDEN,PL,WAGNER,DENTRO,144,0.15,0.0,0.0
CAPITAO ALDEN,PL,CORACAO DE MARIA,DENTRO,144,0.15,0.0,0.0
CAPITAO ALDEN,PL,XIQUE-XIQUE,DENTRO,143,0.15,0.0,0.0
CAPITAO ALDEN,PL,RUY BARBOSA,DENTRO,143,0.15,0.0,0.0
CAPITAO ALDEN,PL,COARACI,DENTRO,143,0.15,0.0,0.0
CAPITAO ALDEN,PL,TUCANO,DENTRO,142,0.15,0.0,0.0
CAPITAO ALDEN,PL,NOVA VICOSA,DENTRO,142,0.15,0.0,0.0
CAPITAO ALDEN,PL,IACU,DENTRO,141,0.15,0.0,0.0
CAPITAO ALDEN,PL,GANDU,DENTRO,141,0.15,0.0,0.0
CAPITAO ALDEN,PL,MARAGOGIPE,DENTRO,139,0.15,0.0,0.0
CAPITAO ALDEN,PL,PIRITIBA,DENTRO,137,0.14,0.0,0.0
CAPITAO ALDEN,PL,CACHOEIRA,DENTRO,134,0.14,0.0,0.0
CAPITAO ALDEN,PL,INHAMBUPE,DENTRO,132,0.14,0.0,0.0
CAPITAO ALDEN,PL,EUCLIDES DA CUNHA,DENTRO,131,0.14,0.0,0.0
CAPITAO ALDEN,PL,UBATA,DENTRO,131,0.14,0.0,0.0
CAPITAO ALDEN,PL,CORRENTINA,DENTRO,124,0.13,0.0,0.0
CAPITAO ALDEN,PL,ITAPARICA,DENTRO,123,0.13,0.0,0.0
CAPITAO ALDEN,PL,FORMOSA DO RIO PRETO,DENTRO,123,0.13,0.0,0.0
CAPITAO ALDEN,PL,CATU,DENTRO,122,0.13,0.0,0.0
CAPITAO ALDEN,PL,CONCEICAO DO ALMEIDA,DENTRO,121,0.13,0.0,0.0
CAPITAO ALDEN,PL,ARACI,DENTRO,121,0.13,0.0,0.0
CAPITAO ALDEN,PL,JEREMOABO,DENTRO,121,0.13,0.0,0.0
CAPITAO ALDEN,PL,LAJE,DENTRO,120,0.13,0.0,0.0
CAPITAO ALDEN,PL,AMELIA RODRIGUES,DENTRO,119,0.13,0.0,0.0
CAPITAO ALDEN,PL,RIACHAO DO JACUIPE,DENTRO,118,0.12,0.0,0.0
CAPITAO ALDEN,PL,BARRA,DENTRO,118,0.12,0.0,0.0
CAPITAO ALDEN,PL,CAMAMU,DENTRO,117,0.12,0.0,0.0
CAPITAO ALDEN,PL,RIO REAL,DENTRO,116,0.12,0.0,0.0
CAPITAO ALDEN,PL,SAO FRANCISCO DO CONDE,DENTRO,116,0.12,0.0,0.0
CAPITAO ALDEN,PL,MADRE DE DEUS,DENTRO,115,0.12,0.0,0.0
CAPITAO ALDEN,PL,SOBRADINHO,DENTRO,115,0.12,0.0,0.0
CAPITAO ALDEN,PL,LIVRAMENTO DE NOSSA SENHORA,DENTRO,111,0.12,0.0,0.0
CAPITAO ALDEN,PL,CAMACA,DENTRO,111,0.12,0.0,0.0
CAPITAO ALDEN,PL,IPIAU,DENTRO,110,0.12,0.0,0.0
CAPITAO ALDEN,PL,SALINAS DA MARGARIDA,DENTRO,110,0.12,0.0,0.0
CAPITAO ALDEN,PL,BAIXA GRANDE,DENTRO,108,0.11,0.0,0.0
CAPITAO ALDEN,PL,UIBAI,DENTRO,107,0.11,0.0,0.0
CAPITAO ALDEN,PL,BUERAREMA,DENTRO,106,0.11,0.0,0.0
CAPITAO ALDEN,PL,BIRITINGA,DENTRO,106,0.11,0.0,0.0
CAPITAO ALDEN,PL,SAUBARA,DENTRO,105,0.11,0.0,0.0
CAPITAO ALDEN,PL,RIBEIRA DO POMBAL,DENTRO,103,0.11,0.0,0.0
CAPITAO ALDEN,PL,REMANSO,DENTRO,102,0.11,0.0,0.0
CAPITAO ALDEN,PL,MUNIZ FERREIRA,DENTRO,102,0.11,0.0,0.0
CAPITAO ALDEN,PL,IGUAI,DENTRO,95,0.10,0.0,0.0
CAPITAO ALDEN,PL,MEDEIROS NETO,DENTRO,95,0.10,0.0,0.0
CAPITAO ALDEN,PL,SANTANA,DENTRO,95,0.10,0.0,0.0
CAPITAO ALDEN,PL,CARAVELAS,DENTRO,93,0.10,0.0,0.0
CAPITAO ALDEN,PL,IBICARAI,DENTRO,93,0.10,0.0,0.0
CAPITAO ALDEN,PL,AMERICA DOURADA,DENTRO,92,0.10,0.0,0.0
CAPITAO ALDEN,PL,JAGUARARI,DENTRO,91,0.10,0.0,0.0
CAPITAO ALDEN,PL,ALCOBACA,DENTRO,91,0.10,0.0,0.0
CAPITAO ALDEN,PL,UBAIRA,DENTRO,88,0.09,0.0,0.0
CAPITAO ALDEN,PL,CAIRU,DENTRO,88,0.09,0.0,0.0
CAPITAO ALDEN,PL,COCOS,DENTRO,87,0.09,0.0,0.0
CAPITAO ALDEN,PL,UBAITABA,DENTRO,87,0.09,0.0,0.0
CAPITAO ALDEN,PL,SAO FELIX DO CORIBE,DENTRO,85,0.09,0.0,0.0
CAPITAO ALDEN,PL,CAMPO FORMOSO,DENTRO,83,0.09,0.0,0.0
CAPITAO ALDEN,PL,CENTRAL,DENTRO,82,0.09,0.0,0.0
CAPITAO ALDEN,PL,ESPLANADA,DENTRO,82,0.09,0.0,0.0
CAPITAO ALDEN,PL,SAO FELIPE,DENTRO,81,0.09,0.0,0.0
CAPITAO ALDEN,PL,MILAGRES,DENTRO,80,0.08,0.0,0.0
CAPITAO ALDEN,PL,CORIBE,DENTRO,80,0.08,0.0,0.0
CAPITAO ALDEN,PL,VARZEA DA ROCA,DENTRO,80,0.08,0.0,0.0
CAPITAO ALDEN,PL,RIACHO DE SANTANA,DENTRO,79,0.08,0.0,0.0
CAPITAO ALDEN,PL,PARIPIRANGA,DENTRO,79,0.08,0.0,0.0
CAPITAO ALDEN,PL,IBOTIRAMA,DENTRO,79,0.08,0.0,0.0
CAPITAO ALDEN,PL,CONCEICAO DA FEIRA,DENTRO,79,0.08,0.0,0.0
CAPITAO ALDEN,PL,ITATIM,DENTRO,78,0.08,0.0,0.0
CAPITAO ALDEN,PL,VARZEA DO POCO,DENTRO,78,0.08,0.0,0.0
CAPITAO ALDEN,PL,MIRANGABA,DENTRO,77,0.08,0.0,0.0
CAPITAO ALDEN,PL,SEABRA,DENTRO,76,0.08,0.0,0.0
CAPITAO ALDEN,PL,CONDEUBA,DENTRO,75,0.08,0.0,0.0
CAPITAO ALDEN,PL,CICERO DANTAS,DENTRO,73,0.08,0.0,0.0
CAPITAO ALDEN,PL,PRESIDENTE DUTRA,DENTRO,73,0.08,0.0,0.0
CAPITAO ALDEN,PL,JAGUARIPE,DENTRO,72,0.08,0.0,0.0
CAPITAO ALDEN,PL,SAO SEBASTIAO DO PASSE,DENTRO,72,0.08,0.0,0.0
CAPITAO ALDEN,PL,FILADELFIA,DENTRO,72,0.08,0.0,0.0
CAPITAO ALDEN,PL,CANSANCAO,DENTRO,71,0.07,0.0,0.0
CAPITAO ALDEN,PL,SANTA BARBARA,DENTRO,70,0.07,0.0,0.0
CAPITAO ALDEN,PL,IBICUI,DENTRO,70,0.07,0.0,0.0
CAPITAO ALDEN,PL,VARZEA NOVA,DENTRO,69,0.07,0.0,0.0
CAPITAO ALDEN,PL,CORDEIROS,DENTRO,69,0.07,0.0,0.0
CAPITAO ALDEN,PL,ITORORO,DENTRO,68,0.07,0.0,0.0
CAPITAO ALDEN,PL,UNA,DENTRO,67,0.07,0.0,0.0
CAPITAO ALDEN,PL,CANARANA,DENTRO,67,0.07,0.0,0.0
CAPITAO ALDEN,PL,MACAUBAS,DENTRO,66,0.07,0.0,0.0
CAPITAO ALDEN,PL,VALENTE,DENTRO,66,0.07,0.0,0.0
CAPITAO ALDEN,PL,GUARATINGA,DENTRO,65,0.07,0.0,0.0
CAPITAO ALDEN,PL,ITAMBE,DENTRO,65,0.07,0.0,0.0
CAPITAO ALDEN,PL,URUCUCA,DENTRO,65,0.07,0.0,0.0
CAPITAO ALDEN,PL,ITUBERA,DENTRO,65,0.07,0.0,0.0
CAPITAO ALDEN,PL,PRESIDENTE TANCREDO NEVES,DENTRO,65,0.07,0.0,0.0
CAPITAO ALDEN,PL,SATIRO DIAS,DENTRO,65,0.07,0.0,0.0
CAPITAO ALDEN,PL,BELMONTE,DENTRO,65,0.07,0.0,0.0
CAPITAO ALDEN,PL,MACARANI,DENTRO,64,0.07,0.0,0.0
CAPITAO ALDEN,PL,CASTRO ALVES,DENTRO,63,0.07,0.0,0.0
CAPITAO ALDEN,PL,MAIRI,DENTRO,63,0.07,0.0,0.0
CAPITAO ALDEN,PL,ELISIO MEDRADO,DENTRO,63,0.07,0.0,0.0
CAPITAO ALDEN,PL,MONTE SANTO,DENTRO,63,0.07,0.0,0.0
CAPITAO ALDEN,PL,NOVA SOURE,DENTRO,63,0.07,0.0,0.0
CAPITAO ALDEN,PL,ANTONIO GONCALVES,DENTRO,62,0.07,0.0,0.0
CAPITAO ALDEN,PL,QUEIMADAS,DENTRO,62,0.07,0.0,0.0
CAPITAO ALDEN,PL,PE DE SERRA,DENTRO,62,0.07,0.0,0.0
CAPITAO ALDEN,PL,LAJEDAO,DENTRO,62,0.07,0.0,0.0
CAPITAO ALDEN,PL,SAO FELIX,DENTRO,62,0.07,0.0,0.0
CAPITAO ALDEN,PL,SERROLANDIA,DENTRO,62,0.07,0.0,0.0
CAPITAO ALDEN,PL,JIQUIRICA,DENTRO,59,0.06,0.0,0.0
CAPITAO ALDEN,PL,RIACHAO DAS NEVES,DENTRO,59,0.06,0.0,0.0
CAPITAO ALDEN,PL,ITIUBA,DENTRO,59,0.06,0.0,0.0
CAPITAO ALDEN,PL,SAUDE,DENTRO,59,0.06,0.0,0.0
CAPITAO ALDEN,PL,CURACA,DENTRO,58,0.06,0.0,0.0
CAPITAO ALDEN,PL,MALHADA DE PEDRAS,DENTRO,58,0.06,0.0,0.0
CAPITAO ALDEN,PL,ITAGIBA,DENTRO,56,0.06,0.0,0.0
CAPITAO ALDEN,PL,IBIRAPITANGA,DENTRO,56,0.06,0.0,0.0
CAPITAO ALDEN,PL,JITAUNA,DENTRO,56,0.06,0.0,0.0
CAPITAO ALDEN,PL,CAFARNAUM,DENTRO,56,0.06,0.0,0.0
CAPITAO ALDEN,PL,SAO GABRIEL,DENTRO,55,0.06,0.0,0.0
CAPITAO ALDEN,PL,ANDORINHA,DENTRO,55,0.06,0.0,0.0
CAPITAO ALDEN,PL,SENTO SE,DENTRO,54,0.06,0.0,0.0
CAPITAO ALDEN,PL,BELO CAMPO,DENTRO,54,0.06,0.0,0.0
CAPITAO ALDEN,PL,SAO JOSE DA VITORIA,DENTRO,54,0.06,0.0,0.0
CAPITAO ALDEN,PL,ITAPICURU,DENTRO,53,0.06,0.0,0.0
CAPITAO ALDEN,PL,PARATINGA,DENTRO,53,0.06,0.0,0.0
CAPITAO ALDEN,PL,RAFAEL JAMBEIRO,DENTRO,53,0.06,0.0,0.0
CAPITAO ALDEN,PL,GOVERNADOR MANGABEIRA,DENTRO,53,0.06,0.0,0.0
CAPITAO ALDEN,PL,LENCOIS,DENTRO,52,0.05,0.0,0.0
CAPITAO ALDEN,PL,MAIQUINIQUE,DENTRO,52,0.05,0.0,0.0
CAPITAO ALDEN,PL,JUSSARA,DENTRO,52,0.05,0.0,0.0
CAPITAO ALDEN,PL,NILO PECANHA,DENTRO,52,0.05,0.0,0.0
CAPITAO ALDEN,PL,BARRO ALTO,DENTRO,51,0.05,0.0,0.0
CAPITAO ALDEN,PL,CANDEAL,DENTRO,51,0.05,0.0,0.0
CAPITAO ALDEN,PL,AURELINO LEAL,DENTRO,51,0.05,0.0,0.0
CAPITAO ALDEN,PL,RETIROLANDIA,DENTRO,51,0.05,0.0,0.0
CAPITAO ALDEN,PL,AGUA FRIA,DENTRO,50,0.05,0.0,0.0
CAPITAO ALDEN,PL,CARINHANHA,DENTRO,50,0.05,0.0,0.0
CAPITAO ALDEN,PL,BARRA DO CHOCA,DENTRO,49,0.05,0.0,0.0
CAPITAO ALDEN,PL,PINDOBACU,DENTRO,49,0.05,0.0,0.0
CAPITAO ALDEN,PL,CRISTOPOLIS,DENTRO,49,0.05,0.0,0.0
CAPITAO ALDEN,PL,WANDERLEY,DENTRO,49,0.05,0.0,0.0
CAPITAO ALDEN,PL,NOVA FATIMA,DENTRO,49,0.05,0.0,0.0
CAPITAO ALDEN,PL,SANTA RITA DE CASSIA,DENTRO,48,0.05,0.0,0.0
CAPITAO ALDEN,PL,CAEM,DENTRO,48,0.05,0.0,0.0
CAPITAO ALDEN,PL,SANTA LUZIA,DENTRO,48,0.05,0.0,0.0
CAPITAO ALDEN,PL,SAPEACU,DENTRO,47,0.05,0.0,0.0
CAPITAO ALDEN,PL,ITANHEM,DENTRO,47,0.05,0.0,0.0
CAPITAO ALDEN,PL,OUROLANDIA,DENTRO,47,0.05,0.0,0.0
CAPITAO ALDEN,PL,ITAGIMIRIM,DENTRO,47,0.05,0.0,0.0
CAPITAO ALDEN,PL,IBIRATAIA,DENTRO,46,0.05,0.0,0.0
CAPITAO ALDEN,PL,MUNDO NOVO,DENTRO,45,0.05,0.0,0.0
CAPITAO ALDEN,PL,POTIRAGUA,DENTRO,45,0.05,0.0,0.0
CAPITAO ALDEN,PL,TANQUINHO,DENTRO,44,0.05,0.0,0.0
CAPITAO ALDEN,PL,PIATA,DENTRO,44,0.05,0.0,0.0
CAPITAO ALDEN,PL,BARRA DO MENDES,DENTRO,43,0.05,0.0,0.0
CAPITAO ALDEN,PL,LAJEDO DO TABOCAL,DENTRO,43,0.05,0.0,0.0
CAPITAO ALDEN,PL,FATIMA,DENTRO,43,0.05,0.0,0.0
CAPITAO ALDEN,PL,SANTA INES,DENTRO,43,0.05,0.0,0.0
CAPITAO ALDEN,PL,SANTANOPOLIS,DENTRO,43,0.05,0.0,0.0
CAPITAO ALDEN,PL,SERRA PRETA,DENTRO,43,0.05,0.0,0.0
CAPITAO ALDEN,PL,PARAMIRIM,DENTRO,43,0.05,0.0,0.0
CAPITAO ALDEN,PL,DOM MACEDO COSTA,DENTRO,43,0.05,0.0,0.0
CAPITAO ALDEN,PL,OLIVEIRA DOS BREJINHOS,DENTRO,42,0.04,0.0,0.0
CAPITAO ALDEN,PL,IPECAETA,DENTRO,42,0.04,0.0,0.0
CAPITAO ALDEN,PL,ITIRUCU,DENTRO,41,0.04,0.0,0.0
CAPITAO ALDEN,PL,MARAU,DENTRO,40,0.04,0.0,0.0
CAPITAO ALDEN,PL,BARROCAS,DENTRO,40,0.04,0.0,0.0
CAPITAO ALDEN,PL,ARATUIPE,DENTRO,40,0.04,0.0,0.0
CAPITAO ALDEN,PL,MUTUIPE,DENTRO,40,0.04,0.0,0.0
CAPITAO ALDEN,PL,TAPEROA,DENTRO,39,0.04,0.0,0.0
CAPITAO ALDEN,PL,SANTA BRIGIDA,DENTRO,39,0.04,0.0,0.0
CAPITAO ALDEN,PL,BOA VISTA DO TUPIM,DENTRO,39,0.04,0.0,0.0
CAPITAO ALDEN,PL,MASCOTE,DENTRO,39,0.04,0.0,0.0
CAPITAO ALDEN,PL,ITAPE,DENTRO,39,0.04,0.0,0.0
CAPITAO ALDEN,PL,SITIO DO MATO,DENTRO,38,0.04,0.0,0.0
CAPITAO ALDEN,PL,ANDARAI,DENTRO,38,0.04,0.0,0.0
CAPITAO ALDEN,PL,CRISOPOLIS,DENTRO,38,0.04,0.0,0.0
CAPITAO ALDEN,PL,BOA NOVA,DENTRO,38,0.04,0.0,0.0
CAPITAO ALDEN,PL,SERRA DOURADA,DENTRO,38,0.04,0.0,0.0
CAPITAO ALDEN,PL,CONDE,DENTRO,38,0.04,0.0,0.0
CAPITAO ALDEN,PL,ITAPEBI,DENTRO,37,0.04,0.0,0.0
CAPITAO ALDEN,PL,APORA,DENTRO,37,0.04,0.0,0.0
CAPITAO ALDEN,PL,TREMEDAL,DENTRO,37,0.04,0.0,0.0
CAPITAO ALDEN,PL,RIBEIRAO DO LARGO,DENTRO,36,0.04,0.0,0.0
CAPITAO ALDEN,PL,PONTO NOVO,DENTRO,36,0.04,0.0,0.0
CAPITAO ALDEN,PL,SERRA DO RAMALHO,DENTRO,36,0.04,0.0,0.0
CAPITAO ALDEN,PL,ENCRUZILHADA,DENTRO,34,0.04,0.0,0.0
CAPITAO ALDEN,PL,SANTA TEREZINHA,DENTRO,34,0.04,0.0,0.0
CAPITAO ALDEN,PL,NOVA CANAA,DENTRO,34,0.04,0.0,0.0
CAPITAO ALDEN,PL,ANGUERA,DENTRO,34,0.04,0.0,0.0
CAPITAO ALDEN,PL,CAATIBA,DENTRO,34,0.04,0.0,0.0
CAPITAO ALDEN,PL,JACARACI,DENTRO,34,0.04,0.0,0.0
CAPITAO ALDEN,PL,NOVA IBIA,DENTRO,33,0.03,0.0,0.0
CAPITAO ALDEN,PL,TABOCAS DO BREJO VELHO,DENTRO,33,0.03,0.0,0.0
CAPITAO ALDEN,PL,BONINAL,DENTRO,33,0.03,0.0,0.0
CAPITAO ALDEN,PL,ITAGUACU DA BAHIA,DENTRO,32,0.03,0.0,0.0
CAPITAO ALDEN,PL,CACULE,DENTRO,32,0.03,0.0,0.0
CAPITAO ALDEN,PL,NOVA REDENCAO,DENTRO,32,0.03,0.0,0.0
CAPITAO ALDEN,PL,IRAQUARA,DENTRO,32,0.03,0.0,0.0
CAPITAO ALDEN,PL,TEOFILANDIA,DENTRO,31,0.03,0.0,0.0
CAPITAO ALDEN,PL,SAO JOSE DO JACUIPE,DENTRO,31,0.03,0.0,0.0
CAPITAO ALDEN,PL,VARZEDO,DENTRO,31,0.03,0.0,0.0
CAPITAO ALDEN,PL,PALMEIRAS,DENTRO,31,0.03,0.0,0.0
CAPITAO ALDEN,PL,SAO MIGUEL DAS MATAS,DENTRO,31,0.03,0.0,0.0
CAPITAO ALDEN,PL,PALMAS DE MONTE ALTO,DENTRO,31,0.03,0.0,0.0
CAPITAO ALDEN,PL,ARAMARI,DENTRO,31,0.03,0.0,0.0
CAPITAO ALDEN,PL,BAIANOPOLIS,DENTRO,30,0.03,0.0,0.0
CAPITAO ALDEN,PL,VEREDA,DENTRO,30,0.03,0.0,0.0
CAPITAO ALDEN,PL,RIO DO ANTONIO,DENTRO,30,0.03,0.0,0.0
CAPITAO ALDEN,PL,IBIPITANGA,DENTRO,30,0.03,0.0,0.0
CAPITAO ALDEN,PL,ACAJUTIBA,DENTRO,30,0.03,0.0,0.0
CAPITAO ALDEN,PL,TEOLANDIA,DENTRO,30,0.03,0.0,0.0
CAPITAO ALDEN,PL,MANOEL VITORINO,DENTRO,30,0.03,0.0,0.0
CAPITAO ALDEN,PL,ANTONIO CARDOSO,DENTRO,30,0.03,0.0,0.0
CAPITAO ALDEN,PL,COTEGIPE,DENTRO,29,0.03,0.0,0.0
CAPITAO ALDEN,PL,TEODORO SAMPAIO,DENTRO,29,0.03,0.0,0.0
CAPITAO ALDEN,PL,TERRA NOVA,DENTRO,29,0.03,0.0,0.0
CAPITAO ALDEN,PL,PAU BRASIL,DENTRO,29,0.03,0.0,0.0
CAPITAO ALDEN,PL,GLORIA,DENTRO,29,0.03,0.0,0.0
CAPITAO ALDEN,PL,ICHU,DENTRO,29,0.03,0.0,0.0
CAPITAO ALDEN,PL,LAMARAO,DENTRO,28,0.03,0.0,0.0
CAPITAO ALDEN,PL,UAUA,DENTRO,28,0.03,0.0,0.0
CAPITAO ALDEN,PL,JABORANDI,DENTRO,28,0.03,0.0,0.0
CAPITAO ALDEN,PL,BREJOES,DENTRO,28,0.03,0.0,0.0
CAPITAO ALDEN,PL,ITAGI,DENTRO,28,0.03,0.0,0.0
CAPITAO ALDEN,PL,CANDIDO SALES,DENTRO,28,0.03,0.0,0.0
CAPITAO ALDEN,PL,DARIO MEIRA,DENTRO,28,0.03,0.0,0.0
CAPITAO ALDEN,PL,GAVIAO,DENTRO,28,0.03,0.0,0.0
CAPITAO ALDEN,PL,ITAETE,DENTRO,27,0.03,0.0,0.0
CAPITAO ALDEN,PL,URANDI,DENTRO,27,0.03,0.0,0.0
CAPITAO ALDEN,PL,CORONEL JOAO SA,DENTRO,27,0.03,0.0,0.0
CAPITAO ALDEN,PL,LICINIO DE ALMEIDA,DENTRO,26,0.03,0.0,0.0
CAPITAO ALDEN,PL,PLANALTO,DENTRO,26,0.03,0.0,0.0
CAPITAO ALDEN,PL,ANGICAL,DENTRO,26,0.03,0.0,0.0
CAPITAO ALDEN,PL,BARRA DA ESTIVA,DENTRO,25,0.03,0.0,0.0
CAPITAO ALDEN,PL,AIQUARA,DENTRO,25,0.03,0.0,0.0
CAPITAO ALDEN,PL,SITIO DO QUINTO,DENTRO,25,0.03,0.0,0.0
CAPITAO ALDEN,PL,GENTIO DO OURO,DENTRO,25,0.03,0.0,0.0
CAPITAO ALDEN,PL,RIO DE CONTAS,DENTRO,25,0.03,0.0,0.0
CAPITAO ALDEN,PL,CAPELA DO ALTO ALEGRE,DENTRO,24,0.03,0.0,0.0
CAPITAO ALDEN,PL,MARCIONILIO SOUZA,DENTRO,24,0.03,0.0,0.0
CAPITAO ALDEN,PL,IBIRAPUA,DENTRO,24,0.03,0.0,0.0
CAPITAO ALDEN,PL,TAPIRAMUTA,DENTRO,24,0.03,0.0,0.0
CAPITAO ALDEN,PL,TANHACU,DENTRO,23,0.02,0.0,0.0
CAPITAO ALDEN,PL,IBICOARA,DENTRO,23,0.02,0.0,0.0
CAPITAO ALDEN,PL,CANAPOLIS,DENTRO,22,0.02,0.0,0.0
CAPITAO ALDEN,PL,IPUPIARA,DENTRO,22,0.02,0.0,0.0
CAPITAO ALDEN,PL,ANTAS,DENTRO,22,0.02,0.0,0.0
CAPITAO ALDEN,PL,MUCUGE,DENTRO,22,0.02,0.0,0.0
CAPITAO ALDEN,PL,BANZAE,DENTRO,22,0.02,0.0,0.0
CAPITAO ALDEN,PL,PILAO ARCADO,DENTRO,22,0.02,0.0,0.0
CAPITAO ALDEN,PL,ADUSTINA,DENTRO,22,0.02,0.0,0.0
CAPITAO ALDEN,PL,SAO DOMINGOS,DENTRO,21,0.02,0.0,0.0
CAPITAO ALDEN,PL,HELIOPOLIS,DENTRO,21,0.02,0.0,0.0
CAPITAO ALDEN,PL,PLANALTINO,DENTRO,20,0.02,0.0,0.0
CAPITAO ALDEN,PL,NORDESTINA,DENTRO,20,0.02,0.0,0.0
CAPITAO ALDEN,PL,FLORESTA AZUL,DENTRO,20,0.02,0.0,0.0
CAPITAO ALDEN,PL,CAMPO ALEGRE DE LOURDES,DENTRO,20,0.02,0.0,0.0
CAPITAO ALDEN,PL,ARACAS,DENTRO,20,0.02,0.0,0.0
CAPITAO ALDEN,PL,BREJOLANDIA,DENTRO,20,0.02,0.0,0.0
CAPITAO ALDEN,PL,LAJEDINHO,DENTRO,19,0.02,0.0,0.0
CAPITAO ALDEN,PL,BOQUIRA,DENTRO,19,0.02,0.0,0.0
CAPITAO ALDEN,PL,IRAJUBA,DENTRO,19,0.02,0.0,0.0
CAPITAO ALDEN,PL,ITUACU,DENTRO,19,0.02,0.0,0.0
CAPITAO ALDEN,PL,PRESIDENTE JANIO QUADROS,DENTRO,19,0.02,0.0,0.0
CAPITAO ALDEN,PL,BOTUPORA,DENTRO,18,0.02,0.0,0.0
CAPITAO ALDEN,PL,GONGOGI,DENTRO,18,0.02,0.0,0.0
CAPITAO ALDEN,PL,ANAGE,DENTRO,18,0.02,0.0,0.0
CAPITAO ALDEN,PL,NOVO HORIZONTE,DENTRO,18,0.02,0.0,0.0
CAPITAO ALDEN,PL,PIRIPA,DENTRO,18,0.02,0.0,0.0
CAPITAO ALDEN,PL,MACAJUBA,DENTRO,18,0.02,0.0,0.0
CAPITAO ALDEN,PL,UMBURANAS,DENTRO,17,0.02,0.0,0.0
CAPITAO ALDEN,PL,JUCURUCU,DENTRO,17,0.02,0.0,0.0
CAPITAO ALDEN,PL,ABAIRA,DENTRO,17,0.02,0.0,0.0
CAPITAO ALDEN,PL,MULUNGU DO MORRO,DENTRO,16,0.02,0.0,0.0
CAPITAO ALDEN,PL,ITANAGRA,DENTRO,16,0.02,0.0,0.0
CAPITAO ALDEN,PL,DOM BASILIO,DENTRO,16,0.02,0.0,0.0
CAPITAO ALDEN,PL,MALHADA,DENTRO,16,0.02,0.0,0.0
CAPITAO ALDEN,PL,PEDRAO,DENTRO,16,0.02,0.0,0.0
CAPITAO ALDEN,PL,PINTADAS,DENTRO,15,0.02,0.0,0.0
CAPITAO ALDEN,PL,IBITIARA,DENTRO,15,0.02,0.0,0.0
CAPITAO ALDEN,PL,OURICANGAS,DENTRO,15,0.02,0.0,0.0
CAPITAO ALDEN,PL,IGAPORA,DENTRO,15,0.02,0.0,0.0
CAPITAO ALDEN,PL,APUAREMA,DENTRO,15,0.02,0.0,0.0
CAPITAO ALDEN,PL,NOVO TRIUNFO,DENTRO,15,0.02,0.0,0.0
CAPITAO ALDEN,PL,WENCESLAU GUIMARAES,DENTRO,15,0.02,0.0,0.0
CAPITAO ALDEN,PL,IUIU,DENTRO,15,0.02,0.0,0.0
CAPITAO ALDEN,PL,BARRA DO ROCHA,DENTRO,14,0.01,0.0,0.0
CAPITAO ALDEN,PL,CARDEAL DA SILVA,DENTRO,14,0.01,0.0,0.0
CAPITAO ALDEN,PL,CANUDOS,DENTRO,14,0.01,0.0,0.0
CAPITAO ALDEN,PL,ITAPITANGA,DENTRO,14,0.01,0.0,0.0
CAPITAO ALDEN,PL,CALDEIRAO GRANDE,DENTRO,14,0.01,0.0,0.0
CAPITAO ALDEN,PL,PIRAI DO NORTE,DENTRO,14,0.01,0.0,0.0
CAPITAO ALDEN,PL,QUIJINGUE,DENTRO,14,0.01,0.0,0.0
CAPITAO ALDEN,PL,IBIQUERA,DENTRO,13,0.01,0.0,0.0
CAPITAO ALDEN,PL,RIBEIRA DO AMPARO,DENTRO,13,0.01,0.0,0.0
CAPITAO ALDEN,PL,LAFAIETE COUTINHO,DENTRO,13,0.01,0.0,0.0
CAPITAO ALDEN,PL,CATOLANDIA,DENTRO,13,0.01,0.0,0.0
CAPITAO ALDEN,PL,MORPARA,DENTRO,13,0.01,0.0,0.0
CAPITAO ALDEN,PL,ITAQUARA,DENTRO,13,0.01,0.0,0.0
CAPITAO ALDEN,PL,IGRAPIUNA,DENTRO,13,0.01,0.0,0.0
CAPITAO ALDEN,PL,QUIXABEIRA,DENTRO,12,0.01,0.0,0.0
CAPITAO ALDEN,PL,MORTUGABA,DENTRO,12,0.01,0.0,0.0
CAPITAO ALDEN,PL,CARAIBAS,DENTRO,12,0.01,0.0,0.0
CAPITAO ALDEN,PL,CANDIBA,DENTRO,12,0.01,0.0,0.0
CAPITAO ALDEN,PL,IRAMAIA,DENTRO,11,0.01,0.0,0.0
CAPITAO ALDEN,PL,ARACATU,DENTRO,11,0.01,0.0,0.0
CAPITAO ALDEN,PL,PEDRO ALEXANDRE,DENTRO,11,0.01,0.0,0.0
CAPITAO ALDEN,PL,SOUTO SOARES,DENTRO,11,0.01,0.0,0.0
CAPITAO ALDEN,PL,MIRANTE,DENTRO,11,0.01,0.0,0.0
CAPITAO ALDEN,PL,ARATACA,DENTRO,11,0.01,0.0,0.0
CAPITAO ALDEN,PL,RODELAS,DENTRO,11,0.01,0.0,0.0
CAPITAO ALDEN,PL,NOVA ITARANA,DENTRO,11,0.01,0.0,0.0
CAPITAO ALDEN,PL,MATINA,DENTRO,10,0.01,0.0,0.0
CAPITAO ALDEN,PL,TANQUE NOVO,DENTRO,10,0.01,0.0,0.0
CAPITAO ALDEN,PL,CABACEIRAS DO PARAGUACU,DENTRO,10,0.01,0.0,0.0
CAPITAO ALDEN,PL,JUSSIAPE,DENTRO,10,0.01,0.0,0.0
CAPITAO ALDEN,PL,JANDAIRA,DENTRO,9,0.01,0.0,0.0
CAPITAO ALDEN,PL,JUSSARI,DENTRO,9,0.01,0.0,0.0
CAPITAO ALDEN,PL,ITAJU DO COLONIA,DENTRO,9,0.01,0.0,0.0
CAPITAO ALDEN,PL,BOM JESUS DA SERRA,DENTRO,9,0.01,0.0,0.0
CAPITAO ALDEN,PL,MUQUEM DO SAO FRANCISCO,DENTRO,8,0.01,0.0,0.0
CAPITAO ALDEN,PL,CHORROCHO,DENTRO,8,0.01,0.0,0.0
CAPITAO ALDEN,PL,LAGOA REAL,DENTRO,8,0.01,0.0,0.0
CAPITAO ALDEN,PL,ALMADINA,DENTRO,8,0.01,0.0,0.0
CAPITAO ALDEN,PL,BARRO PRETO,DENTRO,8,0.01,0.0,0.0
CAPITAO ALDEN,PL,FEIRA DA MATA,DENTRO,8,0.01,0.0,0.0
CAPITAO ALDEN,PL,CATURAMA,DENTRO,8,0.01,0.0,0.0
CAPITAO ALDEN,PL,MAETINGA,DENTRO,7,0.01,0.0,0.0
CAPITAO ALDEN,PL,CONTENDAS DO SINCORA,DENTRO,7,0.01,0.0,0.0
CAPITAO ALDEN,PL,BURITIRAMA,DENTRO,6,0.01,0.0,0.0
CAPITAO ALDEN,PL,ITAMARI,DENTRO,6,0.01,0.0,0.0
CAPITAO ALDEN,PL,ABARE,DENTRO,6,0.01,0.0,0.0
CAPITAO ALDEN,PL,BROTAS DE MACAUBAS,DENTRO,6,0.01,0.0,0.0
CAPITAO ALDEN,PL,FIRMINO ALVES,DENTRO,6,0.01,0.0,0.0
CAPITAO ALDEN,PL,SEBASTIAO LARANJEIRAS,DENTRO,5,0.01,0.0,0.0
CAPITAO ALDEN,PL,MACURURE,DENTRO,5,0.01,0.0,0.0
CAPITAO ALDEN,PL,PINDAI,DENTRO,5,0.01,0.0,0.0
CAPITAO ALDEN,PL,GUAJERU,DENTRO,4,0.00,0.0,0.0
CAPITAO ALDEN,PL,MANSIDAO,DENTRO,4,0.00,0.0,0.0
CAPITAO ALDEN,PL,CRAVOLANDIA,DENTRO,4,0.00,0.0,0.0
CAPITAO ALDEN,PL,RIO DO PIRES,DENTRO,3,0.00,0.0,0.0
CAPITAO ALDEN,PL,IBIASSUCE,DENTRO,3,0.00,0.0,0.0
CAPITAO ALDEN,PL,SANTA CRUZ DA VITORIA,DENTRO,2,0.00,0.0,0.0
CAPITAO ALDEN,PL,ERICO CARDOSO,DENTRO,2,0.00,0.0,0.0
CAPITAO ALDEN,PL,CAETANOS,DENTRO,2,0.00,0.0,0.0
CAPITAO ALDEN,PL,MULTIPLO,AMPLO,0,0,74646557.67,67.33
CAPITAO ALDEN,PL,SEM INFORMACAO,AMPLO,0,0,9343498.05,8.43
CAPITAO ALDEN,PL,SAUDE (BAHIA),FORA,0,0,7534468.0,6.8
CAPITAO ALDEN,PL,IBOTIRAMA (BAHIA),FORA,0,0,5500000.0,4.96
CAPITAO ALDEN,PL,SITIO DO MATO (BAHIA),FORA,0,0,3000000.0,2.71
CAPITAO ALDEN,PL,ITAGUACU DA BAHIA (BAHIA),FORA,0,0,2340926.0,2.11
CAPITAO ALDEN,PL,BOM JESUS DA LAPA (BAHIA),FORA,0,0,1999582.0,1.8
CAPITAO ALDEN,PL,ITUBERA (BAHIA),FORA,0,0,1500000.0,1.35
CAPITAO ALDEN,PL,MUNDO NOVO (BAHIA),FORA,0,0,999977.0,0.9
CAPITAO ALDEN,PL,XIQUE-XIQUE (BAHIA),FORA,0,0,998960.0,0.9
CAPITAO ALDEN,PL,SERRINHA (BAHIA),FORA,0,0,800000.0,0.72
CAPITAO ALDEN,PL,SALVADOR (BAHIA),FORA,0,0,699980.0,0.63
CAPITAO ALDEN,PL,TABOCAS DO BREJO VELHO (BAHIA),FORA,0,0,600000.0,0.54
CAPITAO ALDEN,PL,JUSSARI (BAHIA),FORA,0,0,500000.0,0.45
CAPITAO ALDEN,PL,COCOS (BAHIA),FORA,0,0,400000.0,0.36
JOAO CARLOS BACELAR,PL,PORTO SEGURO,DENTRO,9070,10.05,0.0,0.0
JOAO CARLOS BACELAR,PL,MONTE SANTO,DENTRO,4456,4.94,0.0,0.0
JOAO CARLOS BACELAR,PL,QUIJINGUE,DENTRO,4094,4.54,0.0,0.0
JOAO CARLOS BACELAR,PL,ITAGUACU DA BAHIA,DENTRO,3399,3.77,0.0,0.0
JOAO CARLOS BACELAR,PL,SALVADOR,DENTRO,3142,3.48,0.0,0.0
JOAO CARLOS BACELAR,PL,VITORIA DA CONQUISTA,DENTRO,3048,3.38,0.0,0.0
JOAO CARLOS BACELAR,PL,CANDIDO SALES,DENTRO,2934,3.25,0.0,0.0
JOAO CARLOS BACELAR,PL,CANARANA,DENTRO,2495,2.77,0.0,0.0
JOAO CARLOS BACELAR,PL,SAO GABRIEL,DENTRO,2231,2.47,0.0,0.0
JOAO CARLOS BACELAR,PL,IRECE,DENTRO,2067,2.29,0.0,0.0
JOAO CARLOS BACELAR,PL,CONDE,DENTRO,2062,2.29,0.0,0.0
JOAO CARLOS BACELAR,PL,NORDESTINA,DENTRO,1988,2.20,0.0,0.0
JOAO CARLOS BACELAR,PL,JUAZEIRO,DENTRO,1906,2.11,0.0,0.0
JOAO CARLOS BACELAR,PL,SOUTO SOARES,DENTRO,1710,1.90,0.0,0.0
JOAO CARLOS BACELAR,PL,CANSANCAO,DENTRO,1606,1.78,0.0,0.0
JOAO CARLOS BACELAR,PL,ESPLANADA,DENTRO,1457,1.61,0.0,0.0
JOAO CARLOS BACELAR,PL,LAPAO,DENTRO,1387,1.54,0.0,0.0
JOAO CARLOS BACELAR,PL,BARRA DO MENDES,DENTRO,1380,1.53,0.0,0.0
JOAO CARLOS BACELAR,PL,BARRO ALTO,DENTRO,1269,1.41,0.0,0.0
JOAO CARLOS BACELAR,PL,JOAO DOURADO,DENTRO,1253,1.39,0.0,0.0
JOAO CARLOS BACELAR,PL,BELMONTE,DENTRO,1233,1.37,0.0,0.0
JOAO CARLOS BACELAR,PL,RIBEIRA DO AMPARO,DENTRO,1203,1.33,0.0,0.0
JOAO CARLOS BACELAR,PL,IACU,DENTRO,1163,1.29,0.0,0.0
JOAO CARLOS BACELAR,PL,CANUDOS,DENTRO,1156,1.28,0.0,0.0
JOAO CARLOS BACELAR,PL,SOBRADINHO,DENTRO,1123,1.24,0.0,0.0
JOAO CARLOS BACELAR,PL,CONCEICAO DO JACUIPE,DENTRO,1091,1.21,0.0,0.0
JOAO CARLOS BACELAR,PL,ITABERABA,DENTRO,1018,1.13,0.0,0.0
JOAO CARLOS BACELAR,PL,EUCLIDES DA CUNHA,DENTRO,917,1.02,0.0,0.0
JOAO CARLOS BACELAR,PL,EUNAPOLIS,DENTRO,891,0.99,0.0,0.0
JOAO CARLOS BACELAR,PL,JUSSARA,DENTRO,888,0.98,0.0,0.0
JOAO CARLOS BACELAR,PL,FEIRA DE SANTANA,DENTRO,863,0.96,0.0,0.0
JOAO CARLOS BACELAR,PL,UIBAI,DENTRO,807,0.89,0.0,0.0
JOAO CARLOS BACELAR,PL,SANTALUZ,DENTRO,788,0.87,0.0,0.0
JOAO CARLOS BACELAR,PL,IBITITA,DENTRO,757,0.84,0.0,0.0
JOAO CARLOS BACELAR,PL,PINDOBACU,DENTRO,748,0.83,0.0,0.0
JOAO CARLOS BACELAR,PL,RIBEIRA DO POMBAL,DENTRO,713,0.79,0.0,0.0
JOAO CARLOS BACELAR,PL,JACARACI,DENTRO,697,0.77,0.0,0.0
JOAO CARLOS BACELAR,PL,CONCEICAO DO COITE,DENTRO,663,0.73,0.0,0.0
JOAO CARLOS BACELAR,PL,OUROLANDIA,DENTRO,532,0.59,0.0,0.0
JOAO CARLOS BACELAR,PL,BOQUIRA,DENTRO,514,0.57,0.0,0.0
JOAO CARLOS BACELAR,PL,ITAMARAJU,DENTRO,501,0.56,0.0,0.0
JOAO CARLOS BACELAR,PL,MUCURI,DENTRO,488,0.54,0.0,0.0
JOAO CARLOS BACELAR,PL,SENHOR DO BONFIM,DENTRO,464,0.51,0.0,0.0
JOAO CARLOS BACELAR,PL,URUCUCA,DENTRO,456,0.51,0.0,0.0
JOAO CARLOS BACELAR,PL,SANTA CRUZ CABRALIA,DENTRO,438,0.49,0.0,0.0
JOAO CARLOS BACELAR,PL,SERRA PRETA,DENTRO,430,0.48,0.0,0.0
JOAO CARLOS BACELAR,PL,GENTIO DO OURO,DENTRO,428,0.47,0.0,0.0
JOAO CARLOS BACELAR,PL,IPUPIARA,DENTRO,420,0.47,0.0,0.0
JOAO CARLOS BACELAR,PL,DARIO MEIRA,DENTRO,419,0.46,0.0,0.0
JOAO CARLOS BACELAR,PL,ITABUNA,DENTRO,416,0.46,0.0,0.0
JOAO CARLOS BACELAR,PL,NOVA VICOSA,DENTRO,414,0.46,0.0,0.0
JOAO CARLOS BACELAR,PL,JACOBINA,DENTRO,386,0.43,0.0,0.0
JOAO CARLOS BACELAR,PL,CAMACARI,DENTRO,367,0.41,0.0,0.0
JOAO CARLOS BACELAR,PL,ILHEUS,DENTRO,365,0.40,0.0,0.0
JOAO CARLOS BACELAR,PL,MIRANGABA,DENTRO,353,0.39,0.0,0.0
JOAO CARLOS BACELAR,PL,SANTA TEREZINHA,DENTRO,352,0.39,0.0,0.0
JOAO CARLOS BACELAR,PL,PIRIPA,DENTRO,351,0.39,0.0,0.0
JOAO CARLOS BACELAR,PL,BROTAS DE MACAUBAS,DENTRO,337,0.37,0.0,0.0
JOAO CARLOS BACELAR,PL,SIMOES FILHO,DENTRO,329,0.36,0.0,0.0
JOAO CARLOS BACELAR,PL,BANZAE,DENTRO,319,0.35,0.0,0.0
JOAO CARLOS BACELAR,PL,ADUSTINA,DENTRO,316,0.35,0.0,0.0
JOAO CARLOS BACELAR,PL,CAMPO ALEGRE DE LOURDES,DENTRO,303,0.34,0.0,0.0
JOAO CARLOS BACELAR,PL,QUIXABEIRA,DENTRO,298,0.33,0.0,0.0
JOAO CARLOS BACELAR,PL,PARAMIRIM,DENTRO,296,0.33,0.0,0.0
JOAO CARLOS BACELAR,PL,PRADO,DENTRO,286,0.32,0.0,0.0
JOAO CARLOS BACELAR,PL,BONITO,DENTRO,276,0.31,0.0,0.0
JOAO CARLOS BACELAR,PL,AMELIA RODRIGUES,DENTRO,263,0.29,0.0,0.0
JOAO CARLOS BACELAR,PL,JEREMOABO,DENTRO,256,0.28,0.0,0.0
JOAO CARLOS BACELAR,PL,CRUZ DAS ALMAS,DENTRO,252,0.28,0.0,0.0
JOAO CARLOS BACELAR,PL,NOVA SOURE,DENTRO,244,0.27,0.0,0.0
JOAO CARLOS BACELAR,PL,IGAPORA,DENTRO,238,0.26,0.0,0.0
JOAO CARLOS BACELAR,PL,IPIRA,DENTRO,221,0.24,0.0,0.0
JOAO CARLOS BACELAR,PL,JAGUARARI,DENTRO,206,0.23,0.0,0.0
JOAO CARLOS BACELAR,PL,CARAVELAS,DENTRO,198,0.22,0.0,0.0
JOAO CARLOS BACELAR,PL,CANAPOLIS,DENTRO,197,0.22,0.0,0.0
JOAO CARLOS BACELAR,PL,TERRA NOVA,DENTRO,196,0.22,0.0,0.0
JOAO CARLOS BACELAR,PL,UAUA,DENTRO,195,0.22,0.0,0.0
JOAO CARLOS BACELAR,PL,UMBURANAS,DENTRO,194,0.22,0.0,0.0
JOAO CARLOS BACELAR,PL,FILADELFIA,DENTRO,188,0.21,0.0,0.0
JOAO CARLOS BACELAR,PL,MAIQUINIQUE,DENTRO,180,0.20,0.0,0.0
JOAO CARLOS BACELAR,PL,LUIS EDUARDO MAGALHAES,DENTRO,179,0.20,0.0,0.0
JOAO CARLOS BACELAR,PL,BAIXA GRANDE,DENTRO,155,0.17,0.0,0.0
JOAO CARLOS BACELAR,PL,MARAGOGIPE,DENTRO,154,0.17,0.0,0.0
JOAO CARLOS BACELAR,PL,IBICOARA,DENTRO,141,0.16,0.0,0.0
JOAO CARLOS BACELAR,PL,NOVA ITARANA,DENTRO,135,0.15,0.0,0.0
JOAO CARLOS BACELAR,PL,GUARATINGA,DENTRO,130,0.14,0.0,0.0
JOAO CARLOS BACELAR,PL,DIAS D AVILA,DENTRO,121,0.13,0.0,0.0
JOAO CARLOS BACELAR,PL,BURITIRAMA,DENTRO,120,0.13,0.0,0.0
JOAO CARLOS BACELAR,PL,IBIRAPUA,DENTRO,120,0.13,0.0,0.0
JOAO CARLOS BACELAR,PL,LAURO DE FREITAS,DENTRO,118,0.13,0.0,0.0
JOAO CARLOS BACELAR,PL,CORACAO DE MARIA,DENTRO,118,0.13,0.0,0.0
JOAO CARLOS BACELAR,PL,CICERO DANTAS,DENTRO,106,0.12,0.0,0.0
JOAO CARLOS BACELAR,PL,BRUMADO,DENTRO,104,0.12,0.0,0.0
JOAO CARLOS BACELAR,PL,MEDEIROS NETO,DENTRO,104,0.12,0.0,0.0
JOAO CARLOS BACELAR,PL,XIQUE-XIQUE,DENTRO,103,0.11,0.0,0.0
JOAO CARLOS BACELAR,PL,SENTO SE,DENTRO,99,0.11,0.0,0.0
JOAO CARLOS BACELAR,PL,CANAVIEIRAS,DENTRO,93,0.10,0.0,0.0
JOAO CARLOS BACELAR,PL,TEIXEIRA DE FREITAS,DENTRO,90,0.10,0.0,0.0
JOAO CARLOS BACELAR,PL,PRESIDENTE DUTRA,DENTRO,88,0.10,0.0,0.0
JOAO CARLOS BACELAR,PL,AMERICA DOURADA,DENTRO,88,0.10,0.0,0.0
JOAO CARLOS BACELAR,PL,IBIPEBA,DENTRO,87,0.10,0.0,0.0
JOAO CARLOS BACELAR,PL,CENTRAL,DENTRO,83,0.09,0.0,0.0
JOAO CARLOS BACELAR,PL,ITAGIBA,DENTRO,82,0.09,0.0,0.0
JOAO CARLOS BACELAR,PL,ALCOBACA,DENTRO,82,0.09,0.0,0.0
JOAO CARLOS BACELAR,PL,VARZEA NOVA,DENTRO,81,0.09,0.0,0.0
JOAO CARLOS BACELAR,PL,ITABELA,DENTRO,79,0.09,0.0,0.0
JOAO CARLOS BACELAR,PL,JUCURUCU,DENTRO,79,0.09,0.0,0.0
JOAO CARLOS BACELAR,PL,ALAGOINHAS,DENTRO,78,0.09,0.0,0.0
JOAO CARLOS BACELAR,PL,RIO REAL,DENTRO,77,0.09,0.0,0.0
JOAO CARLOS BACELAR,PL,CAMPO FORMOSO,DENTRO,77,0.09,0.0,0.0
JOAO CARLOS BACELAR,PL,ITAPETINGA,DENTRO,75,0.08,0.0,0.0
JOAO CARLOS BACELAR,PL,ANDORINHA,DENTRO,74,0.08,0.0,0.0
JOAO CARLOS BACELAR,PL,CATU,DENTRO,70,0.08,0.0,0.0
JOAO CARLOS BACELAR,PL,JANDAIRA,DENTRO,64,0.07,0.0,0.0
JOAO CARLOS BACELAR,PL,CORRENTINA,DENTRO,59,0.07,0.0,0.0
JOAO CARLOS BACELAR,PL,BELO CAMPO,DENTRO,58,0.06,0.0,0.0
JOAO CARLOS BACELAR,PL,OLIVEIRA DOS BREJINHOS,DENTRO,57,0.06,0.0,0.0
JOAO CARLOS BACELAR,PL,MUNDO NOVO,DENTRO,57,0.06,0.0,0.0
JOAO CARLOS BACELAR,PL,SERRINHA,DENTRO,57,0.06,0.0,0.0
JOAO CARLOS BACELAR,PL,BARRA,DENTRO,56,0.06,0.0,0.0
JOAO CARLOS BACELAR,PL,CANDEIAS,DENTRO,53,0.06,0.0,0.0
JOAO CARLOS BACELAR,PL,POTIRAGUA,DENTRO,53,0.06,0.0,0.0
JOAO CARLOS BACELAR,PL,AMARGOSA,DENTRO,51,0.06,0.0,0.0
JOAO CARLOS BACELAR,PL,SANTO ANTONIO DE JESUS,DENTRO,48,0.05,0.0,0.0
JOAO CARLOS BACELAR,PL,ITANHEM,DENTRO,46,0.05,0.0,0.0
JOAO CARLOS BACELAR,PL,ITARANTIM,DENTRO,43,0.05,0.0,0.0
JOAO CARLOS BACELAR,PL,POCOES,DENTRO,43,0.05,0.0,0.0
JOAO CARLOS BACELAR,PL,ITORORO,DENTRO,42,0.05,0.0,0.0
JOAO CARLOS BACELAR,PL,ENTRE RIOS,DENTRO,42,0.05,0.0,0.0
JOAO CARLOS BACELAR,PL,MORRO DO CHAPEU,DENTRO,41,0.05,0.0,0.0
JOAO CARLOS BACELAR,PL,CAETITE,DENTRO,39,0.04,0.0,0.0
JOAO CARLOS BACELAR,PL,TREMEDAL,DENTRO,39,0.04,0.0,0.0
JOAO CARLOS BACELAR,PL,BARREIRAS,DENTRO,37,0.04,0.0,0.0
JOAO CARLOS BACELAR,PL,CASA NOVA,DENTRO,36,0.04,0.0,0.0
JOAO CARLOS BACELAR,PL,SEABRA,DENTRO,36,0.04,0.0,0.0
JOAO CARLOS BACELAR,PL,PAU BRASIL,DENTRO,35,0.04,0.0,0.0
JOAO CARLOS BACELAR,PL,TUCANO,DENTRO,34,0.04,0.0,0.0
JOAO CARLOS BACELAR,PL,MARAU,DENTRO,33,0.04,0.0,0.0
JOAO CARLOS BACELAR,PL,TANHACU,DENTRO,32,0.04,0.0,0.0
JOAO CARLOS BACELAR,PL,MILAGRES,DENTRO,30,0.03,0.0,0.0
JOAO CARLOS BACELAR,PL,CASTRO ALVES,DENTRO,29,0.03,0.0,0.0
JOAO CARLOS BACELAR,PL,BOA VISTA DO TUPIM,DENTRO,29,0.03,0.0,0.0
JOAO CARLOS BACELAR,PL,PEDRO ALEXANDRE,DENTRO,29,0.03,0.0,0.0
JOAO CARLOS BACELAR,PL,IGUAI,DENTRO,29,0.03,0.0,0.0
JOAO CARLOS BACELAR,PL,PINTADAS,DENTRO,28,0.03,0.0,0.0
JOAO CARLOS BACELAR,PL,INHAMBUPE,DENTRO,27,0.03,0.0,0.0
JOAO CARLOS BACELAR,PL,TAPIRAMUTA,DENTRO,27,0.03,0.0,0.0
JOAO CARLOS BACELAR,PL,JEQUIE,DENTRO,26,0.03,0.0,0.0
JOAO CARLOS BACELAR,PL,CALDEIRAO GRANDE,DENTRO,26,0.03,0.0,0.0
JOAO CARLOS BACELAR,PL,GUANAMBI,DENTRO,26,0.03,0.0,0.0
JOAO CARLOS BACELAR,PL,SAO GONCALO DOS CAMPOS,DENTRO,25,0.03,0.0,0.0
JOAO CARLOS BACELAR,PL,LAJEDAO,DENTRO,25,0.03,0.0,0.0
JOAO CARLOS BACELAR,PL,SANTANA,DENTRO,25,0.03,0.0,0.0
JOAO CARLOS BACELAR,PL,QUEIMADAS,DENTRO,24,0.03,0.0,0.0
JOAO CARLOS BACELAR,PL,ITAMBE,DENTRO,22,0.02,0.0,0.0
JOAO CARLOS BACELAR,PL,CAEM,DENTRO,22,0.02,0.0,0.0
JOAO CARLOS BACELAR,PL,ITIUBA,DENTRO,21,0.02,0.0,0.0
JOAO CARLOS BACELAR,PL,SAO FELIX DO CORIBE,DENTRO,21,0.02,0.0,0.0
JOAO CARLOS BACELAR,PL,ARACI,DENTRO,21,0.02,0.0,0.0
JOAO CARLOS BACELAR,PL,IBOTIRAMA,DENTRO,21,0.02,0.0,0.0
JOAO CARLOS BACELAR,PL,CONDEUBA,DENTRO,20,0.02,0.0,0.0
JOAO CARLOS BACELAR,PL,SAPEACU,DENTRO,20,0.02,0.0,0.0
JOAO CARLOS BACELAR,PL,CAETANOS,DENTRO,20,0.02,0.0,0.0
JOAO CARLOS BACELAR,PL,BARRA DO CHOCA,DENTRO,19,0.02,0.0,0.0
JOAO CARLOS BACELAR,PL,SANTA CRUZ DA VITORIA,DENTRO,19,0.02,0.0,0.0
JOAO CARLOS BACELAR,PL,NOVO HORIZONTE,DENTRO,19,0.02,0.0,0.0
JOAO CARLOS BACELAR,PL,RUY BARBOSA,DENTRO,19,0.02,0.0,0.0
JOAO CARLOS BACELAR,PL,CIPO,DENTRO,19,0.02,0.0,0.0
JOAO CARLOS BACELAR,PL,MULUNGU DO MORRO,DENTRO,18,0.02,0.0,0.0
JOAO CARLOS BACELAR,PL,PAULO AFONSO,DENTRO,17,0.02,0.0,0.0
JOAO CARLOS BACELAR,PL,RIACHAO DO JACUIPE,DENTRO,17,0.02,0.0,0.0
JOAO CARLOS BACELAR,PL,ANAGE,DENTRO,17,0.02,0.0,0.0
JOAO CARLOS BACELAR,PL,IRAQUARA,DENTRO,17,0.02,0.0,0.0
JOAO CARLOS BACELAR,PL,CAFARNAUM,DENTRO,17,0.02,0.0,0.0
JOAO CARLOS BACELAR,PL,ENCRUZILHADA,DENTRO,16,0.02,0.0,0.0
JOAO CARLOS BACELAR,PL,ELISIO MEDRADO,DENTRO,16,0.02,0.0,0.0
JOAO CARLOS BACELAR,PL,ITAPICURU,DENTRO,16,0.02,0.0,0.0
JOAO CARLOS BACELAR,PL,BREJOES,DENTRO,16,0.02,0.0,0.0
JOAO CARLOS BACELAR,PL,IBIRAPITANGA,DENTRO,16,0.02,0.0,0.0
JOAO CARLOS BACELAR,PL,CAMACA,DENTRO,16,0.02,0.0,0.0
JOAO CARLOS BACELAR,PL,MACAJUBA,DENTRO,16,0.02,0.0,0.0
JOAO CARLOS BACELAR,PL,MACARANI,DENTRO,15,0.02,0.0,0.0
JOAO CARLOS BACELAR,PL,MACAUBAS,DENTRO,15,0.02,0.0,0.0
JOAO CARLOS BACELAR,PL,UBATA,DENTRO,15,0.02,0.0,0.0
JOAO CARLOS BACELAR,PL,ITAPEBI,DENTRO,15,0.02,0.0,0.0
JOAO CARLOS BACELAR,PL,APORA,DENTRO,15,0.02,0.0,0.0
JOAO CARLOS BACELAR,PL,DOM BASILIO,DENTRO,15,0.02,0.0,0.0
JOAO CARLOS BACELAR,PL,CAPIM GROSSO,DENTRO,15,0.02,0.0,0.0
JOAO CARLOS BACELAR,PL,BIRITINGA,DENTRO,15,0.02,0.0,0.0
JOAO CARLOS BACELAR,PL,TANQUINHO,DENTRO,14,0.02,0.0,0.0
JOAO CARLOS BACELAR,PL,POJUCA,DENTRO,14,0.02,0.0,0.0
JOAO CARLOS BACELAR,PL,SANTO ESTEVAO,DENTRO,14,0.02,0.0,0.0
JOAO CARLOS BACELAR,PL,VALENCA,DENTRO,14,0.02,0.0,0.0
JOAO CARLOS BACELAR,PL,IPIAU,DENTRO,13,0.01,0.0,0.0
JOAO CARLOS BACELAR,PL,MASCOTE,DENTRO,13,0.01,0.0,0.0
JOAO CARLOS BACELAR,PL,PIATA,DENTRO,13,0.01,0.0,0.0
JOAO CARLOS BACELAR,PL,BARROCAS,DENTRO,12,0.01,0.0,0.0
JOAO CARLOS BACELAR,PL,BOM JESUS DA LAPA,DENTRO,12,0.01,0.0,0.0
JOAO CARLOS BACELAR,PL,MIGUEL CALMON,DENTRO,12,0.01,0.0,0.0
JOAO CARLOS BACELAR,PL,MARACAS,DENTRO,12,0.01,0.0,0.0
JOAO CARLOS BACELAR,PL,ANTAS,DENTRO,12,0.01,0.0,0.0
JOAO CARLOS BACELAR,PL,SANTA MARIA DA VITORIA,DENTRO,12,0.01,0.0,0.0
JOAO CARLOS BACELAR,PL,IPECAETA,DENTRO,12,0.01,0.0,0.0
JOAO CARLOS BACELAR,PL,NOVA FATIMA,DENTRO,12,0.01,0.0,0.0
JOAO CARLOS BACELAR,PL,ANTONIO GONCALVES,DENTRO,11,0.01,0.0,0.0
JOAO CARLOS BACELAR,PL,IBITIARA,DENTRO,11,0.01,0.0,0.0
JOAO CARLOS BACELAR,PL,UBAIRA,DENTRO,11,0.01,0.0,0.0
JOAO CARLOS BACELAR,PL,CACULE,DENTRO,11,0.01,0.0,0.0
JOAO CARLOS BACELAR,PL,SAO FRANCISCO DO CONDE,DENTRO,11,0.01,0.0,0.0
JOAO CARLOS BACELAR,PL,BUERAREMA,DENTRO,11,0.01,0.0,0.0
JOAO CARLOS BACELAR,PL,SERROLANDIA,DENTRO,11,0.01,0.0,0.0
JOAO CARLOS BACELAR,PL,ICHU,DENTRO,11,0.01,0.0,0.0
JOAO CARLOS BACELAR,PL,IRARA,DENTRO,11,0.01,0.0,0.0
JOAO CARLOS BACELAR,PL,UTINGA,DENTRO,10,0.01,0.0,0.0
JOAO CARLOS BACELAR,PL,CHORROCHO,DENTRO,10,0.01,0.0,0.0
JOAO CARLOS BACELAR,PL,CABACEIRAS DO PARAGUACU,DENTRO,10,0.01,0.0,0.0
JOAO CARLOS BACELAR,PL,ITUBERA,DENTRO,10,0.01,0.0,0.0
JOAO CARLOS BACELAR,PL,PARIPIRANGA,DENTRO,10,0.01,0.0,0.0
JOAO CARLOS BACELAR,PL,VALENTE,DENTRO,10,0.01,0.0,0.0
JOAO CARLOS BACELAR,PL,SANTO AMARO,DENTRO,10,0.01,0.0,0.0
JOAO CARLOS BACELAR,PL,SANTA LUZIA,DENTRO,10,0.01,0.0,0.0
JOAO CARLOS BACELAR,PL,PIRITIBA,DENTRO,10,0.01,0.0,0.0
JOAO CARLOS BACELAR,PL,CURACA,DENTRO,10,0.01,0.0,0.0
JOAO CARLOS BACELAR,PL,CAMAMU,DENTRO,10,0.01,0.0,0.0
JOAO CARLOS BACELAR,PL,CORDEIROS,DENTRO,10,0.01,0.0,0.0
JOAO CARLOS BACELAR,PL,COARACI,DENTRO,10,0.01,0.0,0.0
JOAO CARLOS BACELAR,PL,GONGOGI,DENTRO,9,0.01,0.0,0.0
JOAO CARLOS BACELAR,PL,URANDI,DENTRO,9,0.01,0.0,0.0
JOAO CARLOS BACELAR,PL,NAZARE,DENTRO,9,0.01,0.0,0.0
JOAO CARLOS BACELAR,PL,SAO FELIPE,DENTRO,9,0.01,0.0,0.0
JOAO CARLOS BACELAR,PL,JAGUAQUARA,DENTRO,9,0.01,0.0,0.0
JOAO CARLOS BACELAR,PL,SAUDE,DENTRO,9,0.01,0.0,0.0
JOAO CARLOS BACELAR,PL,FORMOSA DO RIO PRETO,DENTRO,9,0.01,0.0,0.0
JOAO CARLOS BACELAR,PL,MATA DE SAO JOAO,DENTRO,9,0.01,0.0,0.0
JOAO CARLOS BACELAR,PL,ITAJUIPE,DENTRO,9,0.01,0.0,0.0
JOAO CARLOS BACELAR,PL,RETIROLANDIA,DENTRO,9,0.01,0.0,0.0
JOAO CARLOS BACELAR,PL,PRESIDENTE JANIO QUADROS,DENTRO,9,0.01,0.0,0.0
JOAO CARLOS BACELAR,PL,SAO SEBASTIAO DO PASSE,DENTRO,9,0.01,0.0,0.0
JOAO CARLOS BACELAR,PL,MUQUEM DO SAO FRANCISCO,DENTRO,8,0.01,0.0,0.0
JOAO CARLOS BACELAR,PL,ITIRUCU,DENTRO,8,0.01,0.0,0.0
JOAO CARLOS BACELAR,PL,FATIMA,DENTRO,8,0.01,0.0,0.0
JOAO CARLOS BACELAR,PL,TEODORO SAMPAIO,DENTRO,8,0.01,0.0,0.0
JOAO CARLOS BACELAR,PL,SANTA BARBARA,DENTRO,8,0.01,0.0,0.0
JOAO CARLOS BACELAR,PL,HELIOPOLIS,DENTRO,8,0.01,0.0,0.0
JOAO CARLOS BACELAR,PL,MARCIONILIO SOUZA,DENTRO,8,0.01,0.0,0.0
JOAO CARLOS BACELAR,PL,ITAPITANGA,DENTRO,8,0.01,0.0,0.0
JOAO CARLOS BACELAR,PL,RAFAEL JAMBEIRO,DENTRO,8,0.01,0.0,0.0
JOAO CARLOS BACELAR,PL,ACAJUTIBA,DENTRO,8,0.01,0.0,0.0
JOAO CARLOS BACELAR,PL,IRAJUBA,DENTRO,8,0.01,0.0,0.0
JOAO CARLOS BACELAR,PL,MORPARA,DENTRO,8,0.01,0.0,0.0
JOAO CARLOS BACELAR,PL,ITACARE,DENTRO,8,0.01,0.0,0.0
JOAO CARLOS BACELAR,PL,FIRMINO ALVES,DENTRO,8,0.01,0.0,0.0
JOAO CARLOS BACELAR,PL,BAIANOPOLIS,DENTRO,7,0.01,0.0,0.0
JOAO CARLOS BACELAR,PL,VEREDA,DENTRO,7,0.01,0.0,0.0
JOAO CARLOS BACELAR,PL,UNA,DENTRO,7,0.01,0.0,0.0
JOAO CARLOS BACELAR,PL,ANGUERA,DENTRO,7,0.01,0.0,0.0
JOAO CARLOS BACELAR,PL,ABARE,DENTRO,7,0.01,0.0,0.0
JOAO CARLOS BACELAR,PL,ARACAS,DENTRO,7,0.01,0.0,0.0
JOAO CARLOS BACELAR,PL,IBICARAI,DENTRO,7,0.01,0.0,0.0
JOAO CARLOS BACELAR,PL,CRAVOLANDIA,DENTRO,7,0.01,0.0,0.0
JOAO CARLOS BACELAR,PL,PILAO ARCADO,DENTRO,7,0.01,0.0,0.0
JOAO CARLOS BACELAR,PL,IBIRATAIA,DENTRO,6,0.01,0.0,0.0
JOAO CARLOS BACELAR,PL,ANDARAI,DENTRO,6,0.01,0.0,0.0
JOAO CARLOS BACELAR,PL,TAPEROA,DENTRO,6,0.01,0.0,0.0
JOAO CARLOS BACELAR,PL,SANTA BRIGIDA,DENTRO,6,0.01,0.0,0.0
JOAO CARLOS BACELAR,PL,CONTENDAS DO SINCORA,DENTRO,6,0.01,0.0,0.0
JOAO CARLOS BACELAR,PL,VERA CRUZ,DENTRO,6,0.01,0.0,0.0
JOAO CARLOS BACELAR,PL,TEOLANDIA,DENTRO,6,0.01,0.0,0.0
JOAO CARLOS BACELAR,PL,ITAJU DO COLONIA,DENTRO,6,0.01,0.0,0.0
JOAO CARLOS BACELAR,PL,RIACHAO DAS NEVES,DENTRO,5,0.01,0.0,0.0
JOAO CARLOS BACELAR,PL,ITATIM,DENTRO,5,0.01,0.0,0.0
JOAO CARLOS BACELAR,PL,ITAETE,DENTRO,5,0.01,0.0,0.0
JOAO CARLOS BACELAR,PL,REMANSO,DENTRO,5,0.01,0.0,0.0
JOAO CARLOS BACELAR,PL,MURITIBA,DENTRO,5,0.01,0.0,0.0
JOAO CARLOS BACELAR,PL,RIACHO DE SANTANA,DENTRO,5,0.01,0.0,0.0
JOAO CARLOS BACELAR,PL,RIO DO ANTONIO,DENTRO,5,0.01,0.0,0.0
JOAO CARLOS BACELAR,PL,CRISTOPOLIS,DENTRO,5,0.01,0.0,0.0
JOAO CARLOS BACELAR,PL,SAO DOMINGOS,DENTRO,5,0.01,0.0,0.0
JOAO CARLOS BACELAR,PL,AIQUARA,DENTRO,5,0.01,0.0,0.0
JOAO CARLOS BACELAR,PL,SITIO DO QUINTO,DENTRO,5,0.01,0.0,0.0
JOAO CARLOS BACELAR,PL,ITAPARICA,DENTRO,5,0.01,0.0,0.0
JOAO CARLOS BACELAR,PL,BOA NOVA,DENTRO,5,0.01,0.0,0.0
JOAO CARLOS BACELAR,PL,CARAIBAS,DENTRO,5,0.01,0.0,0.0
JOAO CARLOS BACELAR,PL,MIRANTE,DENTRO,5,0.01,0.0,0.0
JOAO CARLOS BACELAR,PL,WAGNER,DENTRO,5,0.01,0.0,0.0
JOAO CARLOS BACELAR,PL,ARATACA,DENTRO,5,0.01,0.0,0.0
JOAO CARLOS BACELAR,PL,BARRA DA ESTIVA,DENTRO,4,0.00,0.0,0.0
JOAO CARLOS BACELAR,PL,PLANALTINO,DENTRO,4,0.00,0.0,0.0
JOAO CARLOS BACELAR,PL,CONCEICAO DO ALMEIDA,DENTRO,4,0.00,0.0,0.0
JOAO CARLOS BACELAR,PL,SEBASTIAO LARANJEIRAS,DENTRO,4,0.00,0.0,0.0
JOAO CARLOS BACELAR,PL,CARDEAL DA SILVA,DENTRO,4,0.00,0.0,0.0
JOAO CARLOS BACELAR,PL,SAUBARA,DENTRO,4,0.00,0.0,0.0
JOAO CARLOS BACELAR,PL,FLORESTA AZUL,DENTRO,4,0.00,0.0,0.0
JOAO CARLOS BACELAR,PL,SAO JOSE DO JACUIPE,DENTRO,4,0.00,0.0,0.0
JOAO CARLOS BACELAR,PL,MADRE DE DEUS,DENTRO,4,0.00,0.0,0.0
JOAO CARLOS BACELAR,PL,LAJE,DENTRO,4,0.00,0.0,0.0
JOAO CARLOS BACELAR,PL,NOVA REDENCAO,DENTRO,4,0.00,0.0,0.0
JOAO CARLOS BACELAR,PL,WENCESLAU GUIMARAES,DENTRO,4,0.00,0.0,0.0
JOAO CARLOS BACELAR,PL,ITUACU,DENTRO,4,0.00,0.0,0.0
JOAO CARLOS BACELAR,PL,SAO FELIX,DENTRO,4,0.00,0.0,0.0
JOAO CARLOS BACELAR,PL,CAATIBA,DENTRO,4,0.00,0.0,0.0
JOAO CARLOS BACELAR,PL,ITAPE,DENTRO,4,0.00,0.0,0.0
JOAO CARLOS BACELAR,PL,CONCEICAO DA FEIRA,DENTRO,4,0.00,0.0,0.0
JOAO CARLOS BACELAR,PL,CORONEL JOAO SA,DENTRO,4,0.00,0.0,0.0
JOAO CARLOS BACELAR,PL,IGRAPIUNA,DENTRO,4,0.00,0.0,0.0
JOAO CARLOS BACELAR,PL,LENCOIS,DENTRO,3,0.00,0.0,0.0
JOAO CARLOS BACELAR,PL,LAJEDINHO,DENTRO,3,0.00,0.0,0.0
JOAO CARLOS BACELAR,PL,LICINIO DE ALMEIDA,DENTRO,3,0.00,0.0,0.0
JOAO CARLOS BACELAR,PL,TEOFILANDIA,DENTRO,3,0.00,0.0,0.0
JOAO CARLOS BACELAR,PL,OURICANGAS,DENTRO,3,0.00,0.0,0.0
JOAO CARLOS BACELAR,PL,GUAJERU,DENTRO,3,0.00,0.0,0.0
JOAO CARLOS BACELAR,PL,PARATINGA,DENTRO,3,0.00,0.0,0.0
JOAO CARLOS BACELAR,PL,CANDEAL,DENTRO,3,0.00,0.0,0.0
JOAO CARLOS BACELAR,PL,IBIQUERA,DENTRO,3,0.00,0.0,0.0
JOAO CARLOS BACELAR,PL,IBIPITANGA,DENTRO,3,0.00,0.0,0.0
JOAO CARLOS BACELAR,PL,NOVA CANAA,DENTRO,3,0.00,0.0,0.0
JOAO CARLOS BACELAR,PL,PRESIDENTE TANCREDO NEVES,DENTRO,3,0.00,0.0,0.0
JOAO CARLOS BACELAR,PL,ITAMARI,DENTRO,3,0.00,0.0,0.0
JOAO CARLOS BACELAR,PL,ERICO CARDOSO,DENTRO,3,0.00,0.0,0.0
JOAO CARLOS BACELAR,PL,MUCUGE,DENTRO,3,0.00,0.0,0.0
JOAO CARLOS BACELAR,PL,SERRA DO RAMALHO,DENTRO,3,0.00,0.0,0.0
JOAO CARLOS BACELAR,PL,GLORIA,DENTRO,3,0.00,0.0,0.0
JOAO CARLOS BACELAR,PL,RODELAS,DENTRO,3,0.00,0.0,0.0
JOAO CARLOS BACELAR,PL,PALMAS DE MONTE ALTO,DENTRO,3,0.00,0.0,0.0
JOAO CARLOS BACELAR,PL,ANTONIO CARDOSO,DENTRO,3,0.00,0.0,0.0
JOAO CARLOS BACELAR,PL,ITAGIMIRIM,DENTRO,3,0.00,0.0,0.0
JOAO CARLOS BACELAR,PL,CATURAMA,DENTRO,3,0.00,0.0,0.0
JOAO CARLOS BACELAR,PL,BOM JESUS DA SERRA,DENTRO,3,0.00,0.0,0.0
JOAO CARLOS BACELAR,PL,ARAMARI,DENTRO,3,0.00,0.0,0.0
JOAO CARLOS BACELAR,PL,PEDRAO,DENTRO,3,0.00,0.0,0.0
JOAO CARLOS BACELAR,PL,AGUA FRIA,DENTRO,2,0.00,0.0,0.0
JOAO CARLOS BACELAR,PL,SITIO DO MATO,DENTRO,2,0.00,0.0,0.0
JOAO CARLOS BACELAR,PL,COTEGIPE,DENTRO,2,0.00,0.0,0.0
JOAO CARLOS BACELAR,PL,MAIRI,DENTRO,2,0.00,0.0,0.0
JOAO CARLOS BACELAR,PL,SANTA INES,DENTRO,2,0.00,0.0,0.0
JOAO CARLOS BACELAR,PL,MACURURE,DENTRO,2,0.00,0.0,0.0
JOAO CARLOS BACELAR,PL,CACHOEIRA,DENTRO,2,0.00,0.0,0.0
JOAO CARLOS BACELAR,PL,JAGUARIPE,DENTRO,2,0.00,0.0,0.0
JOAO CARLOS BACELAR,PL,LIVRAMENTO DE NOSSA SENHORA,DENTRO,2,0.00,0.0,0.0
JOAO CARLOS BACELAR,PL,SANTA RITA DE CASSIA,DENTRO,2,0.00,0.0,0.0
JOAO CARLOS BACELAR,PL,CRISOPOLIS,DENTRO,2,0.00,0.0,0.0
JOAO CARLOS BACELAR,PL,NOVO TRIUNFO,DENTRO,2,0.00,0.0,0.0
JOAO CARLOS BACELAR,PL,UBAITABA,DENTRO,2,0.00,0.0,0.0
JOAO CARLOS BACELAR,PL,PLANALTO,DENTRO,2,0.00,0.0,0.0
JOAO CARLOS BACELAR,PL,MORTUGABA,DENTRO,2,0.00,0.0,0.0
JOAO CARLOS BACELAR,PL,ITANAGRA,DENTRO,2,0.00,0.0,0.0
JOAO CARLOS BACELAR,PL,RIO DO PIRES,DENTRO,2,0.00,0.0,0.0
JOAO CARLOS BACELAR,PL,GANDU,DENTRO,2,0.00,0.0,0.0
JOAO CARLOS BACELAR,PL,ITAGI,DENTRO,2,0.00,0.0,0.0
JOAO CARLOS BACELAR,PL,DOM MACEDO COSTA,DENTRO,2,0.00,0.0,0.0
JOAO CARLOS BACELAR,PL,SAO JOSE DA VITORIA,DENTRO,2,0.00,0.0,0.0
JOAO CARLOS BACELAR,PL,CANDIBA,DENTRO,2,0.00,0.0,0.0
JOAO CARLOS BACELAR,PL,JUSSIAPE,DENTRO,2,0.00,0.0,0.0
JOAO CARLOS BACELAR,PL,OLINDINA,DENTRO,2,0.00,0.0,0.0
JOAO CARLOS BACELAR,PL,IBICUI,DENTRO,2,0.00,0.0,0.0
JOAO CARLOS BACELAR,PL,BREJOLANDIA,DENTRO,2,0.00,0.0,0.0
JOAO CARLOS BACELAR,PL,MUNIZ FERREIRA,DENTRO,2,0.00,0.0,0.0
JOAO CARLOS BACELAR,PL,JIQUIRICA,DENTRO,1,0.00,0.0,0.0
JOAO CARLOS BACELAR,PL,BARRA DO ROCHA,DENTRO,1,0.00,0.0,0.0
JOAO CARLOS BACELAR,PL,MAETINGA,DENTRO,1,0.00,0.0,0.0
JOAO CARLOS BACELAR,PL,IRAMAIA,DENTRO,1,0.00,0.0,0.0
JOAO CARLOS BACELAR,PL,BOTUPORA,DENTRO,1,0.00,0.0,0.0
JOAO CARLOS BACELAR,PL,MATINA,DENTRO,1,0.00,0.0,0.0
JOAO CARLOS BACELAR,PL,CARINHANHA,DENTRO,1,0.00,0.0,0.0
JOAO CARLOS BACELAR,PL,ARACATU,DENTRO,1,0.00,0.0,0.0
JOAO CARLOS BACELAR,PL,VARZEA DA ROCA,DENTRO,1,0.00,0.0,0.0
JOAO CARLOS BACELAR,PL,IBIASSUCE,DENTRO,1,0.00,0.0,0.0
JOAO CARLOS BACELAR,PL,CAPELA DO ALTO ALEGRE,DENTRO,1,0.00,0.0,0.0
JOAO CARLOS BACELAR,PL,BARRO PRETO,DENTRO,1,0.00,0.0,0.0
JOAO CARLOS BACELAR,PL,VARZEA DO POCO,DENTRO,1,0.00,0.0,0.0
JOAO CARLOS BACELAR,PL,APUAREMA,DENTRO,1,0.00,0.0,0.0
JOAO CARLOS BACELAR,PL,JABORANDI,DENTRO,1,0.00,0.0,0.0
JOAO CARLOS BACELAR,PL,SANTANOPOLIS,DENTRO,1,0.00,0.0,0.0
JOAO CARLOS BACELAR,PL,SERRA DOURADA,DENTRO,1,0.00,0.0,0.0
JOAO CARLOS BACELAR,PL,SALINAS DA MARGARIDA,DENTRO,1,0.00,0.0,0.0
JOAO CARLOS BACELAR,PL,GOVERNADOR MANGABEIRA,DENTRO,1,0.00,0.0,0.0
JOAO CARLOS BACELAR,PL,PE DE SERRA,DENTRO,1,0.00,0.0,0.0
JOAO CARLOS BACELAR,PL,PONTO NOVO,DENTRO,1,0.00,0.0,0.0
JOAO CARLOS BACELAR,PL,PIRAI DO NORTE,DENTRO,1,0.00,0.0,0.0
JOAO CARLOS BACELAR,PL,CAIRU,DENTRO,1,0.00,0.0,0.0
JOAO CARLOS BACELAR,PL,SATIRO DIAS,DENTRO,1,0.00,0.0,0.0
JOAO CARLOS BACELAR,PL,JUSSARI,DENTRO,1,0.00,0.0,0.0
JOAO CARLOS BACELAR,PL,PALMEIRAS,DENTRO,1,0.00,0.0,0.0
JOAO CARLOS BACELAR,PL,MALHADA DE PEDRAS,DENTRO,1,0.00,0.0,0.0
JOAO CARLOS BACELAR,PL,ITAQUARA,DENTRO,1,0.00,0.0,0.0
JOAO CARLOS BACELAR,PL,BONINAL,DENTRO,1,0.00,0.0,0.0
JOAO CARLOS BACELAR,PL,LAJEDO DO TABOCAL,DENTRO,0,0.00,0.0,0.0
JOAO CARLOS BACELAR,PL,COCOS,DENTRO,0,0.00,0.0,0.0
JOAO CARLOS BACELAR,PL,SAO DESIDERIO,DENTRO,0,0.00,0.0,0.0
JOAO CARLOS BACELAR,PL,NOVA IBIA,DENTRO,0,0.00,0.0,0.0
JOAO CARLOS BACELAR,PL,TANQUE NOVO,DENTRO,0,0.00,0.0,0.0
JOAO CARLOS BACELAR,PL,CORIBE,DENTRO,0,0.00,0.0,0.0
JOAO CARLOS BACELAR,PL,LAMARAO,DENTRO,0,0.00,0.0,0.0
JOAO CARLOS BACELAR,PL,LAGOA REAL,DENTRO,0,0.00,0.0,0.0
JOAO CARLOS BACELAR,PL,ALMADINA,DENTRO,0,0.00,0.0,0.0
JOAO CARLOS BACELAR,PL,PINDAI,DENTRO,0,0.00,0.0,0.0
JOAO CARLOS BACELAR,PL,ABAIRA,DENTRO,0,0.00,0.0,0.0
JOAO CARLOS BACELAR,PL,LAFAIETE COUTINHO,DENTRO,0,0.00,0.0,0.0
JOAO CARLOS BACELAR,PL,ARATUIPE,DENTRO,0,0.00,0.0,0.0
JOAO CARLOS BACELAR,PL,FEIRA DA MATA,DENTRO,0,0.00,0.0,0.0
JOAO CARLOS BACELAR,PL,TABOCAS DO BREJO VELHO,DENTRO,0,0.00,0.0,0.0
JOAO CARLOS BACELAR,PL,RIBEIRAO DO LARGO,DENTRO,0,0.00,0.0,0.0
JOAO CARLOS BACELAR,PL,MANSIDAO,DENTRO,0,0.00,0.0,0.0
JOAO CARLOS BACELAR,PL,JITAUNA,DENTRO,0,0.00,0.0,0.0
JOAO CARLOS BACELAR,PL,VARZEDO,DENTRO,0,0.00,0.0,0.0
JOAO CARLOS BACELAR,PL,MALHADA,DENTRO,0,0.00,0.0,0.0
JOAO CARLOS BACELAR,PL,AURELINO LEAL,DENTRO,0,0.00,0.0,0.0
JOAO CARLOS BACELAR,PL,ANGICAL,DENTRO,0,0.00,0.0,0.0
JOAO CARLOS BACELAR,PL,IUIU,DENTRO,0,0.00,0.0,0.0
JOAO CARLOS BACELAR,PL,CATOLANDIA,DENTRO,0,0.00,0.0,0.0
JOAO CARLOS BACELAR,PL,MUTUIPE,DENTRO,0,0.00,0.0,0.0
JOAO CARLOS BACELAR,PL,MANOEL VITORINO,DENTRO,0,0.00,0.0,0.0
JOAO CARLOS BACELAR,PL,SAO MIGUEL DAS MATAS,DENTRO,0,0.00,0.0,0.0
JOAO CARLOS BACELAR,PL,NILO PECANHA,DENTRO,0,0.00,0.0,0.0
JOAO CARLOS BACELAR,PL,WANDERLEY,DENTRO,0,0.00,0.0,0.0
JOAO CARLOS BACELAR,PL,GAVIAO,DENTRO,0,0.00,0.0,0.0
JOAO CARLOS BACELAR,PL,RIO DE CONTAS,DENTRO,0,0.00,0.0,0.0
JOAO CARLOS BACELAR,PL,MULTIPLO,AMPLO,0,0,149662826.07,97.41
JOAO CARLOS BACELAR,PL,SEM INFORMACAO,AMPLO,0,0,3980916.46,2.59
VALMIR ASSUNCAO,PT,SALVADOR,DENTRO,12022,13.34,0.0,0.0
VALMIR ASSUNCAO,PT,PRADO,DENTRO,6013,6.67,0.0,0.0
VALMIR ASSUNCAO,PT,ITAMARAJU,DENTRO,4562,5.06,0.0,0.0
VALMIR ASSUNCAO,PT,ABARE,DENTRO,4212,4.67,0.0,0.0
VALMIR ASSUNCAO,PT,SENHOR DO BONFIM,DENTRO,3546,3.93,0.0,0.0
VALMIR ASSUNCAO,PT,PORTO SEGURO,DENTRO,3398,3.77,0.0,0.0
VALMIR ASSUNCAO,PT,RIO DO ANTONIO,DENTRO,3180,3.53,0.0,0.0
VALMIR ASSUNCAO,PT,TEIXEIRA DE FREITAS,DENTRO,2171,2.41,0.0,0.0
VALMIR ASSUNCAO,PT,EUNAPOLIS,DENTRO,2123,2.36,0.0,0.0
VALMIR ASSUNCAO,PT,ITAETE,DENTRO,2091,2.32,0.0,0.0
VALMIR ASSUNCAO,PT,BOA VISTA DO TUPIM,DENTRO,1856,2.06,0.0,0.0
VALMIR ASSUNCAO,PT,URUCUCA,DENTRO,1847,2.05,0.0,0.0
VALMIR ASSUNCAO,PT,GUARATINGA,DENTRO,1740,1.93,0.0,0.0
VALMIR ASSUNCAO,PT,WAGNER,DENTRO,1716,1.90,0.0,0.0
VALMIR ASSUNCAO,PT,POCOES,DENTRO,1483,1.65,0.0,0.0
VALMIR ASSUNCAO,PT,WENCESLAU GUIMARAES,DENTRO,1478,1.64,0.0,0.0
VALMIR ASSUNCAO,PT,MUCURI,DENTRO,1329,1.47,0.0,0.0
VALMIR ASSUNCAO,PT,ITUBERA,DENTRO,1261,1.40,0.0,0.0
VALMIR ASSUNCAO,PT,NOVA VICOSA,DENTRO,1245,1.38,0.0,0.0
VALMIR ASSUNCAO,PT,SANTA CRUZ CABRALIA,DENTRO,1118,1.24,0.0,0.0
VALMIR ASSUNCAO,PT,ITABELA,DENTRO,1093,1.21,0.0,0.0
VALMIR ASSUNCAO,PT,VITORIA DA CONQUISTA,DENTRO,1029,1.14,0.0,0.0
VALMIR ASSUNCAO,PT,IBIRAPUA,DENTRO,1017,1.13,0.0,0.0
VALMIR ASSUNCAO,PT,CAMAMU,DENTRO,890,0.99,0.0,0.0
VALMIR ASSUNCAO,PT,JUAZEIRO,DENTRO,857,0.95,0.0,0.0
VALMIR ASSUNCAO,PT,VEREDA,DENTRO,841,0.93,0.0,0.0
VALMIR ASSUNCAO,PT,FEIRA DE SANTANA,DENTRO,751,0.83,0.0,0.0
VALMIR ASSUNCAO,PT,PAU BRASIL,DENTRO,678,0.75,0.0,0.0
VALMIR ASSUNCAO,PT,CIPO,DENTRO,639,0.71,0.0,0.0
VALMIR ASSUNCAO,PT,SERRA DO RAMALHO,DENTRO,610,0.68,0.0,0.0
VALMIR ASSUNCAO,PT,BOM JESUS DA LAPA,DENTRO,574,0.64,0.0,0.0
VALMIR ASSUNCAO,PT,ITABERABA,DENTRO,561,0.62,0.0,0.0
VALMIR ASSUNCAO,PT,ITANHEM,DENTRO,511,0.57,0.0,0.0
VALMIR ASSUNCAO,PT,SOBRADINHO,DENTRO,507,0.56,0.0,0.0
VALMIR ASSUNCAO,PT,SANTO ESTEVAO,DENTRO,503,0.56,0.0,0.0
VALMIR ASSUNCAO,PT,ARAMARI,DENTRO,497,0.55,0.0,0.0
VALMIR ASSUNCAO,PT,IGRAPIUNA,DENTRO,488,0.54,0.0,0.0
VALMIR ASSUNCAO,PT,ALCOBACA,DENTRO,488,0.54,0.0,0.0
VALMIR ASSUNCAO,PT,CHORROCHO,DENTRO,478,0.53,0.0,0.0
VALMIR ASSUNCAO,PT,PAULO AFONSO,DENTRO,453,0.50,0.0,0.0
VALMIR ASSUNCAO,PT,AMELIA RODRIGUES,DENTRO,444,0.49,0.0,0.0
VALMIR ASSUNCAO,PT,SANTA BRIGIDA,DENTRO,426,0.47,0.0,0.0
VALMIR ASSUNCAO,PT,CAMACARI,DENTRO,396,0.44,0.0,0.0
VALMIR ASSUNCAO,PT,MARACAS,DENTRO,379,0.42,0.0,0.0
VALMIR ASSUNCAO,PT,GONGOGI,DENTRO,368,0.41,0.0,0.0
VALMIR ASSUNCAO,PT,LAJEDINHO,DENTRO,354,0.39,0.0,0.0
VALMIR ASSUNCAO,PT,CARAVELAS,DENTRO,337,0.37,0.0,0.0
VALMIR ASSUNCAO,PT,LAURO DE FREITAS,DENTRO,336,0.37,0.0,0.0
VALMIR ASSUNCAO,PT,JEREMOABO,DENTRO,302,0.34,0.0,0.0
VALMIR ASSUNCAO,PT,MEDEIROS NETO,DENTRO,299,0.33,0.0,0.0
VALMIR ASSUNCAO,PT,UTINGA,DENTRO,292,0.32,0.0,0.0
VALMIR ASSUNCAO,PT,ENTRE RIOS,DENTRO,289,0.32,0.0,0.0
VALMIR ASSUNCAO,PT,BARREIRAS,DENTRO,283,0.31,0.0,0.0
VALMIR ASSUNCAO,PT,CANUDOS,DENTRO,282,0.31,0.0,0.0
VALMIR ASSUNCAO,PT,LAJEDO DO TABOCAL,DENTRO,281,0.31,0.0,0.0
VALMIR ASSUNCAO,PT,RIBEIRAO DO LARGO,DENTRO,276,0.31,0.0,0.0
VALMIR ASSUNCAO,PT,JUCURUCU,DENTRO,275,0.31,0.0,0.0
VALMIR ASSUNCAO,PT,CRUZ DAS ALMAS,DENTRO,272,0.30,0.0,0.0
VALMIR ASSUNCAO,PT,ITABUNA,DENTRO,267,0.30,0.0,0.0
VALMIR ASSUNCAO,PT,OLIVEIRA DOS BREJINHOS,DENTRO,264,0.29,0.0,0.0
VALMIR ASSUNCAO,PT,ANAGE,DENTRO,251,0.28,0.0,0.0
VALMIR ASSUNCAO,PT,SANTA RITA DE CASSIA,DENTRO,250,0.28,0.0,0.0
VALMIR ASSUNCAO,PT,RUY BARBOSA,DENTRO,233,0.26,0.0,0.0
VALMIR ASSUNCAO,PT,SENTO SE,DENTRO,224,0.25,0.0,0.0
VALMIR ASSUNCAO,PT,IRAMAIA,DENTRO,220,0.24,0.0,0.0
VALMIR ASSUNCAO,PT,IGUAI,DENTRO,218,0.24,0.0,0.0
VALMIR ASSUNCAO,PT,ILHEUS,DENTRO,215,0.24,0.0,0.0
VALMIR ASSUNCAO,PT,NOVA REDENCAO,DENTRO,214,0.24,0.0,0.0
VALMIR ASSUNCAO,PT,ANGICAL,DENTRO,209,0.23,0.0,0.0
VALMIR ASSUNCAO,PT,BARRA DO CHOCA,DENTRO,206,0.23,0.0,0.0
VALMIR ASSUNCAO,PT,SANTO AMARO,DENTRO,204,0.23,0.0,0.0
VALMIR ASSUNCAO,PT,LAPAO,DENTRO,201,0.22,0.0,0.0
VALMIR ASSUNCAO,PT,NORDESTINA,DENTRO,199,0.22,0.0,0.0
VALMIR ASSUNCAO,PT,BELMONTE,DENTRO,188,0.21,0.0,0.0
VALMIR ASSUNCAO,PT,SIMOES FILHO,DENTRO,180,0.20,0.0,0.0
VALMIR ASSUNCAO,PT,ENCRUZILHADA,DENTRO,177,0.20,0.0,0.0
VALMIR ASSUNCAO,PT,DIAS D AVILA,DENTRO,174,0.19,0.0,0.0
VALMIR ASSUNCAO,PT,CURACA,DENTRO,153,0.17,0.0,0.0
VALMIR ASSUNCAO,PT,CANAVIEIRAS,DENTRO,146,0.16,0.0,0.0
VALMIR ASSUNCAO,PT,IBIRAPITANGA,DENTRO,141,0.16,0.0,0.0
VALMIR ASSUNCAO,PT,MACARANI,DENTRO,139,0.15,0.0,0.0
VALMIR ASSUNCAO,PT,XIQUE-XIQUE,DENTRO,129,0.14,0.0,0.0
VALMIR ASSUNCAO,PT,GANDU,DENTRO,124,0.14,0.0,0.0
VALMIR ASSUNCAO,PT,CANDEIAS,DENTRO,120,0.13,0.0,0.0
VALMIR ASSUNCAO,PT,ALAGOINHAS,DENTRO,119,0.13,0.0,0.0
VALMIR ASSUNCAO,PT,CASA NOVA,DENTRO,118,0.13,0.0,0.0
VALMIR ASSUNCAO,PT,RIACHAO DAS NEVES,DENTRO,114,0.13,0.0,0.0
VALMIR ASSUNCAO,PT,BROTAS DE MACAUBAS,DENTRO,111,0.12,0.0,0.0
VALMIR ASSUNCAO,PT,PINDOBACU,DENTRO,110,0.12,0.0,0.0
VALMIR ASSUNCAO,PT,PLANALTINO,DENTRO,108,0.12,0.0,0.0
VALMIR ASSUNCAO,PT,ITAGIMIRIM,DENTRO,105,0.12,0.0,0.0
VALMIR ASSUNCAO,PT,ARATACA,DENTRO,104,0.12,0.0,0.0
VALMIR ASSUNCAO,PT,ITAJUIPE,DENTRO,103,0.11,0.0,0.0
VALMIR ASSUNCAO,PT,ITAMBE,DENTRO,98,0.11,0.0,0.0
VALMIR ASSUNCAO,PT,GENTIO DO OURO,DENTRO,98,0.11,0.0,0.0
VALMIR ASSUNCAO,PT,MARCIONILIO SOUZA,DENTRO,95,0.11,0.0,0.0
VALMIR ASSUNCAO,PT,JUSSARI,DENTRO,94,0.10,0.0,0.0
VALMIR ASSUNCAO,PT,UAUA,DENTRO,92,0.10,0.0,0.0
VALMIR ASSUNCAO,PT,ANDARAI,DENTRO,90,0.10,0.0,0.0
VALMIR ASSUNCAO,PT,CAMPO FORMOSO,DENTRO,90,0.10,0.0,0.0
VALMIR ASSUNCAO,PT,NOVA IBIA,DENTRO,89,0.10,0.0,0.0
VALMIR ASSUNCAO,PT,IBICOARA,DENTRO,87,0.10,0.0,0.0
VALMIR ASSUNCAO,PT,BARRA,DENTRO,86,0.10,0.0,0.0
VALMIR ASSUNCAO,PT,COTEGIPE,DENTRO,85,0.09,0.0,0.0
VALMIR ASSUNCAO,PT,IACU,DENTRO,81,0.09,0.0,0.0
VALMIR ASSUNCAO,PT,JEQUIE,DENTRO,79,0.09,0.0,0.0
VALMIR ASSUNCAO,PT,EUCLIDES DA CUNHA,DENTRO,76,0.08,0.0,0.0
VALMIR ASSUNCAO,PT,BUERAREMA,DENTRO,73,0.08,0.0,0.0
VALMIR ASSUNCAO,PT,RIO REAL,DENTRO,71,0.08,0.0,0.0
VALMIR ASSUNCAO,PT,ITAPARICA,DENTRO,71,0.08,0.0,0.0
VALMIR ASSUNCAO,PT,UIBAI,DENTRO,69,0.08,0.0,0.0
VALMIR ASSUNCAO,PT,CAMACA,DENTRO,66,0.07,0.0,0.0
VALMIR ASSUNCAO,PT,IPUPIARA,DENTRO,64,0.07,0.0,0.0
VALMIR ASSUNCAO,PT,LUIS EDUARDO MAGALHAES,DENTRO,64,0.07,0.0,0.0
VALMIR ASSUNCAO,PT,VALENCA,DENTRO,63,0.07,0.0,0.0
VALMIR ASSUNCAO,PT,SAO FRANCISCO DO CONDE,DENTRO,62,0.07,0.0,0.0
VALMIR ASSUNCAO,PT,CARDEAL DA SILVA,DENTRO,59,0.07,0.0,0.0
VALMIR ASSUNCAO,PT,IRECE,DENTRO,59,0.07,0.0,0.0
VALMIR ASSUNCAO,PT,MARAU,DENTRO,57,0.06,0.0,0.0
VALMIR ASSUNCAO,PT,RAFAEL JAMBEIRO,DENTRO,57,0.06,0.0,0.0
VALMIR ASSUNCAO,PT,SAO SEBASTIAO DO PASSE,DENTRO,57,0.06,0.0,0.0
VALMIR ASSUNCAO,PT,CANSANCAO,DENTRO,56,0.06,0.0,0.0
VALMIR ASSUNCAO,PT,ITAJU DO COLONIA,DENTRO,56,0.06,0.0,0.0
VALMIR ASSUNCAO,PT,JACOBINA,DENTRO,56,0.06,0.0,0.0
VALMIR ASSUNCAO,PT,ITAPEBI,DENTRO,55,0.06,0.0,0.0
VALMIR ASSUNCAO,PT,FILADELFIA,DENTRO,55,0.06,0.0,0.0
VALMIR ASSUNCAO,PT,ITAPETINGA,DENTRO,54,0.06,0.0,0.0
VALMIR ASSUNCAO,PT,MATA DE SAO JOAO,DENTRO,54,0.06,0.0,0.0
VALMIR ASSUNCAO,PT,AGUA FRIA,DENTRO,53,0.06,0.0,0.0
VALMIR ASSUNCAO,PT,CACHOEIRA,DENTRO,53,0.06,0.0,0.0
VALMIR ASSUNCAO,PT,IPIAU,DENTRO,53,0.06,0.0,0.0
VALMIR ASSUNCAO,PT,VERA CRUZ,DENTRO,53,0.06,0.0,0.0
VALMIR ASSUNCAO,PT,BARRA DO MENDES,DENTRO,52,0.06,0.0,0.0
VALMIR ASSUNCAO,PT,ANDORINHA,DENTRO,51,0.06,0.0,0.0
VALMIR ASSUNCAO,PT,IRAJUBA,DENTRO,50,0.06,0.0,0.0
VALMIR ASSUNCAO,PT,BOA NOVA,DENTRO,49,0.05,0.0,0.0
VALMIR ASSUNCAO,PT,TANQUE NOVO,DENTRO,47,0.05,0.0,0.0
VALMIR ASSUNCAO,PT,IBIPEBA,DENTRO,47,0.05,0.0,0.0
VALMIR ASSUNCAO,PT,TAPEROA,DENTRO,46,0.05,0.0,0.0
VALMIR ASSUNCAO,PT,MUCUGE,DENTRO,45,0.05,0.0,0.0
VALMIR ASSUNCAO,PT,CATU,DENTRO,45,0.05,0.0,0.0
VALMIR ASSUNCAO,PT,CONCEICAO DO COITE,DENTRO,43,0.05,0.0,0.0
VALMIR ASSUNCAO,PT,ITAGIBA,DENTRO,43,0.05,0.0,0.0
VALMIR ASSUNCAO,PT,ITANAGRA,DENTRO,43,0.05,0.0,0.0
VALMIR ASSUNCAO,PT,IRARA,DENTRO,43,0.05,0.0,0.0
VALMIR ASSUNCAO,PT,TEOLANDIA,DENTRO,42,0.05,0.0,0.0
VALMIR ASSUNCAO,PT,BRUMADO,DENTRO,41,0.05,0.0,0.0
VALMIR ASSUNCAO,PT,LAFAIETE COUTINHO,DENTRO,41,0.05,0.0,0.0
VALMIR ASSUNCAO,PT,TREMEDAL,DENTRO,41,0.05,0.0,0.0
VALMIR ASSUNCAO,PT,BOM JESUS DA SERRA,DENTRO,41,0.05,0.0,0.0
VALMIR ASSUNCAO,PT,AURELINO LEAL,DENTRO,40,0.04,0.0,0.0
VALMIR ASSUNCAO,PT,GAVIAO,DENTRO,40,0.04,0.0,0.0
VALMIR ASSUNCAO,PT,SANTA TEREZINHA,DENTRO,38,0.04,0.0,0.0
VALMIR ASSUNCAO,PT,LAGOA REAL,DENTRO,38,0.04,0.0,0.0
VALMIR ASSUNCAO,PT,JITAUNA,DENTRO,38,0.04,0.0,0.0
VALMIR ASSUNCAO,PT,BAIXA GRANDE,DENTRO,37,0.04,0.0,0.0
VALMIR ASSUNCAO,PT,JAGUARARI,DENTRO,36,0.04,0.0,0.0
VALMIR ASSUNCAO,PT,JAGUAQUARA,DENTRO,35,0.04,0.0,0.0
VALMIR ASSUNCAO,PT,SANTALUZ,DENTRO,35,0.04,0.0,0.0
VALMIR ASSUNCAO,PT,MUNDO NOVO,DENTRO,34,0.04,0.0,0.0
VALMIR ASSUNCAO,PT,SERRINHA,DENTRO,32,0.04,0.0,0.0
VALMIR ASSUNCAO,PT,SANTA MARIA DA VITORIA,DENTRO,32,0.04,0.0,0.0
VALMIR ASSUNCAO,PT,PEDRAO,DENTRO,32,0.04,0.0,0.0
VALMIR ASSUNCAO,PT,SAO GONCALO DOS CAMPOS,DENTRO,31,0.03,0.0,0.0
VALMIR ASSUNCAO,PT,IBIQUERA,DENTRO,30,0.03,0.0,0.0
VALMIR ASSUNCAO,PT,PEDRO ALEXANDRE,DENTRO,30,0.03,0.0,0.0
VALMIR ASSUNCAO,PT,POJUCA,DENTRO,30,0.03,0.0,0.0
VALMIR ASSUNCAO,PT,PIRITIBA,DENTRO,29,0.03,0.0,0.0
VALMIR ASSUNCAO,PT,ESPLANADA,DENTRO,29,0.03,0.0,0.0
VALMIR ASSUNCAO,PT,INHAMBUPE,DENTRO,28,0.03,0.0,0.0
VALMIR ASSUNCAO,PT,REMANSO,DENTRO,28,0.03,0.0,0.0
VALMIR ASSUNCAO,PT,SAO DOMINGOS,DENTRO,27,0.03,0.0,0.0
VALMIR ASSUNCAO,PT,RIBEIRA DO AMPARO,DENTRO,27,0.03,0.0,0.0
VALMIR ASSUNCAO,PT,MORRO DO CHAPEU,DENTRO,27,0.03,0.0,0.0
VALMIR ASSUNCAO,PT,CAFARNAUM,DENTRO,27,0.03,0.0,0.0
VALMIR ASSUNCAO,PT,ITAGUACU DA BAHIA,DENTRO,26,0.03,0.0,0.0
VALMIR ASSUNCAO,PT,CAIRU,DENTRO,26,0.03,0.0,0.0
VALMIR ASSUNCAO,PT,CORACAO DE MARIA,DENTRO,26,0.03,0.0,0.0
VALMIR ASSUNCAO,PT,PALMAS DE MONTE ALTO,DENTRO,26,0.03,0.0,0.0
VALMIR ASSUNCAO,PT,ANTONIO GONCALVES,DENTRO,25,0.03,0.0,0.0
VALMIR ASSUNCAO,PT,MASCOTE,DENTRO,25,0.03,0.0,0.0
VALMIR ASSUNCAO,PT,BOQUIRA,DENTRO,25,0.03,0.0,0.0
VALMIR ASSUNCAO,PT,CAMPO ALEGRE DE LOURDES,DENTRO,25,0.03,0.0,0.0
VALMIR ASSUNCAO,PT,SEABRA,DENTRO,25,0.03,0.0,0.0
VALMIR ASSUNCAO,PT,ITACARE,DENTRO,25,0.03,0.0,0.0
VALMIR ASSUNCAO,PT,LENCOIS,DENTRO,24,0.03,0.0,0.0
VALMIR ASSUNCAO,PT,MACURURE,DENTRO,24,0.03,0.0,0.0
VALMIR ASSUNCAO,PT,QUEIMADAS,DENTRO,24,0.03,0.0,0.0
VALMIR ASSUNCAO,PT,ITAGI,DENTRO,24,0.03,0.0,0.0
VALMIR ASSUNCAO,PT,PLANALTO,DENTRO,23,0.03,0.0,0.0
VALMIR ASSUNCAO,PT,ANGUERA,DENTRO,23,0.03,0.0,0.0
VALMIR ASSUNCAO,PT,NILO PECANHA,DENTRO,23,0.03,0.0,0.0
VALMIR ASSUNCAO,PT,IPIRA,DENTRO,22,0.02,0.0,0.0
VALMIR ASSUNCAO,PT,UNA,DENTRO,22,0.02,0.0,0.0
VALMIR ASSUNCAO,PT,ITAPICURU,DENTRO,22,0.02,0.0,0.0
VALMIR ASSUNCAO,PT,GLORIA,DENTRO,22,0.02,0.0,0.0
VALMIR ASSUNCAO,PT,COARACI,DENTRO,22,0.02,0.0,0.0
VALMIR ASSUNCAO,PT,CONDE,DENTRO,22,0.02,0.0,0.0
VALMIR ASSUNCAO,PT,CENTRAL,DENTRO,21,0.02,0.0,0.0
VALMIR ASSUNCAO,PT,OURICANGAS,DENTRO,21,0.02,0.0,0.0
VALMIR ASSUNCAO,PT,TUCANO,DENTRO,21,0.02,0.0,0.0
VALMIR ASSUNCAO,PT,MADRE DE DEUS,DENTRO,21,0.02,0.0,0.0
VALMIR ASSUNCAO,PT,MALHADA,DENTRO,21,0.02,0.0,0.0
VALMIR ASSUNCAO,PT,CORONEL JOAO SA,DENTRO,21,0.02,0.0,0.0
VALMIR ASSUNCAO,PT,PRESIDENTE DUTRA,DENTRO,20,0.02,0.0,0.0
VALMIR ASSUNCAO,PT,SANTO ANTONIO DE JESUS,DENTRO,19,0.02,0.0,0.0
VALMIR ASSUNCAO,PT,NOVA CANAA,DENTRO,19,0.02,0.0,0.0
VALMIR ASSUNCAO,PT,PONTO NOVO,DENTRO,19,0.02,0.0,0.0
VALMIR ASSUNCAO,PT,IBOTIRAMA,DENTRO,19,0.02,0.0,0.0
VALMIR ASSUNCAO,PT,ITIRUCU,DENTRO,18,0.02,0.0,0.0
VALMIR ASSUNCAO,PT,SAO DESIDERIO,DENTRO,18,0.02,0.0,0.0
VALMIR ASSUNCAO,PT,MONTE SANTO,DENTRO,18,0.02,0.0,0.0
VALMIR ASSUNCAO,PT,CONCEICAO DO JACUIPE,DENTRO,18,0.02,0.0,0.0
VALMIR ASSUNCAO,PT,SANTA LUZIA,DENTRO,18,0.02,0.0,0.0
VALMIR ASSUNCAO,PT,ITAMARI,DENTRO,18,0.02,0.0,0.0
VALMIR ASSUNCAO,PT,TAPIRAMUTA,DENTRO,18,0.02,0.0,0.0
VALMIR ASSUNCAO,PT,CACULE,DENTRO,17,0.02,0.0,0.0
VALMIR ASSUNCAO,PT,SAO GABRIEL,DENTRO,17,0.02,0.0,0.0
VALMIR ASSUNCAO,PT,JANDAIRA,DENTRO,16,0.02,0.0,0.0
VALMIR ASSUNCAO,PT,MANOEL VITORINO,DENTRO,16,0.02,0.0,0.0
VALMIR ASSUNCAO,PT,CANDIDO SALES,DENTRO,16,0.02,0.0,0.0
VALMIR ASSUNCAO,PT,BONINAL,DENTRO,16,0.02,0.0,0.0
VALMIR ASSUNCAO,PT,PARATINGA,DENTRO,15,0.02,0.0,0.0
VALMIR ASSUNCAO,PT,SAPEACU,DENTRO,15,0.02,0.0,0.0
VALMIR ASSUNCAO,PT,LAJEDAO,DENTRO,15,0.02,0.0,0.0
VALMIR ASSUNCAO,PT,VARZEA DO POCO,DENTRO,14,0.02,0.0,0.0
VALMIR ASSUNCAO,PT,UBAITABA,DENTRO,14,0.02,0.0,0.0
VALMIR ASSUNCAO,PT,SERRA DOURADA,DENTRO,14,0.02,0.0,0.0
VALMIR ASSUNCAO,PT,CANARANA,DENTRO,14,0.02,0.0,0.0
VALMIR ASSUNCAO,PT,MARAGOGIPE,DENTRO,14,0.02,0.0,0.0
VALMIR ASSUNCAO,PT,CONCEICAO DO ALMEIDA,DENTRO,13,0.01,0.0,0.0
VALMIR ASSUNCAO,PT,MURITIBA,DENTRO,13,0.01,0.0,0.0
VALMIR ASSUNCAO,PT,JAGUARIPE,DENTRO,13,0.01,0.0,0.0
VALMIR ASSUNCAO,PT,ITORORO,DENTRO,13,0.01,0.0,0.0
VALMIR ASSUNCAO,PT,BURITIRAMA,DENTRO,13,0.01,0.0,0.0
VALMIR ASSUNCAO,PT,ARACI,DENTRO,13,0.01,0.0,0.0
VALMIR ASSUNCAO,PT,PIRAI DO NORTE,DENTRO,13,0.01,0.0,0.0
VALMIR ASSUNCAO,PT,MORPARA,DENTRO,13,0.01,0.0,0.0
VALMIR ASSUNCAO,PT,HELIOPOLIS,DENTRO,12,0.01,0.0,0.0
VALMIR ASSUNCAO,PT,ANTAS,DENTRO,12,0.01,0.0,0.0
VALMIR ASSUNCAO,PT,PRESIDENTE TANCREDO NEVES,DENTRO,12,0.01,0.0,0.0
VALMIR ASSUNCAO,PT,PARAMIRIM,DENTRO,12,0.01,0.0,0.0
VALMIR ASSUNCAO,PT,MUTUIPE,DENTRO,12,0.01,0.0,0.0
VALMIR ASSUNCAO,PT,PALMEIRAS,DENTRO,12,0.01,0.0,0.0
VALMIR ASSUNCAO,PT,CORDEIROS,DENTRO,12,0.01,0.0,0.0
VALMIR ASSUNCAO,PT,JOAO DOURADO,DENTRO,12,0.01,0.0,0.0
VALMIR ASSUNCAO,PT,RIACHAO DO JACUIPE,DENTRO,11,0.01,0.0,0.0
VALMIR ASSUNCAO,PT,ITIUBA,DENTRO,11,0.01,0.0,0.0
VALMIR ASSUNCAO,PT,ITUACU,DENTRO,11,0.01,0.0,0.0
VALMIR ASSUNCAO,PT,IBICARAI,DENTRO,11,0.01,0.0,0.0
VALMIR ASSUNCAO,PT,LIVRAMENTO DE NOSSA SENHORA,DENTRO,10,0.01,0.0,0.0
VALMIR ASSUNCAO,PT,UBATA,DENTRO,10,0.01,0.0,0.0
VALMIR ASSUNCAO,PT,MIRANGABA,DENTRO,10,0.01,0.0,0.0
VALMIR ASSUNCAO,PT,CAETANOS,DENTRO,10,0.01,0.0,0.0
VALMIR ASSUNCAO,PT,NOVA SOURE,DENTRO,10,0.01,0.0,0.0
VALMIR ASSUNCAO,PT,GUANAMBI,DENTRO,10,0.01,0.0,0.0
VALMIR ASSUNCAO,PT,MUQUEM DO SAO FRANCISCO,DENTRO,9,0.01,0.0,0.0
VALMIR ASSUNCAO,PT,PINTADAS,DENTRO,9,0.01,0.0,0.0
VALMIR ASSUNCAO,PT,MAIRI,DENTRO,9,0.01,0.0,0.0
VALMIR ASSUNCAO,PT,TEOFILANDIA,DENTRO,9,0.01,0.0,0.0
VALMIR ASSUNCAO,PT,IBIASSUCE,DENTRO,9,0.01,0.0,0.0
VALMIR ASSUNCAO,PT,MAIQUINIQUE,DENTRO,9,0.01,0.0,0.0
VALMIR ASSUNCAO,PT,SANTA BARBARA,DENTRO,9,0.01,0.0,0.0
VALMIR ASSUNCAO,PT,ITAPITANGA,DENTRO,9,0.01,0.0,0.0
VALMIR ASSUNCAO,PT,ARACAS,DENTRO,9,0.01,0.0,0.0
VALMIR ASSUNCAO,PT,ITAPE,DENTRO,9,0.01,0.0,0.0
VALMIR ASSUNCAO,PT,ANTONIO CARDOSO,DENTRO,9,0.01,0.0,0.0
VALMIR ASSUNCAO,PT,OLINDINA,DENTRO,9,0.01,0.0,0.0
VALMIR ASSUNCAO,PT,SITIO DO MATO,DENTRO,8,0.01,0.0,0.0
VALMIR ASSUNCAO,PT,CASTRO ALVES,DENTRO,8,0.01,0.0,0.0
VALMIR ASSUNCAO,PT,RIACHO DE SANTANA,DENTRO,8,0.01,0.0,0.0
VALMIR ASSUNCAO,PT,IBITITA,DENTRO,8,0.01,0.0,0.0
VALMIR ASSUNCAO,PT,CICERO DANTAS,DENTRO,8,0.01,0.0,0.0
VALMIR ASSUNCAO,PT,TERRA NOVA,DENTRO,8,0.01,0.0,0.0
VALMIR ASSUNCAO,PT,MIGUEL CALMON,DENTRO,8,0.01,0.0,0.0
VALMIR ASSUNCAO,PT,CAETITE,DENTRO,8,0.01,0.0,0.0
VALMIR ASSUNCAO,PT,CORRENTINA,DENTRO,8,0.01,0.0,0.0
VALMIR ASSUNCAO,PT,MALHADA DE PEDRAS,DENTRO,8,0.01,0.0,0.0
VALMIR ASSUNCAO,PT,IPECAETA,DENTRO,8,0.01,0.0,0.0
VALMIR ASSUNCAO,PT,POTIRAGUA,DENTRO,8,0.01,0.0,0.0
VALMIR ASSUNCAO,PT,DARIO MEIRA,DENTRO,8,0.01,0.0,0.0
VALMIR ASSUNCAO,PT,BAIANOPOLIS,DENTRO,7,0.01,0.0,0.0
VALMIR ASSUNCAO,PT,BARRO ALTO,DENTRO,7,0.01,0.0,0.0
VALMIR ASSUNCAO,PT,NAZARE,DENTRO,7,0.01,0.0,0.0
VALMIR ASSUNCAO,PT,SAO FELIPE,DENTRO,7,0.01,0.0,0.0
VALMIR ASSUNCAO,PT,RIBEIRA DO POMBAL,DENTRO,7,0.01,0.0,0.0
VALMIR ASSUNCAO,PT,IRAQUARA,DENTRO,7,0.01,0.0,0.0
VALMIR ASSUNCAO,PT,AMERICA DOURADA,DENTRO,7,0.01,0.0,0.0
VALMIR ASSUNCAO,PT,MACAJUBA,DENTRO,7,0.01,0.0,0.0
VALMIR ASSUNCAO,PT,CARINHANHA,DENTRO,6,0.01,0.0,0.0
VALMIR ASSUNCAO,PT,MILAGRES,DENTRO,6,0.01,0.0,0.0
VALMIR ASSUNCAO,PT,UMBURANAS,DENTRO,6,0.01,0.0,0.0
VALMIR ASSUNCAO,PT,TEODORO SAMPAIO,DENTRO,6,0.01,0.0,0.0
VALMIR ASSUNCAO,PT,CABACEIRAS DO PARAGUACU,DENTRO,6,0.01,0.0,0.0
VALMIR ASSUNCAO,PT,NOVO TRIUNFO,DENTRO,6,0.01,0.0,0.0
VALMIR ASSUNCAO,PT,PARIPIRANGA,DENTRO,6,0.01,0.0,0.0
VALMIR ASSUNCAO,PT,VALENTE,DENTRO,6,0.01,0.0,0.0
VALMIR ASSUNCAO,PT,SALINAS DA MARGARIDA,DENTRO,6,0.01,0.0,0.0
VALMIR ASSUNCAO,PT,SERRA PRETA,DENTRO,6,0.01,0.0,0.0
VALMIR ASSUNCAO,PT,PIRIPA,DENTRO,6,0.01,0.0,0.0
VALMIR ASSUNCAO,PT,CONCEICAO DA FEIRA,DENTRO,6,0.01,0.0,0.0
VALMIR ASSUNCAO,PT,QUIJINGUE,DENTRO,6,0.01,0.0,0.0
VALMIR ASSUNCAO,PT,BANZAE,DENTRO,6,0.01,0.0,0.0
VALMIR ASSUNCAO,PT,VARZEA NOVA,DENTRO,5,0.01,0.0,0.0
VALMIR ASSUNCAO,PT,SANTA INES,DENTRO,5,0.01,0.0,0.0
VALMIR ASSUNCAO,PT,TANQUINHO,DENTRO,5,0.01,0.0,0.0
VALMIR ASSUNCAO,PT,SAUBARA,DENTRO,5,0.01,0.0,0.0
VALMIR ASSUNCAO,PT,APUAREMA,DENTRO,5,0.01,0.0,0.0
VALMIR ASSUNCAO,PT,CANDEAL,DENTRO,5,0.01,0.0,0.0
VALMIR ASSUNCAO,PT,PINDAI,DENTRO,5,0.01,0.0,0.0
VALMIR ASSUNCAO,PT,PE DE SERRA,DENTRO,5,0.01,0.0,0.0
VALMIR ASSUNCAO,PT,SATIRO DIAS,DENTRO,5,0.01,0.0,0.0
VALMIR ASSUNCAO,PT,JUSSARA,DENTRO,5,0.01,0.0,0.0
VALMIR ASSUNCAO,PT,OUROLANDIA,DENTRO,5,0.01,0.0,0.0
VALMIR ASSUNCAO,PT,CAPIM GROSSO,DENTRO,5,0.01,0.0,0.0
VALMIR ASSUNCAO,PT,SANTANA,DENTRO,5,0.01,0.0,0.0
VALMIR ASSUNCAO,PT,BONITO,DENTRO,5,0.01,0.0,0.0
VALMIR ASSUNCAO,PT,IBIRATAIA,DENTRO,4,0.00,0.0,0.0
VALMIR ASSUNCAO,PT,COCOS,DENTRO,4,0.00,0.0,0.0
VALMIR ASSUNCAO,PT,MACAUBAS,DENTRO,4,0.00,0.0,0.0
VALMIR ASSUNCAO,PT,LICINIO DE ALMEIDA,DENTRO,4,0.00,0.0,0.0
VALMIR ASSUNCAO,PT,CRISTOPOLIS,DENTRO,4,0.00,0.0,0.0
VALMIR ASSUNCAO,PT,SITIO DO QUINTO,DENTRO,4,0.00,0.0,0.0
VALMIR ASSUNCAO,PT,SAUDE,DENTRO,4,0.00,0.0,0.0
VALMIR ASSUNCAO,PT,ACAJUTIBA,DENTRO,4,0.00,0.0,0.0
VALMIR ASSUNCAO,PT,APORA,DENTRO,4,0.00,0.0,0.0
VALMIR ASSUNCAO,PT,GOVERNADOR MANGABEIRA,DENTRO,4,0.00,0.0,0.0
VALMIR ASSUNCAO,PT,MANSIDAO,DENTRO,4,0.00,0.0,0.0
VALMIR ASSUNCAO,PT,AMARGOSA,DENTRO,4,0.00,0.0,0.0
VALMIR ASSUNCAO,PT,PIATA,DENTRO,4,0.00,0.0,0.0
VALMIR ASSUNCAO,PT,SAO FELIX,DENTRO,4,0.00,0.0,0.0
VALMIR ASSUNCAO,PT,RODELAS,DENTRO,4,0.00,0.0,0.0
VALMIR ASSUNCAO,PT,PILAO ARCADO,DENTRO,4,0.00,0.0,0.0
VALMIR ASSUNCAO,PT,BARRA DA ESTIVA,DENTRO,3,0.00,0.0,0.0
VALMIR ASSUNCAO,PT,BELO CAMPO,DENTRO,3,0.00,0.0,0.0
VALMIR ASSUNCAO,PT,CONDEUBA,DENTRO,3,0.00,0.0,0.0
VALMIR ASSUNCAO,PT,CORIBE,DENTRO,3,0.00,0.0,0.0
VALMIR ASSUNCAO,PT,LAMARAO,DENTRO,3,0.00,0.0,0.0
VALMIR ASSUNCAO,PT,CRISOPOLIS,DENTRO,3,0.00,0.0,0.0
VALMIR ASSUNCAO,PT,FLORESTA AZUL,DENTRO,3,0.00,0.0,0.0
VALMIR ASSUNCAO,PT,ALMADINA,DENTRO,3,0.00,0.0,0.0
VALMIR ASSUNCAO,PT,JABORANDI,DENTRO,3,0.00,0.0,0.0
VALMIR ASSUNCAO,PT,FORMOSA DO RIO PRETO,DENTRO,3,0.00,0.0,0.0
VALMIR ASSUNCAO,PT,LAJE,DENTRO,3,0.00,0.0,0.0
VALMIR ASSUNCAO,PT,ITARANTIM,DENTRO,3,0.00,0.0,0.0
VALMIR ASSUNCAO,PT,IUIU,DENTRO,3,0.00,0.0,0.0
VALMIR ASSUNCAO,PT,SERROLANDIA,DENTRO,3,0.00,0.0,0.0
VALMIR ASSUNCAO,PT,FIRMINO ALVES,DENTRO,3,0.00,0.0,0.0
VALMIR ASSUNCAO,PT,ITAQUARA,DENTRO,3,0.00,0.0,0.0
VALMIR ASSUNCAO,PT,NOVA FATIMA,DENTRO,3,0.00,0.0,0.0
VALMIR ASSUNCAO,PT,FATIMA,DENTRO,2,0.00,0.0,0.0
VALMIR ASSUNCAO,PT,BOTUPORA,DENTRO,2,0.00,0.0,0.0
VALMIR ASSUNCAO,PT,UBAIRA,DENTRO,2,0.00,0.0,0.0
VALMIR ASSUNCAO,PT,MATINA,DENTRO,2,0.00,0.0,0.0
VALMIR ASSUNCAO,PT,ARACATU,DENTRO,2,0.00,0.0,0.0
VALMIR ASSUNCAO,PT,AIQUARA,DENTRO,2,0.00,0.0,0.0
VALMIR ASSUNCAO,PT,SAO JOSE DO JACUIPE,DENTRO,2,0.00,0.0,0.0
VALMIR ASSUNCAO,PT,QUIXABEIRA,DENTRO,2,0.00,0.0,0.0
VALMIR ASSUNCAO,PT,BARROCAS,DENTRO,2,0.00,0.0,0.0
VALMIR ASSUNCAO,PT,SOUTO SOARES,DENTRO,2,0.00,0.0,0.0
VALMIR ASSUNCAO,PT,SAO FELIX DO CORIBE,DENTRO,2,0.00,0.0,0.0
VALMIR ASSUNCAO,PT,TABOCAS DO BREJO VELHO,DENTRO,2,0.00,0.0,0.0
VALMIR ASSUNCAO,PT,CALDEIRAO GRANDE,DENTRO,2,0.00,0.0,0.0
VALMIR ASSUNCAO,PT,VARZEDO,DENTRO,2,0.00,0.0,0.0
VALMIR ASSUNCAO,PT,MIRANTE,DENTRO,2,0.00,0.0,0.0
VALMIR ASSUNCAO,PT,CATOLANDIA,DENTRO,2,0.00,0.0,0.0
VALMIR ASSUNCAO,PT,SAO JOSE DA VITORIA,DENTRO,2,0.00,0.0,0.0
VALMIR ASSUNCAO,PT,WANDERLEY,DENTRO,2,0.00,0.0,0.0
VALMIR ASSUNCAO,PT,ICHU,DENTRO,2,0.00,0.0,0.0
VALMIR ASSUNCAO,PT,CATURAMA,DENTRO,2,0.00,0.0,0.0
VALMIR ASSUNCAO,PT,BREJOLANDIA,DENTRO,2,0.00,0.0,0.0
VALMIR ASSUNCAO,PT,BIRITINGA,DENTRO,2,0.00,0.0,0.0
VALMIR ASSUNCAO,PT,ITATIM,DENTRO,1,0.00,0.0,0.0
VALMIR ASSUNCAO,PT,IBITIARA,DENTRO,1,0.00,0.0,0.0
VALMIR ASSUNCAO,PT,SANTA CRUZ DA VITORIA,DENTRO,1,0.00,0.0,0.0
VALMIR ASSUNCAO,PT,CANAPOLIS,DENTRO,1,0.00,0.0,0.0
VALMIR ASSUNCAO,PT,GUAJERU,DENTRO,1,0.00,0.0,0.0
VALMIR ASSUNCAO,PT,IGAPORA,DENTRO,1,0.00,0.0,0.0
VALMIR ASSUNCAO,PT,MULUNGU DO MORRO,DENTRO,1,0.00,0.0,0.0
VALMIR ASSUNCAO,PT,TANHACU,DENTRO,1,0.00,0.0,0.0
VALMIR ASSUNCAO,PT,ARATUIPE,DENTRO,1,0.00,0.0,0.0
VALMIR ASSUNCAO,PT,CONTENDAS DO SINCORA,DENTRO,1,0.00,0.0,0.0
VALMIR ASSUNCAO,PT,DOM BASILIO,DENTRO,1,0.00,0.0,0.0
VALMIR ASSUNCAO,PT,SAO MIGUEL DAS MATAS,DENTRO,1,0.00,0.0,0.0
VALMIR ASSUNCAO,PT,CRAVOLANDIA,DENTRO,1,0.00,0.0,0.0
VALMIR ASSUNCAO,PT,JUSSIAPE,DENTRO,1,0.00,0.0,0.0
VALMIR ASSUNCAO,PT,IBICUI,DENTRO,1,0.00,0.0,0.0
VALMIR ASSUNCAO,PT,MUNIZ FERREIRA,DENTRO,1,0.00,0.0,0.0
VALMIR ASSUNCAO,PT,JIQUIRICA,DENTRO,0,0.00,0.0,0.0
VALMIR ASSUNCAO,PT,BARRA DO ROCHA,DENTRO,0,0.00,0.0,0.0
VALMIR ASSUNCAO,PT,MAETINGA,DENTRO,0,0.00,0.0,0.0
VALMIR ASSUNCAO,PT,SEBASTIAO LARANJEIRAS,DENTRO,0,0.00,0.0,0.0
VALMIR ASSUNCAO,PT,URANDI,DENTRO,0,0.00,0.0,0.0
VALMIR ASSUNCAO,PT,ELISIO MEDRADO,DENTRO,0,0.00,0.0,0.0
VALMIR ASSUNCAO,PT,VARZEA DA ROCA,DENTRO,0,0.00,0.0,0.0
VALMIR ASSUNCAO,PT,CAPELA DO ALTO ALEGRE,DENTRO,0,0.00,0.0,0.0
VALMIR ASSUNCAO,PT,BARRO PRETO,DENTRO,0,0.00,0.0,0.0
VALMIR ASSUNCAO,PT,IBIPITANGA,DENTRO,0,0.00,0.0,0.0
VALMIR ASSUNCAO,PT,CAEM,DENTRO,0,0.00,0.0,0.0
VALMIR ASSUNCAO,PT,ABAIRA,DENTRO,0,0.00,0.0,0.0
VALMIR ASSUNCAO,PT,NOVO HORIZONTE,DENTRO,0,0.00,0.0,0.0
VALMIR ASSUNCAO,PT,SANTANOPOLIS,DENTRO,0,0.00,0.0,0.0
VALMIR ASSUNCAO,PT,FEIRA DA MATA,DENTRO,0,0.00,0.0,0.0
VALMIR ASSUNCAO,PT,MORTUGABA,DENTRO,0,0.00,0.0,0.0
VALMIR ASSUNCAO,PT,BREJOES,DENTRO,0,0.00,0.0,0.0
VALMIR ASSUNCAO,PT,RIO DO PIRES,DENTRO,0,0.00,0.0,0.0
VALMIR ASSUNCAO,PT,CARAIBAS,DENTRO,0,0.00,0.0,0.0
VALMIR ASSUNCAO,PT,ERICO CARDOSO,DENTRO,0,0.00,0.0,0.0
VALMIR ASSUNCAO,PT,DOM MACEDO COSTA,DENTRO,0,0.00,0.0,0.0
VALMIR ASSUNCAO,PT,CAATIBA,DENTRO,0,0.00,0.0,0.0
VALMIR ASSUNCAO,PT,CANDIBA,DENTRO,0,0.00,0.0,0.0
VALMIR ASSUNCAO,PT,NOVA ITARANA,DENTRO,0,0.00,0.0,0.0
VALMIR ASSUNCAO,PT,RETIROLANDIA,DENTRO,0,0.00,0.0,0.0
VALMIR ASSUNCAO,PT,PRESIDENTE JANIO QUADROS,DENTRO,0,0.00,0.0,0.0
VALMIR ASSUNCAO,PT,JACARACI,DENTRO,0,0.00,0.0,0.0
VALMIR ASSUNCAO,PT,ADUSTINA,DENTRO,0,0.00,0.0,0.0
VALMIR ASSUNCAO,PT,RIO DE CONTAS,DENTRO,0,0.00,0.0,0.0
VALMIR ASSUNCAO,PT,MULTIPLO,AMPLO,0,0,147286897.59,92.57
VALMIR ASSUNCAO,PT,SEM INFORMACAO,AMPLO,0,0,11818735.27,7.43
ROGERIA SANTOS,REPUBLICANOS,SALVADOR,DENTRO,36621,44.65,0.0,0.0
ROGERIA SANTOS,REPUBLICANOS,CAMACARI,DENTRO,5250,6.40,0.0,0.0
ROGERIA SANTOS,REPUBLICANOS,LAURO DE FREITAS,DENTRO,4862,5.93,0.0,0.0
ROGERIA SANTOS,REPUBLICANOS,VITORIA DA CONQUISTA,DENTRO,3421,4.17,0.0,0.0
ROGERIA SANTOS,REPUBLICANOS,EUNAPOLIS,DENTRO,1663,2.03,0.0,0.0
ROGERIA SANTOS,REPUBLICANOS,JUAZEIRO,DENTRO,1530,1.87,0.0,0.0
ROGERIA SANTOS,REPUBLICANOS,BARREIRAS,DENTRO,1387,1.69,0.0,0.0
ROGERIA SANTOS,REPUBLICANOS,PORTO SEGURO,DENTRO,1212,1.48,0.0,0.0
ROGERIA SANTOS,REPUBLICANOS,SANTO ANTONIO DE JESUS,DENTRO,1054,1.29,0.0,0.0
ROGERIA SANTOS,REPUBLICANOS,VALENCA,DENTRO,977,1.19,0.0,0.0
ROGERIA SANTOS,REPUBLICANOS,VERA CRUZ,DENTRO,949,1.16,0.0,0.0
ROGERIA SANTOS,REPUBLICANOS,NAZARE,DENTRO,912,1.11,0.0,0.0
ROGERIA SANTOS,REPUBLICANOS,LUIS EDUARDO MAGALHAES,DENTRO,810,0.99,0.0,0.0
ROGERIA SANTOS,REPUBLICANOS,CRUZ DAS ALMAS,DENTRO,808,0.99,0.0,0.0
ROGERIA SANTOS,REPUBLICANOS,ITAPETINGA,DENTRO,680,0.83,0.0,0.0
ROGERIA SANTOS,REPUBLICANOS,TEIXEIRA DE FREITAS,DENTRO,636,0.78,0.0,0.0
ROGERIA SANTOS,REPUBLICANOS,ITABUNA,DENTRO,547,0.67,0.0,0.0
ROGERIA SANTOS,REPUBLICANOS,ITAPARICA,DENTRO,529,0.65,0.0,0.0
ROGERIA SANTOS,REPUBLICANOS,SENHOR DO BONFIM,DENTRO,519,0.63,0.0,0.0
ROGERIA SANTOS,REPUBLICANOS,MATA DE SAO JOAO,DENTRO,488,0.60,0.0,0.0
ROGERIA SANTOS,REPUBLICANOS,PAULO AFONSO,DENTRO,458,0.56,0.0,0.0
ROGERIA SANTOS,REPUBLICANOS,SAO SEBASTIAO DO PASSE,DENTRO,373,0.45,0.0,0.0
ROGERIA SANTOS,REPUBLICANOS,GANDU,DENTRO,346,0.42,0.0,0.0
ROGERIA SANTOS,REPUBLICANOS,CAETITE,DENTRO,335,0.41,0.0,0.0
ROGERIA SANTOS,REPUBLICANOS,SAO FELIPE,DENTRO,321,0.39,0.0,0.0
ROGERIA SANTOS,REPUBLICANOS,BOM JESUS DA LAPA,DENTRO,321,0.39,0.0,0.0
ROGERIA SANTOS,REPUBLICANOS,GUANAMBI,DENTRO,312,0.38,0.0,0.0
ROGERIA SANTOS,REPUBLICANOS,REMANSO,DENTRO,290,0.35,0.0,0.0
ROGERIA SANTOS,REPUBLICANOS,JACOBINA,DENTRO,286,0.35,0.0,0.0
ROGERIA SANTOS,REPUBLICANOS,SIMOES FILHO,DENTRO,272,0.33,0.0,0.0
ROGERIA SANTOS,REPUBLICANOS,BRUMADO,DENTRO,263,0.32,0.0,0.0
ROGERIA SANTOS,REPUBLICANOS,SALINAS DA MARGARIDA,DENTRO,256,0.31,0.0,0.0
ROGERIA SANTOS,REPUBLICANOS,ITAMARAJU,DENTRO,247,0.30,0.0,0.0
ROGERIA SANTOS,REPUBLICANOS,MARAGOGIPE,DENTRO,225,0.27,0.0,0.0
ROGERIA SANTOS,REPUBLICANOS,PRADO,DENTRO,224,0.27,0.0,0.0
ROGERIA SANTOS,REPUBLICANOS,ARATUIPE,DENTRO,216,0.26,0.0,0.0
ROGERIA SANTOS,REPUBLICANOS,SENTO SE,DENTRO,213,0.26,0.0,0.0
ROGERIA SANTOS,REPUBLICANOS,ITABELA,DENTRO,206,0.25,0.0,0.0
ROGERIA SANTOS,REPUBLICANOS,SANTA CRUZ CABRALIA,DENTRO,205,0.25,0.0,0.0
ROGERIA SANTOS,REPUBLICANOS,ITORORO,DENTRO,203,0.25,0.0,0.0
ROGERIA SANTOS,REPUBLICANOS,CORRENTINA,DENTRO,202,0.25,0.0,0.0
ROGERIA SANTOS,REPUBLICANOS,FEIRA DE SANTANA,DENTRO,195,0.24,0.0,0.0
ROGERIA SANTOS,REPUBLICANOS,MACAUBAS,DENTRO,193,0.24,0.0,0.0
ROGERIA SANTOS,REPUBLICANOS,LIVRAMENTO DE NOSSA SENHORA,DENTRO,188,0.23,0.0,0.0
ROGERIA SANTOS,REPUBLICANOS,IBOTIRAMA,DENTRO,187,0.23,0.0,0.0
ROGERIA SANTOS,REPUBLICANOS,CASA NOVA,DENTRO,183,0.22,0.0,0.0
ROGERIA SANTOS,REPUBLICANOS,PARAMIRIM,DENTRO,183,0.22,0.0,0.0
ROGERIA SANTOS,REPUBLICANOS,ILHEUS,DENTRO,178,0.22,0.0,0.0
ROGERIA SANTOS,REPUBLICANOS,CAIRU,DENTRO,174,0.21,0.0,0.0
ROGERIA SANTOS,REPUBLICANOS,MACARANI,DENTRO,172,0.21,0.0,0.0
ROGERIA SANTOS,REPUBLICANOS,NOVA VICOSA,DENTRO,172,0.21,0.0,0.0
ROGERIA SANTOS,REPUBLICANOS,SOBRADINHO,DENTRO,164,0.20,0.0,0.0
ROGERIA SANTOS,REPUBLICANOS,PALMAS DE MONTE ALTO,DENTRO,164,0.20,0.0,0.0
ROGERIA SANTOS,REPUBLICANOS,MUCURI,DENTRO,160,0.20,0.0,0.0
ROGERIA SANTOS,REPUBLICANOS,SITIO DO MATO,DENTRO,145,0.18,0.0,0.0
ROGERIA SANTOS,REPUBLICANOS,CANDIDO SALES,DENTRO,144,0.18,0.0,0.0
ROGERIA SANTOS,REPUBLICANOS,BARRA DA ESTIVA,DENTRO,140,0.17,0.0,0.0
ROGERIA SANTOS,REPUBLICANOS,JAGUARIPE,DENTRO,140,0.17,0.0,0.0
ROGERIA SANTOS,REPUBLICANOS,PRESIDENTE TANCREDO NEVES,DENTRO,137,0.17,0.0,0.0
ROGERIA SANTOS,REPUBLICANOS,CAATIBA,DENTRO,135,0.16,0.0,0.0
ROGERIA SANTOS,REPUBLICANOS,PILAO ARCADO,DENTRO,135,0.16,0.0,0.0
ROGERIA SANTOS,REPUBLICANOS,BARRA DO CHOCA,DENTRO,134,0.16,0.0,0.0
ROGERIA SANTOS,REPUBLICANOS,BELMONTE,DENTRO,133,0.16,0.0,0.0
ROGERIA SANTOS,REPUBLICANOS,BELO CAMPO,DENTRO,129,0.16,0.0,0.0
ROGERIA SANTOS,REPUBLICANOS,DIAS D AVILA,DENTRO,129,0.16,0.0,0.0
ROGERIA SANTOS,REPUBLICANOS,ITAMBE,DENTRO,123,0.15,0.0,0.0
ROGERIA SANTOS,REPUBLICANOS,MIGUEL CALMON,DENTRO,123,0.15,0.0,0.0
ROGERIA SANTOS,REPUBLICANOS,VARZEDO,DENTRO,119,0.15,0.0,0.0
ROGERIA SANTOS,REPUBLICANOS,WENCESLAU GUIMARAES,DENTRO,115,0.14,0.0,0.0
ROGERIA SANTOS,REPUBLICANOS,ITAMARI,DENTRO,113,0.14,0.0,0.0
ROGERIA SANTOS,REPUBLICANOS,CAMAMU,DENTRO,113,0.14,0.0,0.0
ROGERIA SANTOS,REPUBLICANOS,GUARATINGA,DENTRO,111,0.14,0.0,0.0
ROGERIA SANTOS,REPUBLICANOS,MEDEIROS NETO,DENTRO,111,0.14,0.0,0.0
ROGERIA SANTOS,REPUBLICANOS,MADRE DE DEUS,DENTRO,109,0.13,0.0,0.0
ROGERIA SANTOS,REPUBLICANOS,CONCEICAO DO ALMEIDA,DENTRO,106,0.13,0.0,0.0
ROGERIA SANTOS,REPUBLICANOS,TAPEROA,DENTRO,105,0.13,0.0,0.0
ROGERIA SANTOS,REPUBLICANOS,PIRITIBA,DENTRO,102,0.12,0.0,0.0
ROGERIA SANTOS,REPUBLICANOS,SAPEACU,DENTRO,101,0.12,0.0,0.0
ROGERIA SANTOS,REPUBLICANOS,IBICARAI,DENTRO,100,0.12,0.0,0.0
ROGERIA SANTOS,REPUBLICANOS,CAMPO FORMOSO,DENTRO,98,0.12,0.0,0.0
ROGERIA SANTOS,REPUBLICANOS,ALCOBACA,DENTRO,97,0.12,0.0,0.0
ROGERIA SANTOS,REPUBLICANOS,CARAVELAS,DENTRO,95,0.12,0.0,0.0
ROGERIA SANTOS,REPUBLICANOS,CANDEIAS,DENTRO,94,0.11,0.0,0.0
ROGERIA SANTOS,REPUBLICANOS,MUTUIPE,DENTRO,91,0.11,0.0,0.0
ROGERIA SANTOS,REPUBLICANOS,IGAPORA,DENTRO,87,0.11,0.0,0.0
ROGERIA SANTOS,REPUBLICANOS,JEREMOABO,DENTRO,87,0.11,0.0,0.0
ROGERIA SANTOS,REPUBLICANOS,CARINHANHA,DENTRO,81,0.10,0.0,0.0
ROGERIA SANTOS,REPUBLICANOS,SANTA RITA DE CASSIA,DENTRO,81,0.10,0.0,0.0
ROGERIA SANTOS,REPUBLICANOS,POTIRAGUA,DENTRO,81,0.10,0.0,0.0
ROGERIA SANTOS,REPUBLICANOS,LAJE,DENTRO,80,0.10,0.0,0.0
ROGERIA SANTOS,REPUBLICANOS,ITARANTIM,DENTRO,80,0.10,0.0,0.0
ROGERIA SANTOS,REPUBLICANOS,JAGUARARI,DENTRO,77,0.09,0.0,0.0
ROGERIA SANTOS,REPUBLICANOS,SANTO AMARO,DENTRO,73,0.09,0.0,0.0
ROGERIA SANTOS,REPUBLICANOS,COCOS,DENTRO,72,0.09,0.0,0.0
ROGERIA SANTOS,REPUBLICANOS,ITUBERA,DENTRO,71,0.09,0.0,0.0
ROGERIA SANTOS,REPUBLICANOS,SERRA DO RAMALHO,DENTRO,71,0.09,0.0,0.0
ROGERIA SANTOS,REPUBLICANOS,CAMPO ALEGRE DE LOURDES,DENTRO,69,0.08,0.0,0.0
ROGERIA SANTOS,REPUBLICANOS,PARATINGA,DENTRO,66,0.08,0.0,0.0
ROGERIA SANTOS,REPUBLICANOS,FORMOSA DO RIO PRETO,DENTRO,66,0.08,0.0,0.0
ROGERIA SANTOS,REPUBLICANOS,SERRA DOURADA,DENTRO,65,0.08,0.0,0.0
ROGERIA SANTOS,REPUBLICANOS,MUNIZ FERREIRA,DENTRO,64,0.08,0.0,0.0
ROGERIA SANTOS,REPUBLICANOS,CAPIM GROSSO,DENTRO,63,0.08,0.0,0.0
ROGERIA SANTOS,REPUBLICANOS,UBAIRA,DENTRO,62,0.08,0.0,0.0
ROGERIA SANTOS,REPUBLICANOS,PINDOBACU,DENTRO,62,0.08,0.0,0.0
ROGERIA SANTOS,REPUBLICANOS,SAO FRANCISCO DO CONDE,DENTRO,62,0.08,0.0,0.0
ROGERIA SANTOS,REPUBLICANOS,SANTA MARIA DA VITORIA,DENTRO,60,0.07,0.0,0.0
ROGERIA SANTOS,REPUBLICANOS,JIQUIRICA,DENTRO,59,0.07,0.0,0.0
ROGERIA SANTOS,REPUBLICANOS,TREMEDAL,DENTRO,58,0.07,0.0,0.0
ROGERIA SANTOS,REPUBLICANOS,RIACHAO DAS NEVES,DENTRO,56,0.07,0.0,0.0
ROGERIA SANTOS,REPUBLICANOS,MURITIBA,DENTRO,56,0.07,0.0,0.0
ROGERIA SANTOS,REPUBLICANOS,SAUDE,DENTRO,56,0.07,0.0,0.0
ROGERIA SANTOS,REPUBLICANOS,URANDI,DENTRO,55,0.07,0.0,0.0
ROGERIA SANTOS,REPUBLICANOS,ENTRE RIOS,DENTRO,53,0.06,0.0,0.0
ROGERIA SANTOS,REPUBLICANOS,ANAGE,DENTRO,51,0.06,0.0,0.0
ROGERIA SANTOS,REPUBLICANOS,PIRAI DO NORTE,DENTRO,51,0.06,0.0,0.0
ROGERIA SANTOS,REPUBLICANOS,GLORIA,DENTRO,51,0.06,0.0,0.0
ROGERIA SANTOS,REPUBLICANOS,ITANHEM,DENTRO,50,0.06,0.0,0.0
ROGERIA SANTOS,REPUBLICANOS,SERROLANDIA,DENTRO,50,0.06,0.0,0.0
ROGERIA SANTOS,REPUBLICANOS,ITAPEBI,DENTRO,48,0.06,0.0,0.0
ROGERIA SANTOS,REPUBLICANOS,MORTUGABA,DENTRO,48,0.06,0.0,0.0
ROGERIA SANTOS,REPUBLICANOS,ALAGOINHAS,DENTRO,48,0.06,0.0,0.0
ROGERIA SANTOS,REPUBLICANOS,TEOLANDIA,DENTRO,46,0.06,0.0,0.0
ROGERIA SANTOS,REPUBLICANOS,SANTANA,DENTRO,44,0.05,0.0,0.0
ROGERIA SANTOS,REPUBLICANOS,CONDEUBA,DENTRO,43,0.05,0.0,0.0
ROGERIA SANTOS,REPUBLICANOS,ENCRUZILHADA,DENTRO,43,0.05,0.0,0.0
ROGERIA SANTOS,REPUBLICANOS,TANHACU,DENTRO,43,0.05,0.0,0.0
ROGERIA SANTOS,REPUBLICANOS,SAO FELIX DO CORIBE,DENTRO,40,0.05,0.0,0.0
ROGERIA SANTOS,REPUBLICANOS,CURACA,DENTRO,40,0.05,0.0,0.0
ROGERIA SANTOS,REPUBLICANOS,ITAGIMIRIM,DENTRO,38,0.05,0.0,0.0
ROGERIA SANTOS,REPUBLICANOS,ANTONIO GONCALVES,DENTRO,37,0.05,0.0,0.0
ROGERIA SANTOS,REPUBLICANOS,RIO DO PIRES,DENTRO,37,0.05,0.0,0.0
ROGERIA SANTOS,REPUBLICANOS,ANDORINHA,DENTRO,36,0.04,0.0,0.0
ROGERIA SANTOS,REPUBLICANOS,BOQUIRA,DENTRO,35,0.04,0.0,0.0
ROGERIA SANTOS,REPUBLICANOS,NILO PECANHA,DENTRO,35,0.04,0.0,0.0
ROGERIA SANTOS,REPUBLICANOS,FILADELFIA,DENTRO,35,0.04,0.0,0.0
ROGERIA SANTOS,REPUBLICANOS,IRARA,DENTRO,35,0.04,0.0,0.0
ROGERIA SANTOS,REPUBLICANOS,SAUBARA,DENTRO,34,0.04,0.0,0.0
ROGERIA SANTOS,REPUBLICANOS,SAO JOSE DO JACUIPE,DENTRO,34,0.04,0.0,0.0
ROGERIA SANTOS,REPUBLICANOS,IBICOARA,DENTRO,34,0.04,0.0,0.0
ROGERIA SANTOS,REPUBLICANOS,CASTRO ALVES,DENTRO,31,0.04,0.0,0.0
ROGERIA SANTOS,REPUBLICANOS,GOVERNADOR MANGABEIRA,DENTRO,31,0.04,0.0,0.0
ROGERIA SANTOS,REPUBLICANOS,RODELAS,DENTRO,30,0.04,0.0,0.0
ROGERIA SANTOS,REPUBLICANOS,ITAJUIPE,DENTRO,30,0.04,0.0,0.0
ROGERIA SANTOS,REPUBLICANOS,CATURAMA,DENTRO,30,0.04,0.0,0.0
ROGERIA SANTOS,REPUBLICANOS,CACHOEIRA,DENTRO,29,0.04,0.0,0.0
ROGERIA SANTOS,REPUBLICANOS,IBIPITANGA,DENTRO,29,0.04,0.0,0.0
ROGERIA SANTOS,REPUBLICANOS,ERICO CARDOSO,DENTRO,29,0.04,0.0,0.0
ROGERIA SANTOS,REPUBLICANOS,COARACI,DENTRO,29,0.04,0.0,0.0
ROGERIA SANTOS,REPUBLICANOS,VARZEA NOVA,DENTRO,28,0.03,0.0,0.0
ROGERIA SANTOS,REPUBLICANOS,BOTUPORA,DENTRO,28,0.03,0.0,0.0
ROGERIA SANTOS,REPUBLICANOS,MONTE SANTO,DENTRO,28,0.03,0.0,0.0
ROGERIA SANTOS,REPUBLICANOS,APUAREMA,DENTRO,28,0.03,0.0,0.0
ROGERIA SANTOS,REPUBLICANOS,AMARGOSA,DENTRO,28,0.03,0.0,0.0
ROGERIA SANTOS,REPUBLICANOS,DOM MACEDO COSTA,DENTRO,28,0.03,0.0,0.0
ROGERIA SANTOS,REPUBLICANOS,AMELIA RODRIGUES,DENTRO,27,0.03,0.0,0.0
ROGERIA SANTOS,REPUBLICANOS,PINDAI,DENTRO,27,0.03,0.0,0.0
ROGERIA SANTOS,REPUBLICANOS,IPIRA,DENTRO,26,0.03,0.0,0.0
ROGERIA SANTOS,REPUBLICANOS,RIACHO DE SANTANA,DENTRO,26,0.03,0.0,0.0
ROGERIA SANTOS,REPUBLICANOS,FLORESTA AZUL,DENTRO,26,0.03,0.0,0.0
ROGERIA SANTOS,REPUBLICANOS,TERRA NOVA,DENTRO,26,0.03,0.0,0.0
ROGERIA SANTOS,REPUBLICANOS,SERRINHA,DENTRO,26,0.03,0.0,0.0
ROGERIA SANTOS,REPUBLICANOS,JEQUIE,DENTRO,25,0.03,0.0,0.0
ROGERIA SANTOS,REPUBLICANOS,CACULE,DENTRO,25,0.03,0.0,0.0
ROGERIA SANTOS,REPUBLICANOS,BUERAREMA,DENTRO,25,0.03,0.0,0.0
ROGERIA SANTOS,REPUBLICANOS,SAO DESIDERIO,DENTRO,24,0.03,0.0,0.0
ROGERIA SANTOS,REPUBLICANOS,IUIU,DENTRO,24,0.03,0.0,0.0
ROGERIA SANTOS,REPUBLICANOS,NOVA IBIA,DENTRO,23,0.03,0.0,0.0
ROGERIA SANTOS,REPUBLICANOS,SANTA BRIGIDA,DENTRO,23,0.03,0.0,0.0
ROGERIA SANTOS,REPUBLICANOS,UMBURANAS,DENTRO,23,0.03,0.0,0.0
ROGERIA SANTOS,REPUBLICANOS,CONCEICAO DO JACUIPE,DENTRO,23,0.03,0.0,0.0
ROGERIA SANTOS,REPUBLICANOS,SANTA BARBARA,DENTRO,23,0.03,0.0,0.0
ROGERIA SANTOS,REPUBLICANOS,ANGICAL,DENTRO,23,0.03,0.0,0.0
ROGERIA SANTOS,REPUBLICANOS,LAGOA REAL,DENTRO,22,0.03,0.0,0.0
ROGERIA SANTOS,REPUBLICANOS,IBIRAPUA,DENTRO,22,0.03,0.0,0.0
ROGERIA SANTOS,REPUBLICANOS,CABACEIRAS DO PARAGUACU,DENTRO,21,0.03,0.0,0.0
ROGERIA SANTOS,REPUBLICANOS,ITUACU,DENTRO,21,0.03,0.0,0.0
ROGERIA SANTOS,REPUBLICANOS,CORACAO DE MARIA,DENTRO,21,0.03,0.0,0.0
ROGERIA SANTOS,REPUBLICANOS,SAO MIGUEL DAS MATAS,DENTRO,21,0.03,0.0,0.0
ROGERIA SANTOS,REPUBLICANOS,CONCEICAO DO COITE,DENTRO,19,0.02,0.0,0.0
ROGERIA SANTOS,REPUBLICANOS,TABOCAS DO BREJO VELHO,DENTRO,19,0.02,0.0,0.0
ROGERIA SANTOS,REPUBLICANOS,CATU,DENTRO,19,0.02,0.0,0.0
ROGERIA SANTOS,REPUBLICANOS,MUQUEM DO SAO FRANCISCO,DENTRO,18,0.02,0.0,0.0
ROGERIA SANTOS,REPUBLICANOS,XIQUE-XIQUE,DENTRO,18,0.02,0.0,0.0
ROGERIA SANTOS,REPUBLICANOS,LAMARAO,DENTRO,18,0.02,0.0,0.0
ROGERIA SANTOS,REPUBLICANOS,LICINIO DE ALMEIDA,DENTRO,18,0.02,0.0,0.0
ROGERIA SANTOS,REPUBLICANOS,POJUCA,DENTRO,18,0.02,0.0,0.0
ROGERIA SANTOS,REPUBLICANOS,PONTO NOVO,DENTRO,18,0.02,0.0,0.0
ROGERIA SANTOS,REPUBLICANOS,CANDIBA,DENTRO,18,0.02,0.0,0.0
ROGERIA SANTOS,REPUBLICANOS,GAVIAO,DENTRO,18,0.02,0.0,0.0
ROGERIA SANTOS,REPUBLICANOS,SAO GONCALO DOS CAMPOS,DENTRO,17,0.02,0.0,0.0
ROGERIA SANTOS,REPUBLICANOS,IBIASSUCE,DENTRO,17,0.02,0.0,0.0
ROGERIA SANTOS,REPUBLICANOS,CANAVIEIRAS,DENTRO,17,0.02,0.0,0.0
ROGERIA SANTOS,REPUBLICANOS,SANTALUZ,DENTRO,17,0.02,0.0,0.0
ROGERIA SANTOS,REPUBLICANOS,BAIANOPOLIS,DENTRO,16,0.02,0.0,0.0
ROGERIA SANTOS,REPUBLICANOS,RUY BARBOSA,DENTRO,15,0.02,0.0,0.0
ROGERIA SANTOS,REPUBLICANOS,PIRIPA,DENTRO,15,0.02,0.0,0.0
ROGERIA SANTOS,REPUBLICANOS,NOVA SOURE,DENTRO,15,0.02,0.0,0.0
ROGERIA SANTOS,REPUBLICANOS,MARAU,DENTRO,14,0.02,0.0,0.0
ROGERIA SANTOS,REPUBLICANOS,CANDEAL,DENTRO,14,0.02,0.0,0.0
ROGERIA SANTOS,REPUBLICANOS,CARAIBAS,DENTRO,14,0.02,0.0,0.0
ROGERIA SANTOS,REPUBLICANOS,SANTO ESTEVAO,DENTRO,14,0.02,0.0,0.0
ROGERIA SANTOS,REPUBLICANOS,MORPARA,DENTRO,14,0.02,0.0,0.0
ROGERIA SANTOS,REPUBLICANOS,AGUA FRIA,DENTRO,13,0.02,0.0,0.0
ROGERIA SANTOS,REPUBLICANOS,MAIRI,DENTRO,13,0.02,0.0,0.0
ROGERIA SANTOS,REPUBLICANOS,ITAPICURU,DENTRO,13,0.02,0.0,0.0
ROGERIA SANTOS,REPUBLICANOS,ITIUBA,DENTRO,13,0.02,0.0,0.0
ROGERIA SANTOS,REPUBLICANOS,ARACATU,DENTRO,13,0.02,0.0,0.0
ROGERIA SANTOS,REPUBLICANOS,JAGUAQUARA,DENTRO,13,0.02,0.0,0.0
ROGERIA SANTOS,REPUBLICANOS,SANTANOPOLIS,DENTRO,13,0.02,0.0,0.0
ROGERIA SANTOS,REPUBLICANOS,IRECE,DENTRO,13,0.02,0.0,0.0
ROGERIA SANTOS,REPUBLICANOS,IGUAI,DENTRO,13,0.02,0.0,0.0
ROGERIA SANTOS,REPUBLICANOS,CONCEICAO DA FEIRA,DENTRO,13,0.02,0.0,0.0
ROGERIA SANTOS,REPUBLICANOS,ITABERABA,DENTRO,13,0.02,0.0,0.0
ROGERIA SANTOS,REPUBLICANOS,BIRITINGA,DENTRO,13,0.02,0.0,0.0
ROGERIA SANTOS,REPUBLICANOS,COTEGIPE,DENTRO,12,0.01,0.0,0.0
ROGERIA SANTOS,REPUBLICANOS,TANQUE NOVO,DENTRO,12,0.01,0.0,0.0
ROGERIA SANTOS,REPUBLICANOS,SANTA TEREZINHA,DENTRO,12,0.01,0.0,0.0
ROGERIA SANTOS,REPUBLICANOS,URUCUCA,DENTRO,12,0.01,0.0,0.0
ROGERIA SANTOS,REPUBLICANOS,CRISTOPOLIS,DENTRO,12,0.01,0.0,0.0
ROGERIA SANTOS,REPUBLICANOS,NOVA CANAA,DENTRO,12,0.01,0.0,0.0
ROGERIA SANTOS,REPUBLICANOS,VALENTE,DENTRO,12,0.01,0.0,0.0
ROGERIA SANTOS,REPUBLICANOS,IBIRAPITANGA,DENTRO,12,0.01,0.0,0.0
ROGERIA SANTOS,REPUBLICANOS,ITACARE,DENTRO,12,0.01,0.0,0.0
ROGERIA SANTOS,REPUBLICANOS,WANDERLEY,DENTRO,12,0.01,0.0,0.0
ROGERIA SANTOS,REPUBLICANOS,VARZEA DO POCO,DENTRO,11,0.01,0.0,0.0
ROGERIA SANTOS,REPUBLICANOS,MASCOTE,DENTRO,11,0.01,0.0,0.0
ROGERIA SANTOS,REPUBLICANOS,SERRA PRETA,DENTRO,11,0.01,0.0,0.0
ROGERIA SANTOS,REPUBLICANOS,SAO FELIX,DENTRO,11,0.01,0.0,0.0
ROGERIA SANTOS,REPUBLICANOS,MORRO DO CHAPEU,DENTRO,11,0.01,0.0,0.0
ROGERIA SANTOS,REPUBLICANOS,BAIXA GRANDE,DENTRO,10,0.01,0.0,0.0
ROGERIA SANTOS,REPUBLICANOS,RIBEIRAO DO LARGO,DENTRO,10,0.01,0.0,0.0
ROGERIA SANTOS,REPUBLICANOS,MIRANGABA,DENTRO,10,0.01,0.0,0.0
ROGERIA SANTOS,REPUBLICANOS,JACARACI,DENTRO,10,0.01,0.0,0.0
ROGERIA SANTOS,REPUBLICANOS,ESPLANADA,DENTRO,10,0.01,0.0,0.0
ROGERIA SANTOS,REPUBLICANOS,MATINA,DENTRO,9,0.01,0.0,0.0
ROGERIA SANTOS,REPUBLICANOS,GUAJERU,DENTRO,9,0.01,0.0,0.0
ROGERIA SANTOS,REPUBLICANOS,IACU,DENTRO,9,0.01,0.0,0.0
ROGERIA SANTOS,REPUBLICANOS,IPIAU,DENTRO,9,0.01,0.0,0.0
ROGERIA SANTOS,REPUBLICANOS,RAFAEL JAMBEIRO,DENTRO,9,0.01,0.0,0.0
ROGERIA SANTOS,REPUBLICANOS,BREJOES,DENTRO,9,0.01,0.0,0.0
ROGERIA SANTOS,REPUBLICANOS,ITANAGRA,DENTRO,9,0.01,0.0,0.0
ROGERIA SANTOS,REPUBLICANOS,JUSSIAPE,DENTRO,9,0.01,0.0,0.0
ROGERIA SANTOS,REPUBLICANOS,RETIROLANDIA,DENTRO,9,0.01,0.0,0.0
ROGERIA SANTOS,REPUBLICANOS,CONDE,DENTRO,9,0.01,0.0,0.0
ROGERIA SANTOS,REPUBLICANOS,IGRAPIUNA,DENTRO,9,0.01,0.0,0.0
ROGERIA SANTOS,REPUBLICANOS,RIO REAL,DENTRO,8,0.01,0.0,0.0
ROGERIA SANTOS,REPUBLICANOS,EUCLIDES DA CUNHA,DENTRO,8,0.01,0.0,0.0
ROGERIA SANTOS,REPUBLICANOS,CORIBE,DENTRO,8,0.01,0.0,0.0
ROGERIA SANTOS,REPUBLICANOS,TEODORO SAMPAIO,DENTRO,8,0.01,0.0,0.0
ROGERIA SANTOS,REPUBLICANOS,JABORANDI,DENTRO,8,0.01,0.0,0.0
ROGERIA SANTOS,REPUBLICANOS,MALHADA,DENTRO,8,0.01,0.0,0.0
ROGERIA SANTOS,REPUBLICANOS,IBIRATAIA,DENTRO,7,0.01,0.0,0.0
ROGERIA SANTOS,REPUBLICANOS,ITAETE,DENTRO,7,0.01,0.0,0.0
ROGERIA SANTOS,REPUBLICANOS,INHAMBUPE,DENTRO,7,0.01,0.0,0.0
ROGERIA SANTOS,REPUBLICANOS,SANTA INES,DENTRO,7,0.01,0.0,0.0
ROGERIA SANTOS,REPUBLICANOS,VARZEA DA ROCA,DENTRO,7,0.01,0.0,0.0
ROGERIA SANTOS,REPUBLICANOS,RIO DO ANTONIO,DENTRO,7,0.01,0.0,0.0
ROGERIA SANTOS,REPUBLICANOS,TUCANO,DENTRO,7,0.01,0.0,0.0
ROGERIA SANTOS,REPUBLICANOS,JANDAIRA,DENTRO,7,0.01,0.0,0.0
ROGERIA SANTOS,REPUBLICANOS,ALMADINA,DENTRO,7,0.01,0.0,0.0
ROGERIA SANTOS,REPUBLICANOS,CAEM,DENTRO,7,0.01,0.0,0.0
ROGERIA SANTOS,REPUBLICANOS,ARACI,DENTRO,7,0.01,0.0,0.0
ROGERIA SANTOS,REPUBLICANOS,SEABRA,DENTRO,7,0.01,0.0,0.0
ROGERIA SANTOS,REPUBLICANOS,SAO JOSE DA VITORIA,DENTRO,7,0.01,0.0,0.0
ROGERIA SANTOS,REPUBLICANOS,OUROLANDIA,DENTRO,7,0.01,0.0,0.0
ROGERIA SANTOS,REPUBLICANOS,BANZAE,DENTRO,7,0.01,0.0,0.0
ROGERIA SANTOS,REPUBLICANOS,IBICUI,DENTRO,7,0.01,0.0,0.0
ROGERIA SANTOS,REPUBLICANOS,ARAMARI,DENTRO,7,0.01,0.0,0.0
ROGERIA SANTOS,REPUBLICANOS,BREJOLANDIA,DENTRO,7,0.01,0.0,0.0
ROGERIA SANTOS,REPUBLICANOS,RIACHAO DO JACUIPE,DENTRO,6,0.01,0.0,0.0
ROGERIA SANTOS,REPUBLICANOS,UTINGA,DENTRO,6,0.01,0.0,0.0
ROGERIA SANTOS,REPUBLICANOS,LAPAO,DENTRO,6,0.01,0.0,0.0
ROGERIA SANTOS,REPUBLICANOS,UAUA,DENTRO,6,0.01,0.0,0.0
ROGERIA SANTOS,REPUBLICANOS,QUEIMADAS,DENTRO,6,0.01,0.0,0.0
ROGERIA SANTOS,REPUBLICANOS,PLANALTO,DENTRO,6,0.01,0.0,0.0
ROGERIA SANTOS,REPUBLICANOS,BARRA,DENTRO,6,0.01,0.0,0.0
ROGERIA SANTOS,REPUBLICANOS,POCOES,DENTRO,6,0.01,0.0,0.0
ROGERIA SANTOS,REPUBLICANOS,GENTIO DO OURO,DENTRO,6,0.01,0.0,0.0
ROGERIA SANTOS,REPUBLICANOS,ITAPE,DENTRO,6,0.01,0.0,0.0
ROGERIA SANTOS,REPUBLICANOS,NOVA ITARANA,DENTRO,6,0.01,0.0,0.0
ROGERIA SANTOS,REPUBLICANOS,DARIO MEIRA,DENTRO,6,0.01,0.0,0.0
ROGERIA SANTOS,REPUBLICANOS,RIO DE CONTAS,DENTRO,6,0.01,0.0,0.0
ROGERIA SANTOS,REPUBLICANOS,ITAGUACU DA BAHIA,DENTRO,5,0.01,0.0,0.0
ROGERIA SANTOS,REPUBLICANOS,ANDARAI,DENTRO,5,0.01,0.0,0.0
ROGERIA SANTOS,REPUBLICANOS,CARDEAL DA SILVA,DENTRO,5,0.01,0.0,0.0
ROGERIA SANTOS,REPUBLICANOS,CHORROCHO,DENTRO,5,0.01,0.0,0.0
ROGERIA SANTOS,REPUBLICANOS,IBITITA,DENTRO,5,0.01,0.0,0.0
ROGERIA SANTOS,REPUBLICANOS,MAIQUINIQUE,DENTRO,5,0.01,0.0,0.0
ROGERIA SANTOS,REPUBLICANOS,ITAPITANGA,DENTRO,5,0.01,0.0,0.0
ROGERIA SANTOS,REPUBLICANOS,BOA NOVA,DENTRO,5,0.01,0.0,0.0
ROGERIA SANTOS,REPUBLICANOS,CANARANA,DENTRO,5,0.01,0.0,0.0
ROGERIA SANTOS,REPUBLICANOS,RIBEIRA DO POMBAL,DENTRO,5,0.01,0.0,0.0
ROGERIA SANTOS,REPUBLICANOS,IRAJUBA,DENTRO,5,0.01,0.0,0.0
ROGERIA SANTOS,REPUBLICANOS,ANGUERA,DENTRO,5,0.01,0.0,0.0
ROGERIA SANTOS,REPUBLICANOS,MARACAS,DENTRO,5,0.01,0.0,0.0
ROGERIA SANTOS,REPUBLICANOS,CATOLANDIA,DENTRO,5,0.01,0.0,0.0
ROGERIA SANTOS,REPUBLICANOS,ARACAS,DENTRO,5,0.01,0.0,0.0
ROGERIA SANTOS,REPUBLICANOS,CAMACA,DENTRO,5,0.01,0.0,0.0
ROGERIA SANTOS,REPUBLICANOS,FIRMINO ALVES,DENTRO,5,0.01,0.0,0.0
ROGERIA SANTOS,REPUBLICANOS,PRESIDENTE JANIO QUADROS,DENTRO,5,0.01,0.0,0.0
ROGERIA SANTOS,REPUBLICANOS,OLINDINA,DENTRO,5,0.01,0.0,0.0
ROGERIA SANTOS,REPUBLICANOS,BOM JESUS DA SERRA,DENTRO,5,0.01,0.0,0.0
ROGERIA SANTOS,REPUBLICANOS,NOVA FATIMA,DENTRO,5,0.01,0.0,0.0
ROGERIA SANTOS,REPUBLICANOS,PINTADAS,DENTRO,4,0.00,0.0,0.0
ROGERIA SANTOS,REPUBLICANOS,SEBASTIAO LARANJEIRAS,DENTRO,4,0.00,0.0,0.0
ROGERIA SANTOS,REPUBLICANOS,LENCOIS,DENTRO,4,0.00,0.0,0.0
ROGERIA SANTOS,REPUBLICANOS,SANTA CRUZ DA VITORIA,DENTRO,4,0.00,0.0,0.0
ROGERIA SANTOS,REPUBLICANOS,ELISIO MEDRADO,DENTRO,4,0.00,0.0,0.0
ROGERIA SANTOS,REPUBLICANOS,OLIVEIRA DOS BREJINHOS,DENTRO,4,0.00,0.0,0.0
ROGERIA SANTOS,REPUBLICANOS,NORDESTINA,DENTRO,4,0.00,0.0,0.0
ROGERIA SANTOS,REPUBLICANOS,ITAGIBA,DENTRO,4,0.00,0.0,0.0
ROGERIA SANTOS,REPUBLICANOS,UBAITABA,DENTRO,4,0.00,0.0,0.0
ROGERIA SANTOS,REPUBLICANOS,PARIPIRANGA,DENTRO,4,0.00,0.0,0.0
ROGERIA SANTOS,REPUBLICANOS,MANSIDAO,DENTRO,4,0.00,0.0,0.0
ROGERIA SANTOS,REPUBLICANOS,CALDEIRAO GRANDE,DENTRO,4,0.00,0.0,0.0
ROGERIA SANTOS,REPUBLICANOS,PE DE SERRA,DENTRO,4,0.00,0.0,0.0
ROGERIA SANTOS,REPUBLICANOS,MUCUGE,DENTRO,4,0.00,0.0,0.0
ROGERIA SANTOS,REPUBLICANOS,MALHADA DE PEDRAS,DENTRO,4,0.00,0.0,0.0
ROGERIA SANTOS,REPUBLICANOS,PEDRAO,DENTRO,4,0.00,0.0,0.0
ROGERIA SANTOS,REPUBLICANOS,MAETINGA,DENTRO,3,0.00,0.0,0.0
ROGERIA SANTOS,REPUBLICANOS,ITATIM,DENTRO,3,0.00,0.0,0.0
ROGERIA SANTOS,REPUBLICANOS,PLANALTINO,DENTRO,3,0.00,0.0,0.0
ROGERIA SANTOS,REPUBLICANOS,GONGOGI,DENTRO,3,0.00,0.0,0.0
ROGERIA SANTOS,REPUBLICANOS,LAJEDINHO,DENTRO,3,0.00,0.0,0.0
ROGERIA SANTOS,REPUBLICANOS,IPUPIARA,DENTRO,3,0.00,0.0,0.0
ROGERIA SANTOS,REPUBLICANOS,CENTRAL,DENTRO,3,0.00,0.0,0.0
ROGERIA SANTOS,REPUBLICANOS,MILAGRES,DENTRO,3,0.00,0.0,0.0
ROGERIA SANTOS,REPUBLICANOS,UNA,DENTRO,3,0.00,0.0,0.0
ROGERIA SANTOS,REPUBLICANOS,TANQUINHO,DENTRO,3,0.00,0.0,0.0
ROGERIA SANTOS,REPUBLICANOS,TEOFILANDIA,DENTRO,3,0.00,0.0,0.0
ROGERIA SANTOS,REPUBLICANOS,OURICANGAS,DENTRO,3,0.00,0.0,0.0
ROGERIA SANTOS,REPUBLICANOS,MUNDO NOVO,DENTRO,3,0.00,0.0,0.0
ROGERIA SANTOS,REPUBLICANOS,UBATA,DENTRO,3,0.00,0.0,0.0
ROGERIA SANTOS,REPUBLICANOS,BURITIRAMA,DENTRO,3,0.00,0.0,0.0
ROGERIA SANTOS,REPUBLICANOS,PEDRO ALEXANDRE,DENTRO,3,0.00,0.0,0.0
ROGERIA SANTOS,REPUBLICANOS,NOVO HORIZONTE,DENTRO,3,0.00,0.0,0.0
ROGERIA SANTOS,REPUBLICANOS,ACAJUTIBA,DENTRO,3,0.00,0.0,0.0
ROGERIA SANTOS,REPUBLICANOS,FEIRA DA MATA,DENTRO,3,0.00,0.0,0.0
ROGERIA SANTOS,REPUBLICANOS,APORA,DENTRO,3,0.00,0.0,0.0
ROGERIA SANTOS,REPUBLICANOS,SANTA LUZIA,DENTRO,3,0.00,0.0,0.0
ROGERIA SANTOS,REPUBLICANOS,JUSSARA,DENTRO,3,0.00,0.0,0.0
ROGERIA SANTOS,REPUBLICANOS,AURELINO LEAL,DENTRO,3,0.00,0.0,0.0
ROGERIA SANTOS,REPUBLICANOS,ABARE,DENTRO,3,0.00,0.0,0.0
ROGERIA SANTOS,REPUBLICANOS,TAPIRAMUTA,DENTRO,3,0.00,0.0,0.0
ROGERIA SANTOS,REPUBLICANOS,PALMEIRAS,DENTRO,3,0.00,0.0,0.0
ROGERIA SANTOS,REPUBLICANOS,IPECAETA,DENTRO,3,0.00,0.0,0.0
ROGERIA SANTOS,REPUBLICANOS,CAETANOS,DENTRO,3,0.00,0.0,0.0
ROGERIA SANTOS,REPUBLICANOS,QUIJINGUE,DENTRO,3,0.00,0.0,0.0
ROGERIA SANTOS,REPUBLICANOS,ANTONIO CARDOSO,DENTRO,3,0.00,0.0,0.0
ROGERIA SANTOS,REPUBLICANOS,ICHU,DENTRO,3,0.00,0.0,0.0
ROGERIA SANTOS,REPUBLICANOS,MACAJUBA,DENTRO,3,0.00,0.0,0.0
ROGERIA SANTOS,REPUBLICANOS,CORONEL JOAO SA,DENTRO,3,0.00,0.0,0.0
ROGERIA SANTOS,REPUBLICANOS,CIPO,DENTRO,3,0.00,0.0,0.0
ROGERIA SANTOS,REPUBLICANOS,BARRA DO MENDES,DENTRO,2,0.00,0.0,0.0
ROGERIA SANTOS,REPUBLICANOS,UIBAI,DENTRO,2,0.00,0.0,0.0
ROGERIA SANTOS,REPUBLICANOS,IBITIARA,DENTRO,2,0.00,0.0,0.0
ROGERIA SANTOS,REPUBLICANOS,BARRO ALTO,DENTRO,2,0.00,0.0,0.0
ROGERIA SANTOS,REPUBLICANOS,CANAPOLIS,DENTRO,2,0.00,0.0,0.0
ROGERIA SANTOS,REPUBLICANOS,CANUDOS,DENTRO,2,0.00,0.0,0.0
ROGERIA SANTOS,REPUBLICANOS,IBIPEBA,DENTRO,2,0.00,0.0,0.0
ROGERIA SANTOS,REPUBLICANOS,CRISOPOLIS,DENTRO,2,0.00,0.0,0.0
ROGERIA SANTOS,REPUBLICANOS,SITIO DO QUINTO,DENTRO,2,0.00,0.0,0.0
ROGERIA SANTOS,REPUBLICANOS,CICERO DANTAS,DENTRO,2,0.00,0.0,0.0
ROGERIA SANTOS,REPUBLICANOS,BOA VISTA DO TUPIM,DENTRO,2,0.00,0.0,0.0
ROGERIA SANTOS,REPUBLICANOS,QUIXABEIRA,DENTRO,2,0.00,0.0,0.0
ROGERIA SANTOS,REPUBLICANOS,BARRO PRETO,DENTRO,2,0.00,0.0,0.0
ROGERIA SANTOS,REPUBLICANOS,BARROCAS,DENTRO,2,0.00,0.0,0.0
ROGERIA SANTOS,REPUBLICANOS,RIBEIRA DO AMPARO,DENTRO,2,0.00,0.0,0.0
ROGERIA SANTOS,REPUBLICANOS,ANTAS,DENTRO,2,0.00,0.0,0.0
ROGERIA SANTOS,REPUBLICANOS,JUSSARI,DENTRO,2,0.00,0.0,0.0
ROGERIA SANTOS,REPUBLICANOS,MIRANTE,DENTRO,2,0.00,0.0,0.0
ROGERIA SANTOS,REPUBLICANOS,PAU BRASIL,DENTRO,2,0.00,0.0,0.0
ROGERIA SANTOS,REPUBLICANOS,ITAJU DO COLONIA,DENTRO,2,0.00,0.0,0.0
ROGERIA SANTOS,REPUBLICANOS,SAO GABRIEL,DENTRO,2,0.00,0.0,0.0
ROGERIA SANTOS,REPUBLICANOS,PIATA,DENTRO,2,0.00,0.0,0.0
ROGERIA SANTOS,REPUBLICANOS,PRESIDENTE DUTRA,DENTRO,2,0.00,0.0,0.0
ROGERIA SANTOS,REPUBLICANOS,AMERICA DOURADA,DENTRO,2,0.00,0.0,0.0
ROGERIA SANTOS,REPUBLICANOS,CORDEIROS,DENTRO,2,0.00,0.0,0.0
ROGERIA SANTOS,REPUBLICANOS,CAFARNAUM,DENTRO,2,0.00,0.0,0.0
ROGERIA SANTOS,REPUBLICANOS,VEREDA,DENTRO,1,0.00,0.0,0.0
ROGERIA SANTOS,REPUBLICANOS,ITIRUCU,DENTRO,1,0.00,0.0,0.0
ROGERIA SANTOS,REPUBLICANOS,MACURURE,DENTRO,1,0.00,0.0,0.0
ROGERIA SANTOS,REPUBLICANOS,SAO DOMINGOS,DENTRO,1,0.00,0.0,0.0
ROGERIA SANTOS,REPUBLICANOS,CAPELA DO ALTO ALEGRE,DENTRO,1,0.00,0.0,0.0
ROGERIA SANTOS,REPUBLICANOS,HELIOPOLIS,DENTRO,1,0.00,0.0,0.0
ROGERIA SANTOS,REPUBLICANOS,MARCIONILIO SOUZA,DENTRO,1,0.00,0.0,0.0
ROGERIA SANTOS,REPUBLICANOS,JUCURUCU,DENTRO,1,0.00,0.0,0.0
ROGERIA SANTOS,REPUBLICANOS,SOUTO SOARES,DENTRO,1,0.00,0.0,0.0
ROGERIA SANTOS,REPUBLICANOS,CONTENDAS DO SINCORA,DENTRO,1,0.00,0.0,0.0
ROGERIA SANTOS,REPUBLICANOS,NOVA REDENCAO,DENTRO,1,0.00,0.0,0.0
ROGERIA SANTOS,REPUBLICANOS,DOM BASILIO,DENTRO,1,0.00,0.0,0.0
ROGERIA SANTOS,REPUBLICANOS,JITAUNA,DENTRO,1,0.00,0.0,0.0
ROGERIA SANTOS,REPUBLICANOS,SATIRO DIAS,DENTRO,1,0.00,0.0,0.0
ROGERIA SANTOS,REPUBLICANOS,IRAQUARA,DENTRO,1,0.00,0.0,0.0
ROGERIA SANTOS,REPUBLICANOS,MANOEL VITORINO,DENTRO,1,0.00,0.0,0.0
ROGERIA SANTOS,REPUBLICANOS,ITAQUARA,DENTRO,1,0.00,0.0,0.0
ROGERIA SANTOS,REPUBLICANOS,BONITO,DENTRO,1,0.00,0.0,0.0
ROGERIA SANTOS,REPUBLICANOS,BONINAL,DENTRO,1,0.00,0.0,0.0
ROGERIA SANTOS,REPUBLICANOS,JOAO DOURADO,DENTRO,1,0.00,0.0,0.0
ROGERIA SANTOS,REPUBLICANOS,BARRA DO ROCHA,DENTRO,0,0.00,0.0,0.0
ROGERIA SANTOS,REPUBLICANOS,CANSANCAO,DENTRO,0,0.00,0.0,0.0
ROGERIA SANTOS,REPUBLICANOS,IRAMAIA,DENTRO,0,0.00,0.0,0.0
ROGERIA SANTOS,REPUBLICANOS,LAJEDO DO TABOCAL,DENTRO,0,0.00,0.0,0.0
ROGERIA SANTOS,REPUBLICANOS,FATIMA,DENTRO,0,0.00,0.0,0.0
ROGERIA SANTOS,REPUBLICANOS,AIQUARA,DENTRO,0,0.00,0.0,0.0
ROGERIA SANTOS,REPUBLICANOS,MULUNGU DO MORRO,DENTRO,0,0.00,0.0,0.0
ROGERIA SANTOS,REPUBLICANOS,IBIQUERA,DENTRO,0,0.00,0.0,0.0
ROGERIA SANTOS,REPUBLICANOS,NOVO TRIUNFO,DENTRO,0,0.00,0.0,0.0
ROGERIA SANTOS,REPUBLICANOS,ABAIRA,DENTRO,0,0.00,0.0,0.0
ROGERIA SANTOS,REPUBLICANOS,LAFAIETE COUTINHO,DENTRO,0,0.00,0.0,0.0
ROGERIA SANTOS,REPUBLICANOS,LAJEDAO,DENTRO,0,0.00,0.0,0.0
ROGERIA SANTOS,REPUBLICANOS,ITAGI,DENTRO,0,0.00,0.0,0.0
ROGERIA SANTOS,REPUBLICANOS,WAGNER,DENTRO,0,0.00,0.0,0.0
ROGERIA SANTOS,REPUBLICANOS,ARATACA,DENTRO,0,0.00,0.0,0.0
ROGERIA SANTOS,REPUBLICANOS,BROTAS DE MACAUBAS,DENTRO,0,0.00,0.0,0.0
ROGERIA SANTOS,REPUBLICANOS,CRAVOLANDIA,DENTRO,0,0.00,0.0,0.0
ROGERIA SANTOS,REPUBLICANOS,ADUSTINA,DENTRO,0,0.00,0.0,0.0
ROGERIA SANTOS,REPUBLICANOS,MULTIPLO,AMPLO,0,0,90249818.06,79.68
ROGERIA SANTOS,REPUBLICANOS,SEM INFORMACAO,AMPLO,0,0,20984559.18,18.53
ROGERIA SANTOS,REPUBLICANOS,VITORIA DA CONQUISTA (BAHIA),FORA,0,0,974000.0,0.86
ROGERIA SANTOS,REPUBLICANOS,CASA NOVA (BAHIA),FORA,0,0,763000.0,0.67
ROGERIA SANTOS,REPUBLICANOS,SALVADOR (BAHIA),FORA,0,0,300000.0,0.26
LEUR LOMANTO JR,UNIÃO,JEQUIE,DENTRO,16320,19.90,0.0,0.0
LEUR LOMANTO JR,UNIÃO,SALVADOR,DENTRO,6172,7.53,0.0,0.0
LEUR LOMANTO JR,UNIÃO,JITAUNA,DENTRO,3884,4.74,0.0,0.0
LEUR LOMANTO JR,UNIÃO,ITAPARICA,DENTRO,2687,3.28,0.0,0.0
LEUR LOMANTO JR,UNIÃO,PLANALTINO,DENTRO,2557,3.12,0.0,0.0
LEUR LOMANTO JR,UNIÃO,ITAETE,DENTRO,2259,2.75,0.0,0.0
LEUR LOMANTO JR,UNIÃO,VITORIA DA CONQUISTA,DENTRO,2243,2.74,0.0,0.0
LEUR LOMANTO JR,UNIÃO,SEABRA,DENTRO,2005,2.45,0.0,0.0
LEUR LOMANTO JR,UNIÃO,IBICUI,DENTRO,1919,2.34,0.0,0.0
LEUR LOMANTO JR,UNIÃO,UBAITABA,DENTRO,1872,2.28,0.0,0.0
LEUR LOMANTO JR,UNIÃO,COARACI,DENTRO,1858,2.27,0.0,0.0
LEUR LOMANTO JR,UNIÃO,VERA CRUZ,DENTRO,1687,2.06,0.0,0.0
LEUR LOMANTO JR,UNIÃO,BELO CAMPO,DENTRO,1684,2.05,0.0,0.0
LEUR LOMANTO JR,UNIÃO,ENCRUZILHADA,DENTRO,1588,1.94,0.0,0.0
LEUR LOMANTO JR,UNIÃO,GOVERNADOR MANGABEIRA,DENTRO,1558,1.90,0.0,0.0
LEUR LOMANTO JR,UNIÃO,LAJEDO DO TABOCAL,DENTRO,1492,1.82,0.0,0.0
LEUR LOMANTO JR,UNIÃO,ITABERABA,DENTRO,1273,1.55,0.0,0.0
LEUR LOMANTO JR,UNIÃO,NILO PECANHA,DENTRO,1098,1.34,0.0,0.0
LEUR LOMANTO JR,UNIÃO,LAJE,DENTRO,1023,1.25,0.0,0.0
LEUR LOMANTO JR,UNIÃO,AIQUARA,DENTRO,1017,1.24,0.0,0.0
LEUR LOMANTO JR,UNIÃO,MAIRI,DENTRO,972,1.19,0.0,0.0
LEUR LOMANTO JR,UNIÃO,ITAGI,DENTRO,926,1.13,0.0,0.0
LEUR LOMANTO JR,UNIÃO,MANOEL VITORINO,DENTRO,906,1.10,0.0,0.0
LEUR LOMANTO JR,UNIÃO,IRAQUARA,DENTRO,898,1.10,0.0,0.0
LEUR LOMANTO JR,UNIÃO,POCOES,DENTRO,836,1.02,0.0,0.0
LEUR LOMANTO JR,UNIÃO,CAETANOS,DENTRO,811,0.99,0.0,0.0
LEUR LOMANTO JR,UNIÃO,BOA NOVA,DENTRO,776,0.95,0.0,0.0
LEUR LOMANTO JR,UNIÃO,BAIXA GRANDE,DENTRO,772,0.94,0.0,0.0
LEUR LOMANTO JR,UNIÃO,MIRANTE,DENTRO,747,0.91,0.0,0.0
LEUR LOMANTO JR,UNIÃO,SERRA PRETA,DENTRO,719,0.88,0.0,0.0
LEUR LOMANTO JR,UNIÃO,IBITITA,DENTRO,673,0.82,0.0,0.0
LEUR LOMANTO JR,UNIÃO,IBIRATAIA,DENTRO,629,0.77,0.0,0.0
LEUR LOMANTO JR,UNIÃO,CAATIBA,DENTRO,628,0.77,0.0,0.0
LEUR LOMANTO JR,UNIÃO,MARACAS,DENTRO,623,0.76,0.0,0.0
LEUR LOMANTO JR,UNIÃO,ITAJUIPE,DENTRO,586,0.71,0.0,0.0
LEUR LOMANTO JR,UNIÃO,UBATA,DENTRO,572,0.70,0.0,0.0
LEUR LOMANTO JR,UNIÃO,BONITO,DENTRO,542,0.66,0.0,0.0
LEUR LOMANTO JR,UNIÃO,ITIRUCU,DENTRO,507,0.62,0.0,0.0
LEUR LOMANTO JR,UNIÃO,TANHACU,DENTRO,485,0.59,0.0,0.0
LEUR LOMANTO JR,UNIÃO,EUNAPOLIS,DENTRO,426,0.52,0.0,0.0
LEUR LOMANTO JR,UNIÃO,IBITIARA,DENTRO,379,0.46,0.0,0.0
LEUR LOMANTO JR,UNIÃO,ITAMBE,DENTRO,346,0.42,0.0,0.0
LEUR LOMANTO JR,UNIÃO,IRAJUBA,DENTRO,345,0.42,0.0,0.0
LEUR LOMANTO JR,UNIÃO,CANDIDO SALES,DENTRO,336,0.41,0.0,0.0
LEUR LOMANTO JR,UNIÃO,BARRA DO MENDES,DENTRO,329,0.40,0.0,0.0
LEUR LOMANTO JR,UNIÃO,CONTENDAS DO SINCORA,DENTRO,322,0.39,0.0,0.0
LEUR LOMANTO JR,UNIÃO,PLANALTO,DENTRO,313,0.38,0.0,0.0
LEUR LOMANTO JR,UNIÃO,ITAGIBA,DENTRO,307,0.37,0.0,0.0
LEUR LOMANTO JR,UNIÃO,LAFAIETE COUTINHO,DENTRO,274,0.33,0.0,0.0
LEUR LOMANTO JR,UNIÃO,CONDEUBA,DENTRO,273,0.33,0.0,0.0
LEUR LOMANTO JR,UNIÃO,BOM JESUS DA SERRA,DENTRO,264,0.32,0.0,0.0
LEUR LOMANTO JR,UNIÃO,JUAZEIRO,DENTRO,258,0.31,0.0,0.0
LEUR LOMANTO JR,UNIÃO,ITUACU,DENTRO,242,0.30,0.0,0.0
LEUR LOMANTO JR,UNIÃO,BARRA DO CHOCA,DENTRO,239,0.29,0.0,0.0
LEUR LOMANTO JR,UNIÃO,APUAREMA,DENTRO,234,0.29,0.0,0.0
LEUR LOMANTO JR,UNIÃO,ITIUBA,DENTRO,223,0.27,0.0,0.0
LEUR LOMANTO JR,UNIÃO,ITABUNA,DENTRO,206,0.25,0.0,0.0
LEUR LOMANTO JR,UNIÃO,FEIRA DE SANTANA,DENTRO,201,0.25,0.0,0.0
LEUR LOMANTO JR,UNIÃO,JAGUAQUARA,DENTRO,191,0.23,0.0,0.0
LEUR LOMANTO JR,UNIÃO,IPIAU,DENTRO,182,0.22,0.0,0.0
LEUR LOMANTO JR,UNIÃO,JIQUIRICA,DENTRO,181,0.22,0.0,0.0
LEUR LOMANTO JR,UNIÃO,SOUTO SOARES,DENTRO,167,0.20,0.0,0.0
LEUR LOMANTO JR,UNIÃO,ILHEUS,DENTRO,164,0.20,0.0,0.0
LEUR LOMANTO JR,UNIÃO,LAURO DE FREITAS,DENTRO,157,0.19,0.0,0.0
LEUR LOMANTO JR,UNIÃO,SENHOR DO BONFIM,DENTRO,156,0.19,0.0,0.0
LEUR LOMANTO JR,UNIÃO,RIBEIRAO DO LARGO,DENTRO,119,0.15,0.0,0.0
LEUR LOMANTO JR,UNIÃO,CAMACARI,DENTRO,112,0.14,0.0,0.0
LEUR LOMANTO JR,UNIÃO,SAO FELIPE,DENTRO,108,0.13,0.0,0.0
LEUR LOMANTO JR,UNIÃO,ITAPITANGA,DENTRO,108,0.13,0.0,0.0
LEUR LOMANTO JR,UNIÃO,COCOS,DENTRO,107,0.13,0.0,0.0
LEUR LOMANTO JR,UNIÃO,TREMEDAL,DENTRO,90,0.11,0.0,0.0
LEUR LOMANTO JR,UNIÃO,WANDERLEY,DENTRO,90,0.11,0.0,0.0
LEUR LOMANTO JR,UNIÃO,MARAU,DENTRO,83,0.10,0.0,0.0
LEUR LOMANTO JR,UNIÃO,SANTO ANTONIO DE JESUS,DENTRO,72,0.09,0.0,0.0
LEUR LOMANTO JR,UNIÃO,PARATINGA,DENTRO,72,0.09,0.0,0.0
LEUR LOMANTO JR,UNIÃO,DARIO MEIRA,DENTRO,71,0.09,0.0,0.0
LEUR LOMANTO JR,UNIÃO,ITAPETINGA,DENTRO,68,0.08,0.0,0.0
LEUR LOMANTO JR,UNIÃO,PORTO SEGURO,DENTRO,65,0.08,0.0,0.0
LEUR LOMANTO JR,UNIÃO,CANAVIEIRAS,DENTRO,65,0.08,0.0,0.0
LEUR LOMANTO JR,UNIÃO,MONTE SANTO,DENTRO,64,0.08,0.0,0.0
LEUR LOMANTO JR,UNIÃO,CANARANA,DENTRO,64,0.08,0.0,0.0
LEUR LOMANTO JR,UNIÃO,BARRO ALTO,DENTRO,62,0.08,0.0,0.0
LEUR LOMANTO JR,UNIÃO,SANTO AMARO,DENTRO,62,0.08,0.0,0.0
LEUR LOMANTO JR,UNIÃO,GUANAMBI,DENTRO,61,0.07,0.0,0.0
LEUR LOMANTO JR,UNIÃO,TEOLANDIA,DENTRO,59,0.07,0.0,0.0
LEUR LOMANTO JR,UNIÃO,AURELINO LEAL,DENTRO,59,0.07,0.0,0.0
LEUR LOMANTO JR,UNIÃO,BELMONTE,DENTRO,58,0.07,0.0,0.0
LEUR LOMANTO JR,UNIÃO,CORDEIROS,DENTRO,58,0.07,0.0,0.0
LEUR LOMANTO JR,UNIÃO,VALENCA,DENTRO,54,0.07,0.0,0.0
LEUR LOMANTO JR,UNIÃO,AMARGOSA,DENTRO,52,0.06,0.0,0.0
LEUR LOMANTO JR,UNIÃO,MACAUBAS,DENTRO,51,0.06,0.0,0.0
LEUR LOMANTO JR,UNIÃO,CRUZ DAS ALMAS,DENTRO,50,0.06,0.0,0.0
LEUR LOMANTO JR,UNIÃO,JACARACI,DENTRO,48,0.06,0.0,0.0
LEUR LOMANTO JR,UNIÃO,HELIOPOLIS,DENTRO,46,0.06,0.0,0.0
LEUR LOMANTO JR,UNIÃO,CAMAMU,DENTRO,43,0.05,0.0,0.0
LEUR LOMANTO JR,UNIÃO,IRAMAIA,DENTRO,42,0.05,0.0,0.0
LEUR LOMANTO JR,UNIÃO,SAO FRANCISCO DO CONDE,DENTRO,42,0.05,0.0,0.0
LEUR LOMANTO JR,UNIÃO,MANSIDAO,DENTRO,42,0.05,0.0,0.0
LEUR LOMANTO JR,UNIÃO,ITAMARI,DENTRO,42,0.05,0.0,0.0
LEUR LOMANTO JR,UNIÃO,GANDU,DENTRO,40,0.05,0.0,0.0
LEUR LOMANTO JR,UNIÃO,GONGOGI,DENTRO,39,0.05,0.0,0.0
LEUR LOMANTO JR,UNIÃO,SIMOES FILHO,DENTRO,39,0.05,0.0,0.0
LEUR LOMANTO JR,UNIÃO,SATIRO DIAS,DENTRO,39,0.05,0.0,0.0
LEUR LOMANTO JR,UNIÃO,QUIJINGUE,DENTRO,37,0.05,0.0,0.0
LEUR LOMANTO JR,UNIÃO,UTINGA,DENTRO,36,0.04,0.0,0.0
LEUR LOMANTO JR,UNIÃO,SAO GONCALO DOS CAMPOS,DENTRO,35,0.04,0.0,0.0
LEUR LOMANTO JR,UNIÃO,BARREIRAS,DENTRO,35,0.04,0.0,0.0
LEUR LOMANTO JR,UNIÃO,CICERO DANTAS,DENTRO,35,0.04,0.0,0.0
LEUR LOMANTO JR,UNIÃO,SERRINHA,DENTRO,35,0.04,0.0,0.0
LEUR LOMANTO JR,UNIÃO,IBIRAPITANGA,DENTRO,34,0.04,0.0,0.0
LEUR LOMANTO JR,UNIÃO,PIRAI DO NORTE,DENTRO,34,0.04,0.0,0.0
LEUR LOMANTO JR,UNIÃO,ANTAS,DENTRO,34,0.04,0.0,0.0
LEUR LOMANTO JR,UNIÃO,MUTUIPE,DENTRO,32,0.04,0.0,0.0
LEUR LOMANTO JR,UNIÃO,WAGNER,DENTRO,32,0.04,0.0,0.0
LEUR LOMANTO JR,UNIÃO,TEIXEIRA DE FREITAS,DENTRO,31,0.04,0.0,0.0
LEUR LOMANTO JR,UNIÃO,SANTA BRIGIDA,DENTRO,31,0.04,0.0,0.0
LEUR LOMANTO JR,UNIÃO,JACOBINA,DENTRO,31,0.04,0.0,0.0
LEUR LOMANTO JR,UNIÃO,MATINA,DENTRO,29,0.04,0.0,0.0
LEUR LOMANTO JR,UNIÃO,BOM JESUS DA LAPA,DENTRO,29,0.04,0.0,0.0
LEUR LOMANTO JR,UNIÃO,SANTANA,DENTRO,29,0.04,0.0,0.0
LEUR LOMANTO JR,UNIÃO,RIACHAO DAS NEVES,DENTRO,28,0.03,0.0,0.0
LEUR LOMANTO JR,UNIÃO,MURITIBA,DENTRO,28,0.03,0.0,0.0
LEUR LOMANTO JR,UNIÃO,IGUAI,DENTRO,28,0.03,0.0,0.0
LEUR LOMANTO JR,UNIÃO,DIAS D AVILA,DENTRO,27,0.03,0.0,0.0
LEUR LOMANTO JR,UNIÃO,CAMPO FORMOSO,DENTRO,27,0.03,0.0,0.0
LEUR LOMANTO JR,UNIÃO,ITUBERA,DENTRO,27,0.03,0.0,0.0
LEUR LOMANTO JR,UNIÃO,SANTANOPOLIS,DENTRO,27,0.03,0.0,0.0
LEUR LOMANTO JR,UNIÃO,MARAGOGIPE,DENTRO,27,0.03,0.0,0.0
LEUR LOMANTO JR,UNIÃO,IBICOARA,DENTRO,27,0.03,0.0,0.0
LEUR LOMANTO JR,UNIÃO,ALAGOINHAS,DENTRO,27,0.03,0.0,0.0
LEUR LOMANTO JR,UNIÃO,CANAPOLIS,DENTRO,26,0.03,0.0,0.0
LEUR LOMANTO JR,UNIÃO,IBIPEBA,DENTRO,26,0.03,0.0,0.0
LEUR LOMANTO JR,UNIÃO,ANAGE,DENTRO,26,0.03,0.0,0.0
LEUR LOMANTO JR,UNIÃO,SAPEACU,DENTRO,26,0.03,0.0,0.0
LEUR LOMANTO JR,UNIÃO,WENCESLAU GUIMARAES,DENTRO,26,0.03,0.0,0.0
LEUR LOMANTO JR,UNIÃO,BRUMADO,DENTRO,25,0.03,0.0,0.0
LEUR LOMANTO JR,UNIÃO,NOVA CANAA,DENTRO,25,0.03,0.0,0.0
LEUR LOMANTO JR,UNIÃO,CAETITE,DENTRO,25,0.03,0.0,0.0
LEUR LOMANTO JR,UNIÃO,SOBRADINHO,DENTRO,25,0.03,0.0,0.0
LEUR LOMANTO JR,UNIÃO,SENTO SE,DENTRO,24,0.03,0.0,0.0
LEUR LOMANTO JR,UNIÃO,NAZARE,DENTRO,24,0.03,0.0,0.0
LEUR LOMANTO JR,UNIÃO,RUY BARBOSA,DENTRO,24,0.03,0.0,0.0
LEUR LOMANTO JR,UNIÃO,BARRA DA ESTIVA,DENTRO,23,0.03,0.0,0.0
LEUR LOMANTO JR,UNIÃO,TAPEROA,DENTRO,23,0.03,0.0,0.0
LEUR LOMANTO JR,UNIÃO,RIBEIRA DO POMBAL,DENTRO,23,0.03,0.0,0.0
LEUR LOMANTO JR,UNIÃO,MUCURI,DENTRO,22,0.03,0.0,0.0
LEUR LOMANTO JR,UNIÃO,RIACHAO DO JACUIPE,DENTRO,22,0.03,0.0,0.0
LEUR LOMANTO JR,UNIÃO,IPIRA,DENTRO,22,0.03,0.0,0.0
LEUR LOMANTO JR,UNIÃO,CABACEIRAS DO PARAGUACU,DENTRO,22,0.03,0.0,0.0
LEUR LOMANTO JR,UNIÃO,SALINAS DA MARGARIDA,DENTRO,22,0.03,0.0,0.0
LEUR LOMANTO JR,UNIÃO,BARRA,DENTRO,22,0.03,0.0,0.0
LEUR LOMANTO JR,UNIÃO,ITACARE,DENTRO,22,0.03,0.0,0.0
LEUR LOMANTO JR,UNIÃO,RIACHO DE SANTANA,DENTRO,21,0.03,0.0,0.0
LEUR LOMANTO JR,UNIÃO,BOA VISTA DO TUPIM,DENTRO,21,0.03,0.0,0.0
LEUR LOMANTO JR,UNIÃO,CORACAO DE MARIA,DENTRO,21,0.03,0.0,0.0
LEUR LOMANTO JR,UNIÃO,IBIPITANGA,DENTRO,20,0.02,0.0,0.0
LEUR LOMANTO JR,UNIÃO,MUCUGE,DENTRO,20,0.02,0.0,0.0
LEUR LOMANTO JR,UNIÃO,SAO SEBASTIAO DO PASSE,DENTRO,20,0.02,0.0,0.0
LEUR LOMANTO JR,UNIÃO,MILAGRES,DENTRO,19,0.02,0.0,0.0
LEUR LOMANTO JR,UNIÃO,PRESIDENTE TANCREDO NEVES,DENTRO,19,0.02,0.0,0.0
LEUR LOMANTO JR,UNIÃO,IBICARAI,DENTRO,19,0.02,0.0,0.0
LEUR LOMANTO JR,UNIÃO,CONCEICAO DA FEIRA,DENTRO,19,0.02,0.0,0.0
LEUR LOMANTO JR,UNIÃO,TUCANO,DENTRO,18,0.02,0.0,0.0
LEUR LOMANTO JR,UNIÃO,SANTA CRUZ CABRALIA,DENTRO,17,0.02,0.0,0.0
LEUR LOMANTO JR,UNIÃO,IACU,DENTRO,17,0.02,0.0,0.0
LEUR LOMANTO JR,UNIÃO,BUERAREMA,DENTRO,17,0.02,0.0,0.0
LEUR LOMANTO JR,UNIÃO,UAUA,DENTRO,17,0.02,0.0,0.0
LEUR LOMANTO JR,UNIÃO,OUROLANDIA,DENTRO,17,0.02,0.0,0.0
LEUR LOMANTO JR,UNIÃO,UBAIRA,DENTRO,16,0.02,0.0,0.0
LEUR LOMANTO JR,UNIÃO,CACHOEIRA,DENTRO,16,0.02,0.0,0.0
LEUR LOMANTO JR,UNIÃO,CANDEIAS,DENTRO,16,0.02,0.0,0.0
LEUR LOMANTO JR,UNIÃO,ITORORO,DENTRO,15,0.02,0.0,0.0
LEUR LOMANTO JR,UNIÃO,LIVRAMENTO DE NOSSA SENHORA,DENTRO,15,0.02,0.0,0.0
LEUR LOMANTO JR,UNIÃO,BARROCAS,DENTRO,15,0.02,0.0,0.0
LEUR LOMANTO JR,UNIÃO,ENTRE RIOS,DENTRO,15,0.02,0.0,0.0
LEUR LOMANTO JR,UNIÃO,SERRA DO RAMALHO,DENTRO,15,0.02,0.0,0.0
LEUR LOMANTO JR,UNIÃO,MAETINGA,DENTRO,14,0.02,0.0,0.0
LEUR LOMANTO JR,UNIÃO,EUCLIDES DA CUNHA,DENTRO,14,0.02,0.0,0.0
LEUR LOMANTO JR,UNIÃO,ELISIO MEDRADO,DENTRO,14,0.02,0.0,0.0
LEUR LOMANTO JR,UNIÃO,SANTO ESTEVAO,DENTRO,14,0.02,0.0,0.0
LEUR LOMANTO JR,UNIÃO,PAULO AFONSO,DENTRO,13,0.02,0.0,0.0
LEUR LOMANTO JR,UNIÃO,RIO REAL,DENTRO,13,0.02,0.0,0.0
LEUR LOMANTO JR,UNIÃO,LUIS EDUARDO MAGALHAES,DENTRO,13,0.02,0.0,0.0
LEUR LOMANTO JR,UNIÃO,NOVO HORIZONTE,DENTRO,13,0.02,0.0,0.0
LEUR LOMANTO JR,UNIÃO,ARATACA,DENTRO,13,0.02,0.0,0.0
LEUR LOMANTO JR,UNIÃO,FIRMINO ALVES,DENTRO,13,0.02,0.0,0.0
LEUR LOMANTO JR,UNIÃO,CATURAMA,DENTRO,13,0.02,0.0,0.0
LEUR LOMANTO JR,UNIÃO,BONINAL,DENTRO,13,0.02,0.0,0.0
LEUR LOMANTO JR,UNIÃO,ITAMARAJU,DENTRO,12,0.01,0.0,0.0
LEUR LOMANTO JR,UNIÃO,JAGUARIPE,DENTRO,12,0.01,0.0,0.0
LEUR LOMANTO JR,UNIÃO,CANUDOS,DENTRO,12,0.01,0.0,0.0
LEUR LOMANTO JR,UNIÃO,PARAMIRIM,DENTRO,12,0.01,0.0,0.0
LEUR LOMANTO JR,UNIÃO,NOVA ITARANA,DENTRO,12,0.01,0.0,0.0
LEUR LOMANTO JR,UNIÃO,JEREMOABO,DENTRO,12,0.01,0.0,0.0
LEUR LOMANTO JR,UNIÃO,MUQUEM DO SAO FRANCISCO,DENTRO,11,0.01,0.0,0.0
LEUR LOMANTO JR,UNIÃO,AGUA FRIA,DENTRO,11,0.01,0.0,0.0
LEUR LOMANTO JR,UNIÃO,BAIANOPOLIS,DENTRO,11,0.01,0.0,0.0
LEUR LOMANTO JR,UNIÃO,CARINHANHA,DENTRO,11,0.01,0.0,0.0
LEUR LOMANTO JR,UNIÃO,CONCEICAO DO COITE,DENTRO,11,0.01,0.0,0.0
LEUR LOMANTO JR,UNIÃO,CASA NOVA,DENTRO,11,0.01,0.0,0.0
LEUR LOMANTO JR,UNIÃO,MULUNGU DO MORRO,DENTRO,11,0.01,0.0,0.0
LEUR LOMANTO JR,UNIÃO,NOVA VICOSA,DENTRO,11,0.01,0.0,0.0
LEUR LOMANTO JR,UNIÃO,RAFAEL JAMBEIRO,DENTRO,11,0.01,0.0,0.0
LEUR LOMANTO JR,UNIÃO,COTEGIPE,DENTRO,10,0.01,0.0,0.0
LEUR LOMANTO JR,UNIÃO,SANTA CRUZ DA VITORIA,DENTRO,10,0.01,0.0,0.0
LEUR LOMANTO JR,UNIÃO,CHORROCHO,DENTRO,10,0.01,0.0,0.0
LEUR LOMANTO JR,UNIÃO,VARZEA DA ROCA,DENTRO,10,0.01,0.0,0.0
LEUR LOMANTO JR,UNIÃO,NORDESTINA,DENTRO,10,0.01,0.0,0.0
LEUR LOMANTO JR,UNIÃO,URUCUCA,DENTRO,10,0.01,0.0,0.0
LEUR LOMANTO JR,UNIÃO,LAGOA REAL,DENTRO,10,0.01,0.0,0.0
LEUR LOMANTO JR,UNIÃO,MUNDO NOVO,DENTRO,10,0.01,0.0,0.0
LEUR LOMANTO JR,UNIÃO,BURITIRAMA,DENTRO,10,0.01,0.0,0.0
LEUR LOMANTO JR,UNIÃO,MATA DE SAO JOAO,DENTRO,10,0.01,0.0,0.0
LEUR LOMANTO JR,UNIÃO,MIGUEL CALMON,DENTRO,10,0.01,0.0,0.0
LEUR LOMANTO JR,UNIÃO,IRECE,DENTRO,10,0.01,0.0,0.0
LEUR LOMANTO JR,UNIÃO,SANTA MARIA DA VITORIA,DENTRO,10,0.01,0.0,0.0
LEUR LOMANTO JR,UNIÃO,SANTALUZ,DENTRO,10,0.01,0.0,0.0
LEUR LOMANTO JR,UNIÃO,IPECAETA,DENTRO,10,0.01,0.0,0.0
LEUR LOMANTO JR,UNIÃO,CANSANCAO,DENTRO,9,0.01,0.0,0.0
LEUR LOMANTO JR,UNIÃO,CONCEICAO DO ALMEIDA,DENTRO,9,0.01,0.0,0.0
LEUR LOMANTO JR,UNIÃO,CONCEICAO DO JACUIPE,DENTRO,9,0.01,0.0,0.0
LEUR LOMANTO JR,UNIÃO,FLORESTA AZUL,DENTRO,9,0.01,0.0,0.0
LEUR LOMANTO JR,UNIÃO,ITARANTIM,DENTRO,9,0.01,0.0,0.0
LEUR LOMANTO JR,UNIÃO,CATOLANDIA,DENTRO,9,0.01,0.0,0.0
LEUR LOMANTO JR,UNIÃO,ARAMARI,DENTRO,9,0.01,0.0,0.0
LEUR LOMANTO JR,UNIÃO,MORRO DO CHAPEU,DENTRO,9,0.01,0.0,0.0
LEUR LOMANTO JR,UNIÃO,ANDARAI,DENTRO,8,0.01,0.0,0.0
LEUR LOMANTO JR,UNIÃO,MACARANI,DENTRO,8,0.01,0.0,0.0
LEUR LOMANTO JR,UNIÃO,FATIMA,DENTRO,8,0.01,0.0,0.0
LEUR LOMANTO JR,UNIÃO,CASTRO ALVES,DENTRO,8,0.01,0.0,0.0
LEUR LOMANTO JR,UNIÃO,LAJEDINHO,DENTRO,8,0.01,0.0,0.0
LEUR LOMANTO JR,UNIÃO,INHAMBUPE,DENTRO,8,0.01,0.0,0.0
LEUR LOMANTO JR,UNIÃO,CARAVELAS,DENTRO,8,0.01,0.0,0.0
LEUR LOMANTO JR,UNIÃO,ITAPICURU,DENTRO,8,0.01,0.0,0.0
LEUR LOMANTO JR,UNIÃO,ALMADINA,DENTRO,8,0.01,0.0,0.0
LEUR LOMANTO JR,UNIÃO,MARCIONILIO SOUZA,DENTRO,8,0.01,0.0,0.0
LEUR LOMANTO JR,UNIÃO,VALENTE,DENTRO,8,0.01,0.0,0.0
LEUR LOMANTO JR,UNIÃO,MALHADA,DENTRO,8,0.01,0.0,0.0
LEUR LOMANTO JR,UNIÃO,ABARE,DENTRO,8,0.01,0.0,0.0
LEUR LOMANTO JR,UNIÃO,MACAJUBA,DENTRO,8,0.01,0.0,0.0
LEUR LOMANTO JR,UNIÃO,OLINDINA,DENTRO,8,0.01,0.0,0.0
LEUR LOMANTO JR,UNIÃO,ESPLANADA,DENTRO,8,0.01,0.0,0.0
LEUR LOMANTO JR,UNIÃO,CATU,DENTRO,8,0.01,0.0,0.0
LEUR LOMANTO JR,UNIÃO,IRARA,DENTRO,8,0.01,0.0,0.0
LEUR LOMANTO JR,UNIÃO,BARRA DO ROCHA,DENTRO,7,0.01,0.0,0.0
LEUR LOMANTO JR,UNIÃO,PINTADAS,DENTRO,7,0.01,0.0,0.0
LEUR LOMANTO JR,UNIÃO,LENCOIS,DENTRO,7,0.01,0.0,0.0
LEUR LOMANTO JR,UNIÃO,XIQUE-XIQUE,DENTRO,7,0.01,0.0,0.0
LEUR LOMANTO JR,UNIÃO,CACULE,DENTRO,7,0.01,0.0,0.0
LEUR LOMANTO JR,UNIÃO,ARACATU,DENTRO,7,0.01,0.0,0.0
LEUR LOMANTO JR,UNIÃO,SITIO DO QUINTO,DENTRO,7,0.01,0.0,0.0
LEUR LOMANTO JR,UNIÃO,TERRA NOVA,DENTRO,7,0.01,0.0,0.0
LEUR LOMANTO JR,UNIÃO,MORTUGABA,DENTRO,7,0.01,0.0,0.0
LEUR LOMANTO JR,UNIÃO,IBOTIRAMA,DENTRO,7,0.01,0.0,0.0
LEUR LOMANTO JR,UNIÃO,SAO GABRIEL,DENTRO,7,0.01,0.0,0.0
LEUR LOMANTO JR,UNIÃO,PIATA,DENTRO,7,0.01,0.0,0.0
LEUR LOMANTO JR,UNIÃO,SAO FELIX,DENTRO,7,0.01,0.0,0.0
LEUR LOMANTO JR,UNIÃO,POTIRAGUA,DENTRO,7,0.01,0.0,0.0
LEUR LOMANTO JR,UNIÃO,ITAGIMIRIM,DENTRO,7,0.01,0.0,0.0
LEUR LOMANTO JR,UNIÃO,NOVA IBIA,DENTRO,6,0.01,0.0,0.0
LEUR LOMANTO JR,UNIÃO,OLIVEIRA DOS BREJINHOS,DENTRO,6,0.01,0.0,0.0
LEUR LOMANTO JR,UNIÃO,ITAPEBI,DENTRO,6,0.01,0.0,0.0
LEUR LOMANTO JR,UNIÃO,NOVO TRIUNFO,DENTRO,6,0.01,0.0,0.0
LEUR LOMANTO JR,UNIÃO,SERRA DOURADA,DENTRO,6,0.01,0.0,0.0
LEUR LOMANTO JR,UNIÃO,POJUCA,DENTRO,6,0.01,0.0,0.0
LEUR LOMANTO JR,UNIÃO,BREJOES,DENTRO,6,0.01,0.0,0.0
LEUR LOMANTO JR,UNIÃO,NOVA REDENCAO,DENTRO,6,0.01,0.0,0.0
LEUR LOMANTO JR,UNIÃO,CARAIBAS,DENTRO,6,0.01,0.0,0.0
LEUR LOMANTO JR,UNIÃO,ANGICAL,DENTRO,6,0.01,0.0,0.0
LEUR LOMANTO JR,UNIÃO,CURACA,DENTRO,6,0.01,0.0,0.0
LEUR LOMANTO JR,UNIÃO,ARACAS,DENTRO,6,0.01,0.0,0.0
LEUR LOMANTO JR,UNIÃO,JUSSIAPE,DENTRO,6,0.01,0.0,0.0
LEUR LOMANTO JR,UNIÃO,PALMAS DE MONTE ALTO,DENTRO,6,0.01,0.0,0.0
LEUR LOMANTO JR,UNIÃO,FILADELFIA,DENTRO,6,0.01,0.0,0.0
LEUR LOMANTO JR,UNIÃO,BIRITINGA,DENTRO,6,0.01,0.0,0.0
LEUR LOMANTO JR,UNIÃO,GUARATINGA,DENTRO,5,0.01,0.0,0.0
LEUR LOMANTO JR,UNIÃO,ITATIM,DENTRO,5,0.01,0.0,0.0
LEUR LOMANTO JR,UNIÃO,BOTUPORA,DENTRO,5,0.01,0.0,0.0
LEUR LOMANTO JR,UNIÃO,TANQUE NOVO,DENTRO,5,0.01,0.0,0.0
LEUR LOMANTO JR,UNIÃO,CENTRAL,DENTRO,5,0.01,0.0,0.0
LEUR LOMANTO JR,UNIÃO,CORIBE,DENTRO,5,0.01,0.0,0.0
LEUR LOMANTO JR,UNIÃO,UNA,DENTRO,5,0.01,0.0,0.0
LEUR LOMANTO JR,UNIÃO,LAPAO,DENTRO,5,0.01,0.0,0.0
LEUR LOMANTO JR,UNIÃO,SAUBARA,DENTRO,5,0.01,0.0,0.0
LEUR LOMANTO JR,UNIÃO,CRISTOPOLIS,DENTRO,5,0.01,0.0,0.0
LEUR LOMANTO JR,UNIÃO,SANTA BARBARA,DENTRO,5,0.01,0.0,0.0
LEUR LOMANTO JR,UNIÃO,JAGUARARI,DENTRO,5,0.01,0.0,0.0
LEUR LOMANTO JR,UNIÃO,ABAIRA,DENTRO,5,0.01,0.0,0.0
LEUR LOMANTO JR,UNIÃO,ACAJUTIBA,DENTRO,5,0.01,0.0,0.0
LEUR LOMANTO JR,UNIÃO,ARACI,DENTRO,5,0.01,0.0,0.0
LEUR LOMANTO JR,UNIÃO,SANTA LUZIA,DENTRO,5,0.01,0.0,0.0
LEUR LOMANTO JR,UNIÃO,ANDORINHA,DENTRO,5,0.01,0.0,0.0
LEUR LOMANTO JR,UNIÃO,PRESIDENTE JANIO QUADROS,DENTRO,5,0.01,0.0,0.0
LEUR LOMANTO JR,UNIÃO,ITAQUARA,DENTRO,5,0.01,0.0,0.0
LEUR LOMANTO JR,UNIÃO,IGRAPIUNA,DENTRO,5,0.01,0.0,0.0
LEUR LOMANTO JR,UNIÃO,MUNIZ FERREIRA,DENTRO,5,0.01,0.0,0.0
LEUR LOMANTO JR,UNIÃO,RIO DE CONTAS,DENTRO,5,0.01,0.0,0.0
LEUR LOMANTO JR,UNIÃO,VEREDA,DENTRO,4,0.00,0.0,0.0
LEUR LOMANTO JR,UNIÃO,AMELIA RODRIGUES,DENTRO,4,0.00,0.0,0.0
LEUR LOMANTO JR,UNIÃO,URANDI,DENTRO,4,0.00,0.0,0.0
LEUR LOMANTO JR,UNIÃO,LICINIO DE ALMEIDA,DENTRO,4,0.00,0.0,0.0
LEUR LOMANTO JR,UNIÃO,CANDEAL,DENTRO,4,0.00,0.0,0.0
LEUR LOMANTO JR,UNIÃO,VARZEA DO POCO,DENTRO,4,0.00,0.0,0.0
LEUR LOMANTO JR,UNIÃO,MADRE DE DEUS,DENTRO,4,0.00,0.0,0.0
LEUR LOMANTO JR,UNIÃO,JUCURUCU,DENTRO,4,0.00,0.0,0.0
LEUR LOMANTO JR,UNIÃO,SAO FELIX DO CORIBE,DENTRO,4,0.00,0.0,0.0
LEUR LOMANTO JR,UNIÃO,APORA,DENTRO,4,0.00,0.0,0.0
LEUR LOMANTO JR,UNIÃO,PE DE SERRA,DENTRO,4,0.00,0.0,0.0
LEUR LOMANTO JR,UNIÃO,JUSSARA,DENTRO,4,0.00,0.0,0.0
LEUR LOMANTO JR,UNIÃO,VARZEDO,DENTRO,4,0.00,0.0,0.0
LEUR LOMANTO JR,UNIÃO,MIRANGABA,DENTRO,4,0.00,0.0,0.0
LEUR LOMANTO JR,UNIÃO,PAU BRASIL,DENTRO,4,0.00,0.0,0.0
LEUR LOMANTO JR,UNIÃO,PIRITIBA,DENTRO,4,0.00,0.0,0.0
LEUR LOMANTO JR,UNIÃO,SAO MIGUEL DAS MATAS,DENTRO,4,0.00,0.0,0.0
LEUR LOMANTO JR,UNIÃO,CAMACA,DENTRO,4,0.00,0.0,0.0
LEUR LOMANTO JR,UNIÃO,CANDIBA,DENTRO,4,0.00,0.0,0.0
LEUR LOMANTO JR,UNIÃO,SERROLANDIA,DENTRO,4,0.00,0.0,0.0
LEUR LOMANTO JR,UNIÃO,BROTAS DE MACAUBAS,DENTRO,4,0.00,0.0,0.0
LEUR LOMANTO JR,UNIÃO,RETIROLANDIA,DENTRO,4,0.00,0.0,0.0
LEUR LOMANTO JR,UNIÃO,PILAO ARCADO,DENTRO,4,0.00,0.0,0.0
LEUR LOMANTO JR,UNIÃO,ANTONIO GONCALVES,DENTRO,3,0.00,0.0,0.0
LEUR LOMANTO JR,UNIÃO,ITABELA,DENTRO,3,0.00,0.0,0.0
LEUR LOMANTO JR,UNIÃO,SANTA INES,DENTRO,3,0.00,0.0,0.0
LEUR LOMANTO JR,UNIÃO,MACURURE,DENTRO,3,0.00,0.0,0.0
LEUR LOMANTO JR,UNIÃO,SAO DOMINGOS,DENTRO,3,0.00,0.0,0.0
LEUR LOMANTO JR,UNIÃO,IBIASSUCE,DENTRO,3,0.00,0.0,0.0
LEUR LOMANTO JR,UNIÃO,PINDAI,DENTRO,3,0.00,0.0,0.0
LEUR LOMANTO JR,UNIÃO,IBIRAPUA,DENTRO,3,0.00,0.0,0.0
LEUR LOMANTO JR,UNIÃO,JABORANDI,DENTRO,3,0.00,0.0,0.0
LEUR LOMANTO JR,UNIÃO,QUEIMADAS,DENTRO,3,0.00,0.0,0.0
LEUR LOMANTO JR,UNIÃO,PARIPIRANGA,DENTRO,3,0.00,0.0,0.0
LEUR LOMANTO JR,UNIÃO,MASCOTE,DENTRO,3,0.00,0.0,0.0
LEUR LOMANTO JR,UNIÃO,BOQUIRA,DENTRO,3,0.00,0.0,0.0
LEUR LOMANTO JR,UNIÃO,ITANAGRA,DENTRO,3,0.00,0.0,0.0
LEUR LOMANTO JR,UNIÃO,CAIRU,DENTRO,3,0.00,0.0,0.0
LEUR LOMANTO JR,UNIÃO,MORPARA,DENTRO,3,0.00,0.0,0.0
LEUR LOMANTO JR,UNIÃO,DOM MACEDO COSTA,DENTRO,3,0.00,0.0,0.0
LEUR LOMANTO JR,UNIÃO,GENTIO DO OURO,DENTRO,3,0.00,0.0,0.0
LEUR LOMANTO JR,UNIÃO,CORRENTINA,DENTRO,3,0.00,0.0,0.0
LEUR LOMANTO JR,UNIÃO,PALMEIRAS,DENTRO,3,0.00,0.0,0.0
LEUR LOMANTO JR,UNIÃO,PRESIDENTE DUTRA,DENTRO,3,0.00,0.0,0.0
LEUR LOMANTO JR,UNIÃO,AMERICA DOURADA,DENTRO,3,0.00,0.0,0.0
LEUR LOMANTO JR,UNIÃO,CORONEL JOAO SA,DENTRO,3,0.00,0.0,0.0
LEUR LOMANTO JR,UNIÃO,ADUSTINA,DENTRO,3,0.00,0.0,0.0
LEUR LOMANTO JR,UNIÃO,BREJOLANDIA,DENTRO,3,0.00,0.0,0.0
LEUR LOMANTO JR,UNIÃO,CAFARNAUM,DENTRO,3,0.00,0.0,0.0
LEUR LOMANTO JR,UNIÃO,UIBAI,DENTRO,2,0.00,0.0,0.0
LEUR LOMANTO JR,UNIÃO,SITIO DO MATO,DENTRO,2,0.00,0.0,0.0
LEUR LOMANTO JR,UNIÃO,SAO DESIDERIO,DENTRO,2,0.00,0.0,0.0
LEUR LOMANTO JR,UNIÃO,SEBASTIAO LARANJEIRAS,DENTRO,2,0.00,0.0,0.0
LEUR LOMANTO JR,UNIÃO,PINDOBACU,DENTRO,2,0.00,0.0,0.0
LEUR LOMANTO JR,UNIÃO,REMANSO,DENTRO,2,0.00,0.0,0.0
LEUR LOMANTO JR,UNIÃO,TANQUINHO,DENTRO,2,0.00,0.0,0.0
LEUR LOMANTO JR,UNIÃO,IGAPORA,DENTRO,2,0.00,0.0,0.0
LEUR LOMANTO JR,UNIÃO,RIO DO ANTONIO,DENTRO,2,0.00,0.0,0.0
LEUR LOMANTO JR,UNIÃO,UMBURANAS,DENTRO,2,0.00,0.0,0.0
LEUR LOMANTO JR,UNIÃO,SANTA RITA DE CASSIA,DENTRO,2,0.00,0.0,0.0
LEUR LOMANTO JR,UNIÃO,JANDAIRA,DENTRO,2,0.00,0.0,0.0
LEUR LOMANTO JR,UNIÃO,CAPELA DO ALTO ALEGRE,DENTRO,2,0.00,0.0,0.0
LEUR LOMANTO JR,UNIÃO,QUIXABEIRA,DENTRO,2,0.00,0.0,0.0
LEUR LOMANTO JR,UNIÃO,BARRO PRETO,DENTRO,2,0.00,0.0,0.0
LEUR LOMANTO JR,UNIÃO,PEDRO ALEXANDRE,DENTRO,2,0.00,0.0,0.0
LEUR LOMANTO JR,UNIÃO,ARATUIPE,DENTRO,2,0.00,0.0,0.0
LEUR LOMANTO JR,UNIÃO,ITANHEM,DENTRO,2,0.00,0.0,0.0
LEUR LOMANTO JR,UNIÃO,FEIRA DA MATA,DENTRO,2,0.00,0.0,0.0
LEUR LOMANTO JR,UNIÃO,TABOCAS DO BREJO VELHO,DENTRO,2,0.00,0.0,0.0
LEUR LOMANTO JR,UNIÃO,PONTO NOVO,DENTRO,2,0.00,0.0,0.0
LEUR LOMANTO JR,UNIÃO,DOM BASILIO,DENTRO,2,0.00,0.0,0.0
LEUR LOMANTO JR,UNIÃO,JUSSARI,DENTRO,2,0.00,0.0,0.0
LEUR LOMANTO JR,UNIÃO,ERICO CARDOSO,DENTRO,2,0.00,0.0,0.0
LEUR LOMANTO JR,UNIÃO,TAPIRAMUTA,DENTRO,2,0.00,0.0,0.0
LEUR LOMANTO JR,UNIÃO,ITAPE,DENTRO,2,0.00,0.0,0.0
LEUR LOMANTO JR,UNIÃO,CRAVOLANDIA,DENTRO,2,0.00,0.0,0.0
LEUR LOMANTO JR,UNIÃO,CAPIM GROSSO,DENTRO,2,0.00,0.0,0.0
LEUR LOMANTO JR,UNIÃO,ANTONIO CARDOSO,DENTRO,2,0.00,0.0,0.0
LEUR LOMANTO JR,UNIÃO,CONDE,DENTRO,2,0.00,0.0,0.0
LEUR LOMANTO JR,UNIÃO,CIPO,DENTRO,2,0.00,0.0,0.0
LEUR LOMANTO JR,UNIÃO,ALCOBACA,DENTRO,2,0.00,0.0,0.0
LEUR LOMANTO JR,UNIÃO,TEOFILANDIA,DENTRO,1,0.00,0.0,0.0
LEUR LOMANTO JR,UNIÃO,SANTA TEREZINHA,DENTRO,1,0.00,0.0,0.0
LEUR LOMANTO JR,UNIÃO,GUAJERU,DENTRO,1,0.00,0.0,0.0
LEUR LOMANTO JR,UNIÃO,SAO JOSE DO JACUIPE,DENTRO,1,0.00,0.0,0.0
LEUR LOMANTO JR,UNIÃO,SAUDE,DENTRO,1,0.00,0.0,0.0
LEUR LOMANTO JR,UNIÃO,RIBEIRA DO AMPARO,DENTRO,1,0.00,0.0,0.0
LEUR LOMANTO JR,UNIÃO,FORMOSA DO RIO PRETO,DENTRO,1,0.00,0.0,0.0
LEUR LOMANTO JR,UNIÃO,ANGUERA,DENTRO,1,0.00,0.0,0.0
LEUR LOMANTO JR,UNIÃO,CAMPO ALEGRE DE LOURDES,DENTRO,1,0.00,0.0,0.0
LEUR LOMANTO JR,UNIÃO,PRADO,DENTRO,1,0.00,0.0,0.0
LEUR LOMANTO JR,UNIÃO,SAO JOSE DA VITORIA,DENTRO,1,0.00,0.0,0.0
LEUR LOMANTO JR,UNIÃO,MALHADA DE PEDRAS,DENTRO,1,0.00,0.0,0.0
LEUR LOMANTO JR,UNIÃO,MEDEIROS NETO,DENTRO,1,0.00,0.0,0.0
LEUR LOMANTO JR,UNIÃO,NOVA SOURE,DENTRO,1,0.00,0.0,0.0
LEUR LOMANTO JR,UNIÃO,NOVA FATIMA,DENTRO,1,0.00,0.0,0.0
LEUR LOMANTO JR,UNIÃO,ITAGUACU DA BAHIA,DENTRO,0,0.00,0.0,0.0
LEUR LOMANTO JR,UNIÃO,VARZEA NOVA,DENTRO,0,0.00,0.0,0.0
LEUR LOMANTO JR,UNIÃO,IPUPIARA,DENTRO,0,0.00,0.0,0.0
LEUR LOMANTO JR,UNIÃO,CARDEAL DA SILVA,DENTRO,0,0.00,0.0,0.0
LEUR LOMANTO JR,UNIÃO,LAMARAO,DENTRO,0,0.00,0.0,0.0
LEUR LOMANTO JR,UNIÃO,OURICANGAS,DENTRO,0,0.00,0.0,0.0
LEUR LOMANTO JR,UNIÃO,MAIQUINIQUE,DENTRO,0,0.00,0.0,0.0
LEUR LOMANTO JR,UNIÃO,TEODORO SAMPAIO,DENTRO,0,0.00,0.0,0.0
LEUR LOMANTO JR,UNIÃO,IBIQUERA,DENTRO,0,0.00,0.0,0.0
LEUR LOMANTO JR,UNIÃO,CAEM,DENTRO,0,0.00,0.0,0.0
LEUR LOMANTO JR,UNIÃO,CALDEIRAO GRANDE,DENTRO,0,0.00,0.0,0.0
LEUR LOMANTO JR,UNIÃO,RIO DO PIRES,DENTRO,0,0.00,0.0,0.0
LEUR LOMANTO JR,UNIÃO,LAJEDAO,DENTRO,0,0.00,0.0,0.0
LEUR LOMANTO JR,UNIÃO,PIRIPA,DENTRO,0,0.00,0.0,0.0
LEUR LOMANTO JR,UNIÃO,IUIU,DENTRO,0,0.00,0.0,0.0
LEUR LOMANTO JR,UNIÃO,ITAJU DO COLONIA,DENTRO,0,0.00,0.0,0.0
LEUR LOMANTO JR,UNIÃO,GLORIA,DENTRO,0,0.00,0.0,0.0
LEUR LOMANTO JR,UNIÃO,RODELAS,DENTRO,0,0.00,0.0,0.0
LEUR LOMANTO JR,UNIÃO,BANZAE,DENTRO,0,0.00,0.0,0.0
LEUR LOMANTO JR,UNIÃO,ICHU,DENTRO,0,0.00,0.0,0.0
LEUR LOMANTO JR,UNIÃO,CRISOPOLIS,DENTRO,0,0.00,0.0,0.0
LEUR LOMANTO JR,UNIÃO,PEDRAO,DENTRO,0,0.00,0.0,0.0
LEUR LOMANTO JR,UNIÃO,JOAO DOURADO,DENTRO,0,0.00,0.0,0.0
LEUR LOMANTO JR,UNIÃO,GAVIAO,DENTRO,0,0.00,0.0,0.0
LEUR LOMANTO JR,UNIÃO,MULTIPLO,AMPLO,0,0,151425036.06,95.2
LEUR LOMANTO JR,UNIÃO,SEM INFORMACAO,AMPLO,0,0,4120378.82,2.59
LEUR LOMANTO JR,UNIÃO,VITORIA DA CONQUISTA (BAHIA),FORA,0,0,1629209.0,1.02
LEUR LOMANTO JR,UNIÃO,JEQUIE (BAHIA),FORA,0,0,1388752.0,0.87
LEUR LOMANTO JR,UNIÃO,IBITITA (BAHIA),FORA,0,0,250000.0,0.16
LEUR LOMANTO JR,UNIÃO,SALVADOR (BAHIA),FORA,0,0,250000.0,0.16
JOSE ROCHA,UNIÃO,LIVRAMENTO DE NOSSA SENHORA,DENTRO,6216,7.89,0.0,0.0
JOSE ROCHA,UNIÃO,SANTA MARIA DA VITORIA,DENTRO,5582,7.08,0.0,0.0
JOSE ROCHA,UNIÃO,BRUMADO,DENTRO,5365,6.81,0.0,0.0
JOSE ROCHA,UNIÃO,COCOS,DENTRO,5049,6.40,0.0,0.0
JOSE ROCHA,UNIÃO,CORIBE,DENTRO,4314,5.47,0.0,0.0
JOSE ROCHA,UNIÃO,CORRENTINA,DENTRO,3679,4.67,0.0,0.0
JOSE ROCHA,UNIÃO,CASTRO ALVES,DENTRO,3479,4.41,0.0,0.0
JOSE ROCHA,UNIÃO,CONDEUBA,DENTRO,2992,3.80,0.0,0.0
JOSE ROCHA,UNIÃO,CARAIBAS,DENTRO,2550,3.23,0.0,0.0
JOSE ROCHA,UNIÃO,JUSSIAPE,DENTRO,2220,2.82,0.0,0.0
JOSE ROCHA,UNIÃO,ITUACU,DENTRO,2179,2.76,0.0,0.0
JOSE ROCHA,UNIÃO,CANDIBA,DENTRO,2136,2.71,0.0,0.0
JOSE ROCHA,UNIÃO,CAETITE,DENTRO,1917,2.43,0.0,0.0
JOSE ROCHA,UNIÃO,LAGOA REAL,DENTRO,1795,2.28,0.0,0.0
JOSE ROCHA,UNIÃO,MAETINGA,DENTRO,1778,2.26,0.0,0.0
JOSE ROCHA,UNIÃO,MACARANI,DENTRO,1767,2.24,0.0,0.0
JOSE ROCHA,UNIÃO,JABORANDI,DENTRO,1616,2.05,0.0,0.0
JOSE ROCHA,UNIÃO,CARINHANHA,DENTRO,1381,1.75,0.0,0.0
JOSE ROCHA,UNIÃO,SANTANA,DENTRO,1182,1.50,0.0,0.0
JOSE ROCHA,UNIÃO,ITAJU DO COLONIA,DENTRO,1154,1.46,0.0,0.0
JOSE ROCHA,UNIÃO,SALVADOR,DENTRO,1098,1.39,0.0,0.0
JOSE ROCHA,UNIÃO,MALHADA,DENTRO,1024,1.30,0.0,0.0
JOSE ROCHA,UNIÃO,DOM BASILIO,DENTRO,976,1.24,0.0,0.0
JOSE ROCHA,UNIÃO,PIRIPA,DENTRO,840,1.07,0.0,0.0
JOSE ROCHA,UNIÃO,PRESIDENTE TANCREDO NEVES,DENTRO,833,1.06,0.0,0.0
JOSE ROCHA,UNIÃO,SITIO DO MATO,DENTRO,818,1.04,0.0,0.0
JOSE ROCHA,UNIÃO,MATINA,DENTRO,807,1.02,0.0,0.0
JOSE ROCHA,UNIÃO,SAO FELIX DO CORIBE,DENTRO,724,0.92,0.0,0.0
JOSE ROCHA,UNIÃO,SERRA DOURADA,DENTRO,701,0.89,0.0,0.0
JOSE ROCHA,UNIÃO,FEIRA DA MATA,DENTRO,678,0.86,0.0,0.0
JOSE ROCHA,UNIÃO,PRESIDENTE JANIO QUADROS,DENTRO,660,0.84,0.0,0.0
JOSE ROCHA,UNIÃO,IGAPORA,DENTRO,614,0.78,0.0,0.0
JOSE ROCHA,UNIÃO,SEBASTIAO LARANJEIRAS,DENTRO,611,0.78,0.0,0.0
JOSE ROCHA,UNIÃO,RIACHO DE SANTANA,DENTRO,601,0.76,0.0,0.0
JOSE ROCHA,UNIÃO,BURITIRAMA,DENTRO,584,0.74,0.0,0.0
JOSE ROCHA,UNIÃO,MALHADA DE PEDRAS,DENTRO,572,0.73,0.0,0.0
JOSE ROCHA,UNIÃO,IBIASSUCE,DENTRO,567,0.72,0.0,0.0
JOSE ROCHA,UNIÃO,BOM JESUS DA LAPA,DENTRO,533,0.68,0.0,0.0
JOSE ROCHA,UNIÃO,JIQUIRICA,DENTRO,510,0.65,0.0,0.0
JOSE ROCHA,UNIÃO,CAMACARI,DENTRO,498,0.63,0.0,0.0
JOSE ROCHA,UNIÃO,CANAPOLIS,DENTRO,441,0.56,0.0,0.0
JOSE ROCHA,UNIÃO,PALMAS DE MONTE ALTO,DENTRO,398,0.50,0.0,0.0
JOSE ROCHA,UNIÃO,BREJOLANDIA,DENTRO,389,0.49,0.0,0.0
JOSE ROCHA,UNIÃO,RIO DE CONTAS,DENTRO,363,0.46,0.0,0.0
JOSE ROCHA,UNIÃO,BAIANOPOLIS,DENTRO,317,0.40,0.0,0.0
JOSE ROCHA,UNIÃO,VITORIA DA CONQUISTA,DENTRO,304,0.39,0.0,0.0
JOSE ROCHA,UNIÃO,NOVA FATIMA,DENTRO,302,0.38,0.0,0.0
JOSE ROCHA,UNIÃO,TABOCAS DO BREJO VELHO,DENTRO,222,0.28,0.0,0.0
JOSE ROCHA,UNIÃO,BOTUPORA,DENTRO,206,0.26,0.0,0.0
JOSE ROCHA,UNIÃO,GUANAMBI,DENTRO,169,0.21,0.0,0.0
JOSE ROCHA,UNIÃO,SANTA INES,DENTRO,161,0.20,0.0,0.0
JOSE ROCHA,UNIÃO,WANDERLEY,DENTRO,158,0.20,0.0,0.0
JOSE ROCHA,UNIÃO,ILHEUS,DENTRO,103,0.13,0.0,0.0
JOSE ROCHA,UNIÃO,ITABERABA,DENTRO,94,0.12,0.0,0.0
JOSE ROCHA,UNIÃO,CRISTOPOLIS,DENTRO,93,0.12,0.0,0.0
JOSE ROCHA,UNIÃO,FEIRA DE SANTANA,DENTRO,82,0.10,0.0,0.0
JOSE ROCHA,UNIÃO,ARACATU,DENTRO,80,0.10,0.0,0.0
JOSE ROCHA,UNIÃO,ANAGE,DENTRO,74,0.09,0.0,0.0
JOSE ROCHA,UNIÃO,ITAPETINGA,DENTRO,60,0.08,0.0,0.0
JOSE ROCHA,UNIÃO,BARREIRAS,DENTRO,59,0.07,0.0,0.0
JOSE ROCHA,UNIÃO,PARAMIRIM,DENTRO,57,0.07,0.0,0.0
JOSE ROCHA,UNIÃO,LUIS EDUARDO MAGALHAES,DENTRO,55,0.07,0.0,0.0
JOSE ROCHA,UNIÃO,ITABUNA,DENTRO,53,0.07,0.0,0.0
JOSE ROCHA,UNIÃO,PINDAI,DENTRO,48,0.06,0.0,0.0
JOSE ROCHA,UNIÃO,BARRA DA ESTIVA,DENTRO,43,0.05,0.0,0.0
JOSE ROCHA,UNIÃO,POCOES,DENTRO,41,0.05,0.0,0.0
JOSE ROCHA,UNIÃO,CANDEIAS,DENTRO,39,0.05,0.0,0.0
JOSE ROCHA,UNIÃO,LAURO DE FREITAS,DENTRO,39,0.05,0.0,0.0
JOSE ROCHA,UNIÃO,CACULE,DENTRO,35,0.04,0.0,0.0
JOSE ROCHA,UNIÃO,IBICOARA,DENTRO,33,0.04,0.0,0.0
JOSE ROCHA,UNIÃO,VERA CRUZ,DENTRO,31,0.04,0.0,0.0
JOSE ROCHA,UNIÃO,ALAGOINHAS,DENTRO,31,0.04,0.0,0.0
JOSE ROCHA,UNIÃO,JEQUIE,DENTRO,29,0.04,0.0,0.0
JOSE ROCHA,UNIÃO,RIO DO ANTONIO,DENTRO,29,0.04,0.0,0.0
JOSE ROCHA,UNIÃO,TREMEDAL,DENTRO,28,0.04,0.0,0.0
JOSE ROCHA,UNIÃO,SERRA DO RAMALHO,DENTRO,28,0.04,0.0,0.0
JOSE ROCHA,UNIÃO,BELO CAMPO,DENTRO,27,0.03,0.0,0.0
JOSE ROCHA,UNIÃO,CABACEIRAS DO PARAGUACU,DENTRO,27,0.03,0.0,0.0
JOSE ROCHA,UNIÃO,VALENCA,DENTRO,27,0.03,0.0,0.0
JOSE ROCHA,UNIÃO,SAO DESIDERIO,DENTRO,26,0.03,0.0,0.0
JOSE ROCHA,UNIÃO,PORTO SEGURO,DENTRO,26,0.03,0.0,0.0
JOSE ROCHA,UNIÃO,TANHACU,DENTRO,26,0.03,0.0,0.0
JOSE ROCHA,UNIÃO,CORDEIROS,DENTRO,26,0.03,0.0,0.0
JOSE ROCHA,UNIÃO,MACAUBAS,DENTRO,24,0.03,0.0,0.0
JOSE ROCHA,UNIÃO,SAPEACU,DENTRO,21,0.03,0.0,0.0
JOSE ROCHA,UNIÃO,MORTUGABA,DENTRO,21,0.03,0.0,0.0
JOSE ROCHA,UNIÃO,MUQUEM DO SAO FRANCISCO,DENTRO,20,0.03,0.0,0.0
JOSE ROCHA,UNIÃO,SIMOES FILHO,DENTRO,20,0.03,0.0,0.0
JOSE ROCHA,UNIÃO,SANTO ANTONIO DE JESUS,DENTRO,19,0.02,0.0,0.0
JOSE ROCHA,UNIÃO,URANDI,DENTRO,19,0.02,0.0,0.0
JOSE ROCHA,UNIÃO,IRECE,DENTRO,19,0.02,0.0,0.0
JOSE ROCHA,UNIÃO,ENTRE RIOS,DENTRO,19,0.02,0.0,0.0
JOSE ROCHA,UNIÃO,XIQUE-XIQUE,DENTRO,18,0.02,0.0,0.0
JOSE ROCHA,UNIÃO,OLIVEIRA DOS BREJINHOS,DENTRO,17,0.02,0.0,0.0
JOSE ROCHA,UNIÃO,TEODORO SAMPAIO,DENTRO,16,0.02,0.0,0.0
JOSE ROCHA,UNIÃO,ITANHEM,DENTRO,16,0.02,0.0,0.0
JOSE ROCHA,UNIÃO,SERRINHA,DENTRO,16,0.02,0.0,0.0
JOSE ROCHA,UNIÃO,MUCUGE,DENTRO,16,0.02,0.0,0.0
JOSE ROCHA,UNIÃO,IACU,DENTRO,15,0.02,0.0,0.0
JOSE ROCHA,UNIÃO,MAIQUINIQUE,DENTRO,15,0.02,0.0,0.0
JOSE ROCHA,UNIÃO,ITARANTIM,DENTRO,15,0.02,0.0,0.0
JOSE ROCHA,UNIÃO,BARRA,DENTRO,15,0.02,0.0,0.0
JOSE ROCHA,UNIÃO,JACARACI,DENTRO,15,0.02,0.0,0.0
JOSE ROCHA,UNIÃO,ITATIM,DENTRO,14,0.02,0.0,0.0
JOSE ROCHA,UNIÃO,MATA DE SAO JOAO,DENTRO,14,0.02,0.0,0.0
JOSE ROCHA,UNIÃO,ERICO CARDOSO,DENTRO,14,0.02,0.0,0.0
JOSE ROCHA,UNIÃO,CRUZ DAS ALMAS,DENTRO,14,0.02,0.0,0.0
JOSE ROCHA,UNIÃO,UBAIRA,DENTRO,13,0.02,0.0,0.0
JOSE ROCHA,UNIÃO,TANQUE NOVO,DENTRO,13,0.02,0.0,0.0
JOSE ROCHA,UNIÃO,CONTENDAS DO SINCORA,DENTRO,13,0.02,0.0,0.0
JOSE ROCHA,UNIÃO,SENHOR DO BONFIM,DENTRO,13,0.02,0.0,0.0
JOSE ROCHA,UNIÃO,IUIU,DENTRO,13,0.02,0.0,0.0
JOSE ROCHA,UNIÃO,POTIRAGUA,DENTRO,13,0.02,0.0,0.0
JOSE ROCHA,UNIÃO,ANDARAI,DENTRO,12,0.02,0.0,0.0
JOSE ROCHA,UNIÃO,ITORORO,DENTRO,12,0.02,0.0,0.0
JOSE ROCHA,UNIÃO,ABAIRA,DENTRO,12,0.02,0.0,0.0
JOSE ROCHA,UNIÃO,IBOTIRAMA,DENTRO,12,0.02,0.0,0.0
JOSE ROCHA,UNIÃO,IBICARAI,DENTRO,12,0.02,0.0,0.0
JOSE ROCHA,UNIÃO,EUNAPOLIS,DENTRO,12,0.02,0.0,0.0
JOSE ROCHA,UNIÃO,SAO SEBASTIAO DO PASSE,DENTRO,12,0.02,0.0,0.0
JOSE ROCHA,UNIÃO,MURITIBA,DENTRO,11,0.01,0.0,0.0
JOSE ROCHA,UNIÃO,CASA NOVA,DENTRO,11,0.01,0.0,0.0
JOSE ROCHA,UNIÃO,MARAGOGIPE,DENTRO,11,0.01,0.0,0.0
JOSE ROCHA,UNIÃO,AMARGOSA,DENTRO,11,0.01,0.0,0.0
JOSE ROCHA,UNIÃO,JACOBINA,DENTRO,11,0.01,0.0,0.0
JOSE ROCHA,UNIÃO,TAPEROA,DENTRO,10,0.01,0.0,0.0
JOSE ROCHA,UNIÃO,QUEIMADAS,DENTRO,10,0.01,0.0,0.0
JOSE ROCHA,UNIÃO,TEOLANDIA,DENTRO,10,0.01,0.0,0.0
JOSE ROCHA,UNIÃO,MARACAS,DENTRO,10,0.01,0.0,0.0
JOSE ROCHA,UNIÃO,MUTUIPE,DENTRO,10,0.01,0.0,0.0
JOSE ROCHA,UNIÃO,ITAMBE,DENTRO,9,0.01,0.0,0.0
JOSE ROCHA,UNIÃO,BARRA DO CHOCA,DENTRO,9,0.01,0.0,0.0
JOSE ROCHA,UNIÃO,TEIXEIRA DE FREITAS,DENTRO,9,0.01,0.0,0.0
JOSE ROCHA,UNIÃO,LICINIO DE ALMEIDA,DENTRO,9,0.01,0.0,0.0
JOSE ROCHA,UNIÃO,SANTA TEREZINHA,DENTRO,9,0.01,0.0,0.0
JOSE ROCHA,UNIÃO,ITUBERA,DENTRO,9,0.01,0.0,0.0
JOSE ROCHA,UNIÃO,JUAZEIRO,DENTRO,9,0.01,0.0,0.0
JOSE ROCHA,UNIÃO,ABARE,DENTRO,9,0.01,0.0,0.0
JOSE ROCHA,UNIÃO,CATURAMA,DENTRO,9,0.01,0.0,0.0
JOSE ROCHA,UNIÃO,AMELIA RODRIGUES,DENTRO,8,0.01,0.0,0.0
JOSE ROCHA,UNIÃO,GUAJERU,DENTRO,8,0.01,0.0,0.0
JOSE ROCHA,UNIÃO,CANDEAL,DENTRO,8,0.01,0.0,0.0
JOSE ROCHA,UNIÃO,MIGUEL CALMON,DENTRO,8,0.01,0.0,0.0
JOSE ROCHA,UNIÃO,RIBEIRAO DO LARGO,DENTRO,8,0.01,0.0,0.0
JOSE ROCHA,UNIÃO,SEABRA,DENTRO,8,0.01,0.0,0.0
JOSE ROCHA,UNIÃO,DIAS D AVILA,DENTRO,7,0.01,0.0,0.0
JOSE ROCHA,UNIÃO,LAJEDO DO TABOCAL,DENTRO,7,0.01,0.0,0.0
JOSE ROCHA,UNIÃO,ITAETE,DENTRO,7,0.01,0.0,0.0
JOSE ROCHA,UNIÃO,IPIRA,DENTRO,7,0.01,0.0,0.0
JOSE ROCHA,UNIÃO,CAMPO FORMOSO,DENTRO,7,0.01,0.0,0.0
JOSE ROCHA,UNIÃO,NAZARE,DENTRO,7,0.01,0.0,0.0
JOSE ROCHA,UNIÃO,JAGUARARI,DENTRO,7,0.01,0.0,0.0
JOSE ROCHA,UNIÃO,IPIAU,DENTRO,7,0.01,0.0,0.0
JOSE ROCHA,UNIÃO,BAIXA GRANDE,DENTRO,7,0.01,0.0,0.0
JOSE ROCHA,UNIÃO,CAIRU,DENTRO,7,0.01,0.0,0.0
JOSE ROCHA,UNIÃO,CHORROCHO,DENTRO,6,0.01,0.0,0.0
JOSE ROCHA,UNIÃO,PARATINGA,DENTRO,6,0.01,0.0,0.0
JOSE ROCHA,UNIÃO,CAPELA DO ALTO ALEGRE,DENTRO,6,0.01,0.0,0.0
JOSE ROCHA,UNIÃO,TERRA NOVA,DENTRO,6,0.01,0.0,0.0
JOSE ROCHA,UNIÃO,RUY BARBOSA,DENTRO,6,0.01,0.0,0.0
JOSE ROCHA,UNIÃO,CATOLANDIA,DENTRO,6,0.01,0.0,0.0
JOSE ROCHA,UNIÃO,PIATA,DENTRO,6,0.01,0.0,0.0
JOSE ROCHA,UNIÃO,CAMAMU,DENTRO,6,0.01,0.0,0.0
JOSE ROCHA,UNIÃO,CONCEICAO DO ALMEIDA,DENTRO,5,0.01,0.0,0.0
JOSE ROCHA,UNIÃO,INHAMBUPE,DENTRO,5,0.01,0.0,0.0
JOSE ROCHA,UNIÃO,CONCEICAO DO COITE,DENTRO,5,0.01,0.0,0.0
JOSE ROCHA,UNIÃO,UNA,DENTRO,5,0.01,0.0,0.0
JOSE ROCHA,UNIÃO,UAUA,DENTRO,5,0.01,0.0,0.0
JOSE ROCHA,UNIÃO,SAO FELIPE,DENTRO,5,0.01,0.0,0.0
JOSE ROCHA,UNIÃO,JUCURUCU,DENTRO,5,0.01,0.0,0.0
JOSE ROCHA,UNIÃO,NOVA VICOSA,DENTRO,5,0.01,0.0,0.0
JOSE ROCHA,UNIÃO,ITAPITANGA,DENTRO,5,0.01,0.0,0.0
JOSE ROCHA,UNIÃO,RAFAEL JAMBEIRO,DENTRO,5,0.01,0.0,0.0
JOSE ROCHA,UNIÃO,LAJE,DENTRO,5,0.01,0.0,0.0
JOSE ROCHA,UNIÃO,CANAVIEIRAS,DENTRO,5,0.01,0.0,0.0
JOSE ROCHA,UNIÃO,VARZEDO,DENTRO,5,0.01,0.0,0.0
JOSE ROCHA,UNIÃO,ANGICAL,DENTRO,5,0.01,0.0,0.0
JOSE ROCHA,UNIÃO,SANTALUZ,DENTRO,5,0.01,0.0,0.0
JOSE ROCHA,UNIÃO,CAMACA,DENTRO,5,0.01,0.0,0.0
JOSE ROCHA,UNIÃO,BROTAS DE MACAUBAS,DENTRO,5,0.01,0.0,0.0
JOSE ROCHA,UNIÃO,PLANALTINO,DENTRO,4,0.01,0.0,0.0
JOSE ROCHA,UNIÃO,ITAMARAJU,DENTRO,4,0.01,0.0,0.0
JOSE ROCHA,UNIÃO,ENCRUZILHADA,DENTRO,4,0.01,0.0,0.0
JOSE ROCHA,UNIÃO,ITIUBA,DENTRO,4,0.01,0.0,0.0
JOSE ROCHA,UNIÃO,SAO FRANCISCO DO CONDE,DENTRO,4,0.01,0.0,0.0
JOSE ROCHA,UNIÃO,CONCEICAO DO JACUIPE,DENTRO,4,0.01,0.0,0.0
JOSE ROCHA,UNIÃO,JANDAIRA,DENTRO,4,0.01,0.0,0.0
JOSE ROCHA,UNIÃO,SANTA BARBARA,DENTRO,4,0.01,0.0,0.0
JOSE ROCHA,UNIÃO,ITAPARICA,DENTRO,4,0.01,0.0,0.0
JOSE ROCHA,UNIÃO,POJUCA,DENTRO,4,0.01,0.0,0.0
JOSE ROCHA,UNIÃO,PRADO,DENTRO,4,0.01,0.0,0.0
JOSE ROCHA,UNIÃO,PIRITIBA,DENTRO,4,0.01,0.0,0.0
JOSE ROCHA,UNIÃO,PALMEIRAS,DENTRO,4,0.01,0.0,0.0
JOSE ROCHA,UNIÃO,CORACAO DE MARIA,DENTRO,4,0.01,0.0,0.0
JOSE ROCHA,UNIÃO,SAO FELIX,DENTRO,4,0.01,0.0,0.0
JOSE ROCHA,UNIÃO,BELMONTE,DENTRO,4,0.01,0.0,0.0
JOSE ROCHA,UNIÃO,CANSANCAO,DENTRO,3,0.00,0.0,0.0
JOSE ROCHA,UNIÃO,PAULO AFONSO,DENTRO,3,0.00,0.0,0.0
JOSE ROCHA,UNIÃO,RIACHAO DO JACUIPE,DENTRO,3,0.00,0.0,0.0
JOSE ROCHA,UNIÃO,ITAGUACU DA BAHIA,DENTRO,3,0.00,0.0,0.0
JOSE ROCHA,UNIÃO,SANTA CRUZ DA VITORIA,DENTRO,3,0.00,0.0,0.0
JOSE ROCHA,UNIÃO,ITABELA,DENTRO,3,0.00,0.0,0.0
JOSE ROCHA,UNIÃO,JAGUARIPE,DENTRO,3,0.00,0.0,0.0
JOSE ROCHA,UNIÃO,LAMARAO,DENTRO,3,0.00,0.0,0.0
JOSE ROCHA,UNIÃO,SANTA RITA DE CASSIA,DENTRO,3,0.00,0.0,0.0
JOSE ROCHA,UNIÃO,BUERAREMA,DENTRO,3,0.00,0.0,0.0
JOSE ROCHA,UNIÃO,BOA VISTA DO TUPIM,DENTRO,3,0.00,0.0,0.0
JOSE ROCHA,UNIÃO,JAGUAQUARA,DENTRO,3,0.00,0.0,0.0
JOSE ROCHA,UNIÃO,UBAITABA,DENTRO,3,0.00,0.0,0.0
JOSE ROCHA,UNIÃO,FORMOSA DO RIO PRETO,DENTRO,3,0.00,0.0,0.0
JOSE ROCHA,UNIÃO,VALENTE,DENTRO,3,0.00,0.0,0.0
JOSE ROCHA,UNIÃO,SANTO AMARO,DENTRO,3,0.00,0.0,0.0
JOSE ROCHA,UNIÃO,BOQUIRA,DENTRO,3,0.00,0.0,0.0
JOSE ROCHA,UNIÃO,MANSIDAO,DENTRO,3,0.00,0.0,0.0
JOSE ROCHA,UNIÃO,SERRA PRETA,DENTRO,3,0.00,0.0,0.0
JOSE ROCHA,UNIÃO,NOVA REDENCAO,DENTRO,3,0.00,0.0,0.0
JOSE ROCHA,UNIÃO,JITAUNA,DENTRO,3,0.00,0.0,0.0
JOSE ROCHA,UNIÃO,RIO DO PIRES,DENTRO,3,0.00,0.0,0.0
JOSE ROCHA,UNIÃO,ANTAS,DENTRO,3,0.00,0.0,0.0
JOSE ROCHA,UNIÃO,JUSSARA,DENTRO,3,0.00,0.0,0.0
JOSE ROCHA,UNIÃO,GANDU,DENTRO,3,0.00,0.0,0.0
JOSE ROCHA,UNIÃO,WENCESLAU GUIMARAES,DENTRO,3,0.00,0.0,0.0
JOSE ROCHA,UNIÃO,MIRANTE,DENTRO,3,0.00,0.0,0.0
JOSE ROCHA,UNIÃO,ITAGI,DENTRO,3,0.00,0.0,0.0
JOSE ROCHA,UNIÃO,DOM MACEDO COSTA,DENTRO,3,0.00,0.0,0.0
JOSE ROCHA,UNIÃO,OUROLANDIA,DENTRO,3,0.00,0.0,0.0
JOSE ROCHA,UNIÃO,CAATIBA,DENTRO,3,0.00,0.0,0.0
JOSE ROCHA,UNIÃO,CAPIM GROSSO,DENTRO,3,0.00,0.0,0.0
JOSE ROCHA,UNIÃO,MEDEIROS NETO,DENTRO,3,0.00,0.0,0.0
JOSE ROCHA,UNIÃO,IBICUI,DENTRO,3,0.00,0.0,0.0
JOSE ROCHA,UNIÃO,CANDIDO SALES,DENTRO,3,0.00,0.0,0.0
JOSE ROCHA,UNIÃO,BONITO,DENTRO,3,0.00,0.0,0.0
JOSE ROCHA,UNIÃO,COARACI,DENTRO,3,0.00,0.0,0.0
JOSE ROCHA,UNIÃO,FILADELFIA,DENTRO,3,0.00,0.0,0.0
JOSE ROCHA,UNIÃO,CONDE,DENTRO,3,0.00,0.0,0.0
JOSE ROCHA,UNIÃO,JOAO DOURADO,DENTRO,3,0.00,0.0,0.0
JOSE ROCHA,UNIÃO,GUARATINGA,DENTRO,2,0.00,0.0,0.0
JOSE ROCHA,UNIÃO,SAO GONCALO DOS CAMPOS,DENTRO,2,0.00,0.0,0.0
JOSE ROCHA,UNIÃO,IBIRATAIA,DENTRO,2,0.00,0.0,0.0
JOSE ROCHA,UNIÃO,RIO REAL,DENTRO,2,0.00,0.0,0.0
JOSE ROCHA,UNIÃO,VARZEA NOVA,DENTRO,2,0.00,0.0,0.0
JOSE ROCHA,UNIÃO,BARRO ALTO,DENTRO,2,0.00,0.0,0.0
JOSE ROCHA,UNIÃO,MAIRI,DENTRO,2,0.00,0.0,0.0
JOSE ROCHA,UNIÃO,EUCLIDES DA CUNHA,DENTRO,2,0.00,0.0,0.0
JOSE ROCHA,UNIÃO,PINDOBACU,DENTRO,2,0.00,0.0,0.0
JOSE ROCHA,UNIÃO,CARAVELAS,DENTRO,2,0.00,0.0,0.0
JOSE ROCHA,UNIÃO,ITAPICURU,DENTRO,2,0.00,0.0,0.0
JOSE ROCHA,UNIÃO,VARZEA DA ROCA,DENTRO,2,0.00,0.0,0.0
JOSE ROCHA,UNIÃO,SAUBARA,DENTRO,2,0.00,0.0,0.0
JOSE ROCHA,UNIÃO,CANUDOS,DENTRO,2,0.00,0.0,0.0
JOSE ROCHA,UNIÃO,MUNDO NOVO,DENTRO,2,0.00,0.0,0.0
JOSE ROCHA,UNIÃO,CRISOPOLIS,DENTRO,2,0.00,0.0,0.0
JOSE ROCHA,UNIÃO,FLORESTA AZUL,DENTRO,2,0.00,0.0,0.0
JOSE ROCHA,UNIÃO,BARRO PRETO,DENTRO,2,0.00,0.0,0.0
JOSE ROCHA,UNIÃO,MARCIONILIO SOUZA,DENTRO,2,0.00,0.0,0.0
JOSE ROCHA,UNIÃO,ITAPEBI,DENTRO,2,0.00,0.0,0.0
JOSE ROCHA,UNIÃO,IBIPITANGA,DENTRO,2,0.00,0.0,0.0
JOSE ROCHA,UNIÃO,MADRE DE DEUS,DENTRO,2,0.00,0.0,0.0
JOSE ROCHA,UNIÃO,CANARANA,DENTRO,2,0.00,0.0,0.0
JOSE ROCHA,UNIÃO,SALINAS DA MARGARIDA,DENTRO,2,0.00,0.0,0.0
JOSE ROCHA,UNIÃO,APORA,DENTRO,2,0.00,0.0,0.0
JOSE ROCHA,UNIÃO,BREJOES,DENTRO,2,0.00,0.0,0.0
JOSE ROCHA,UNIÃO,IBIRAPITANGA,DENTRO,2,0.00,0.0,0.0
JOSE ROCHA,UNIÃO,ITAMARI,DENTRO,2,0.00,0.0,0.0
JOSE ROCHA,UNIÃO,JUSSARI,DENTRO,2,0.00,0.0,0.0
JOSE ROCHA,UNIÃO,MIRANGABA,DENTRO,2,0.00,0.0,0.0
JOSE ROCHA,UNIÃO,MORPARA,DENTRO,2,0.00,0.0,0.0
JOSE ROCHA,UNIÃO,MANOEL VITORINO,DENTRO,2,0.00,0.0,0.0
JOSE ROCHA,UNIÃO,SAO MIGUEL DAS MATAS,DENTRO,2,0.00,0.0,0.0
JOSE ROCHA,UNIÃO,SAO GABRIEL,DENTRO,2,0.00,0.0,0.0
JOSE ROCHA,UNIÃO,PRESIDENTE DUTRA,DENTRO,2,0.00,0.0,0.0
JOSE ROCHA,UNIÃO,AMERICA DOURADA,DENTRO,2,0.00,0.0,0.0
JOSE ROCHA,UNIÃO,ITAPE,DENTRO,2,0.00,0.0,0.0
JOSE ROCHA,UNIÃO,FIRMINO ALVES,DENTRO,2,0.00,0.0,0.0
JOSE ROCHA,UNIÃO,ITAJUIPE,DENTRO,2,0.00,0.0,0.0
JOSE ROCHA,UNIÃO,BOM JESUS DA SERRA,DENTRO,2,0.00,0.0,0.0
JOSE ROCHA,UNIÃO,ARAMARI,DENTRO,2,0.00,0.0,0.0
JOSE ROCHA,UNIÃO,IGRAPIUNA,DENTRO,2,0.00,0.0,0.0
JOSE ROCHA,UNIÃO,CATU,DENTRO,2,0.00,0.0,0.0
JOSE ROCHA,UNIÃO,ALCOBACA,DENTRO,2,0.00,0.0,0.0
JOSE ROCHA,UNIÃO,GAVIAO,DENTRO,2,0.00,0.0,0.0
JOSE ROCHA,UNIÃO,IRARA,DENTRO,2,0.00,0.0,0.0
JOSE ROCHA,UNIÃO,MUCURI,DENTRO,1,0.00,0.0,0.0
JOSE ROCHA,UNIÃO,UIBAI,DENTRO,1,0.00,0.0,0.0
JOSE ROCHA,UNIÃO,ANTONIO GONCALVES,DENTRO,1,0.00,0.0,0.0
JOSE ROCHA,UNIÃO,SENTO SE,DENTRO,1,0.00,0.0,0.0
JOSE ROCHA,UNIÃO,RIACHAO DAS NEVES,DENTRO,1,0.00,0.0,0.0
JOSE ROCHA,UNIÃO,PINTADAS,DENTRO,1,0.00,0.0,0.0
JOSE ROCHA,UNIÃO,AGUA FRIA,DENTRO,1,0.00,0.0,0.0
JOSE ROCHA,UNIÃO,IBITIARA,DENTRO,1,0.00,0.0,0.0
JOSE ROCHA,UNIÃO,SANTA CRUZ CABRALIA,DENTRO,1,0.00,0.0,0.0
JOSE ROCHA,UNIÃO,ITIRUCU,DENTRO,1,0.00,0.0,0.0
JOSE ROCHA,UNIÃO,FATIMA,DENTRO,1,0.00,0.0,0.0
JOSE ROCHA,UNIÃO,COTEGIPE,DENTRO,1,0.00,0.0,0.0
JOSE ROCHA,UNIÃO,IPUPIARA,DENTRO,1,0.00,0.0,0.0
JOSE ROCHA,UNIÃO,MACURURE,DENTRO,1,0.00,0.0,0.0
JOSE ROCHA,UNIÃO,CENTRAL,DENTRO,1,0.00,0.0,0.0
JOSE ROCHA,UNIÃO,CACHOEIRA,DENTRO,1,0.00,0.0,0.0
JOSE ROCHA,UNIÃO,REMANSO,DENTRO,1,0.00,0.0,0.0
JOSE ROCHA,UNIÃO,TANQUINHO,DENTRO,1,0.00,0.0,0.0
JOSE ROCHA,UNIÃO,IBITITA,DENTRO,1,0.00,0.0,0.0
JOSE ROCHA,UNIÃO,NORDESTINA,DENTRO,1,0.00,0.0,0.0
JOSE ROCHA,UNIÃO,URUCUCA,DENTRO,1,0.00,0.0,0.0
JOSE ROCHA,UNIÃO,UMBURANAS,DENTRO,1,0.00,0.0,0.0
JOSE ROCHA,UNIÃO,AIQUARA,DENTRO,1,0.00,0.0,0.0
JOSE ROCHA,UNIÃO,ITAGIBA,DENTRO,1,0.00,0.0,0.0
JOSE ROCHA,UNIÃO,APUAREMA,DENTRO,1,0.00,0.0,0.0
JOSE ROCHA,UNIÃO,CICERO DANTAS,DENTRO,1,0.00,0.0,0.0
JOSE ROCHA,UNIÃO,ALMADINA,DENTRO,1,0.00,0.0,0.0
JOSE ROCHA,UNIÃO,QUIXABEIRA,DENTRO,1,0.00,0.0,0.0
JOSE ROCHA,UNIÃO,RIBEIRA DO AMPARO,DENTRO,1,0.00,0.0,0.0
JOSE ROCHA,UNIÃO,SOUTO SOARES,DENTRO,1,0.00,0.0,0.0
JOSE ROCHA,UNIÃO,BOA NOVA,DENTRO,1,0.00,0.0,0.0
JOSE ROCHA,UNIÃO,PARIPIRANGA,DENTRO,1,0.00,0.0,0.0
JOSE ROCHA,UNIÃO,SANTANOPOLIS,DENTRO,1,0.00,0.0,0.0
JOSE ROCHA,UNIÃO,ACAJUTIBA,DENTRO,1,0.00,0.0,0.0
JOSE ROCHA,UNIÃO,PLANALTO,DENTRO,1,0.00,0.0,0.0
JOSE ROCHA,UNIÃO,MASCOTE,DENTRO,1,0.00,0.0,0.0
JOSE ROCHA,UNIÃO,RIBEIRA DO POMBAL,DENTRO,1,0.00,0.0,0.0
JOSE ROCHA,UNIÃO,IRAJUBA,DENTRO,1,0.00,0.0,0.0
JOSE ROCHA,UNIÃO,CALDEIRAO GRANDE,DENTRO,1,0.00,0.0,0.0
JOSE ROCHA,UNIÃO,PE DE SERRA,DENTRO,1,0.00,0.0,0.0
JOSE ROCHA,UNIÃO,PONTO NOVO,DENTRO,1,0.00,0.0,0.0
JOSE ROCHA,UNIÃO,SANTA LUZIA,DENTRO,1,0.00,0.0,0.0
JOSE ROCHA,UNIÃO,ANGUERA,DENTRO,1,0.00,0.0,0.0
JOSE ROCHA,UNIÃO,IRAQUARA,DENTRO,1,0.00,0.0,0.0
JOSE ROCHA,UNIÃO,SANTO ESTEVAO,DENTRO,1,0.00,0.0,0.0
JOSE ROCHA,UNIÃO,PAU BRASIL,DENTRO,1,0.00,0.0,0.0
JOSE ROCHA,UNIÃO,AURELINO LEAL,DENTRO,1,0.00,0.0,0.0
JOSE ROCHA,UNIÃO,CURACA,DENTRO,1,0.00,0.0,0.0
JOSE ROCHA,UNIÃO,IGUAI,DENTRO,1,0.00,0.0,0.0
JOSE ROCHA,UNIÃO,TAPIRAMUTA,DENTRO,1,0.00,0.0,0.0
JOSE ROCHA,UNIÃO,ARATACA,DENTRO,1,0.00,0.0,0.0
JOSE ROCHA,UNIÃO,ITACARE,DENTRO,1,0.00,0.0,0.0
JOSE ROCHA,UNIÃO,SERROLANDIA,DENTRO,1,0.00,0.0,0.0
JOSE ROCHA,UNIÃO,NILO PECANHA,DENTRO,1,0.00,0.0,0.0
JOSE ROCHA,UNIÃO,CRAVOLANDIA,DENTRO,1,0.00,0.0,0.0
JOSE ROCHA,UNIÃO,RETIROLANDIA,DENTRO,1,0.00,0.0,0.0
JOSE ROCHA,UNIÃO,NOVA ITARANA,DENTRO,1,0.00,0.0,0.0
JOSE ROCHA,UNIÃO,QUIJINGUE,DENTRO,1,0.00,0.0,0.0
JOSE ROCHA,UNIÃO,ICHU,DENTRO,1,0.00,0.0,0.0
JOSE ROCHA,UNIÃO,CORONEL JOAO SA,DENTRO,1,0.00,0.0,0.0
JOSE ROCHA,UNIÃO,NOVA SOURE,DENTRO,1,0.00,0.0,0.0
JOSE ROCHA,UNIÃO,ITAQUARA,DENTRO,1,0.00,0.0,0.0
JOSE ROCHA,UNIÃO,PILAO ARCADO,DENTRO,1,0.00,0.0,0.0
JOSE ROCHA,UNIÃO,ADUSTINA,DENTRO,1,0.00,0.0,0.0
JOSE ROCHA,UNIÃO,MUNIZ FERREIRA,DENTRO,1,0.00,0.0,0.0
JOSE ROCHA,UNIÃO,BONINAL,DENTRO,1,0.00,0.0,0.0
JOSE ROCHA,UNIÃO,CAFARNAUM,DENTRO,1,0.00,0.0,0.0
JOSE ROCHA,UNIÃO,BARRA DO MENDES,DENTRO,0,0.00,0.0,0.0
JOSE ROCHA,UNIÃO,BARRA DO ROCHA,DENTRO,0,0.00,0.0,0.0
JOSE ROCHA,UNIÃO,VEREDA,DENTRO,0,0.00,0.0,0.0
JOSE ROCHA,UNIÃO,IRAMAIA,DENTRO,0,0.00,0.0,0.0
JOSE ROCHA,UNIÃO,NOVA IBIA,DENTRO,0,0.00,0.0,0.0
JOSE ROCHA,UNIÃO,LENCOIS,DENTRO,0,0.00,0.0,0.0
JOSE ROCHA,UNIÃO,GONGOGI,DENTRO,0,0.00,0.0,0.0
JOSE ROCHA,UNIÃO,LAJEDINHO,DENTRO,0,0.00,0.0,0.0
JOSE ROCHA,UNIÃO,UTINGA,DENTRO,0,0.00,0.0,0.0
JOSE ROCHA,UNIÃO,ELISIO MEDRADO,DENTRO,0,0.00,0.0,0.0
JOSE ROCHA,UNIÃO,MILAGRES,DENTRO,0,0.00,0.0,0.0
JOSE ROCHA,UNIÃO,CARDEAL DA SILVA,DENTRO,0,0.00,0.0,0.0
JOSE ROCHA,UNIÃO,MONTE SANTO,DENTRO,0,0.00,0.0,0.0
JOSE ROCHA,UNIÃO,LAPAO,DENTRO,0,0.00,0.0,0.0
JOSE ROCHA,UNIÃO,TEOFILANDIA,DENTRO,0,0.00,0.0,0.0
JOSE ROCHA,UNIÃO,OURICANGAS,DENTRO,0,0.00,0.0,0.0
JOSE ROCHA,UNIÃO,SANTA BRIGIDA,DENTRO,0,0.00,0.0,0.0
JOSE ROCHA,UNIÃO,TUCANO,DENTRO,0,0.00,0.0,0.0
JOSE ROCHA,UNIÃO,SAO DOMINGOS,DENTRO,0,0.00,0.0,0.0
JOSE ROCHA,UNIÃO,IBIPEBA,DENTRO,0,0.00,0.0,0.0
JOSE ROCHA,UNIÃO,UBATA,DENTRO,0,0.00,0.0,0.0
JOSE ROCHA,UNIÃO,MARAU,DENTRO,0,0.00,0.0,0.0
JOSE ROCHA,UNIÃO,MULUNGU DO MORRO,DENTRO,0,0.00,0.0,0.0
JOSE ROCHA,UNIÃO,SAO JOSE DO JACUIPE,DENTRO,0,0.00,0.0,0.0
JOSE ROCHA,UNIÃO,SITIO DO QUINTO,DENTRO,0,0.00,0.0,0.0
JOSE ROCHA,UNIÃO,VARZEA DO POCO,DENTRO,0,0.00,0.0,0.0
JOSE ROCHA,UNIÃO,BARROCAS,DENTRO,0,0.00,0.0,0.0
JOSE ROCHA,UNIÃO,HELIOPOLIS,DENTRO,0,0.00,0.0,0.0
JOSE ROCHA,UNIÃO,IBIQUERA,DENTRO,0,0.00,0.0,0.0
JOSE ROCHA,UNIÃO,CAEM,DENTRO,0,0.00,0.0,0.0
JOSE ROCHA,UNIÃO,NOVA CANAA,DENTRO,0,0.00,0.0,0.0
JOSE ROCHA,UNIÃO,NOVO TRIUNFO,DENTRO,0,0.00,0.0,0.0
JOSE ROCHA,UNIÃO,PEDRO ALEXANDRE,DENTRO,0,0.00,0.0,0.0
JOSE ROCHA,UNIÃO,IBIRAPUA,DENTRO,0,0.00,0.0,0.0
JOSE ROCHA,UNIÃO,SAUDE,DENTRO,0,0.00,0.0,0.0
JOSE ROCHA,UNIÃO,LAFAIETE COUTINHO,DENTRO,0,0.00,0.0,0.0
JOSE ROCHA,UNIÃO,NOVO HORIZONTE,DENTRO,0,0.00,0.0,0.0
JOSE ROCHA,UNIÃO,ARATUIPE,DENTRO,0,0.00,0.0,0.0
JOSE ROCHA,UNIÃO,ARACI,DENTRO,0,0.00,0.0,0.0
JOSE ROCHA,UNIÃO,GOVERNADOR MANGABEIRA,DENTRO,0,0.00,0.0,0.0
JOSE ROCHA,UNIÃO,ITANAGRA,DENTRO,0,0.00,0.0,0.0
JOSE ROCHA,UNIÃO,PIRAI DO NORTE,DENTRO,0,0.00,0.0,0.0
JOSE ROCHA,UNIÃO,LAJEDAO,DENTRO,0,0.00,0.0,0.0
JOSE ROCHA,UNIÃO,CAMPO ALEGRE DE LOURDES,DENTRO,0,0.00,0.0,0.0
JOSE ROCHA,UNIÃO,SATIRO DIAS,DENTRO,0,0.00,0.0,0.0
JOSE ROCHA,UNIÃO,ARACAS,DENTRO,0,0.00,0.0,0.0
JOSE ROCHA,UNIÃO,WAGNER,DENTRO,0,0.00,0.0,0.0
JOSE ROCHA,UNIÃO,GENTIO DO OURO,DENTRO,0,0.00,0.0,0.0
JOSE ROCHA,UNIÃO,SAO JOSE DA VITORIA,DENTRO,0,0.00,0.0,0.0
JOSE ROCHA,UNIÃO,SOBRADINHO,DENTRO,0,0.00,0.0,0.0
JOSE ROCHA,UNIÃO,GLORIA,DENTRO,0,0.00,0.0,0.0
JOSE ROCHA,UNIÃO,IPECAETA,DENTRO,0,0.00,0.0,0.0
JOSE ROCHA,UNIÃO,CONCEICAO DA FEIRA,DENTRO,0,0.00,0.0,0.0
JOSE ROCHA,UNIÃO,RODELAS,DENTRO,0,0.00,0.0,0.0
JOSE ROCHA,UNIÃO,ANDORINHA,DENTRO,0,0.00,0.0,0.0
JOSE ROCHA,UNIÃO,CAETANOS,DENTRO,0,0.00,0.0,0.0
JOSE ROCHA,UNIÃO,ANTONIO CARDOSO,DENTRO,0,0.00,0.0,0.0
JOSE ROCHA,UNIÃO,BANZAE,DENTRO,0,0.00,0.0,0.0
JOSE ROCHA,UNIÃO,MACAJUBA,DENTRO,0,0.00,0.0,0.0
JOSE ROCHA,UNIÃO,OLINDINA,DENTRO,0,0.00,0.0,0.0
JOSE ROCHA,UNIÃO,ITAGIMIRIM,DENTRO,0,0.00,0.0,0.0
JOSE ROCHA,UNIÃO,JEREMOABO,DENTRO,0,0.00,0.0,0.0
JOSE ROCHA,UNIÃO,DARIO MEIRA,DENTRO,0,0.00,0.0,0.0
JOSE ROCHA,UNIÃO,ESPLANADA,DENTRO,0,0.00,0.0,0.0
JOSE ROCHA,UNIÃO,MORRO DO CHAPEU,DENTRO,0,0.00,0.0,0.0
JOSE ROCHA,UNIÃO,PEDRAO,DENTRO,0,0.00,0.0,0.0
JOSE ROCHA,UNIÃO,CIPO,DENTRO,0,0.00,0.0,0.0
JOSE ROCHA,UNIÃO,BIRITINGA,DENTRO,0,0.00,0.0,0.0
JOSE ROCHA,UNIÃO,MULTIPLO,AMPLO,0,0,145765240.0,93.26
JOSE ROCHA,UNIÃO,SEM INFORMACAO,AMPLO,0,0,10339326.77,6.61
JOSE ROCHA,UNIÃO,SALVADOR (BAHIA),FORA,0,0,200000.0,0.13
PASTOR SARGENTO ISIDORIO,AVANTE,SALVADOR,DENTRO,39293,50.92,0.0,0.0
PASTOR SARGENTO ISIDORIO,AVANTE,CANDEIAS,DENTRO,6146,7.96,0.0,0.0
PASTOR SARGENTO ISIDORIO,AVANTE,CAMACARI,DENTRO,4808,6.23,0.0,0.0
PASTOR SARGENTO ISIDORIO,AVANTE,SIMOES FILHO,DENTRO,4364,5.66,0.0,0.0
PASTOR SARGENTO ISIDORIO,AVANTE,LAURO DE FREITAS,DENTRO,3275,4.24,0.0,0.0
PASTOR SARGENTO ISIDORIO,AVANTE,FEIRA DE SANTANA,DENTRO,2423,3.14,0.0,0.0
PASTOR SARGENTO ISIDORIO,AVANTE,SAO FRANCISCO DO CONDE,DENTRO,2128,2.76,0.0,0.0
PASTOR SARGENTO ISIDORIO,AVANTE,DIAS D AVILA,DENTRO,1788,2.32,0.0,0.0
PASTOR SARGENTO ISIDORIO,AVANTE,SANTO AMARO,DENTRO,1038,1.35,0.0,0.0
PASTOR SARGENTO ISIDORIO,AVANTE,SAO SEBASTIAO DO PASSE,DENTRO,910,1.18,0.0,0.0
PASTOR SARGENTO ISIDORIO,AVANTE,ALAGOINHAS,DENTRO,758,0.98,0.0,0.0
PASTOR SARGENTO ISIDORIO,AVANTE,MADRE DE DEUS,DENTRO,510,0.66,0.0,0.0
PASTOR SARGENTO ISIDORIO,AVANTE,POJUCA,DENTRO,464,0.60,0.0,0.0
PASTOR SARGENTO ISIDORIO,AVANTE,CATU,DENTRO,422,0.55,0.0,0.0
PASTOR SARGENTO ISIDORIO,AVANTE,VERA CRUZ,DENTRO,347,0.45,0.0,0.0
PASTOR SARGENTO ISIDORIO,AVANTE,MATA DE SAO JOAO,DENTRO,344,0.45,0.0,0.0
PASTOR SARGENTO ISIDORIO,AVANTE,TERRA NOVA,DENTRO,308,0.40,0.0,0.0
PASTOR SARGENTO ISIDORIO,AVANTE,AMELIA RODRIGUES,DENTRO,300,0.39,0.0,0.0
PASTOR SARGENTO ISIDORIO,AVANTE,CRUZ DAS ALMAS,DENTRO,266,0.34,0.0,0.0
PASTOR SARGENTO ISIDORIO,AVANTE,CONCEICAO DO JACUIPE,DENTRO,257,0.33,0.0,0.0
PASTOR SARGENTO ISIDORIO,AVANTE,SANTO ANTONIO DE JESUS,DENTRO,242,0.31,0.0,0.0
PASTOR SARGENTO ISIDORIO,AVANTE,ITAPARICA,DENTRO,226,0.29,0.0,0.0
PASTOR SARGENTO ISIDORIO,AVANTE,MURITIBA,DENTRO,191,0.25,0.0,0.0
PASTOR SARGENTO ISIDORIO,AVANTE,MARAGOGIPE,DENTRO,185,0.24,0.0,0.0
PASTOR SARGENTO ISIDORIO,AVANTE,SERRINHA,DENTRO,170,0.22,0.0,0.0
PASTOR SARGENTO ISIDORIO,AVANTE,CASTRO ALVES,DENTRO,163,0.21,0.0,0.0
PASTOR SARGENTO ISIDORIO,AVANTE,SAO GONCALO DOS CAMPOS,DENTRO,159,0.21,0.0,0.0
PASTOR SARGENTO ISIDORIO,AVANTE,SANTO ESTEVAO,DENTRO,159,0.21,0.0,0.0
PASTOR SARGENTO ISIDORIO,AVANTE,VALENCA,DENTRO,158,0.20,0.0,0.0
PASTOR SARGENTO ISIDORIO,AVANTE,CACHOEIRA,DENTRO,151,0.20,0.0,0.0
PASTOR SARGENTO ISIDORIO,AVANTE,SALINAS DA MARGARIDA,DENTRO,145,0.19,0.0,0.0
PASTOR SARGENTO ISIDORIO,AVANTE,TEODORO SAMPAIO,DENTRO,132,0.17,0.0,0.0
PASTOR SARGENTO ISIDORIO,AVANTE,ITABERABA,DENTRO,128,0.17,0.0,0.0
PASTOR SARGENTO ISIDORIO,AVANTE,ITABUNA,DENTRO,122,0.16,0.0,0.0
PASTOR SARGENTO ISIDORIO,AVANTE,ENTRE RIOS,DENTRO,122,0.16,0.0,0.0
PASTOR SARGENTO ISIDORIO,AVANTE,CONCEICAO DO COITE,DENTRO,118,0.15,0.0,0.0
PASTOR SARGENTO ISIDORIO,AVANTE,SAUBARA,DENTRO,113,0.15,0.0,0.0
PASTOR SARGENTO ISIDORIO,AVANTE,ILHEUS,DENTRO,109,0.14,0.0,0.0
PASTOR SARGENTO ISIDORIO,AVANTE,SANTA BARBARA,DENTRO,103,0.13,0.0,0.0
PASTOR SARGENTO ISIDORIO,AVANTE,CORACAO DE MARIA,DENTRO,99,0.13,0.0,0.0
PASTOR SARGENTO ISIDORIO,AVANTE,IRARA,DENTRO,92,0.12,0.0,0.0
PASTOR SARGENTO ISIDORIO,AVANTE,SAO FELIX,DENTRO,90,0.12,0.0,0.0
PASTOR SARGENTO ISIDORIO,AVANTE,SAO FELIPE,DENTRO,88,0.11,0.0,0.0
PASTOR SARGENTO ISIDORIO,AVANTE,JUAZEIRO,DENTRO,88,0.11,0.0,0.0
PASTOR SARGENTO ISIDORIO,AVANTE,NAZARE,DENTRO,87,0.11,0.0,0.0
PASTOR SARGENTO ISIDORIO,AVANTE,CANAVIEIRAS,DENTRO,86,0.11,0.0,0.0
PASTOR SARGENTO ISIDORIO,AVANTE,CONCEICAO DA FEIRA,DENTRO,86,0.11,0.0,0.0
PASTOR SARGENTO ISIDORIO,AVANTE,VITORIA DA CONQUISTA,DENTRO,85,0.11,0.0,0.0
PASTOR SARGENTO ISIDORIO,AVANTE,SAPEACU,DENTRO,84,0.11,0.0,0.0
PASTOR SARGENTO ISIDORIO,AVANTE,EUNAPOLIS,DENTRO,76,0.10,0.0,0.0
PASTOR SARGENTO ISIDORIO,AVANTE,IPIRA,DENTRO,73,0.09,0.0,0.0
PASTOR SARGENTO ISIDORIO,AVANTE,GOVERNADOR MANGABEIRA,DENTRO,73,0.09,0.0,0.0
PASTOR SARGENTO ISIDORIO,AVANTE,CONCEICAO DO ALMEIDA,DENTRO,71,0.09,0.0,0.0
PASTOR SARGENTO ISIDORIO,AVANTE,JAGUARIPE,DENTRO,65,0.08,0.0,0.0
PASTOR SARGENTO ISIDORIO,AVANTE,XIQUE-XIQUE,DENTRO,56,0.07,0.0,0.0
PASTOR SARGENTO ISIDORIO,AVANTE,PORTO SEGURO,DENTRO,53,0.07,0.0,0.0
PASTOR SARGENTO ISIDORIO,AVANTE,JEQUIE,DENTRO,52,0.07,0.0,0.0
PASTOR SARGENTO ISIDORIO,AVANTE,SANTALUZ,DENTRO,50,0.06,0.0,0.0
PASTOR SARGENTO ISIDORIO,AVANTE,OURICANGAS,DENTRO,45,0.06,0.0,0.0
PASTOR SARGENTO ISIDORIO,AVANTE,ANGUERA,DENTRO,44,0.06,0.0,0.0
PASTOR SARGENTO ISIDORIO,AVANTE,JACOBINA,DENTRO,44,0.06,0.0,0.0
PASTOR SARGENTO ISIDORIO,AVANTE,BARREIRAS,DENTRO,42,0.05,0.0,0.0
PASTOR SARGENTO ISIDORIO,AVANTE,SANTA CRUZ CABRALIA,DENTRO,42,0.05,0.0,0.0
PASTOR SARGENTO ISIDORIO,AVANTE,INHAMBUPE,DENTRO,41,0.05,0.0,0.0
PASTOR SARGENTO ISIDORIO,AVANTE,ANTONIO CARDOSO,DENTRO,41,0.05,0.0,0.0
PASTOR SARGENTO ISIDORIO,AVANTE,CIPO,DENTRO,41,0.05,0.0,0.0
PASTOR SARGENTO ISIDORIO,AVANTE,RIACHAO DO JACUIPE,DENTRO,40,0.05,0.0,0.0
PASTOR SARGENTO ISIDORIO,AVANTE,PAULO AFONSO,DENTRO,38,0.05,0.0,0.0
PASTOR SARGENTO ISIDORIO,AVANTE,AMARGOSA,DENTRO,38,0.05,0.0,0.0
PASTOR SARGENTO ISIDORIO,AVANTE,IPECAETA,DENTRO,38,0.05,0.0,0.0
PASTOR SARGENTO ISIDORIO,AVANTE,SANTANOPOLIS,DENTRO,37,0.05,0.0,0.0
PASTOR SARGENTO ISIDORIO,AVANTE,JAGUAQUARA,DENTRO,35,0.05,0.0,0.0
PASTOR SARGENTO ISIDORIO,AVANTE,ARAMARI,DENTRO,35,0.05,0.0,0.0
PASTOR SARGENTO ISIDORIO,AVANTE,GANDU,DENTRO,34,0.04,0.0,0.0
PASTOR SARGENTO ISIDORIO,AVANTE,PEDRAO,DENTRO,34,0.04,0.0,0.0
PASTOR SARGENTO ISIDORIO,AVANTE,ARATUIPE,DENTRO,33,0.04,0.0,0.0
PASTOR SARGENTO ISIDORIO,AVANTE,SENHOR DO BONFIM,DENTRO,31,0.04,0.0,0.0
PASTOR SARGENTO ISIDORIO,AVANTE,AGUA FRIA,DENTRO,29,0.04,0.0,0.0
PASTOR SARGENTO ISIDORIO,AVANTE,URUCUCA,DENTRO,29,0.04,0.0,0.0
PASTOR SARGENTO ISIDORIO,AVANTE,ITUBERA,DENTRO,29,0.04,0.0,0.0
PASTOR SARGENTO ISIDORIO,AVANTE,CAIRU,DENTRO,29,0.04,0.0,0.0
PASTOR SARGENTO ISIDORIO,AVANTE,MUNIZ FERREIRA,DENTRO,28,0.04,0.0,0.0
PASTOR SARGENTO ISIDORIO,AVANTE,ESPLANADA,DENTRO,27,0.03,0.0,0.0
PASTOR SARGENTO ISIDORIO,AVANTE,IACU,DENTRO,26,0.03,0.0,0.0
PASTOR SARGENTO ISIDORIO,AVANTE,CABACEIRAS DO PARAGUACU,DENTRO,26,0.03,0.0,0.0
PASTOR SARGENTO ISIDORIO,AVANTE,RAFAEL JAMBEIRO,DENTRO,26,0.03,0.0,0.0
PASTOR SARGENTO ISIDORIO,AVANTE,SANTA TEREZINHA,DENTRO,25,0.03,0.0,0.0
PASTOR SARGENTO ISIDORIO,AVANTE,ITANAGRA,DENTRO,25,0.03,0.0,0.0
PASTOR SARGENTO ISIDORIO,AVANTE,ITACARE,DENTRO,25,0.03,0.0,0.0
PASTOR SARGENTO ISIDORIO,AVANTE,ITAPETINGA,DENTRO,24,0.03,0.0,0.0
PASTOR SARGENTO ISIDORIO,AVANTE,LUIS EDUARDO MAGALHAES,DENTRO,24,0.03,0.0,0.0
PASTOR SARGENTO ISIDORIO,AVANTE,VALENTE,DENTRO,24,0.03,0.0,0.0
PASTOR SARGENTO ISIDORIO,AVANTE,PRESIDENTE TANCREDO NEVES,DENTRO,24,0.03,0.0,0.0
PASTOR SARGENTO ISIDORIO,AVANTE,CAMAMU,DENTRO,24,0.03,0.0,0.0
PASTOR SARGENTO ISIDORIO,AVANTE,RIO REAL,DENTRO,23,0.03,0.0,0.0
PASTOR SARGENTO ISIDORIO,AVANTE,TEIXEIRA DE FREITAS,DENTRO,23,0.03,0.0,0.0
PASTOR SARGENTO ISIDORIO,AVANTE,IRECE,DENTRO,23,0.03,0.0,0.0
PASTOR SARGENTO ISIDORIO,AVANTE,ITAJUIPE,DENTRO,23,0.03,0.0,0.0
PASTOR SARGENTO ISIDORIO,AVANTE,ARACI,DENTRO,22,0.03,0.0,0.0
PASTOR SARGENTO ISIDORIO,AVANTE,TEOLANDIA,DENTRO,22,0.03,0.0,0.0
PASTOR SARGENTO ISIDORIO,AVANTE,BRUMADO,DENTRO,21,0.03,0.0,0.0
PASTOR SARGENTO ISIDORIO,AVANTE,SERRA PRETA,DENTRO,21,0.03,0.0,0.0
PASTOR SARGENTO ISIDORIO,AVANTE,ARACAS,DENTRO,21,0.03,0.0,0.0
PASTOR SARGENTO ISIDORIO,AVANTE,MUTUIPE,DENTRO,21,0.03,0.0,0.0
PASTOR SARGENTO ISIDORIO,AVANTE,EUCLIDES DA CUNHA,DENTRO,20,0.03,0.0,0.0
PASTOR SARGENTO ISIDORIO,AVANTE,CANDEAL,DENTRO,20,0.03,0.0,0.0
PASTOR SARGENTO ISIDORIO,AVANTE,RUY BARBOSA,DENTRO,20,0.03,0.0,0.0
PASTOR SARGENTO ISIDORIO,AVANTE,DOM MACEDO COSTA,DENTRO,20,0.03,0.0,0.0
PASTOR SARGENTO ISIDORIO,AVANTE,MORRO DO CHAPEU,DENTRO,20,0.03,0.0,0.0
PASTOR SARGENTO ISIDORIO,AVANTE,UBAIRA,DENTRO,18,0.02,0.0,0.0
PASTOR SARGENTO ISIDORIO,AVANTE,BAIXA GRANDE,DENTRO,18,0.02,0.0,0.0
PASTOR SARGENTO ISIDORIO,AVANTE,TAPEROA,DENTRO,17,0.02,0.0,0.0
PASTOR SARGENTO ISIDORIO,AVANTE,MASCOTE,DENTRO,17,0.02,0.0,0.0
PASTOR SARGENTO ISIDORIO,AVANTE,VARZEDO,DENTRO,17,0.02,0.0,0.0
PASTOR SARGENTO ISIDORIO,AVANTE,CAPIM GROSSO,DENTRO,17,0.02,0.0,0.0
PASTOR SARGENTO ISIDORIO,AVANTE,NOVA FATIMA,DENTRO,17,0.02,0.0,0.0
PASTOR SARGENTO ISIDORIO,AVANTE,ELISIO MEDRADO,DENTRO,16,0.02,0.0,0.0
PASTOR SARGENTO ISIDORIO,AVANTE,LAMARAO,DENTRO,16,0.02,0.0,0.0
PASTOR SARGENTO ISIDORIO,AVANTE,MARACAS,DENTRO,16,0.02,0.0,0.0
PASTOR SARGENTO ISIDORIO,AVANTE,OLINDINA,DENTRO,16,0.02,0.0,0.0
PASTOR SARGENTO ISIDORIO,AVANTE,CONDE,DENTRO,16,0.02,0.0,0.0
PASTOR SARGENTO ISIDORIO,AVANTE,BIRITINGA,DENTRO,16,0.02,0.0,0.0
PASTOR SARGENTO ISIDORIO,AVANTE,ANDARAI,DENTRO,15,0.02,0.0,0.0
PASTOR SARGENTO ISIDORIO,AVANTE,UBATA,DENTRO,15,0.02,0.0,0.0
PASTOR SARGENTO ISIDORIO,AVANTE,BARROCAS,DENTRO,14,0.02,0.0,0.0
PASTOR SARGENTO ISIDORIO,AVANTE,IBIRAPITANGA,DENTRO,14,0.02,0.0,0.0
PASTOR SARGENTO ISIDORIO,AVANTE,SANTA INES,DENTRO,13,0.02,0.0,0.0
PASTOR SARGENTO ISIDORIO,AVANTE,TUCANO,DENTRO,13,0.02,0.0,0.0
PASTOR SARGENTO ISIDORIO,AVANTE,CAETITE,DENTRO,13,0.02,0.0,0.0
PASTOR SARGENTO ISIDORIO,AVANTE,WENCESLAU GUIMARAES,DENTRO,13,0.02,0.0,0.0
PASTOR SARGENTO ISIDORIO,AVANTE,NOVA SOURE,DENTRO,13,0.02,0.0,0.0
PASTOR SARGENTO ISIDORIO,AVANTE,TANQUINHO,DENTRO,12,0.02,0.0,0.0
PASTOR SARGENTO ISIDORIO,AVANTE,BOM JESUS DA LAPA,DENTRO,12,0.02,0.0,0.0
PASTOR SARGENTO ISIDORIO,AVANTE,LAJE,DENTRO,12,0.02,0.0,0.0
PASTOR SARGENTO ISIDORIO,AVANTE,BREJOES,DENTRO,12,0.02,0.0,0.0
PASTOR SARGENTO ISIDORIO,AVANTE,GUANAMBI,DENTRO,12,0.02,0.0,0.0
PASTOR SARGENTO ISIDORIO,AVANTE,RIACHAO DAS NEVES,DENTRO,11,0.01,0.0,0.0
PASTOR SARGENTO ISIDORIO,AVANTE,MILAGRES,DENTRO,11,0.01,0.0,0.0
PASTOR SARGENTO ISIDORIO,AVANTE,TEOFILANDIA,DENTRO,11,0.01,0.0,0.0
PASTOR SARGENTO ISIDORIO,AVANTE,CASA NOVA,DENTRO,10,0.01,0.0,0.0
PASTOR SARGENTO ISIDORIO,AVANTE,LIVRAMENTO DE NOSSA SENHORA,DENTRO,10,0.01,0.0,0.0
PASTOR SARGENTO ISIDORIO,AVANTE,CICERO DANTAS,DENTRO,10,0.01,0.0,0.0
PASTOR SARGENTO ISIDORIO,AVANTE,BOA VISTA DO TUPIM,DENTRO,10,0.01,0.0,0.0
PASTOR SARGENTO ISIDORIO,AVANTE,UBAITABA,DENTRO,10,0.01,0.0,0.0
PASTOR SARGENTO ISIDORIO,AVANTE,ACAJUTIBA,DENTRO,10,0.01,0.0,0.0
PASTOR SARGENTO ISIDORIO,AVANTE,RIBEIRA DO POMBAL,DENTRO,10,0.01,0.0,0.0
PASTOR SARGENTO ISIDORIO,AVANTE,MIGUEL CALMON,DENTRO,10,0.01,0.0,0.0
PASTOR SARGENTO ISIDORIO,AVANTE,PIRITIBA,DENTRO,10,0.01,0.0,0.0
PASTOR SARGENTO ISIDORIO,AVANTE,ARATACA,DENTRO,10,0.01,0.0,0.0
PASTOR SARGENTO ISIDORIO,AVANTE,IGRAPIUNA,DENTRO,10,0.01,0.0,0.0
PASTOR SARGENTO ISIDORIO,AVANTE,SENTO SE,DENTRO,9,0.01,0.0,0.0
PASTOR SARGENTO ISIDORIO,AVANTE,ITATIM,DENTRO,9,0.01,0.0,0.0
PASTOR SARGENTO ISIDORIO,AVANTE,PIRAI DO NORTE,DENTRO,9,0.01,0.0,0.0
PASTOR SARGENTO ISIDORIO,AVANTE,SITIO DO MATO,DENTRO,8,0.01,0.0,0.0
PASTOR SARGENTO ISIDORIO,AVANTE,ITAETE,DENTRO,8,0.01,0.0,0.0
PASTOR SARGENTO ISIDORIO,AVANTE,ITABELA,DENTRO,8,0.01,0.0,0.0
PASTOR SARGENTO ISIDORIO,AVANTE,MARAU,DENTRO,8,0.01,0.0,0.0
PASTOR SARGENTO ISIDORIO,AVANTE,NOVA VICOSA,DENTRO,8,0.01,0.0,0.0
PASTOR SARGENTO ISIDORIO,AVANTE,PE DE SERRA,DENTRO,8,0.01,0.0,0.0
PASTOR SARGENTO ISIDORIO,AVANTE,ITAMARI,DENTRO,8,0.01,0.0,0.0
PASTOR SARGENTO ISIDORIO,AVANTE,BARRA,DENTRO,8,0.01,0.0,0.0
PASTOR SARGENTO ISIDORIO,AVANTE,ITAGI,DENTRO,8,0.01,0.0,0.0
PASTOR SARGENTO ISIDORIO,AVANTE,PRADO,DENTRO,8,0.01,0.0,0.0
PASTOR SARGENTO ISIDORIO,AVANTE,ICHU,DENTRO,8,0.01,0.0,0.0
PASTOR SARGENTO ISIDORIO,AVANTE,COARACI,DENTRO,8,0.01,0.0,0.0
PASTOR SARGENTO ISIDORIO,AVANTE,JIQUIRICA,DENTRO,7,0.01,0.0,0.0
PASTOR SARGENTO ISIDORIO,AVANTE,UIBAI,DENTRO,7,0.01,0.0,0.0
PASTOR SARGENTO ISIDORIO,AVANTE,ITIUBA,DENTRO,7,0.01,0.0,0.0
PASTOR SARGENTO ISIDORIO,AVANTE,SANTA BRIGIDA,DENTRO,7,0.01,0.0,0.0
PASTOR SARGENTO ISIDORIO,AVANTE,UMBURANAS,DENTRO,7,0.01,0.0,0.0
PASTOR SARGENTO ISIDORIO,AVANTE,BUERAREMA,DENTRO,7,0.01,0.0,0.0
PASTOR SARGENTO ISIDORIO,AVANTE,AURELINO LEAL,DENTRO,7,0.01,0.0,0.0
PASTOR SARGENTO ISIDORIO,AVANTE,SEABRA,DENTRO,7,0.01,0.0,0.0
PASTOR SARGENTO ISIDORIO,AVANTE,SAO MIGUEL DAS MATAS,DENTRO,7,0.01,0.0,0.0
PASTOR SARGENTO ISIDORIO,AVANTE,CAFARNAUM,DENTRO,7,0.01,0.0,0.0
PASTOR SARGENTO ISIDORIO,AVANTE,BARRA DO MENDES,DENTRO,6,0.01,0.0,0.0
PASTOR SARGENTO ISIDORIO,AVANTE,PINTADAS,DENTRO,6,0.01,0.0,0.0
PASTOR SARGENTO ISIDORIO,AVANTE,NOVA IBIA,DENTRO,6,0.01,0.0,0.0
PASTOR SARGENTO ISIDORIO,AVANTE,CARDEAL DA SILVA,DENTRO,6,0.01,0.0,0.0
PASTOR SARGENTO ISIDORIO,AVANTE,MONTE SANTO,DENTRO,6,0.01,0.0,0.0
PASTOR SARGENTO ISIDORIO,AVANTE,CAMPO FORMOSO,DENTRO,6,0.01,0.0,0.0
PASTOR SARGENTO ISIDORIO,AVANTE,IPIAU,DENTRO,6,0.01,0.0,0.0
PASTOR SARGENTO ISIDORIO,AVANTE,ANTAS,DENTRO,6,0.01,0.0,0.0
PASTOR SARGENTO ISIDORIO,AVANTE,SATIRO DIAS,DENTRO,6,0.01,0.0,0.0
PASTOR SARGENTO ISIDORIO,AVANTE,IRAQUARA,DENTRO,6,0.01,0.0,0.0
PASTOR SARGENTO ISIDORIO,AVANTE,SANTA MARIA DA VITORIA,DENTRO,6,0.01,0.0,0.0
PASTOR SARGENTO ISIDORIO,AVANTE,PIATA,DENTRO,6,0.01,0.0,0.0
PASTOR SARGENTO ISIDORIO,AVANTE,DARIO MEIRA,DENTRO,6,0.01,0.0,0.0
PASTOR SARGENTO ISIDORIO,AVANTE,ALCOBACA,DENTRO,6,0.01,0.0,0.0
PASTOR SARGENTO ISIDORIO,AVANTE,ITIRUCU,DENTRO,5,0.01,0.0,0.0
PASTOR SARGENTO ISIDORIO,AVANTE,ITAPICURU,DENTRO,5,0.01,0.0,0.0
PASTOR SARGENTO ISIDORIO,AVANTE,VARZEA DA ROCA,DENTRO,5,0.01,0.0,0.0
PASTOR SARGENTO ISIDORIO,AVANTE,RIO DO ANTONIO,DENTRO,5,0.01,0.0,0.0
PASTOR SARGENTO ISIDORIO,AVANTE,MUNDO NOVO,DENTRO,5,0.01,0.0,0.0
PASTOR SARGENTO ISIDORIO,AVANTE,BOA NOVA,DENTRO,5,0.01,0.0,0.0
PASTOR SARGENTO ISIDORIO,AVANTE,CANARANA,DENTRO,5,0.01,0.0,0.0
PASTOR SARGENTO ISIDORIO,AVANTE,BOQUIRA,DENTRO,5,0.01,0.0,0.0
PASTOR SARGENTO ISIDORIO,AVANTE,IBICOARA,DENTRO,5,0.01,0.0,0.0
PASTOR SARGENTO ISIDORIO,AVANTE,SOBRADINHO,DENTRO,5,0.01,0.0,0.0
PASTOR SARGENTO ISIDORIO,AVANTE,NILO PECANHA,DENTRO,5,0.01,0.0,0.0
PASTOR SARGENTO ISIDORIO,AVANTE,MUCURI,DENTRO,4,0.01,0.0,0.0
PASTOR SARGENTO ISIDORIO,AVANTE,CANSANCAO,DENTRO,4,0.01,0.0,0.0
PASTOR SARGENTO ISIDORIO,AVANTE,IBIRATAIA,DENTRO,4,0.01,0.0,0.0
PASTOR SARGENTO ISIDORIO,AVANTE,VARZEA NOVA,DENTRO,4,0.01,0.0,0.0
PASTOR SARGENTO ISIDORIO,AVANTE,ITAMARAJU,DENTRO,4,0.01,0.0,0.0
PASTOR SARGENTO ISIDORIO,AVANTE,MAIRI,DENTRO,4,0.01,0.0,0.0
PASTOR SARGENTO ISIDORIO,AVANTE,REMANSO,DENTRO,4,0.01,0.0,0.0
PASTOR SARGENTO ISIDORIO,AVANTE,UNA,DENTRO,4,0.01,0.0,0.0
PASTOR SARGENTO ISIDORIO,AVANTE,IBIPEBA,DENTRO,4,0.01,0.0,0.0
PASTOR SARGENTO ISIDORIO,AVANTE,SANTA RITA DE CASSIA,DENTRO,4,0.01,0.0,0.0
PASTOR SARGENTO ISIDORIO,AVANTE,JANDAIRA,DENTRO,4,0.01,0.0,0.0
PASTOR SARGENTO ISIDORIO,AVANTE,VARZEA DO POCO,DENTRO,4,0.01,0.0,0.0
PASTOR SARGENTO ISIDORIO,AVANTE,JAGUARARI,DENTRO,4,0.01,0.0,0.0
PASTOR SARGENTO ISIDORIO,AVANTE,RIBEIRA DO AMPARO,DENTRO,4,0.01,0.0,0.0
PASTOR SARGENTO ISIDORIO,AVANTE,ITANHEM,DENTRO,4,0.01,0.0,0.0
PASTOR SARGENTO ISIDORIO,AVANTE,JUSSARA,DENTRO,4,0.01,0.0,0.0
PASTOR SARGENTO ISIDORIO,AVANTE,WAGNER,DENTRO,4,0.01,0.0,0.0
PASTOR SARGENTO ISIDORIO,AVANTE,PALMEIRAS,DENTRO,4,0.01,0.0,0.0
PASTOR SARGENTO ISIDORIO,AVANTE,CAMACA,DENTRO,4,0.01,0.0,0.0
PASTOR SARGENTO ISIDORIO,AVANTE,PALMAS DE MONTE ALTO,DENTRO,4,0.01,0.0,0.0
PASTOR SARGENTO ISIDORIO,AVANTE,NOVA ITARANA,DENTRO,4,0.01,0.0,0.0
PASTOR SARGENTO ISIDORIO,AVANTE,JEREMOABO,DENTRO,4,0.01,0.0,0.0
PASTOR SARGENTO ISIDORIO,AVANTE,ITAQUARA,DENTRO,4,0.01,0.0,0.0
PASTOR SARGENTO ISIDORIO,AVANTE,ITAGUACU DA BAHIA,DENTRO,3,0.00,0.0,0.0
PASTOR SARGENTO ISIDORIO,AVANTE,MACARANI,DENTRO,3,0.00,0.0,0.0
PASTOR SARGENTO ISIDORIO,AVANTE,IRAMAIA,DENTRO,3,0.00,0.0,0.0
PASTOR SARGENTO ISIDORIO,AVANTE,IPUPIARA,DENTRO,3,0.00,0.0,0.0
PASTOR SARGENTO ISIDORIO,AVANTE,CARINHANHA,DENTRO,3,0.00,0.0,0.0
PASTOR SARGENTO ISIDORIO,AVANTE,CENTRAL,DENTRO,3,0.00,0.0,0.0
PASTOR SARGENTO ISIDORIO,AVANTE,ITORORO,DENTRO,3,0.00,0.0,0.0
PASTOR SARGENTO ISIDORIO,AVANTE,IBIPITANGA,DENTRO,3,0.00,0.0,0.0
PASTOR SARGENTO ISIDORIO,AVANTE,ITAPITANGA,DENTRO,3,0.00,0.0,0.0
PASTOR SARGENTO ISIDORIO,AVANTE,QUEIMADAS,DENTRO,3,0.00,0.0,0.0
PASTOR SARGENTO ISIDORIO,AVANTE,SAO FELIX DO CORIBE,DENTRO,3,0.00,0.0,0.0
PASTOR SARGENTO ISIDORIO,AVANTE,CAMPO ALEGRE DE LOURDES,DENTRO,3,0.00,0.0,0.0
PASTOR SARGENTO ISIDORIO,AVANTE,MALHADA,DENTRO,3,0.00,0.0,0.0
PASTOR SARGENTO ISIDORIO,AVANTE,POCOES,DENTRO,3,0.00,0.0,0.0
PASTOR SARGENTO ISIDORIO,AVANTE,SERRA DO RAMALHO,DENTRO,3,0.00,0.0,0.0
PASTOR SARGENTO ISIDORIO,AVANTE,IBICARAI,DENTRO,3,0.00,0.0,0.0
PASTOR SARGENTO ISIDORIO,AVANTE,BELMONTE,DENTRO,3,0.00,0.0,0.0
PASTOR SARGENTO ISIDORIO,AVANTE,RETIROLANDIA,DENTRO,3,0.00,0.0,0.0
PASTOR SARGENTO ISIDORIO,AVANTE,MACAJUBA,DENTRO,3,0.00,0.0,0.0
PASTOR SARGENTO ISIDORIO,AVANTE,RIO DE CONTAS,DENTRO,3,0.00,0.0,0.0
PASTOR SARGENTO ISIDORIO,AVANTE,GUARATINGA,DENTRO,2,0.00,0.0,0.0
PASTOR SARGENTO ISIDORIO,AVANTE,BARRA DO ROCHA,DENTRO,2,0.00,0.0,0.0
PASTOR SARGENTO ISIDORIO,AVANTE,ITAMBE,DENTRO,2,0.00,0.0,0.0
PASTOR SARGENTO ISIDORIO,AVANTE,ANTONIO GONCALVES,DENTRO,2,0.00,0.0,0.0
PASTOR SARGENTO ISIDORIO,AVANTE,PLANALTINO,DENTRO,2,0.00,0.0,0.0
PASTOR SARGENTO ISIDORIO,AVANTE,VEREDA,DENTRO,2,0.00,0.0,0.0
PASTOR SARGENTO ISIDORIO,AVANTE,IBITIARA,DENTRO,2,0.00,0.0,0.0
PASTOR SARGENTO ISIDORIO,AVANTE,FATIMA,DENTRO,2,0.00,0.0,0.0
PASTOR SARGENTO ISIDORIO,AVANTE,SEBASTIAO LARANJEIRAS,DENTRO,2,0.00,0.0,0.0
PASTOR SARGENTO ISIDORIO,AVANTE,BOTUPORA,DENTRO,2,0.00,0.0,0.0
PASTOR SARGENTO ISIDORIO,AVANTE,BARRA DO CHOCA,DENTRO,2,0.00,0.0,0.0
PASTOR SARGENTO ISIDORIO,AVANTE,LENCOIS,DENTRO,2,0.00,0.0,0.0
PASTOR SARGENTO ISIDORIO,AVANTE,MACAUBAS,DENTRO,2,0.00,0.0,0.0
PASTOR SARGENTO ISIDORIO,AVANTE,RIACHO DE SANTANA,DENTRO,2,0.00,0.0,0.0
PASTOR SARGENTO ISIDORIO,AVANTE,LAPAO,DENTRO,2,0.00,0.0,0.0
PASTOR SARGENTO ISIDORIO,AVANTE,CHORROCHO,DENTRO,2,0.00,0.0,0.0
PASTOR SARGENTO ISIDORIO,AVANTE,IBITITA,DENTRO,2,0.00,0.0,0.0
PASTOR SARGENTO ISIDORIO,AVANTE,IGAPORA,DENTRO,2,0.00,0.0,0.0
PASTOR SARGENTO ISIDORIO,AVANTE,LAGOA REAL,DENTRO,2,0.00,0.0,0.0
PASTOR SARGENTO ISIDORIO,AVANTE,CANUDOS,DENTRO,2,0.00,0.0,0.0
PASTOR SARGENTO ISIDORIO,AVANTE,MAIQUINIQUE,DENTRO,2,0.00,0.0,0.0
PASTOR SARGENTO ISIDORIO,AVANTE,ITAGIBA,DENTRO,2,0.00,0.0,0.0
PASTOR SARGENTO ISIDORIO,AVANTE,SAO JOSE DO JACUIPE,DENTRO,2,0.00,0.0,0.0
PASTOR SARGENTO ISIDORIO,AVANTE,TANHACU,DENTRO,2,0.00,0.0,0.0
PASTOR SARGENTO ISIDORIO,AVANTE,NOVO HORIZONTE,DENTRO,2,0.00,0.0,0.0
PASTOR SARGENTO ISIDORIO,AVANTE,CONTENDAS DO SINCORA,DENTRO,2,0.00,0.0,0.0
PASTOR SARGENTO ISIDORIO,AVANTE,PONTO NOVO,DENTRO,2,0.00,0.0,0.0
PASTOR SARGENTO ISIDORIO,AVANTE,LAJEDAO,DENTRO,2,0.00,0.0,0.0
PASTOR SARGENTO ISIDORIO,AVANTE,ANGICAL,DENTRO,2,0.00,0.0,0.0
PASTOR SARGENTO ISIDORIO,AVANTE,PIRIPA,DENTRO,2,0.00,0.0,0.0
PASTOR SARGENTO ISIDORIO,AVANTE,MUCUGE,DENTRO,2,0.00,0.0,0.0
PASTOR SARGENTO ISIDORIO,AVANTE,MORPARA,DENTRO,2,0.00,0.0,0.0
PASTOR SARGENTO ISIDORIO,AVANTE,CORRENTINA,DENTRO,2,0.00,0.0,0.0
PASTOR SARGENTO ISIDORIO,AVANTE,PRESIDENTE DUTRA,DENTRO,2,0.00,0.0,0.0
PASTOR SARGENTO ISIDORIO,AVANTE,SERROLANDIA,DENTRO,2,0.00,0.0,0.0
PASTOR SARGENTO ISIDORIO,AVANTE,BROTAS DE MACAUBAS,DENTRO,2,0.00,0.0,0.0
PASTOR SARGENTO ISIDORIO,AVANTE,POTIRAGUA,DENTRO,2,0.00,0.0,0.0
PASTOR SARGENTO ISIDORIO,AVANTE,FIRMINO ALVES,DENTRO,2,0.00,0.0,0.0
PASTOR SARGENTO ISIDORIO,AVANTE,QUIJINGUE,DENTRO,2,0.00,0.0,0.0
PASTOR SARGENTO ISIDORIO,AVANTE,PILAO ARCADO,DENTRO,2,0.00,0.0,0.0
PASTOR SARGENTO ISIDORIO,AVANTE,BONITO,DENTRO,2,0.00,0.0,0.0
PASTOR SARGENTO ISIDORIO,AVANTE,ADUSTINA,DENTRO,2,0.00,0.0,0.0
PASTOR SARGENTO ISIDORIO,AVANTE,FILADELFIA,DENTRO,2,0.00,0.0,0.0
PASTOR SARGENTO ISIDORIO,AVANTE,JOAO DOURADO,DENTRO,2,0.00,0.0,0.0
PASTOR SARGENTO ISIDORIO,AVANTE,GAVIAO,DENTRO,2,0.00,0.0,0.0
PASTOR SARGENTO ISIDORIO,AVANTE,BARRA DA ESTIVA,DENTRO,1,0.00,0.0,0.0
PASTOR SARGENTO ISIDORIO,AVANTE,BELO CAMPO,DENTRO,1,0.00,0.0,0.0
PASTOR SARGENTO ISIDORIO,AVANTE,LAJEDO DO TABOCAL,DENTRO,1,0.00,0.0,0.0
PASTOR SARGENTO ISIDORIO,AVANTE,BARRO ALTO,DENTRO,1,0.00,0.0,0.0
PASTOR SARGENTO ISIDORIO,AVANTE,COTEGIPE,DENTRO,1,0.00,0.0,0.0
PASTOR SARGENTO ISIDORIO,AVANTE,SANTA CRUZ DA VITORIA,DENTRO,1,0.00,0.0,0.0
PASTOR SARGENTO ISIDORIO,AVANTE,CONDEUBA,DENTRO,1,0.00,0.0,0.0
PASTOR SARGENTO ISIDORIO,AVANTE,LAJEDINHO,DENTRO,1,0.00,0.0,0.0
PASTOR SARGENTO ISIDORIO,AVANTE,UTINGA,DENTRO,1,0.00,0.0,0.0
PASTOR SARGENTO ISIDORIO,AVANTE,MACURURE,DENTRO,1,0.00,0.0,0.0
PASTOR SARGENTO ISIDORIO,AVANTE,CORIBE,DENTRO,1,0.00,0.0,0.0
PASTOR SARGENTO ISIDORIO,AVANTE,CARAVELAS,DENTRO,1,0.00,0.0,0.0
PASTOR SARGENTO ISIDORIO,AVANTE,NORDESTINA,DENTRO,1,0.00,0.0,0.0
PASTOR SARGENTO ISIDORIO,AVANTE,CRISTOPOLIS,DENTRO,1,0.00,0.0,0.0
PASTOR SARGENTO ISIDORIO,AVANTE,PARATINGA,DENTRO,1,0.00,0.0,0.0
PASTOR SARGENTO ISIDORIO,AVANTE,APUAREMA,DENTRO,1,0.00,0.0,0.0
PASTOR SARGENTO ISIDORIO,AVANTE,FLORESTA AZUL,DENTRO,1,0.00,0.0,0.0
PASTOR SARGENTO ISIDORIO,AVANTE,ALMADINA,DENTRO,1,0.00,0.0,0.0
PASTOR SARGENTO ISIDORIO,AVANTE,QUIXABEIRA,DENTRO,1,0.00,0.0,0.0
PASTOR SARGENTO ISIDORIO,AVANTE,ITAPEBI,DENTRO,1,0.00,0.0,0.0
PASTOR SARGENTO ISIDORIO,AVANTE,PEDRO ALEXANDRE,DENTRO,1,0.00,0.0,0.0
PASTOR SARGENTO ISIDORIO,AVANTE,SAUDE,DENTRO,1,0.00,0.0,0.0
PASTOR SARGENTO ISIDORIO,AVANTE,SOUTO SOARES,DENTRO,1,0.00,0.0,0.0
PASTOR SARGENTO ISIDORIO,AVANTE,PARIPIRANGA,DENTRO,1,0.00,0.0,0.0
PASTOR SARGENTO ISIDORIO,AVANTE,FORMOSA DO RIO PRETO,DENTRO,1,0.00,0.0,0.0
PASTOR SARGENTO ISIDORIO,AVANTE,SERRA DOURADA,DENTRO,1,0.00,0.0,0.0
PASTOR SARGENTO ISIDORIO,AVANTE,MORTUGABA,DENTRO,1,0.00,0.0,0.0
PASTOR SARGENTO ISIDORIO,AVANTE,APORA,DENTRO,1,0.00,0.0,0.0
PASTOR SARGENTO ISIDORIO,AVANTE,MANSIDAO,DENTRO,1,0.00,0.0,0.0
PASTOR SARGENTO ISIDORIO,AVANTE,CALDEIRAO GRANDE,DENTRO,1,0.00,0.0,0.0
PASTOR SARGENTO ISIDORIO,AVANTE,NOVA REDENCAO,DENTRO,1,0.00,0.0,0.0
PASTOR SARGENTO ISIDORIO,AVANTE,ITARANTIM,DENTRO,1,0.00,0.0,0.0
PASTOR SARGENTO ISIDORIO,AVANTE,MIRANTE,DENTRO,1,0.00,0.0,0.0
PASTOR SARGENTO ISIDORIO,AVANTE,PARAMIRIM,DENTRO,1,0.00,0.0,0.0
PASTOR SARGENTO ISIDORIO,AVANTE,ERICO CARDOSO,DENTRO,1,0.00,0.0,0.0
PASTOR SARGENTO ISIDORIO,AVANTE,CURACA,DENTRO,1,0.00,0.0,0.0
PASTOR SARGENTO ISIDORIO,AVANTE,ABARE,DENTRO,1,0.00,0.0,0.0
PASTOR SARGENTO ISIDORIO,AVANTE,IGUAI,DENTRO,1,0.00,0.0,0.0
PASTOR SARGENTO ISIDORIO,AVANTE,TAPIRAMUTA,DENTRO,1,0.00,0.0,0.0
PASTOR SARGENTO ISIDORIO,AVANTE,GENTIO DO OURO,DENTRO,1,0.00,0.0,0.0
PASTOR SARGENTO ISIDORIO,AVANTE,MANOEL VITORINO,DENTRO,1,0.00,0.0,0.0
PASTOR SARGENTO ISIDORIO,AVANTE,OUROLANDIA,DENTRO,1,0.00,0.0,0.0
PASTOR SARGENTO ISIDORIO,AVANTE,GLORIA,DENTRO,1,0.00,0.0,0.0
PASTOR SARGENTO ISIDORIO,AVANTE,ITAPE,DENTRO,1,0.00,0.0,0.0
PASTOR SARGENTO ISIDORIO,AVANTE,CRAVOLANDIA,DENTRO,1,0.00,0.0,0.0
PASTOR SARGENTO ISIDORIO,AVANTE,WANDERLEY,DENTRO,1,0.00,0.0,0.0
PASTOR SARGENTO ISIDORIO,AVANTE,BANZAE,DENTRO,1,0.00,0.0,0.0
PASTOR SARGENTO ISIDORIO,AVANTE,MEDEIROS NETO,DENTRO,1,0.00,0.0,0.0
PASTOR SARGENTO ISIDORIO,AVANTE,CORONEL JOAO SA,DENTRO,1,0.00,0.0,0.0
PASTOR SARGENTO ISIDORIO,AVANTE,JACARACI,DENTRO,1,0.00,0.0,0.0
PASTOR SARGENTO ISIDORIO,AVANTE,CANDIDO SALES,DENTRO,1,0.00,0.0,0.0
PASTOR SARGENTO ISIDORIO,AVANTE,MUQUEM DO SAO FRANCISCO,DENTRO,0,0.00,0.0,0.0
PASTOR SARGENTO ISIDORIO,AVANTE,MAETINGA,DENTRO,0,0.00,0.0,0.0
PASTOR SARGENTO ISIDORIO,AVANTE,BAIANOPOLIS,DENTRO,0,0.00,0.0,0.0
PASTOR SARGENTO ISIDORIO,AVANTE,COCOS,DENTRO,0,0.00,0.0,0.0
PASTOR SARGENTO ISIDORIO,AVANTE,SAO DESIDERIO,DENTRO,0,0.00,0.0,0.0
PASTOR SARGENTO ISIDORIO,AVANTE,MATINA,DENTRO,0,0.00,0.0,0.0
PASTOR SARGENTO ISIDORIO,AVANTE,GONGOGI,DENTRO,0,0.00,0.0,0.0
PASTOR SARGENTO ISIDORIO,AVANTE,CANAPOLIS,DENTRO,0,0.00,0.0,0.0
PASTOR SARGENTO ISIDORIO,AVANTE,TANQUE NOVO,DENTRO,0,0.00,0.0,0.0
PASTOR SARGENTO ISIDORIO,AVANTE,ENCRUZILHADA,DENTRO,0,0.00,0.0,0.0
PASTOR SARGENTO ISIDORIO,AVANTE,PINDOBACU,DENTRO,0,0.00,0.0,0.0
PASTOR SARGENTO ISIDORIO,AVANTE,URANDI,DENTRO,0,0.00,0.0,0.0
PASTOR SARGENTO ISIDORIO,AVANTE,LICINIO DE ALMEIDA,DENTRO,0,0.00,0.0,0.0
PASTOR SARGENTO ISIDORIO,AVANTE,OLIVEIRA DOS BREJINHOS,DENTRO,0,0.00,0.0,0.0
PASTOR SARGENTO ISIDORIO,AVANTE,CACULE,DENTRO,0,0.00,0.0,0.0
PASTOR SARGENTO ISIDORIO,AVANTE,ARACATU,DENTRO,0,0.00,0.0,0.0
PASTOR SARGENTO ISIDORIO,AVANTE,GUAJERU,DENTRO,0,0.00,0.0,0.0
PASTOR SARGENTO ISIDORIO,AVANTE,SAO DOMINGOS,DENTRO,0,0.00,0.0,0.0
PASTOR SARGENTO ISIDORIO,AVANTE,AIQUARA,DENTRO,0,0.00,0.0,0.0
PASTOR SARGENTO ISIDORIO,AVANTE,CRISOPOLIS,DENTRO,0,0.00,0.0,0.0
PASTOR SARGENTO ISIDORIO,AVANTE,UAUA,DENTRO,0,0.00,0.0,0.0
PASTOR SARGENTO ISIDORIO,AVANTE,MULUNGU DO MORRO,DENTRO,0,0.00,0.0,0.0
PASTOR SARGENTO ISIDORIO,AVANTE,SITIO DO QUINTO,DENTRO,0,0.00,0.0,0.0
PASTOR SARGENTO ISIDORIO,AVANTE,ANAGE,DENTRO,0,0.00,0.0,0.0
PASTOR SARGENTO ISIDORIO,AVANTE,CAPELA DO ALTO ALEGRE,DENTRO,0,0.00,0.0,0.0
PASTOR SARGENTO ISIDORIO,AVANTE,BARRO PRETO,DENTRO,0,0.00,0.0,0.0
PASTOR SARGENTO ISIDORIO,AVANTE,HELIOPOLIS,DENTRO,0,0.00,0.0,0.0
PASTOR SARGENTO ISIDORIO,AVANTE,IBIQUERA,DENTRO,0,0.00,0.0,0.0
PASTOR SARGENTO ISIDORIO,AVANTE,MARCIONILIO SOUZA,DENTRO,0,0.00,0.0,0.0
PASTOR SARGENTO ISIDORIO,AVANTE,PINDAI,DENTRO,0,0.00,0.0,0.0
PASTOR SARGENTO ISIDORIO,AVANTE,CAEM,DENTRO,0,0.00,0.0,0.0
PASTOR SARGENTO ISIDORIO,AVANTE,BURITIRAMA,DENTRO,0,0.00,0.0,0.0
PASTOR SARGENTO ISIDORIO,AVANTE,NOVA CANAA,DENTRO,0,0.00,0.0,0.0
PASTOR SARGENTO ISIDORIO,AVANTE,NOVO TRIUNFO,DENTRO,0,0.00,0.0,0.0
PASTOR SARGENTO ISIDORIO,AVANTE,JUCURUCU,DENTRO,0,0.00,0.0,0.0
PASTOR SARGENTO ISIDORIO,AVANTE,IBIRAPUA,DENTRO,0,0.00,0.0,0.0
PASTOR SARGENTO ISIDORIO,AVANTE,ABAIRA,DENTRO,0,0.00,0.0,0.0
PASTOR SARGENTO ISIDORIO,AVANTE,JABORANDI,DENTRO,0,0.00,0.0,0.0
PASTOR SARGENTO ISIDORIO,AVANTE,LAFAIETE COUTINHO,DENTRO,0,0.00,0.0,0.0
PASTOR SARGENTO ISIDORIO,AVANTE,PLANALTO,DENTRO,0,0.00,0.0,0.0
PASTOR SARGENTO ISIDORIO,AVANTE,FEIRA DA MATA,DENTRO,0,0.00,0.0,0.0
PASTOR SARGENTO ISIDORIO,AVANTE,TABOCAS DO BREJO VELHO,DENTRO,0,0.00,0.0,0.0
PASTOR SARGENTO ISIDORIO,AVANTE,RIBEIRAO DO LARGO,DENTRO,0,0.00,0.0,0.0
PASTOR SARGENTO ISIDORIO,AVANTE,IRAJUBA,DENTRO,0,0.00,0.0,0.0
PASTOR SARGENTO ISIDORIO,AVANTE,SANTA LUZIA,DENTRO,0,0.00,0.0,0.0
PASTOR SARGENTO ISIDORIO,AVANTE,DOM BASILIO,DENTRO,0,0.00,0.0,0.0
PASTOR SARGENTO ISIDORIO,AVANTE,JITAUNA,DENTRO,0,0.00,0.0,0.0
PASTOR SARGENTO ISIDORIO,AVANTE,RIO DO PIRES,DENTRO,0,0.00,0.0,0.0
PASTOR SARGENTO ISIDORIO,AVANTE,CARAIBAS,DENTRO,0,0.00,0.0,0.0
PASTOR SARGENTO ISIDORIO,AVANTE,JUSSARI,DENTRO,0,0.00,0.0,0.0
PASTOR SARGENTO ISIDORIO,AVANTE,MIRANGABA,DENTRO,0,0.00,0.0,0.0
PASTOR SARGENTO ISIDORIO,AVANTE,PAU BRASIL,DENTRO,0,0.00,0.0,0.0
PASTOR SARGENTO ISIDORIO,AVANTE,IUIU,DENTRO,0,0.00,0.0,0.0
PASTOR SARGENTO ISIDORIO,AVANTE,ITUACU,DENTRO,0,0.00,0.0,0.0
PASTOR SARGENTO ISIDORIO,AVANTE,CATOLANDIA,DENTRO,0,0.00,0.0,0.0
PASTOR SARGENTO ISIDORIO,AVANTE,ITAJU DO COLONIA,DENTRO,0,0.00,0.0,0.0
PASTOR SARGENTO ISIDORIO,AVANTE,TREMEDAL,DENTRO,0,0.00,0.0,0.0
PASTOR SARGENTO ISIDORIO,AVANTE,IBOTIRAMA,DENTRO,0,0.00,0.0,0.0
PASTOR SARGENTO ISIDORIO,AVANTE,SAO JOSE DA VITORIA,DENTRO,0,0.00,0.0,0.0
PASTOR SARGENTO ISIDORIO,AVANTE,MALHADA DE PEDRAS,DENTRO,0,0.00,0.0,0.0
PASTOR SARGENTO ISIDORIO,AVANTE,SAO GABRIEL,DENTRO,0,0.00,0.0,0.0
PASTOR SARGENTO ISIDORIO,AVANTE,CAATIBA,DENTRO,0,0.00,0.0,0.0
PASTOR SARGENTO ISIDORIO,AVANTE,AMERICA DOURADA,DENTRO,0,0.00,0.0,0.0
PASTOR SARGENTO ISIDORIO,AVANTE,CANDIBA,DENTRO,0,0.00,0.0,0.0
PASTOR SARGENTO ISIDORIO,AVANTE,RODELAS,DENTRO,0,0.00,0.0,0.0
PASTOR SARGENTO ISIDORIO,AVANTE,ANDORINHA,DENTRO,0,0.00,0.0,0.0
PASTOR SARGENTO ISIDORIO,AVANTE,JUSSIAPE,DENTRO,0,0.00,0.0,0.0
PASTOR SARGENTO ISIDORIO,AVANTE,CAETANOS,DENTRO,0,0.00,0.0,0.0
PASTOR SARGENTO ISIDORIO,AVANTE,PRESIDENTE JANIO QUADROS,DENTRO,0,0.00,0.0,0.0
PASTOR SARGENTO ISIDORIO,AVANTE,ITAGIMIRIM,DENTRO,0,0.00,0.0,0.0
PASTOR SARGENTO ISIDORIO,AVANTE,CATURAMA,DENTRO,0,0.00,0.0,0.0
PASTOR SARGENTO ISIDORIO,AVANTE,BOM JESUS DA SERRA,DENTRO,0,0.00,0.0,0.0
PASTOR SARGENTO ISIDORIO,AVANTE,CORDEIROS,DENTRO,0,0.00,0.0,0.0
PASTOR SARGENTO ISIDORIO,AVANTE,IBICUI,DENTRO,0,0.00,0.0,0.0
PASTOR SARGENTO ISIDORIO,AVANTE,SANTANA,DENTRO,0,0.00,0.0,0.0
PASTOR SARGENTO ISIDORIO,AVANTE,BREJOLANDIA,DENTRO,0,0.00,0.0,0.0
PASTOR SARGENTO ISIDORIO,AVANTE,BONINAL,DENTRO,0,0.00,0.0,0.0
PASTOR SARGENTO ISIDORIO,AVANTE,IBIASSUCE,DENTRO,0,0.00,0.0,0.0
PASTOR SARGENTO ISIDORIO,AVANTE,MULTIPLO,AMPLO,0,0,87461758.99,53.3
PASTOR SARGENTO ISIDORIO,AVANTE,SEM INFORMACAO,AMPLO,0,0,76635579.06,46.7
FELIX MENDONCA,PDT,EUCLIDES DA CUNHA,DENTRO,11312,15.76,0.0,0.0
FELIX MENDONCA,PDT,SALVADOR,DENTRO,9883,13.77,0.0,0.0
FELIX MENDONCA,PDT,ARACI,DENTRO,6846,9.54,0.0,0.0
FELIX MENDONCA,PDT,GENTIO DO OURO,DENTRO,2178,3.03,0.0,0.0
FELIX MENDONCA,PDT,IBIPITANGA,DENTRO,1742,2.43,0.0,0.0
FELIX MENDONCA,PDT,PAULO AFONSO,DENTRO,1625,2.26,0.0,0.0
FELIX MENDONCA,PDT,RIBEIRA DO AMPARO,DENTRO,1595,2.22,0.0,0.0
FELIX MENDONCA,PDT,BARRA DO ROCHA,DENTRO,1502,2.09,0.0,0.0
FELIX MENDONCA,PDT,MONTE SANTO,DENTRO,1319,1.84,0.0,0.0
FELIX MENDONCA,PDT,UIBAI,DENTRO,1302,1.81,0.0,0.0
FELIX MENDONCA,PDT,COARACI,DENTRO,1204,1.68,0.0,0.0
FELIX MENDONCA,PDT,SANTO ANTONIO DE JESUS,DENTRO,1063,1.48,0.0,0.0
FELIX MENDONCA,PDT,SANTO ESTEVAO,DENTRO,1055,1.47,0.0,0.0
FELIX MENDONCA,PDT,CICERO DANTAS,DENTRO,964,1.34,0.0,0.0
FELIX MENDONCA,PDT,FEIRA DE SANTANA,DENTRO,924,1.29,0.0,0.0
FELIX MENDONCA,PDT,ITAPETINGA,DENTRO,871,1.21,0.0,0.0
FELIX MENDONCA,PDT,VITORIA DA CONQUISTA,DENTRO,870,1.21,0.0,0.0
FELIX MENDONCA,PDT,XIQUE-XIQUE,DENTRO,837,1.17,0.0,0.0
FELIX MENDONCA,PDT,TAPEROA,DENTRO,833,1.16,0.0,0.0
FELIX MENDONCA,PDT,BROTAS DE MACAUBAS,DENTRO,802,1.12,0.0,0.0
FELIX MENDONCA,PDT,SAO GONCALO DOS CAMPOS,DENTRO,759,1.06,0.0,0.0
FELIX MENDONCA,PDT,SAO FELIPE,DENTRO,745,1.04,0.0,0.0
FELIX MENDONCA,PDT,LAURO DE FREITAS,DENTRO,734,1.02,0.0,0.0
FELIX MENDONCA,PDT,UBAIRA,DENTRO,546,0.76,0.0,0.0
FELIX MENDONCA,PDT,BARRA DO CHOCA,DENTRO,539,0.75,0.0,0.0
FELIX MENDONCA,PDT,APORA,DENTRO,534,0.74,0.0,0.0
FELIX MENDONCA,PDT,MUNDO NOVO,DENTRO,515,0.72,0.0,0.0
FELIX MENDONCA,PDT,VARZEA DO POCO,DENTRO,509,0.71,0.0,0.0
FELIX MENDONCA,PDT,QUIJINGUE,DENTRO,487,0.68,0.0,0.0
FELIX MENDONCA,PDT,HELIOPOLIS,DENTRO,483,0.67,0.0,0.0
FELIX MENDONCA,PDT,ESPLANADA,DENTRO,441,0.61,0.0,0.0
FELIX MENDONCA,PDT,IBIPEBA,DENTRO,414,0.58,0.0,0.0
FELIX MENDONCA,PDT,BREJOES,DENTRO,396,0.55,0.0,0.0
FELIX MENDONCA,PDT,ACAJUTIBA,DENTRO,388,0.54,0.0,0.0
FELIX MENDONCA,PDT,ITABUNA,DENTRO,368,0.51,0.0,0.0
FELIX MENDONCA,PDT,SITIO DO QUINTO,DENTRO,364,0.51,0.0,0.0
FELIX MENDONCA,PDT,MACAUBAS,DENTRO,346,0.48,0.0,0.0
FELIX MENDONCA,PDT,AMERICA DOURADA,DENTRO,324,0.45,0.0,0.0
FELIX MENDONCA,PDT,PRESIDENTE TANCREDO NEVES,DENTRO,299,0.42,0.0,0.0
FELIX MENDONCA,PDT,IRECE,DENTRO,299,0.42,0.0,0.0
FELIX MENDONCA,PDT,TEOLANDIA,DENTRO,283,0.39,0.0,0.0
FELIX MENDONCA,PDT,CONCEICAO DO COITE,DENTRO,279,0.39,0.0,0.0
FELIX MENDONCA,PDT,ITACARE,DENTRO,263,0.37,0.0,0.0
FELIX MENDONCA,PDT,IBITITA,DENTRO,257,0.36,0.0,0.0
FELIX MENDONCA,PDT,IACU,DENTRO,257,0.36,0.0,0.0
FELIX MENDONCA,PDT,JUAZEIRO,DENTRO,242,0.34,0.0,0.0
FELIX MENDONCA,PDT,ITUBERA,DENTRO,220,0.31,0.0,0.0
FELIX MENDONCA,PDT,TEIXEIRA DE FREITAS,DENTRO,206,0.29,0.0,0.0
FELIX MENDONCA,PDT,ITAPICURU,DENTRO,201,0.28,0.0,0.0
FELIX MENDONCA,PDT,ITUACU,DENTRO,198,0.28,0.0,0.0
FELIX MENDONCA,PDT,TERRA NOVA,DENTRO,195,0.27,0.0,0.0
FELIX MENDONCA,PDT,TEODORO SAMPAIO,DENTRO,194,0.27,0.0,0.0
FELIX MENDONCA,PDT,CAMACARI,DENTRO,183,0.25,0.0,0.0
FELIX MENDONCA,PDT,CAMACA,DENTRO,182,0.25,0.0,0.0
FELIX MENDONCA,PDT,ARACAS,DENTRO,181,0.25,0.0,0.0
FELIX MENDONCA,PDT,LUIS EDUARDO MAGALHAES,DENTRO,179,0.25,0.0,0.0
FELIX MENDONCA,PDT,JEQUIE,DENTRO,168,0.23,0.0,0.0
FELIX MENDONCA,PDT,SANTA BRIGIDA,DENTRO,156,0.22,0.0,0.0
FELIX MENDONCA,PDT,SANTO AMARO,DENTRO,154,0.21,0.0,0.0
FELIX MENDONCA,PDT,TUCANO,DENTRO,153,0.21,0.0,0.0
FELIX MENDONCA,PDT,AMELIA RODRIGUES,DENTRO,148,0.21,0.0,0.0
FELIX MENDONCA,PDT,LAPAO,DENTRO,147,0.20,0.0,0.0
FELIX MENDONCA,PDT,ALAGOINHAS,DENTRO,142,0.20,0.0,0.0
FELIX MENDONCA,PDT,ILHEUS,DENTRO,132,0.18,0.0,0.0
FELIX MENDONCA,PDT,GAVIAO,DENTRO,128,0.18,0.0,0.0
FELIX MENDONCA,PDT,EUNAPOLIS,DENTRO,126,0.18,0.0,0.0
FELIX MENDONCA,PDT,SERRINHA,DENTRO,120,0.17,0.0,0.0
FELIX MENDONCA,PDT,RIBEIRA DO POMBAL,DENTRO,119,0.17,0.0,0.0
FELIX MENDONCA,PDT,TEOFILANDIA,DENTRO,116,0.16,0.0,0.0
FELIX MENDONCA,PDT,SAO GABRIEL,DENTRO,115,0.16,0.0,0.0
FELIX MENDONCA,PDT,VERA CRUZ,DENTRO,114,0.16,0.0,0.0
FELIX MENDONCA,PDT,BRUMADO,DENTRO,105,0.15,0.0,0.0
FELIX MENDONCA,PDT,CRISOPOLIS,DENTRO,101,0.14,0.0,0.0
FELIX MENDONCA,PDT,BARRA,DENTRO,98,0.14,0.0,0.0
FELIX MENDONCA,PDT,JAGUARARI,DENTRO,97,0.14,0.0,0.0
FELIX MENDONCA,PDT,MIGUEL CALMON,DENTRO,93,0.13,0.0,0.0
FELIX MENDONCA,PDT,SAO FRANCISCO DO CONDE,DENTRO,84,0.12,0.0,0.0
FELIX MENDONCA,PDT,VALENCA,DENTRO,83,0.12,0.0,0.0
FELIX MENDONCA,PDT,JACOBINA,DENTRO,81,0.11,0.0,0.0
FELIX MENDONCA,PDT,SANTALUZ,DENTRO,80,0.11,0.0,0.0
FELIX MENDONCA,PDT,CRUZ DAS ALMAS,DENTRO,80,0.11,0.0,0.0
FELIX MENDONCA,PDT,PORTO SEGURO,DENTRO,74,0.10,0.0,0.0
FELIX MENDONCA,PDT,SIMOES FILHO,DENTRO,72,0.10,0.0,0.0
FELIX MENDONCA,PDT,CONCEICAO DO JACUIPE,DENTRO,71,0.10,0.0,0.0
FELIX MENDONCA,PDT,ITORORO,DENTRO,68,0.09,0.0,0.0
FELIX MENDONCA,PDT,UBATA,DENTRO,68,0.09,0.0,0.0
FELIX MENDONCA,PDT,ITAGUACU DA BAHIA,DENTRO,66,0.09,0.0,0.0
FELIX MENDONCA,PDT,DIAS D AVILA,DENTRO,66,0.09,0.0,0.0
FELIX MENDONCA,PDT,CANAVIEIRAS,DENTRO,66,0.09,0.0,0.0
FELIX MENDONCA,PDT,GLORIA,DENTRO,65,0.09,0.0,0.0
FELIX MENDONCA,PDT,UTINGA,DENTRO,64,0.09,0.0,0.0
FELIX MENDONCA,PDT,CANDEIAS,DENTRO,62,0.09,0.0,0.0
FELIX MENDONCA,PDT,IRARA,DENTRO,62,0.09,0.0,0.0
FELIX MENDONCA,PDT,BARREIRAS,DENTRO,60,0.08,0.0,0.0
FELIX MENDONCA,PDT,ENTRE RIOS,DENTRO,60,0.08,0.0,0.0
FELIX MENDONCA,PDT,OLINDINA,DENTRO,60,0.08,0.0,0.0
FELIX MENDONCA,PDT,CANUDOS,DENTRO,59,0.08,0.0,0.0
FELIX MENDONCA,PDT,ANDARAI,DENTRO,58,0.08,0.0,0.0
FELIX MENDONCA,PDT,CAETITE,DENTRO,58,0.08,0.0,0.0
FELIX MENDONCA,PDT,FATIMA,DENTRO,57,0.08,0.0,0.0
FELIX MENDONCA,PDT,SENHOR DO BONFIM,DENTRO,57,0.08,0.0,0.0
FELIX MENDONCA,PDT,MORRO DO CHAPEU,DENTRO,56,0.08,0.0,0.0
FELIX MENDONCA,PDT,MATA DE SAO JOAO,DENTRO,54,0.08,0.0,0.0
FELIX MENDONCA,PDT,NOVA SOURE,DENTRO,54,0.08,0.0,0.0
FELIX MENDONCA,PDT,IPIRA,DENTRO,52,0.07,0.0,0.0
FELIX MENDONCA,PDT,ITABERABA,DENTRO,52,0.07,0.0,0.0
FELIX MENDONCA,PDT,ADUSTINA,DENTRO,52,0.07,0.0,0.0
FELIX MENDONCA,PDT,ITAMBE,DENTRO,51,0.07,0.0,0.0
FELIX MENDONCA,PDT,CASA NOVA,DENTRO,51,0.07,0.0,0.0
FELIX MENDONCA,PDT,ITAJUIPE,DENTRO,51,0.07,0.0,0.0
FELIX MENDONCA,PDT,JAGUAQUARA,DENTRO,50,0.07,0.0,0.0
FELIX MENDONCA,PDT,IPIAU,DENTRO,50,0.07,0.0,0.0
FELIX MENDONCA,PDT,WENCESLAU GUIMARAES,DENTRO,50,0.07,0.0,0.0
FELIX MENDONCA,PDT,MALHADA,DENTRO,48,0.07,0.0,0.0
FELIX MENDONCA,PDT,POCOES,DENTRO,48,0.07,0.0,0.0
FELIX MENDONCA,PDT,IBIRATAIA,DENTRO,47,0.07,0.0,0.0
FELIX MENDONCA,PDT,PIATA,DENTRO,47,0.07,0.0,0.0
FELIX MENDONCA,PDT,CANARANA,DENTRO,46,0.06,0.0,0.0
FELIX MENDONCA,PDT,CENTRAL,DENTRO,45,0.06,0.0,0.0
FELIX MENDONCA,PDT,CATU,DENTRO,45,0.06,0.0,0.0
FELIX MENDONCA,PDT,CORACAO DE MARIA,DENTRO,44,0.06,0.0,0.0
FELIX MENDONCA,PDT,JEREMOABO,DENTRO,44,0.06,0.0,0.0
FELIX MENDONCA,PDT,MARAGOGIPE,DENTRO,42,0.06,0.0,0.0
FELIX MENDONCA,PDT,SEABRA,DENTRO,42,0.06,0.0,0.0
FELIX MENDONCA,PDT,INHAMBUPE,DENTRO,41,0.06,0.0,0.0
FELIX MENDONCA,PDT,SALINAS DA MARGARIDA,DENTRO,41,0.06,0.0,0.0
FELIX MENDONCA,PDT,IBICARAI,DENTRO,41,0.06,0.0,0.0
FELIX MENDONCA,PDT,CANSANCAO,DENTRO,40,0.06,0.0,0.0
FELIX MENDONCA,PDT,ITAMARAJU,DENTRO,38,0.05,0.0,0.0
FELIX MENDONCA,PDT,NOVA VICOSA,DENTRO,38,0.05,0.0,0.0
FELIX MENDONCA,PDT,MARACAS,DENTRO,38,0.05,0.0,0.0
FELIX MENDONCA,PDT,CAMAMU,DENTRO,38,0.05,0.0,0.0
FELIX MENDONCA,PDT,CIPO,DENTRO,38,0.05,0.0,0.0
FELIX MENDONCA,PDT,GOVERNADOR MANGABEIRA,DENTRO,37,0.05,0.0,0.0
FELIX MENDONCA,PDT,BELO CAMPO,DENTRO,36,0.05,0.0,0.0
FELIX MENDONCA,PDT,RIACHAO DO JACUIPE,DENTRO,36,0.05,0.0,0.0
FELIX MENDONCA,PDT,GANDU,DENTRO,36,0.05,0.0,0.0
FELIX MENDONCA,PDT,ANDORINHA,DENTRO,36,0.05,0.0,0.0
FELIX MENDONCA,PDT,JOAO DOURADO,DENTRO,36,0.05,0.0,0.0
FELIX MENDONCA,PDT,SENTO SE,DENTRO,35,0.05,0.0,0.0
FELIX MENDONCA,PDT,RIO REAL,DENTRO,35,0.05,0.0,0.0
FELIX MENDONCA,PDT,NAZARE,DENTRO,35,0.05,0.0,0.0
FELIX MENDONCA,PDT,JITAUNA,DENTRO,35,0.05,0.0,0.0
FELIX MENDONCA,PDT,SAO SEBASTIAO DO PASSE,DENTRO,35,0.05,0.0,0.0
FELIX MENDONCA,PDT,UBAITABA,DENTRO,34,0.05,0.0,0.0
FELIX MENDONCA,PDT,LAJE,DENTRO,34,0.05,0.0,0.0
FELIX MENDONCA,PDT,RUY BARBOSA,DENTRO,34,0.05,0.0,0.0
FELIX MENDONCA,PDT,GUANAMBI,DENTRO,34,0.05,0.0,0.0
FELIX MENDONCA,PDT,MURITIBA,DENTRO,33,0.05,0.0,0.0
FELIX MENDONCA,PDT,PINDAI,DENTRO,33,0.05,0.0,0.0
FELIX MENDONCA,PDT,MUTUIPE,DENTRO,33,0.05,0.0,0.0
FELIX MENDONCA,PDT,MUCURI,DENTRO,32,0.04,0.0,0.0
FELIX MENDONCA,PDT,SANTA CRUZ CABRALIA,DENTRO,32,0.04,0.0,0.0
FELIX MENDONCA,PDT,PLANALTO,DENTRO,32,0.04,0.0,0.0
FELIX MENDONCA,PDT,PRESIDENTE DUTRA,DENTRO,32,0.04,0.0,0.0
FELIX MENDONCA,PDT,RIACHO DE SANTANA,DENTRO,31,0.04,0.0,0.0
FELIX MENDONCA,PDT,JAGUARIPE,DENTRO,31,0.04,0.0,0.0
FELIX MENDONCA,PDT,RAFAEL JAMBEIRO,DENTRO,31,0.04,0.0,0.0
FELIX MENDONCA,PDT,AMARGOSA,DENTRO,31,0.04,0.0,0.0
FELIX MENDONCA,PDT,CURACA,DENTRO,31,0.04,0.0,0.0
FELIX MENDONCA,PDT,CONCEICAO DA FEIRA,DENTRO,31,0.04,0.0,0.0
FELIX MENDONCA,PDT,ARAMARI,DENTRO,31,0.04,0.0,0.0
FELIX MENDONCA,PDT,IGRAPIUNA,DENTRO,31,0.04,0.0,0.0
FELIX MENDONCA,PDT,PARIPIRANGA,DENTRO,30,0.04,0.0,0.0
FELIX MENDONCA,PDT,CONCEICAO DO ALMEIDA,DENTRO,28,0.04,0.0,0.0
FELIX MENDONCA,PDT,MAIRI,DENTRO,28,0.04,0.0,0.0
FELIX MENDONCA,PDT,CACHOEIRA,DENTRO,28,0.04,0.0,0.0
FELIX MENDONCA,PDT,VARZEA DA ROCA,DENTRO,28,0.04,0.0,0.0
FELIX MENDONCA,PDT,PIRITIBA,DENTRO,28,0.04,0.0,0.0
FELIX MENDONCA,PDT,UNA,DENTRO,27,0.04,0.0,0.0
FELIX MENDONCA,PDT,POTIRAGUA,DENTRO,27,0.04,0.0,0.0
FELIX MENDONCA,PDT,CONDE,DENTRO,27,0.04,0.0,0.0
FELIX MENDONCA,PDT,MUNIZ FERREIRA,DENTRO,27,0.04,0.0,0.0
FELIX MENDONCA,PDT,BIRITINGA,DENTRO,27,0.04,0.0,0.0
FELIX MENDONCA,PDT,JIQUIRICA,DENTRO,26,0.04,0.0,0.0
FELIX MENDONCA,PDT,LAMARAO,DENTRO,26,0.04,0.0,0.0
FELIX MENDONCA,PDT,CAMPO FORMOSO,DENTRO,26,0.04,0.0,0.0
FELIX MENDONCA,PDT,LIVRAMENTO DE NOSSA SENHORA,DENTRO,26,0.04,0.0,0.0
FELIX MENDONCA,PDT,SANTA RITA DE CASSIA,DENTRO,26,0.04,0.0,0.0
FELIX MENDONCA,PDT,MADRE DE DEUS,DENTRO,26,0.04,0.0,0.0
FELIX MENDONCA,PDT,VALENTE,DENTRO,26,0.04,0.0,0.0
FELIX MENDONCA,PDT,BOQUIRA,DENTRO,26,0.04,0.0,0.0
FELIX MENDONCA,PDT,NILO PECANHA,DENTRO,26,0.04,0.0,0.0
FELIX MENDONCA,PDT,SANTANA,DENTRO,26,0.04,0.0,0.0
FELIX MENDONCA,PDT,GONGOGI,DENTRO,25,0.03,0.0,0.0
FELIX MENDONCA,PDT,SAPEACU,DENTRO,25,0.03,0.0,0.0
FELIX MENDONCA,PDT,ITAPITANGA,DENTRO,25,0.03,0.0,0.0
FELIX MENDONCA,PDT,BOM JESUS DA LAPA,DENTRO,25,0.03,0.0,0.0
FELIX MENDONCA,PDT,POJUCA,DENTRO,25,0.03,0.0,0.0
FELIX MENDONCA,PDT,CORRENTINA,DENTRO,25,0.03,0.0,0.0
FELIX MENDONCA,PDT,REMANSO,DENTRO,24,0.03,0.0,0.0
FELIX MENDONCA,PDT,AURELINO LEAL,DENTRO,24,0.03,0.0,0.0
FELIX MENDONCA,PDT,NOVA ITARANA,DENTRO,24,0.03,0.0,0.0
FELIX MENDONCA,PDT,MEDEIROS NETO,DENTRO,24,0.03,0.0,0.0
FELIX MENDONCA,PDT,BARRA DO MENDES,DENTRO,23,0.03,0.0,0.0
FELIX MENDONCA,PDT,IPUPIARA,DENTRO,23,0.03,0.0,0.0
FELIX MENDONCA,PDT,MARAU,DENTRO,23,0.03,0.0,0.0
FELIX MENDONCA,PDT,QUEIMADAS,DENTRO,23,0.03,0.0,0.0
FELIX MENDONCA,PDT,CAIRU,DENTRO,23,0.03,0.0,0.0
FELIX MENDONCA,PDT,JUSSARA,DENTRO,23,0.03,0.0,0.0
FELIX MENDONCA,PDT,IRAQUARA,DENTRO,23,0.03,0.0,0.0
FELIX MENDONCA,PDT,GUARATINGA,DENTRO,22,0.03,0.0,0.0
FELIX MENDONCA,PDT,LENCOIS,DENTRO,22,0.03,0.0,0.0
FELIX MENDONCA,PDT,ANAGE,DENTRO,22,0.03,0.0,0.0
FELIX MENDONCA,PDT,ITANHEM,DENTRO,22,0.03,0.0,0.0
FELIX MENDONCA,PDT,IBOTIRAMA,DENTRO,22,0.03,0.0,0.0
FELIX MENDONCA,PDT,CAFARNAUM,DENTRO,22,0.03,0.0,0.0
FELIX MENDONCA,PDT,BARRA DA ESTIVA,DENTRO,21,0.03,0.0,0.0
FELIX MENDONCA,PDT,AGUA FRIA,DENTRO,21,0.03,0.0,0.0
FELIX MENDONCA,PDT,BARRO ALTO,DENTRO,21,0.03,0.0,0.0
FELIX MENDONCA,PDT,FLORESTA AZUL,DENTRO,21,0.03,0.0,0.0
FELIX MENDONCA,PDT,NOVO HORIZONTE,DENTRO,21,0.03,0.0,0.0
FELIX MENDONCA,PDT,ANTAS,DENTRO,21,0.03,0.0,0.0
FELIX MENDONCA,PDT,SANTA MARIA DA VITORIA,DENTRO,21,0.03,0.0,0.0
FELIX MENDONCA,PDT,PALMEIRAS,DENTRO,21,0.03,0.0,0.0
FELIX MENDONCA,PDT,ANTONIO GONCALVES,DENTRO,20,0.03,0.0,0.0
FELIX MENDONCA,PDT,MACARANI,DENTRO,20,0.03,0.0,0.0
FELIX MENDONCA,PDT,CARAVELAS,DENTRO,20,0.03,0.0,0.0
FELIX MENDONCA,PDT,ARACATU,DENTRO,20,0.03,0.0,0.0
FELIX MENDONCA,PDT,RETIROLANDIA,DENTRO,20,0.03,0.0,0.0
FELIX MENDONCA,PDT,CORONEL JOAO SA,DENTRO,20,0.03,0.0,0.0
FELIX MENDONCA,PDT,UAUA,DENTRO,19,0.03,0.0,0.0
FELIX MENDONCA,PDT,TANHACU,DENTRO,19,0.03,0.0,0.0
FELIX MENDONCA,PDT,BAIXA GRANDE,DENTRO,19,0.03,0.0,0.0
FELIX MENDONCA,PDT,IBIRAPITANGA,DENTRO,19,0.03,0.0,0.0
FELIX MENDONCA,PDT,SERRA PRETA,DENTRO,19,0.03,0.0,0.0
FELIX MENDONCA,PDT,SERRA DO RAMALHO,DENTRO,19,0.03,0.0,0.0
FELIX MENDONCA,PDT,ITAPE,DENTRO,19,0.03,0.0,0.0
FELIX MENDONCA,PDT,CAPIM GROSSO,DENTRO,19,0.03,0.0,0.0
FELIX MENDONCA,PDT,CASTRO ALVES,DENTRO,18,0.03,0.0,0.0
FELIX MENDONCA,PDT,JANDAIRA,DENTRO,18,0.03,0.0,0.0
FELIX MENDONCA,PDT,SOUTO SOARES,DENTRO,18,0.03,0.0,0.0
FELIX MENDONCA,PDT,IBICOARA,DENTRO,18,0.03,0.0,0.0
FELIX MENDONCA,PDT,PAU BRASIL,DENTRO,18,0.03,0.0,0.0
FELIX MENDONCA,PDT,SOBRADINHO,DENTRO,18,0.03,0.0,0.0
FELIX MENDONCA,PDT,IPECAETA,DENTRO,18,0.03,0.0,0.0
FELIX MENDONCA,PDT,FILADELFIA,DENTRO,18,0.03,0.0,0.0
FELIX MENDONCA,PDT,NOVA FATIMA,DENTRO,18,0.03,0.0,0.0
FELIX MENDONCA,PDT,CONDEUBA,DENTRO,17,0.02,0.0,0.0
FELIX MENDONCA,PDT,CARINHANHA,DENTRO,17,0.02,0.0,0.0
FELIX MENDONCA,PDT,ENCRUZILHADA,DENTRO,17,0.02,0.0,0.0
FELIX MENDONCA,PDT,ITIUBA,DENTRO,17,0.02,0.0,0.0
FELIX MENDONCA,PDT,URUCUCA,DENTRO,17,0.02,0.0,0.0
FELIX MENDONCA,PDT,PARATINGA,DENTRO,17,0.02,0.0,0.0
FELIX MENDONCA,PDT,ITAGIBA,DENTRO,17,0.02,0.0,0.0
FELIX MENDONCA,PDT,FORMOSA DO RIO PRETO,DENTRO,17,0.02,0.0,0.0
FELIX MENDONCA,PDT,MASCOTE,DENTRO,17,0.02,0.0,0.0
FELIX MENDONCA,PDT,ITIRUCU,DENTRO,16,0.02,0.0,0.0
FELIX MENDONCA,PDT,ITABELA,DENTRO,16,0.02,0.0,0.0
FELIX MENDONCA,PDT,ELISIO MEDRADO,DENTRO,16,0.02,0.0,0.0
FELIX MENDONCA,PDT,OLIVEIRA DOS BREJINHOS,DENTRO,16,0.02,0.0,0.0
FELIX MENDONCA,PDT,CACULE,DENTRO,16,0.02,0.0,0.0
FELIX MENDONCA,PDT,NORDESTINA,DENTRO,16,0.02,0.0,0.0
FELIX MENDONCA,PDT,NOVA CANAA,DENTRO,16,0.02,0.0,0.0
FELIX MENDONCA,PDT,BOA NOVA,DENTRO,16,0.02,0.0,0.0
FELIX MENDONCA,PDT,SANTANOPOLIS,DENTRO,16,0.02,0.0,0.0
FELIX MENDONCA,PDT,IBICUI,DENTRO,16,0.02,0.0,0.0
FELIX MENDONCA,PDT,URANDI,DENTRO,15,0.02,0.0,0.0
FELIX MENDONCA,PDT,SANTA BARBARA,DENTRO,15,0.02,0.0,0.0
FELIX MENDONCA,PDT,BARROCAS,DENTRO,15,0.02,0.0,0.0
FELIX MENDONCA,PDT,SERRA DOURADA,DENTRO,15,0.02,0.0,0.0
FELIX MENDONCA,PDT,SANTA LUZIA,DENTRO,15,0.02,0.0,0.0
FELIX MENDONCA,PDT,TAPIRAMUTA,DENTRO,15,0.02,0.0,0.0
FELIX MENDONCA,PDT,OUROLANDIA,DENTRO,15,0.02,0.0,0.0
FELIX MENDONCA,PDT,BAIANOPOLIS,DENTRO,14,0.02,0.0,0.0
FELIX MENDONCA,PDT,IBITIARA,DENTRO,14,0.02,0.0,0.0
FELIX MENDONCA,PDT,CANAPOLIS,DENTRO,14,0.02,0.0,0.0
FELIX MENDONCA,PDT,LAGOA REAL,DENTRO,14,0.02,0.0,0.0
FELIX MENDONCA,PDT,CABACEIRAS DO PARAGUACU,DENTRO,14,0.02,0.0,0.0
FELIX MENDONCA,PDT,ALMADINA,DENTRO,14,0.02,0.0,0.0
FELIX MENDONCA,PDT,BURITIRAMA,DENTRO,14,0.02,0.0,0.0
FELIX MENDONCA,PDT,ITAPARICA,DENTRO,14,0.02,0.0,0.0
FELIX MENDONCA,PDT,NOVA REDENCAO,DENTRO,14,0.02,0.0,0.0
FELIX MENDONCA,PDT,ITARANTIM,DENTRO,14,0.02,0.0,0.0
FELIX MENDONCA,PDT,SATIRO DIAS,DENTRO,14,0.02,0.0,0.0
FELIX MENDONCA,PDT,IGUAI,DENTRO,14,0.02,0.0,0.0
FELIX MENDONCA,PDT,ALCOBACA,DENTRO,14,0.02,0.0,0.0
FELIX MENDONCA,PDT,RIO DE CONTAS,DENTRO,14,0.02,0.0,0.0
FELIX MENDONCA,PDT,CHORROCHO,DENTRO,13,0.02,0.0,0.0
FELIX MENDONCA,PDT,IGAPORA,DENTRO,13,0.02,0.0,0.0
FELIX MENDONCA,PDT,CAMPO ALEGRE DE LOURDES,DENTRO,13,0.02,0.0,0.0
FELIX MENDONCA,PDT,MIRANTE,DENTRO,13,0.02,0.0,0.0
FELIX MENDONCA,PDT,ITAGI,DENTRO,13,0.02,0.0,0.0
FELIX MENDONCA,PDT,PARAMIRIM,DENTRO,13,0.02,0.0,0.0
FELIX MENDONCA,PDT,SAO MIGUEL DAS MATAS,DENTRO,13,0.02,0.0,0.0
FELIX MENDONCA,PDT,CAATIBA,DENTRO,13,0.02,0.0,0.0
FELIX MENDONCA,PDT,DARIO MEIRA,DENTRO,13,0.02,0.0,0.0
FELIX MENDONCA,PDT,PILAO ARCADO,DENTRO,13,0.02,0.0,0.0
FELIX MENDONCA,PDT,LAJEDO DO TABOCAL,DENTRO,12,0.02,0.0,0.0
FELIX MENDONCA,PDT,BUERAREMA,DENTRO,12,0.02,0.0,0.0
FELIX MENDONCA,PDT,BOA VISTA DO TUPIM,DENTRO,12,0.02,0.0,0.0
FELIX MENDONCA,PDT,ARATUIPE,DENTRO,12,0.02,0.0,0.0
FELIX MENDONCA,PDT,CANDIBA,DENTRO,12,0.02,0.0,0.0
FELIX MENDONCA,PDT,FIRMINO ALVES,DENTRO,12,0.02,0.0,0.0
FELIX MENDONCA,PDT,VEREDA,DENTRO,11,0.02,0.0,0.0
FELIX MENDONCA,PDT,MACURURE,DENTRO,11,0.02,0.0,0.0
FELIX MENDONCA,PDT,CANDEAL,DENTRO,11,0.02,0.0,0.0
FELIX MENDONCA,PDT,IBIQUERA,DENTRO,11,0.02,0.0,0.0
FELIX MENDONCA,PDT,PEDRO ALEXANDRE,DENTRO,11,0.02,0.0,0.0
FELIX MENDONCA,PDT,MIRANGABA,DENTRO,11,0.02,0.0,0.0
FELIX MENDONCA,PDT,MUCUGE,DENTRO,11,0.02,0.0,0.0
FELIX MENDONCA,PDT,TREMEDAL,DENTRO,11,0.02,0.0,0.0
FELIX MENDONCA,PDT,ARATACA,DENTRO,11,0.02,0.0,0.0
FELIX MENDONCA,PDT,BELMONTE,DENTRO,11,0.02,0.0,0.0
FELIX MENDONCA,PDT,ANTONIO CARDOSO,DENTRO,11,0.02,0.0,0.0
FELIX MENDONCA,PDT,BANZAE,DENTRO,11,0.02,0.0,0.0
FELIX MENDONCA,PDT,BONINAL,DENTRO,11,0.02,0.0,0.0
FELIX MENDONCA,PDT,RIACHAO DAS NEVES,DENTRO,10,0.01,0.0,0.0
FELIX MENDONCA,PDT,VARZEA NOVA,DENTRO,10,0.01,0.0,0.0
FELIX MENDONCA,PDT,TANQUE NOVO,DENTRO,10,0.01,0.0,0.0
FELIX MENDONCA,PDT,SANTA TEREZINHA,DENTRO,10,0.01,0.0,0.0
FELIX MENDONCA,PDT,MULUNGU DO MORRO,DENTRO,10,0.01,0.0,0.0
FELIX MENDONCA,PDT,IRAJUBA,DENTRO,10,0.01,0.0,0.0
FELIX MENDONCA,PDT,PONTO NOVO,DENTRO,10,0.01,0.0,0.0
FELIX MENDONCA,PDT,PIRAI DO NORTE,DENTRO,10,0.01,0.0,0.0
FELIX MENDONCA,PDT,ANGUERA,DENTRO,10,0.01,0.0,0.0
FELIX MENDONCA,PDT,VARZEDO,DENTRO,10,0.01,0.0,0.0
FELIX MENDONCA,PDT,IUIU,DENTRO,10,0.01,0.0,0.0
FELIX MENDONCA,PDT,SAO FELIX,DENTRO,10,0.01,0.0,0.0
FELIX MENDONCA,PDT,MILAGRES,DENTRO,9,0.01,0.0,0.0
FELIX MENDONCA,PDT,CARDEAL DA SILVA,DENTRO,9,0.01,0.0,0.0
FELIX MENDONCA,PDT,MAIQUINIQUE,DENTRO,9,0.01,0.0,0.0
FELIX MENDONCA,PDT,BARRO PRETO,DENTRO,9,0.01,0.0,0.0
FELIX MENDONCA,PDT,MARCIONILIO SOUZA,DENTRO,9,0.01,0.0,0.0
FELIX MENDONCA,PDT,ITAPEBI,DENTRO,9,0.01,0.0,0.0
FELIX MENDONCA,PDT,MORTUGABA,DENTRO,9,0.01,0.0,0.0
FELIX MENDONCA,PDT,PE DE SERRA,DENTRO,9,0.01,0.0,0.0
FELIX MENDONCA,PDT,ITANAGRA,DENTRO,9,0.01,0.0,0.0
FELIX MENDONCA,PDT,PRADO,DENTRO,9,0.01,0.0,0.0
FELIX MENDONCA,PDT,ANGICAL,DENTRO,9,0.01,0.0,0.0
FELIX MENDONCA,PDT,ABARE,DENTRO,9,0.01,0.0,0.0
FELIX MENDONCA,PDT,SERROLANDIA,DENTRO,9,0.01,0.0,0.0
FELIX MENDONCA,PDT,PALMAS DE MONTE ALTO,DENTRO,9,0.01,0.0,0.0
FELIX MENDONCA,PDT,CANDIDO SALES,DENTRO,9,0.01,0.0,0.0
FELIX MENDONCA,PDT,COCOS,DENTRO,8,0.01,0.0,0.0
FELIX MENDONCA,PDT,ITAETE,DENTRO,8,0.01,0.0,0.0
FELIX MENDONCA,PDT,UMBURANAS,DENTRO,8,0.01,0.0,0.0
FELIX MENDONCA,PDT,IBIRAPUA,DENTRO,8,0.01,0.0,0.0
FELIX MENDONCA,PDT,SAUDE,DENTRO,8,0.01,0.0,0.0
FELIX MENDONCA,PDT,MANSIDAO,DENTRO,8,0.01,0.0,0.0
FELIX MENDONCA,PDT,SAO JOSE DA VITORIA,DENTRO,8,0.01,0.0,0.0
FELIX MENDONCA,PDT,MANOEL VITORINO,DENTRO,8,0.01,0.0,0.0
FELIX MENDONCA,PDT,JACARACI,DENTRO,8,0.01,0.0,0.0
FELIX MENDONCA,PDT,CORDEIROS,DENTRO,8,0.01,0.0,0.0
FELIX MENDONCA,PDT,BONITO,DENTRO,8,0.01,0.0,0.0
FELIX MENDONCA,PDT,PEDRAO,DENTRO,8,0.01,0.0,0.0
FELIX MENDONCA,PDT,MAETINGA,DENTRO,7,0.01,0.0,0.0
FELIX MENDONCA,PDT,PINDOBACU,DENTRO,7,0.01,0.0,0.0
FELIX MENDONCA,PDT,RIO DO ANTONIO,DENTRO,7,0.01,0.0,0.0
FELIX MENDONCA,PDT,AIQUARA,DENTRO,7,0.01,0.0,0.0
FELIX MENDONCA,PDT,APUAREMA,DENTRO,7,0.01,0.0,0.0
FELIX MENDONCA,PDT,CAPELA DO ALTO ALEGRE,DENTRO,7,0.01,0.0,0.0
FELIX MENDONCA,PDT,JUCURUCU,DENTRO,7,0.01,0.0,0.0
FELIX MENDONCA,PDT,ABAIRA,DENTRO,7,0.01,0.0,0.0
FELIX MENDONCA,PDT,JABORANDI,DENTRO,7,0.01,0.0,0.0
FELIX MENDONCA,PDT,LAFAIETE COUTINHO,DENTRO,7,0.01,0.0,0.0
FELIX MENDONCA,PDT,RIBEIRAO DO LARGO,DENTRO,7,0.01,0.0,0.0
FELIX MENDONCA,PDT,PIRIPA,DENTRO,7,0.01,0.0,0.0
FELIX MENDONCA,PDT,ERICO CARDOSO,DENTRO,7,0.01,0.0,0.0
FELIX MENDONCA,PDT,WAGNER,DENTRO,7,0.01,0.0,0.0
FELIX MENDONCA,PDT,JUSSIAPE,DENTRO,7,0.01,0.0,0.0
FELIX MENDONCA,PDT,CAETANOS,DENTRO,7,0.01,0.0,0.0
FELIX MENDONCA,PDT,MACAJUBA,DENTRO,7,0.01,0.0,0.0
FELIX MENDONCA,PDT,PINTADAS,DENTRO,6,0.01,0.0,0.0
FELIX MENDONCA,PDT,SEBASTIAO LARANJEIRAS,DENTRO,6,0.01,0.0,0.0
FELIX MENDONCA,PDT,COTEGIPE,DENTRO,6,0.01,0.0,0.0
FELIX MENDONCA,PDT,SANTA INES,DENTRO,6,0.01,0.0,0.0
FELIX MENDONCA,PDT,CORIBE,DENTRO,6,0.01,0.0,0.0
FELIX MENDONCA,PDT,TANQUINHO,DENTRO,6,0.01,0.0,0.0
FELIX MENDONCA,PDT,SAUBARA,DENTRO,6,0.01,0.0,0.0
FELIX MENDONCA,PDT,CALDEIRAO GRANDE,DENTRO,6,0.01,0.0,0.0
FELIX MENDONCA,PDT,CARAIBAS,DENTRO,6,0.01,0.0,0.0
FELIX MENDONCA,PDT,DOM MACEDO COSTA,DENTRO,6,0.01,0.0,0.0
FELIX MENDONCA,PDT,CRAVOLANDIA,DENTRO,6,0.01,0.0,0.0
FELIX MENDONCA,PDT,ITATIM,DENTRO,5,0.01,0.0,0.0
FELIX MENDONCA,PDT,IRAMAIA,DENTRO,5,0.01,0.0,0.0
FELIX MENDONCA,PDT,BOTUPORA,DENTRO,5,0.01,0.0,0.0
FELIX MENDONCA,PDT,NOVA IBIA,DENTRO,5,0.01,0.0,0.0
FELIX MENDONCA,PDT,LICINIO DE ALMEIDA,DENTRO,5,0.01,0.0,0.0
FELIX MENDONCA,PDT,CRISTOPOLIS,DENTRO,5,0.01,0.0,0.0
FELIX MENDONCA,PDT,SAO DOMINGOS,DENTRO,5,0.01,0.0,0.0
FELIX MENDONCA,PDT,SAO JOSE DO JACUIPE,DENTRO,5,0.01,0.0,0.0
FELIX MENDONCA,PDT,MORPARA,DENTRO,5,0.01,0.0,0.0
FELIX MENDONCA,PDT,MALHADA DE PEDRAS,DENTRO,5,0.01,0.0,0.0
FELIX MENDONCA,PDT,BOM JESUS DA SERRA,DENTRO,5,0.01,0.0,0.0
FELIX MENDONCA,PDT,ITAQUARA,DENTRO,5,0.01,0.0,0.0
FELIX MENDONCA,PDT,MUQUEM DO SAO FRANCISCO,DENTRO,4,0.01,0.0,0.0
FELIX MENDONCA,PDT,OURICANGAS,DENTRO,4,0.01,0.0,0.0
FELIX MENDONCA,PDT,CAEM,DENTRO,4,0.01,0.0,0.0
FELIX MENDONCA,PDT,SAO FELIX DO CORIBE,DENTRO,4,0.01,0.0,0.0
FELIX MENDONCA,PDT,ITAMARI,DENTRO,4,0.01,0.0,0.0
FELIX MENDONCA,PDT,JUSSARI,DENTRO,4,0.01,0.0,0.0
FELIX MENDONCA,PDT,ITAJU DO COLONIA,DENTRO,4,0.01,0.0,0.0
FELIX MENDONCA,PDT,RODELAS,DENTRO,4,0.01,0.0,0.0
FELIX MENDONCA,PDT,ICHU,DENTRO,4,0.01,0.0,0.0
FELIX MENDONCA,PDT,PRESIDENTE JANIO QUADROS,DENTRO,4,0.01,0.0,0.0
FELIX MENDONCA,PDT,CATURAMA,DENTRO,4,0.01,0.0,0.0
FELIX MENDONCA,PDT,IBIASSUCE,DENTRO,4,0.01,0.0,0.0
FELIX MENDONCA,PDT,PLANALTINO,DENTRO,3,0.00,0.0,0.0
FELIX MENDONCA,PDT,SITIO DO MATO,DENTRO,3,0.00,0.0,0.0
FELIX MENDONCA,PDT,SAO DESIDERIO,DENTRO,3,0.00,0.0,0.0
FELIX MENDONCA,PDT,LAJEDINHO,DENTRO,3,0.00,0.0,0.0
FELIX MENDONCA,PDT,QUIXABEIRA,DENTRO,3,0.00,0.0,0.0
FELIX MENDONCA,PDT,CONTENDAS DO SINCORA,DENTRO,3,0.00,0.0,0.0
FELIX MENDONCA,PDT,LAJEDAO,DENTRO,3,0.00,0.0,0.0
FELIX MENDONCA,PDT,WANDERLEY,DENTRO,3,0.00,0.0,0.0
FELIX MENDONCA,PDT,MATINA,DENTRO,2,0.00,0.0,0.0
FELIX MENDONCA,PDT,NOVO TRIUNFO,DENTRO,2,0.00,0.0,0.0
FELIX MENDONCA,PDT,RIO DO PIRES,DENTRO,2,0.00,0.0,0.0
FELIX MENDONCA,PDT,ITAGIMIRIM,DENTRO,2,0.00,0.0,0.0
FELIX MENDONCA,PDT,SANTA CRUZ DA VITORIA,DENTRO,1,0.00,0.0,0.0
FELIX MENDONCA,PDT,GUAJERU,DENTRO,1,0.00,0.0,0.0
FELIX MENDONCA,PDT,FEIRA DA MATA,DENTRO,1,0.00,0.0,0.0
FELIX MENDONCA,PDT,TABOCAS DO BREJO VELHO,DENTRO,1,0.00,0.0,0.0
FELIX MENDONCA,PDT,DOM BASILIO,DENTRO,1,0.00,0.0,0.0
FELIX MENDONCA,PDT,BREJOLANDIA,DENTRO,1,0.00,0.0,0.0
FELIX MENDONCA,PDT,CATOLANDIA,DENTRO,0,0.00,0.0,0.0
FELIX MENDONCA,PDT,MULTIPLO,AMPLO,0,0,145847897.13,94.49
FELIX MENDONCA,PDT,SEM INFORMACAO,AMPLO,0,0,6703168.97,4.34
FELIX MENDONCA,PDT,MORRO DO CHAPEU (BAHIA),FORA,0,0,997054.0,0.65
FELIX MENDONCA,PDT,CICERO DANTAS (BAHIA),FORA,0,0,499785.0,0.32
FELIX MENDONCA,PDT,ERICO CARDOSO (BAHIA),FORA,0,0,299974.0,0.19
RAIMUNDO COSTA,PODE,VALENCA,DENTRO,6971,13.03,0.0,0.0
RAIMUNDO COSTA,PODE,SALVADOR,DENTRO,2967,5.55,0.0,0.0
RAIMUNDO COSTA,PODE,SANTO ANTONIO DE JESUS,DENTRO,2087,3.90,0.0,0.0
RAIMUNDO COSTA,PODE,NILO PECANHA,DENTRO,1673,3.13,0.0,0.0
RAIMUNDO COSTA,PODE,VITORIA DA CONQUISTA,DENTRO,1505,2.81,0.0,0.0
RAIMUNDO COSTA,PODE,CAIRU,DENTRO,1423,2.66,0.0,0.0
RAIMUNDO COSTA,PODE,CARINHANHA,DENTRO,1414,2.64,0.0,0.0
RAIMUNDO COSTA,PODE,IBOTIRAMA,DENTRO,1378,2.58,0.0,0.0
RAIMUNDO COSTA,PODE,SAO FRANCISCO DO CONDE,DENTRO,1215,2.27,0.0,0.0
RAIMUNDO COSTA,PODE,MARAGOGIPE,DENTRO,1146,2.14,0.0,0.0
RAIMUNDO COSTA,PODE,JAGUARIPE,DENTRO,1071,2.00,0.0,0.0
RAIMUNDO COSTA,PODE,ALCOBACA,DENTRO,1049,1.96,0.0,0.0
RAIMUNDO COSTA,PODE,BOM JESUS DA LAPA,DENTRO,1041,1.95,0.0,0.0
RAIMUNDO COSTA,PODE,SAUBARA,DENTRO,1018,1.90,0.0,0.0
RAIMUNDO COSTA,PODE,ITIUBA,DENTRO,937,1.75,0.0,0.0
RAIMUNDO COSTA,PODE,ILHEUS,DENTRO,881,1.65,0.0,0.0
RAIMUNDO COSTA,PODE,SANTO AMARO,DENTRO,856,1.60,0.0,0.0
RAIMUNDO COSTA,PODE,MARAU,DENTRO,839,1.57,0.0,0.0
RAIMUNDO COSTA,PODE,CAMAMU,DENTRO,822,1.54,0.0,0.0
RAIMUNDO COSTA,PODE,CONDE,DENTRO,703,1.31,0.0,0.0
RAIMUNDO COSTA,PODE,NOVA VICOSA,DENTRO,691,1.29,0.0,0.0
RAIMUNDO COSTA,PODE,TAPEROA,DENTRO,625,1.17,0.0,0.0
RAIMUNDO COSTA,PODE,BELMONTE,DENTRO,623,1.16,0.0,0.0
RAIMUNDO COSTA,PODE,VERA CRUZ,DENTRO,619,1.16,0.0,0.0
RAIMUNDO COSTA,PODE,CACHOEIRA,DENTRO,598,1.12,0.0,0.0
RAIMUNDO COSTA,PODE,NAZARE,DENTRO,598,1.12,0.0,0.0
RAIMUNDO COSTA,PODE,SITIO DO MATO,DENTRO,595,1.11,0.0,0.0
RAIMUNDO COSTA,PODE,ITUBERA,DENTRO,589,1.10,0.0,0.0
RAIMUNDO COSTA,PODE,MALHADA,DENTRO,546,1.02,0.0,0.0
RAIMUNDO COSTA,PODE,SANTA LUZIA,DENTRO,543,1.02,0.0,0.0
RAIMUNDO COSTA,PODE,MADRE DE DEUS,DENTRO,533,1.00,0.0,0.0
RAIMUNDO COSTA,PODE,PRADO,DENTRO,533,1.00,0.0,0.0
RAIMUNDO COSTA,PODE,ITAPARICA,DENTRO,516,0.96,0.0,0.0
RAIMUNDO COSTA,PODE,IGRAPIUNA,DENTRO,516,0.96,0.0,0.0
RAIMUNDO COSTA,PODE,CANAVIEIRAS,DENTRO,510,0.95,0.0,0.0
RAIMUNDO COSTA,PODE,CRUZ DAS ALMAS,DENTRO,472,0.88,0.0,0.0
RAIMUNDO COSTA,PODE,ITABUNA,DENTRO,471,0.88,0.0,0.0
RAIMUNDO COSTA,PODE,CARAVELAS,DENTRO,454,0.85,0.0,0.0
RAIMUNDO COSTA,PODE,ITAMARAJU,DENTRO,441,0.82,0.0,0.0
RAIMUNDO COSTA,PODE,REMANSO,DENTRO,406,0.76,0.0,0.0
RAIMUNDO COSTA,PODE,CANAPOLIS,DENTRO,390,0.73,0.0,0.0
RAIMUNDO COSTA,PODE,QUIXABEIRA,DENTRO,382,0.71,0.0,0.0
RAIMUNDO COSTA,PODE,CASA NOVA,DENTRO,353,0.66,0.0,0.0
RAIMUNDO COSTA,PODE,JUAZEIRO,DENTRO,347,0.65,0.0,0.0
RAIMUNDO COSTA,PODE,LAURO DE FREITAS,DENTRO,342,0.64,0.0,0.0
RAIMUNDO COSTA,PODE,CANDEIAS,DENTRO,338,0.63,0.0,0.0
RAIMUNDO COSTA,PODE,XIQUE-XIQUE,DENTRO,312,0.58,0.0,0.0
RAIMUNDO COSTA,PODE,ABARE,DENTRO,311,0.58,0.0,0.0
RAIMUNDO COSTA,PODE,JANDAIRA,DENTRO,300,0.56,0.0,0.0
RAIMUNDO COSTA,PODE,MUQUEM DO SAO FRANCISCO,DENTRO,290,0.54,0.0,0.0
RAIMUNDO COSTA,PODE,ARATUIPE,DENTRO,268,0.50,0.0,0.0
RAIMUNDO COSTA,PODE,ITAPE,DENTRO,267,0.50,0.0,0.0
RAIMUNDO COSTA,PODE,MORPARA,DENTRO,258,0.48,0.0,0.0
RAIMUNDO COSTA,PODE,SALINAS DA MARGARIDA,DENTRO,255,0.48,0.0,0.0
RAIMUNDO COSTA,PODE,RIO DE CONTAS,DENTRO,254,0.47,0.0,0.0
RAIMUNDO COSTA,PODE,PRESIDENTE TANCREDO NEVES,DENTRO,242,0.45,0.0,0.0
RAIMUNDO COSTA,PODE,CANSANCAO,DENTRO,231,0.43,0.0,0.0
RAIMUNDO COSTA,PODE,PAULO AFONSO,DENTRO,229,0.43,0.0,0.0
RAIMUNDO COSTA,PODE,MASCOTE,DENTRO,228,0.43,0.0,0.0
RAIMUNDO COSTA,PODE,SOBRADINHO,DENTRO,220,0.41,0.0,0.0
RAIMUNDO COSTA,PODE,PORTO SEGURO,DENTRO,218,0.41,0.0,0.0
RAIMUNDO COSTA,PODE,CAMACARI,DENTRO,214,0.40,0.0,0.0
RAIMUNDO COSTA,PODE,PAU BRASIL,DENTRO,188,0.35,0.0,0.0
RAIMUNDO COSTA,PODE,CHORROCHO,DENTRO,185,0.35,0.0,0.0
RAIMUNDO COSTA,PODE,PILAO ARCADO,DENTRO,180,0.34,0.0,0.0
RAIMUNDO COSTA,PODE,SANTA CRUZ CABRALIA,DENTRO,174,0.33,0.0,0.0
RAIMUNDO COSTA,PODE,MUCURI,DENTRO,166,0.31,0.0,0.0
RAIMUNDO COSTA,PODE,CANUDOS,DENTRO,162,0.30,0.0,0.0
RAIMUNDO COSTA,PODE,GENTIO DO OURO,DENTRO,162,0.30,0.0,0.0
RAIMUNDO COSTA,PODE,ITACARE,DENTRO,161,0.30,0.0,0.0
RAIMUNDO COSTA,PODE,SANTA MARIA DA VITORIA,DENTRO,158,0.30,0.0,0.0
RAIMUNDO COSTA,PODE,ADUSTINA,DENTRO,154,0.29,0.0,0.0
RAIMUNDO COSTA,PODE,SANTANA,DENTRO,150,0.28,0.0,0.0
RAIMUNDO COSTA,PODE,FEIRA DE SANTANA,DENTRO,132,0.25,0.0,0.0
RAIMUNDO COSTA,PODE,DIAS D AVILA,DENTRO,127,0.24,0.0,0.0
RAIMUNDO COSTA,PODE,ARACI,DENTRO,123,0.23,0.0,0.0
RAIMUNDO COSTA,PODE,CAMPO ALEGRE DE LOURDES,DENTRO,123,0.23,0.0,0.0
RAIMUNDO COSTA,PODE,AURELINO LEAL,DENTRO,105,0.20,0.0,0.0
RAIMUNDO COSTA,PODE,UBAITABA,DENTRO,102,0.19,0.0,0.0
RAIMUNDO COSTA,PODE,SERROLANDIA,DENTRO,99,0.19,0.0,0.0
RAIMUNDO COSTA,PODE,RODELAS,DENTRO,99,0.19,0.0,0.0
RAIMUNDO COSTA,PODE,MUNIZ FERREIRA,DENTRO,92,0.17,0.0,0.0
RAIMUNDO COSTA,PODE,SENTO SE,DENTRO,90,0.17,0.0,0.0
RAIMUNDO COSTA,PODE,MUTUIPE,DENTRO,87,0.16,0.0,0.0
RAIMUNDO COSTA,PODE,PARATINGA,DENTRO,86,0.16,0.0,0.0
RAIMUNDO COSTA,PODE,SAO FELIX,DENTRO,83,0.16,0.0,0.0
RAIMUNDO COSTA,PODE,SIMOES FILHO,DENTRO,76,0.14,0.0,0.0
RAIMUNDO COSTA,PODE,CAMACA,DENTRO,72,0.13,0.0,0.0
RAIMUNDO COSTA,PODE,UBAIRA,DENTRO,70,0.13,0.0,0.0
RAIMUNDO COSTA,PODE,ENTRE RIOS,DENTRO,63,0.12,0.0,0.0
RAIMUNDO COSTA,PODE,BARRA,DENTRO,59,0.11,0.0,0.0
RAIMUNDO COSTA,PODE,JEQUIE,DENTRO,58,0.11,0.0,0.0
RAIMUNDO COSTA,PODE,TEIXEIRA DE FREITAS,DENTRO,58,0.11,0.0,0.0
RAIMUNDO COSTA,PODE,LIVRAMENTO DE NOSSA SENHORA,DENTRO,54,0.10,0.0,0.0
RAIMUNDO COSTA,PODE,URUCUCA,DENTRO,53,0.10,0.0,0.0
RAIMUNDO COSTA,PODE,CURACA,DENTRO,53,0.10,0.0,0.0
RAIMUNDO COSTA,PODE,GAVIAO,DENTRO,51,0.10,0.0,0.0
RAIMUNDO COSTA,PODE,LAJE,DENTRO,50,0.09,0.0,0.0
RAIMUNDO COSTA,PODE,UNA,DENTRO,49,0.09,0.0,0.0
RAIMUNDO COSTA,PODE,JACOBINA,DENTRO,45,0.08,0.0,0.0
RAIMUNDO COSTA,PODE,BRUMADO,DENTRO,38,0.07,0.0,0.0
RAIMUNDO COSTA,PODE,BARREIRAS,DENTRO,36,0.07,0.0,0.0
RAIMUNDO COSTA,PODE,CACULE,DENTRO,34,0.06,0.0,0.0
RAIMUNDO COSTA,PODE,LUIS EDUARDO MAGALHAES,DENTRO,34,0.06,0.0,0.0
RAIMUNDO COSTA,PODE,GANDU,DENTRO,31,0.06,0.0,0.0
RAIMUNDO COSTA,PODE,MEDEIROS NETO,DENTRO,30,0.06,0.0,0.0
RAIMUNDO COSTA,PODE,GUANAMBI,DENTRO,30,0.06,0.0,0.0
RAIMUNDO COSTA,PODE,CONCEICAO DO ALMEIDA,DENTRO,29,0.05,0.0,0.0
RAIMUNDO COSTA,PODE,MURITIBA,DENTRO,26,0.05,0.0,0.0
RAIMUNDO COSTA,PODE,MARACAS,DENTRO,26,0.05,0.0,0.0
RAIMUNDO COSTA,PODE,ALAGOINHAS,DENTRO,26,0.05,0.0,0.0
RAIMUNDO COSTA,PODE,CAPIM GROSSO,DENTRO,26,0.05,0.0,0.0
RAIMUNDO COSTA,PODE,SAPEACU,DENTRO,24,0.04,0.0,0.0
RAIMUNDO COSTA,PODE,ITAGIBA,DENTRO,23,0.04,0.0,0.0
RAIMUNDO COSTA,PODE,EUNAPOLIS,DENTRO,23,0.04,0.0,0.0
RAIMUNDO COSTA,PODE,RIO REAL,DENTRO,22,0.04,0.0,0.0
RAIMUNDO COSTA,PODE,WENCESLAU GUIMARAES,DENTRO,22,0.04,0.0,0.0
RAIMUNDO COSTA,PODE,RIACHAO DAS NEVES,DENTRO,21,0.04,0.0,0.0
RAIMUNDO COSTA,PODE,ITAGUACU DA BAHIA,DENTRO,20,0.04,0.0,0.0
RAIMUNDO COSTA,PODE,MATA DE SAO JOAO,DENTRO,20,0.04,0.0,0.0
RAIMUNDO COSTA,PODE,IBIRAPITANGA,DENTRO,20,0.04,0.0,0.0
RAIMUNDO COSTA,PODE,CONCEICAO DO JACUIPE,DENTRO,19,0.04,0.0,0.0
RAIMUNDO COSTA,PODE,CABACEIRAS DO PARAGUACU,DENTRO,16,0.03,0.0,0.0
RAIMUNDO COSTA,PODE,SERRA DO RAMALHO,DENTRO,16,0.03,0.0,0.0
RAIMUNDO COSTA,PODE,TEOLANDIA,DENTRO,15,0.03,0.0,0.0
RAIMUNDO COSTA,PODE,SAO FELIPE,DENTRO,14,0.03,0.0,0.0
RAIMUNDO COSTA,PODE,PARIPIRANGA,DENTRO,14,0.03,0.0,0.0
RAIMUNDO COSTA,PODE,CORRENTINA,DENTRO,14,0.03,0.0,0.0
RAIMUNDO COSTA,PODE,JIQUIRICA,DENTRO,13,0.02,0.0,0.0
RAIMUNDO COSTA,PODE,MONTE SANTO,DENTRO,13,0.02,0.0,0.0
RAIMUNDO COSTA,PODE,SAO FELIX DO CORIBE,DENTRO,13,0.02,0.0,0.0
RAIMUNDO COSTA,PODE,PALMAS DE MONTE ALTO,DENTRO,13,0.02,0.0,0.0
RAIMUNDO COSTA,PODE,ANAGE,DENTRO,12,0.02,0.0,0.0
RAIMUNDO COSTA,PODE,ESPLANADA,DENTRO,12,0.02,0.0,0.0
RAIMUNDO COSTA,PODE,FATIMA,DENTRO,11,0.02,0.0,0.0
RAIMUNDO COSTA,PODE,GOVERNADOR MANGABEIRA,DENTRO,11,0.02,0.0,0.0
RAIMUNDO COSTA,PODE,ANDORINHA,DENTRO,11,0.02,0.0,0.0
RAIMUNDO COSTA,PODE,CASTRO ALVES,DENTRO,10,0.02,0.0,0.0
RAIMUNDO COSTA,PODE,CAMPO FORMOSO,DENTRO,10,0.02,0.0,0.0
RAIMUNDO COSTA,PODE,UBATA,DENTRO,10,0.02,0.0,0.0
RAIMUNDO COSTA,PODE,FLORESTA AZUL,DENTRO,10,0.02,0.0,0.0
RAIMUNDO COSTA,PODE,RUY BARBOSA,DENTRO,10,0.02,0.0,0.0
RAIMUNDO COSTA,PODE,PIRAI DO NORTE,DENTRO,10,0.02,0.0,0.0
RAIMUNDO COSTA,PODE,MANOEL VITORINO,DENTRO,10,0.02,0.0,0.0
RAIMUNDO COSTA,PODE,CONCEICAO DO COITE,DENTRO,9,0.02,0.0,0.0
RAIMUNDO COSTA,PODE,ITAPETINGA,DENTRO,9,0.02,0.0,0.0
RAIMUNDO COSTA,PODE,APORA,DENTRO,9,0.02,0.0,0.0
RAIMUNDO COSTA,PODE,IUIU,DENTRO,9,0.02,0.0,0.0
RAIMUNDO COSTA,PODE,AMARGOSA,DENTRO,9,0.02,0.0,0.0
RAIMUNDO COSTA,PODE,IBICARAI,DENTRO,9,0.02,0.0,0.0
RAIMUNDO COSTA,PODE,SAO SEBASTIAO DO PASSE,DENTRO,9,0.02,0.0,0.0
RAIMUNDO COSTA,PODE,IPIRA,DENTRO,8,0.01,0.0,0.0
RAIMUNDO COSTA,PODE,SERRA DOURADA,DENTRO,8,0.01,0.0,0.0
RAIMUNDO COSTA,PODE,VARZEDO,DENTRO,8,0.01,0.0,0.0
RAIMUNDO COSTA,PODE,ARATACA,DENTRO,8,0.01,0.0,0.0
RAIMUNDO COSTA,PODE,SAO GONCALO DOS CAMPOS,DENTRO,7,0.01,0.0,0.0
RAIMUNDO COSTA,PODE,MAIRI,DENTRO,7,0.01,0.0,0.0
RAIMUNDO COSTA,PODE,URANDI,DENTRO,7,0.01,0.0,0.0
RAIMUNDO COSTA,PODE,SANTA BARBARA,DENTRO,7,0.01,0.0,0.0
RAIMUNDO COSTA,PODE,BAIXA GRANDE,DENTRO,7,0.01,0.0,0.0
RAIMUNDO COSTA,PODE,PLANALTO,DENTRO,7,0.01,0.0,0.0
RAIMUNDO COSTA,PODE,SENHOR DO BONFIM,DENTRO,7,0.01,0.0,0.0
RAIMUNDO COSTA,PODE,DOM MACEDO COSTA,DENTRO,7,0.01,0.0,0.0
RAIMUNDO COSTA,PODE,SAO MIGUEL DAS MATAS,DENTRO,7,0.01,0.0,0.0
RAIMUNDO COSTA,PODE,ITABERABA,DENTRO,7,0.01,0.0,0.0
RAIMUNDO COSTA,PODE,ITATIM,DENTRO,6,0.01,0.0,0.0
RAIMUNDO COSTA,PODE,ITABELA,DENTRO,6,0.01,0.0,0.0
RAIMUNDO COSTA,PODE,AMELIA RODRIGUES,DENTRO,6,0.01,0.0,0.0
RAIMUNDO COSTA,PODE,VARZEA DA ROCA,DENTRO,6,0.01,0.0,0.0
RAIMUNDO COSTA,PODE,SANTA TEREZINHA,DENTRO,6,0.01,0.0,0.0
RAIMUNDO COSTA,PODE,SANTA RITA DE CASSIA,DENTRO,6,0.01,0.0,0.0
RAIMUNDO COSTA,PODE,UAUA,DENTRO,6,0.01,0.0,0.0
RAIMUNDO COSTA,PODE,POTIRAGUA,DENTRO,6,0.01,0.0,0.0
RAIMUNDO COSTA,PODE,DARIO MEIRA,DENTRO,6,0.01,0.0,0.0
RAIMUNDO COSTA,PODE,UIBAI,DENTRO,5,0.01,0.0,0.0
RAIMUNDO COSTA,PODE,BARRA DO CHOCA,DENTRO,5,0.01,0.0,0.0
RAIMUNDO COSTA,PODE,CORIBE,DENTRO,5,0.01,0.0,0.0
RAIMUNDO COSTA,PODE,TUCANO,DENTRO,5,0.01,0.0,0.0
RAIMUNDO COSTA,PODE,PEDRO ALEXANDRE,DENTRO,5,0.01,0.0,0.0
RAIMUNDO COSTA,PODE,VALENTE,DENTRO,5,0.01,0.0,0.0
RAIMUNDO COSTA,PODE,ITANHEM,DENTRO,5,0.01,0.0,0.0
RAIMUNDO COSTA,PODE,SERRINHA,DENTRO,5,0.01,0.0,0.0
RAIMUNDO COSTA,PODE,PRESIDENTE DUTRA,DENTRO,5,0.01,0.0,0.0
RAIMUNDO COSTA,PODE,GLORIA,DENTRO,5,0.01,0.0,0.0
RAIMUNDO COSTA,PODE,ITAGIMIRIM,DENTRO,5,0.01,0.0,0.0
RAIMUNDO COSTA,PODE,GUARATINGA,DENTRO,4,0.01,0.0,0.0
RAIMUNDO COSTA,PODE,COTEGIPE,DENTRO,4,0.01,0.0,0.0
RAIMUNDO COSTA,PODE,TANQUINHO,DENTRO,4,0.01,0.0,0.0
RAIMUNDO COSTA,PODE,OLIVEIRA DOS BREJINHOS,DENTRO,4,0.01,0.0,0.0
RAIMUNDO COSTA,PODE,SAO JOSE DO JACUIPE,DENTRO,4,0.01,0.0,0.0
RAIMUNDO COSTA,PODE,JAGUAQUARA,DENTRO,4,0.01,0.0,0.0
RAIMUNDO COSTA,PODE,ABAIRA,DENTRO,4,0.01,0.0,0.0
RAIMUNDO COSTA,PODE,RIBEIRA DO POMBAL,DENTRO,4,0.01,0.0,0.0
RAIMUNDO COSTA,PODE,SANTO ESTEVAO,DENTRO,4,0.01,0.0,0.0
RAIMUNDO COSTA,PODE,WAGNER,DENTRO,4,0.01,0.0,0.0
RAIMUNDO COSTA,PODE,MORRO DO CHAPEU,DENTRO,4,0.01,0.0,0.0
RAIMUNDO COSTA,PODE,ITAMBE,DENTRO,3,0.01,0.0,0.0
RAIMUNDO COSTA,PODE,BELO CAMPO,DENTRO,3,0.01,0.0,0.0
RAIMUNDO COSTA,PODE,IBIRATAIA,DENTRO,3,0.01,0.0,0.0
RAIMUNDO COSTA,PODE,IBITIARA,DENTRO,3,0.01,0.0,0.0
RAIMUNDO COSTA,PODE,SAO DESIDERIO,DENTRO,3,0.01,0.0,0.0
RAIMUNDO COSTA,PODE,CONDEUBA,DENTRO,3,0.01,0.0,0.0
RAIMUNDO COSTA,PODE,ENCRUZILHADA,DENTRO,3,0.01,0.0,0.0
RAIMUNDO COSTA,PODE,ELISIO MEDRADO,DENTRO,3,0.01,0.0,0.0
RAIMUNDO COSTA,PODE,RIACHO DE SANTANA,DENTRO,3,0.01,0.0,0.0
RAIMUNDO COSTA,PODE,ITORORO,DENTRO,3,0.01,0.0,0.0
RAIMUNDO COSTA,PODE,BUERAREMA,DENTRO,3,0.01,0.0,0.0
RAIMUNDO COSTA,PODE,CICERO DANTAS,DENTRO,3,0.01,0.0,0.0
RAIMUNDO COSTA,PODE,IBIRAPUA,DENTRO,3,0.01,0.0,0.0
RAIMUNDO COSTA,PODE,TERRA NOVA,DENTRO,3,0.01,0.0,0.0
RAIMUNDO COSTA,PODE,IPIAU,DENTRO,3,0.01,0.0,0.0
RAIMUNDO COSTA,PODE,SERRA PRETA,DENTRO,3,0.01,0.0,0.0
RAIMUNDO COSTA,PODE,ITAMARI,DENTRO,3,0.01,0.0,0.0
RAIMUNDO COSTA,PODE,IRECE,DENTRO,3,0.01,0.0,0.0
RAIMUNDO COSTA,PODE,ITUACU,DENTRO,3,0.01,0.0,0.0
RAIMUNDO COSTA,PODE,PIATA,DENTRO,3,0.01,0.0,0.0
RAIMUNDO COSTA,PODE,CANDIDO SALES,DENTRO,3,0.01,0.0,0.0
RAIMUNDO COSTA,PODE,COARACI,DENTRO,3,0.01,0.0,0.0
RAIMUNDO COSTA,PODE,FILADELFIA,DENTRO,3,0.01,0.0,0.0
RAIMUNDO COSTA,PODE,BREJOLANDIA,DENTRO,3,0.01,0.0,0.0
RAIMUNDO COSTA,PODE,CATU,DENTRO,3,0.01,0.0,0.0
RAIMUNDO COSTA,PODE,SANTA CRUZ DA VITORIA,DENTRO,2,0.00,0.0,0.0
RAIMUNDO COSTA,PODE,IGAPORA,DENTRO,2,0.00,0.0,0.0
RAIMUNDO COSTA,PODE,CRISOPOLIS,DENTRO,2,0.00,0.0,0.0
RAIMUNDO COSTA,PODE,BOA VISTA DO TUPIM,DENTRO,2,0.00,0.0,0.0
RAIMUNDO COSTA,PODE,BARROCAS,DENTRO,2,0.00,0.0,0.0
RAIMUNDO COSTA,PODE,ITAPEBI,DENTRO,2,0.00,0.0,0.0
RAIMUNDO COSTA,PODE,BURITIRAMA,DENTRO,2,0.00,0.0,0.0
RAIMUNDO COSTA,PODE,JABORANDI,DENTRO,2,0.00,0.0,0.0
RAIMUNDO COSTA,PODE,POJUCA,DENTRO,2,0.00,0.0,0.0
RAIMUNDO COSTA,PODE,FEIRA DA MATA,DENTRO,2,0.00,0.0,0.0
RAIMUNDO COSTA,PODE,MORTUGABA,DENTRO,2,0.00,0.0,0.0
RAIMUNDO COSTA,PODE,MIGUEL CALMON,DENTRO,2,0.00,0.0,0.0
RAIMUNDO COSTA,PODE,PONTO NOVO,DENTRO,2,0.00,0.0,0.0
RAIMUNDO COSTA,PODE,CAETITE,DENTRO,2,0.00,0.0,0.0
RAIMUNDO COSTA,PODE,JITAUNA,DENTRO,2,0.00,0.0,0.0
RAIMUNDO COSTA,PODE,JUSSARA,DENTRO,2,0.00,0.0,0.0
RAIMUNDO COSTA,PODE,JUSSARI,DENTRO,2,0.00,0.0,0.0
RAIMUNDO COSTA,PODE,SEABRA,DENTRO,2,0.00,0.0,0.0
RAIMUNDO COSTA,PODE,ERICO CARDOSO,DENTRO,2,0.00,0.0,0.0
RAIMUNDO COSTA,PODE,TREMEDAL,DENTRO,2,0.00,0.0,0.0
RAIMUNDO COSTA,PODE,SANTALUZ,DENTRO,2,0.00,0.0,0.0
RAIMUNDO COSTA,PODE,CORACAO DE MARIA,DENTRO,2,0.00,0.0,0.0
RAIMUNDO COSTA,PODE,OUROLANDIA,DENTRO,2,0.00,0.0,0.0
RAIMUNDO COSTA,PODE,ITAJUIPE,DENTRO,2,0.00,0.0,0.0
RAIMUNDO COSTA,PODE,RETIROLANDIA,DENTRO,2,0.00,0.0,0.0
RAIMUNDO COSTA,PODE,NOVA ITARANA,DENTRO,2,0.00,0.0,0.0
RAIMUNDO COSTA,PODE,BANZAE,DENTRO,2,0.00,0.0,0.0
RAIMUNDO COSTA,PODE,MACAJUBA,DENTRO,2,0.00,0.0,0.0
RAIMUNDO COSTA,PODE,IBICUI,DENTRO,2,0.00,0.0,0.0
RAIMUNDO COSTA,PODE,CIPO,DENTRO,2,0.00,0.0,0.0
RAIMUNDO COSTA,PODE,JOAO DOURADO,DENTRO,2,0.00,0.0,0.0
RAIMUNDO COSTA,PODE,MAETINGA,DENTRO,1,0.00,0.0,0.0
RAIMUNDO COSTA,PODE,BARRA DA ESTIVA,DENTRO,1,0.00,0.0,0.0
RAIMUNDO COSTA,PODE,PINTADAS,DENTRO,1,0.00,0.0,0.0
RAIMUNDO COSTA,PODE,RIACHAO DO JACUIPE,DENTRO,1,0.00,0.0,0.0
RAIMUNDO COSTA,PODE,BAIANOPOLIS,DENTRO,1,0.00,0.0,0.0
RAIMUNDO COSTA,PODE,VEREDA,DENTRO,1,0.00,0.0,0.0
RAIMUNDO COSTA,PODE,ITIRUCU,DENTRO,1,0.00,0.0,0.0
RAIMUNDO COSTA,PODE,GONGOGI,DENTRO,1,0.00,0.0,0.0
RAIMUNDO COSTA,PODE,ITAETE,DENTRO,1,0.00,0.0,0.0
RAIMUNDO COSTA,PODE,UTINGA,DENTRO,1,0.00,0.0,0.0
RAIMUNDO COSTA,PODE,TANQUE NOVO,DENTRO,1,0.00,0.0,0.0
RAIMUNDO COSTA,PODE,IPUPIARA,DENTRO,1,0.00,0.0,0.0
RAIMUNDO COSTA,PODE,EUCLIDES DA CUNHA,DENTRO,1,0.00,0.0,0.0
RAIMUNDO COSTA,PODE,MACURURE,DENTRO,1,0.00,0.0,0.0
RAIMUNDO COSTA,PODE,CENTRAL,DENTRO,1,0.00,0.0,0.0
RAIMUNDO COSTA,PODE,CARDEAL DA SILVA,DENTRO,1,0.00,0.0,0.0
RAIMUNDO COSTA,PODE,LAPAO,DENTRO,1,0.00,0.0,0.0
RAIMUNDO COSTA,PODE,LICINIO DE ALMEIDA,DENTRO,1,0.00,0.0,0.0
RAIMUNDO COSTA,PODE,TEOFILANDIA,DENTRO,1,0.00,0.0,0.0
RAIMUNDO COSTA,PODE,IACU,DENTRO,1,0.00,0.0,0.0
RAIMUNDO COSTA,PODE,RIO DO ANTONIO,DENTRO,1,0.00,0.0,0.0
RAIMUNDO COSTA,PODE,AIQUARA,DENTRO,1,0.00,0.0,0.0
RAIMUNDO COSTA,PODE,TANHACU,DENTRO,1,0.00,0.0,0.0
RAIMUNDO COSTA,PODE,SITIO DO QUINTO,DENTRO,1,0.00,0.0,0.0
RAIMUNDO COSTA,PODE,CANDEAL,DENTRO,1,0.00,0.0,0.0
RAIMUNDO COSTA,PODE,BARRO PRETO,DENTRO,1,0.00,0.0,0.0
RAIMUNDO COSTA,PODE,HELIOPOLIS,DENTRO,1,0.00,0.0,0.0
RAIMUNDO COSTA,PODE,MARCIONILIO SOUZA,DENTRO,1,0.00,0.0,0.0
RAIMUNDO COSTA,PODE,JAGUARARI,DENTRO,1,0.00,0.0,0.0
RAIMUNDO COSTA,PODE,PINDAI,DENTRO,1,0.00,0.0,0.0
RAIMUNDO COSTA,PODE,CAEM,DENTRO,1,0.00,0.0,0.0
RAIMUNDO COSTA,PODE,JUCURUCU,DENTRO,1,0.00,0.0,0.0
RAIMUNDO COSTA,PODE,BOA NOVA,DENTRO,1,0.00,0.0,0.0
RAIMUNDO COSTA,PODE,SANTANOPOLIS,DENTRO,1,0.00,0.0,0.0
RAIMUNDO COSTA,PODE,ACAJUTIBA,DENTRO,1,0.00,0.0,0.0
RAIMUNDO COSTA,PODE,BREJOES,DENTRO,1,0.00,0.0,0.0
RAIMUNDO COSTA,PODE,DOM BASILIO,DENTRO,1,0.00,0.0,0.0
RAIMUNDO COSTA,PODE,ANTAS,DENTRO,1,0.00,0.0,0.0
RAIMUNDO COSTA,PODE,IRAQUARA,DENTRO,1,0.00,0.0,0.0
RAIMUNDO COSTA,PODE,ITAGI,DENTRO,1,0.00,0.0,0.0
RAIMUNDO COSTA,PODE,ANGICAL,DENTRO,1,0.00,0.0,0.0
RAIMUNDO COSTA,PODE,POCOES,DENTRO,1,0.00,0.0,0.0
RAIMUNDO COSTA,PODE,IGUAI,DENTRO,1,0.00,0.0,0.0
RAIMUNDO COSTA,PODE,ARACAS,DENTRO,1,0.00,0.0,0.0
RAIMUNDO COSTA,PODE,SAO JOSE DA VITORIA,DENTRO,1,0.00,0.0,0.0
RAIMUNDO COSTA,PODE,SAO GABRIEL,DENTRO,1,0.00,0.0,0.0
RAIMUNDO COSTA,PODE,CAATIBA,DENTRO,1,0.00,0.0,0.0
RAIMUNDO COSTA,PODE,AMERICA DOURADA,DENTRO,1,0.00,0.0,0.0
RAIMUNDO COSTA,PODE,CANDIBA,DENTRO,1,0.00,0.0,0.0
RAIMUNDO COSTA,PODE,CRAVOLANDIA,DENTRO,1,0.00,0.0,0.0
RAIMUNDO COSTA,PODE,CONCEICAO DA FEIRA,DENTRO,1,0.00,0.0,0.0
RAIMUNDO COSTA,PODE,JUSSIAPE,DENTRO,1,0.00,0.0,0.0
RAIMUNDO COSTA,PODE,CAETANOS,DENTRO,1,0.00,0.0,0.0
RAIMUNDO COSTA,PODE,PRESIDENTE JANIO QUADROS,DENTRO,1,0.00,0.0,0.0
RAIMUNDO COSTA,PODE,BOM JESUS DA SERRA,DENTRO,1,0.00,0.0,0.0
RAIMUNDO COSTA,PODE,CORDEIROS,DENTRO,1,0.00,0.0,0.0
RAIMUNDO COSTA,PODE,JEREMOABO,DENTRO,1,0.00,0.0,0.0
RAIMUNDO COSTA,PODE,ITAQUARA,DENTRO,1,0.00,0.0,0.0
RAIMUNDO COSTA,PODE,PEDRAO,DENTRO,1,0.00,0.0,0.0
RAIMUNDO COSTA,PODE,IRARA,DENTRO,1,0.00,0.0,0.0
RAIMUNDO COSTA,PODE,BARRA DO MENDES,DENTRO,0,0.00,0.0,0.0
RAIMUNDO COSTA,PODE,BARRA DO ROCHA,DENTRO,0,0.00,0.0,0.0
RAIMUNDO COSTA,PODE,ANTONIO GONCALVES,DENTRO,0,0.00,0.0,0.0
RAIMUNDO COSTA,PODE,PLANALTINO,DENTRO,0,0.00,0.0,0.0
RAIMUNDO COSTA,PODE,AGUA FRIA,DENTRO,0,0.00,0.0,0.0
RAIMUNDO COSTA,PODE,ANDARAI,DENTRO,0,0.00,0.0,0.0
RAIMUNDO COSTA,PODE,MACARANI,DENTRO,0,0.00,0.0,0.0
RAIMUNDO COSTA,PODE,IRAMAIA,DENTRO,0,0.00,0.0,0.0
RAIMUNDO COSTA,PODE,LAJEDO DO TABOCAL,DENTRO,0,0.00,0.0,0.0
RAIMUNDO COSTA,PODE,COCOS,DENTRO,0,0.00,0.0,0.0
RAIMUNDO COSTA,PODE,SEBASTIAO LARANJEIRAS,DENTRO,0,0.00,0.0,0.0
RAIMUNDO COSTA,PODE,BOTUPORA,DENTRO,0,0.00,0.0,0.0
RAIMUNDO COSTA,PODE,VARZEA NOVA,DENTRO,0,0.00,0.0,0.0
RAIMUNDO COSTA,PODE,BARRO ALTO,DENTRO,0,0.00,0.0,0.0
RAIMUNDO COSTA,PODE,NOVA IBIA,DENTRO,0,0.00,0.0,0.0
RAIMUNDO COSTA,PODE,LENCOIS,DENTRO,0,0.00,0.0,0.0
RAIMUNDO COSTA,PODE,MATINA,DENTRO,0,0.00,0.0,0.0
RAIMUNDO COSTA,PODE,MACAUBAS,DENTRO,0,0.00,0.0,0.0
RAIMUNDO COSTA,PODE,LAJEDINHO,DENTRO,0,0.00,0.0,0.0
RAIMUNDO COSTA,PODE,INHAMBUPE,DENTRO,0,0.00,0.0,0.0
RAIMUNDO COSTA,PODE,SANTA INES,DENTRO,0,0.00,0.0,0.0
RAIMUNDO COSTA,PODE,PINDOBACU,DENTRO,0,0.00,0.0,0.0
RAIMUNDO COSTA,PODE,MILAGRES,DENTRO,0,0.00,0.0,0.0
RAIMUNDO COSTA,PODE,ITAPICURU,DENTRO,0,0.00,0.0,0.0
RAIMUNDO COSTA,PODE,LAMARAO,DENTRO,0,0.00,0.0,0.0
RAIMUNDO COSTA,PODE,IBITITA,DENTRO,0,0.00,0.0,0.0
RAIMUNDO COSTA,PODE,ARACATU,DENTRO,0,0.00,0.0,0.0
RAIMUNDO COSTA,PODE,NORDESTINA,DENTRO,0,0.00,0.0,0.0
RAIMUNDO COSTA,PODE,OURICANGAS,DENTRO,0,0.00,0.0,0.0
RAIMUNDO COSTA,PODE,SANTA BRIGIDA,DENTRO,0,0.00,0.0,0.0
RAIMUNDO COSTA,PODE,GUAJERU,DENTRO,0,0.00,0.0,0.0
RAIMUNDO COSTA,PODE,UMBURANAS,DENTRO,0,0.00,0.0,0.0
RAIMUNDO COSTA,PODE,LAGOA REAL,DENTRO,0,0.00,0.0,0.0
RAIMUNDO COSTA,PODE,CRISTOPOLIS,DENTRO,0,0.00,0.0,0.0
RAIMUNDO COSTA,PODE,MUNDO NOVO,DENTRO,0,0.00,0.0,0.0
RAIMUNDO COSTA,PODE,SAO DOMINGOS,DENTRO,0,0.00,0.0,0.0
RAIMUNDO COSTA,PODE,IBIPEBA,DENTRO,0,0.00,0.0,0.0
RAIMUNDO COSTA,PODE,IBIASSUCE,DENTRO,0,0.00,0.0,0.0
RAIMUNDO COSTA,PODE,APUAREMA,DENTRO,0,0.00,0.0,0.0
RAIMUNDO COSTA,PODE,TEODORO SAMPAIO,DENTRO,0,0.00,0.0,0.0
RAIMUNDO COSTA,PODE,MULUNGU DO MORRO,DENTRO,0,0.00,0.0,0.0
RAIMUNDO COSTA,PODE,ALMADINA,DENTRO,0,0.00,0.0,0.0
RAIMUNDO COSTA,PODE,CAPELA DO ALTO ALEGRE,DENTRO,0,0.00,0.0,0.0
RAIMUNDO COSTA,PODE,VARZEA DO POCO,DENTRO,0,0.00,0.0,0.0
RAIMUNDO COSTA,PODE,IBIQUERA,DENTRO,0,0.00,0.0,0.0
RAIMUNDO COSTA,PODE,IBIPITANGA,DENTRO,0,0.00,0.0,0.0
RAIMUNDO COSTA,PODE,NOVA CANAA,DENTRO,0,0.00,0.0,0.0
RAIMUNDO COSTA,PODE,NOVO TRIUNFO,DENTRO,0,0.00,0.0,0.0
RAIMUNDO COSTA,PODE,SAUDE,DENTRO,0,0.00,0.0,0.0
RAIMUNDO COSTA,PODE,ITAPITANGA,DENTRO,0,0.00,0.0,0.0
RAIMUNDO COSTA,PODE,RIBEIRA DO AMPARO,DENTRO,0,0.00,0.0,0.0
RAIMUNDO COSTA,PODE,LAFAIETE COUTINHO,DENTRO,0,0.00,0.0,0.0
RAIMUNDO COSTA,PODE,SOUTO SOARES,DENTRO,0,0.00,0.0,0.0
RAIMUNDO COSTA,PODE,QUEIMADAS,DENTRO,0,0.00,0.0,0.0
RAIMUNDO COSTA,PODE,NOVO HORIZONTE,DENTRO,0,0.00,0.0,0.0
RAIMUNDO COSTA,PODE,FORMOSA DO RIO PRETO,DENTRO,0,0.00,0.0,0.0
RAIMUNDO COSTA,PODE,CONTENDAS DO SINCORA,DENTRO,0,0.00,0.0,0.0
RAIMUNDO COSTA,PODE,RAFAEL JAMBEIRO,DENTRO,0,0.00,0.0,0.0
RAIMUNDO COSTA,PODE,CANARANA,DENTRO,0,0.00,0.0,0.0
RAIMUNDO COSTA,PODE,BOQUIRA,DENTRO,0,0.00,0.0,0.0
RAIMUNDO COSTA,PODE,TABOCAS DO BREJO VELHO,DENTRO,0,0.00,0.0,0.0
RAIMUNDO COSTA,PODE,MAIQUINIQUE,DENTRO,0,0.00,0.0,0.0
RAIMUNDO COSTA,PODE,RIBEIRAO DO LARGO,DENTRO,0,0.00,0.0,0.0
RAIMUNDO COSTA,PODE,IRAJUBA,DENTRO,0,0.00,0.0,0.0
RAIMUNDO COSTA,PODE,MANSIDAO,DENTRO,0,0.00,0.0,0.0
RAIMUNDO COSTA,PODE,CALDEIRAO GRANDE,DENTRO,0,0.00,0.0,0.0
RAIMUNDO COSTA,PODE,NOVA REDENCAO,DENTRO,0,0.00,0.0,0.0
RAIMUNDO COSTA,PODE,PE DE SERRA,DENTRO,0,0.00,0.0,0.0
RAIMUNDO COSTA,PODE,ITANAGRA,DENTRO,0,0.00,0.0,0.0
RAIMUNDO COSTA,PODE,IBICOARA,DENTRO,0,0.00,0.0,0.0
RAIMUNDO COSTA,PODE,RIO DO PIRES,DENTRO,0,0.00,0.0,0.0
RAIMUNDO COSTA,PODE,ANGUERA,DENTRO,0,0.00,0.0,0.0
RAIMUNDO COSTA,PODE,LAJEDAO,DENTRO,0,0.00,0.0,0.0
RAIMUNDO COSTA,PODE,ITARANTIM,DENTRO,0,0.00,0.0,0.0
RAIMUNDO COSTA,PODE,CARAIBAS,DENTRO,0,0.00,0.0,0.0
RAIMUNDO COSTA,PODE,SATIRO DIAS,DENTRO,0,0.00,0.0,0.0
RAIMUNDO COSTA,PODE,MIRANTE,DENTRO,0,0.00,0.0,0.0
RAIMUNDO COSTA,PODE,MIRANGABA,DENTRO,0,0.00,0.0,0.0
RAIMUNDO COSTA,PODE,PARAMIRIM,DENTRO,0,0.00,0.0,0.0
RAIMUNDO COSTA,PODE,PIRIPA,DENTRO,0,0.00,0.0,0.0
RAIMUNDO COSTA,PODE,PIRITIBA,DENTRO,0,0.00,0.0,0.0
RAIMUNDO COSTA,PODE,MUCUGE,DENTRO,0,0.00,0.0,0.0
RAIMUNDO COSTA,PODE,CATOLANDIA,DENTRO,0,0.00,0.0,0.0
RAIMUNDO COSTA,PODE,TAPIRAMUTA,DENTRO,0,0.00,0.0,0.0
RAIMUNDO COSTA,PODE,ITAJU DO COLONIA,DENTRO,0,0.00,0.0,0.0
RAIMUNDO COSTA,PODE,MALHADA DE PEDRAS,DENTRO,0,0.00,0.0,0.0
RAIMUNDO COSTA,PODE,PALMEIRAS,DENTRO,0,0.00,0.0,0.0
RAIMUNDO COSTA,PODE,IPECAETA,DENTRO,0,0.00,0.0,0.0
RAIMUNDO COSTA,PODE,BROTAS DE MACAUBAS,DENTRO,0,0.00,0.0,0.0
RAIMUNDO COSTA,PODE,FIRMINO ALVES,DENTRO,0,0.00,0.0,0.0
RAIMUNDO COSTA,PODE,WANDERLEY,DENTRO,0,0.00,0.0,0.0
RAIMUNDO COSTA,PODE,QUIJINGUE,DENTRO,0,0.00,0.0,0.0
RAIMUNDO COSTA,PODE,ANTONIO CARDOSO,DENTRO,0,0.00,0.0,0.0
RAIMUNDO COSTA,PODE,ICHU,DENTRO,0,0.00,0.0,0.0
RAIMUNDO COSTA,PODE,CORONEL JOAO SA,DENTRO,0,0.00,0.0,0.0
RAIMUNDO COSTA,PODE,OLINDINA,DENTRO,0,0.00,0.0,0.0
RAIMUNDO COSTA,PODE,CATURAMA,DENTRO,0,0.00,0.0,0.0
RAIMUNDO COSTA,PODE,JACARACI,DENTRO,0,0.00,0.0,0.0
RAIMUNDO COSTA,PODE,NOVA SOURE,DENTRO,0,0.00,0.0,0.0
RAIMUNDO COSTA,PODE,ARAMARI,DENTRO,0,0.00,0.0,0.0
RAIMUNDO COSTA,PODE,BONITO,DENTRO,0,0.00,0.0,0.0
RAIMUNDO COSTA,PODE,NOVA FATIMA,DENTRO,0,0.00,0.0,0.0
RAIMUNDO COSTA,PODE,BONINAL,DENTRO,0,0.00,0.0,0.0
RAIMUNDO COSTA,PODE,CAFARNAUM,DENTRO,0,0.00,0.0,0.0
RAIMUNDO COSTA,PODE,BIRITINGA,DENTRO,0,0.00,0.0,0.0
RAIMUNDO COSTA,PODE,MULTIPLO,AMPLO,0,0,115601159.55,75.37
RAIMUNDO COSTA,PODE,SEM INFORMACAO,AMPLO,0,0,35456051.76,23.12
RAIMUNDO COSTA,PODE,TEOLANDIA (BAHIA),FORA,0,0,814604.0,0.53
RAIMUNDO COSTA,PODE,VALENCA (BAHIA),FORA,0,0,767920.0,0.5
RAIMUNDO COSTA,PODE,CAMAMU (BAHIA),FORA,0,0,326783.0,0.21
RAIMUNDO COSTA,PODE,SENTO SE (BAHIA),FORA,0,0,314200.0,0.2
RAIMUNDO COSTA,PODE,ITABUNA (BAHIA),FORA,0,0,100000.0,0.07
